#ifndef PROCESSED_MENU_H
#define PROCESSED_MENU_H

#include <Arduino.h>

// 处理阈值: 40
#define MENU_FRAME_CNT   11
#define MENU_IMG_WIDTH   60
#define MENU_IMG_HEIGHT  60

const uint16_t PROGMEM menu[11][60 * 60] = {
  { // 帧 0
    0x0000, 0x0000, 0x0000, 0x0000, 0x0000, 0x0000, 0x0000, 0x0000, 0x0000, 0x0000, 0x0000, 0x0000,
    0x0000, 0x0000, 0x0000, 0x0000, 0x0000, 0x0000, 0x0000, 0x0000, 0x0000, 0x0000, 0x0000, 0x21AA,
    0x3A6F, 0x42F3, 0x4B56, 0x53B7, 0x53D8, 0x53B9, 0x4B98, 0x53B8, 0x53B8, 0x4B76, 0x42F3, 0x3A6F,
    0x2189, 0x0000, 0x0000, 0x0000, 0x0000, 0x0000, 0x0000, 0x0000, 0x0000, 0x0000, 0x0000, 0x0000,
    0x0000, 0x0000, 0x0000, 0x0000, 0x0000, 0x0000, 0x0000, 0x0000, 0x0000, 0x0000, 0x0000, 0x0000,
    0x0000, 0x0000, 0x0000, 0x0000, 0x0000, 0x0000, 0x0000, 0x0000, 0x0000, 0x0000, 0x0000, 0x0000,
    0x0000, 0x0000, 0x0000, 0x0000, 0x0000, 0x0000, 0x0000, 0x10E6, 0x322E, 0x4B55, 0x5BFA, 0x5C1B,
    0x5C1B, 0x5C3B, 0x645B, 0x5C3A, 0x643A, 0x7CDC, 0x7CDB, 0x643A, 0x5C3B, 0x643B, 0x643B, 0x5C1B,
    0x5C3B, 0x5BF9, 0x4B55, 0x322D, 0x10E5, 0x0000, 0x0000, 0x0000, 0x0000, 0x0000, 0x0000, 0x0000,
    0x0000, 0x0000, 0x0000, 0x0000, 0x0000, 0x0000, 0x0000, 0x0000, 0x0000, 0x0000, 0x0000, 0x0000,
    0x0000, 0x0000, 0x0000, 0x0000, 0x0000, 0x0000, 0x0000, 0x0000, 0x0000, 0x0000, 0x0000, 0x0000,
    0x0000, 0x0000, 0x0000, 0x0000, 0x0000, 0x21AA, 0x4B55, 0x643B, 0x645C, 0x53FB, 0x53DA, 0x7CDA,
    0x955B, 0x4BB9, 0xD6FE, 0x9D7C, 0x7CDA, 0xFFFF, 0xFFFF, 0x6C7A, 0xA5DC, 0xCEBD, 0x4B99, 0x957C,
    0x7CBB, 0x5BFA, 0x5C3C, 0x645C, 0x5C3B, 0x4B34, 0x218A, 0x0000, 0x0000, 0x0000, 0x0000, 0x0000,
    0x0000, 0x0000, 0x0000, 0x0000, 0x0000, 0x0000, 0x0000, 0x0000, 0x0000, 0x0000, 0x0000, 0x0000,
    0x0000, 0x0000, 0x0000, 0x0000, 0x0000, 0x0000, 0x0000, 0x0000, 0x0000, 0x0000, 0x0000, 0x0000,
    0x0000, 0x0000, 0x0000, 0x21AA, 0x5397, 0x645C, 0x53FB, 0x53DA, 0x643A, 0xC67D, 0x5BF9, 0x9D9C,
    0xFFDF, 0x4379, 0xDF3E, 0xC67D, 0x74BA, 0xFFFF, 0xFFFF, 0x6C7B, 0xCEDE, 0xD6DD, 0x4B99, 0xFFFF,
    0x8D3B, 0x643A, 0xBE7D, 0x5C19, 0x53DA, 0x5C1B, 0x645C, 0x5396, 0x2189, 0x0000, 0x0000, 0x0000,
    0x0000, 0x0000, 0x0000, 0x0000, 0x0000, 0x0000, 0x0000, 0x0000, 0x0000, 0x0000, 0x0000, 0x0000,
    0x0000, 0x0000, 0x0000, 0x0000, 0x0000, 0x0000, 0x0000, 0x0000, 0x0000, 0x0000, 0x0000, 0x0000,
    0x0000, 0x10E6, 0x4B35, 0x5C3C, 0x53FB, 0x4BB9, 0x9D7C, 0x9D9C, 0x4B99, 0xF7DF, 0xA5BC, 0x5C1A,
    0xDF1E, 0x5BF9, 0x851B, 0x84DB, 0x7CDB, 0xFFFF, 0xFFFF, 0x74BB, 0x84FB, 0x84DA, 0x643A, 0xE75E,
    0x53D9, 0xADFC, 0xF79E, 0x4379, 0xA5DC, 0x957C, 0x4B99, 0x53FB, 0x5C3C, 0x4314, 0x10C5, 0x0000,
    0x0000, 0x0000, 0x0000, 0x0000, 0x0000, 0x0000, 0x0000, 0x0000, 0x0000, 0x0000, 0x0000, 0x0000,
    0x0000, 0x0000, 0x0000, 0x0000, 0x0000, 0x0000, 0x0000, 0x0000, 0x0000, 0x0000, 0x0000, 0x0000,
    0x320D, 0x643B, 0x643B, 0x5BF9, 0x9D9C, 0x6C7A, 0x955B, 0xFFFF, 0x53D9, 0x955B, 0x9D7B, 0x4BB9,
    0x5BF9, 0x5C1A, 0x53DA, 0x4BBA, 0x749B, 0xBE7D, 0xBE5D, 0x6C7A, 0x4B99, 0x53DA, 0x5C1A, 0x5C1A,
    0x4BBA, 0xA5BC, 0x955B, 0x641A, 0xFFFF, 0x8D1B, 0x749B, 0x957C, 0x53DA, 0x5C3B, 0x5BFA, 0x29EC,
    0x0000, 0x0000, 0x0000, 0x0000, 0x0000, 0x0000, 0x0000, 0x0000, 0x0000, 0x0000, 0x0000, 0x0000,
    0x0000, 0x0000, 0x0000, 0x0000, 0x0000, 0x0000, 0x0000, 0x0000, 0x0000, 0x0000, 0x0000, 0x4313,
    0x645C, 0x53FA, 0x4399, 0x957B, 0xFFFF, 0xD6FE, 0x53DA, 0xBE5D, 0x74BB, 0x4BB9, 0x4BB9, 0x53FA,
    0x5BFA, 0x53DA, 0x5C1A, 0x6C7A, 0x5BFA, 0x53BA, 0x641A, 0x6C5A, 0x6C7B, 0x5C1A, 0x53DA, 0x5BFA,
    0x53FA, 0x4BB9, 0x4BB9, 0x7CBB, 0xB63C, 0x4B99, 0xDF3E, 0xFFFF, 0x8D1B, 0x4B99, 0x53FA, 0x645C,
    0x42D2, 0x0000, 0x0000, 0x0000, 0x0000, 0x0000, 0x0000, 0x0000, 0x0000, 0x0000, 0x0000, 0x0000,
    0x0000, 0x0000, 0x0000, 0x0000, 0x0000, 0x0000, 0x0000, 0x0000, 0x0000, 0x0000, 0x5396, 0x645C,
    0x53B9, 0x957C, 0xAE1D, 0x4BB9, 0xDF3E, 0xFFFF, 0x9D9C, 0x4B9A, 0x53FA, 0x5BFA, 0x5BFA, 0x53FA,
    0x5BFA, 0x643A, 0xB63D, 0xF7BF, 0x641A, 0x6C7B, 0xFFFF, 0xFFFF, 0xFFFF, 0xADDC, 0x5C1A, 0x53FA,
    0x53FA, 0x5BFA, 0x5C1A, 0x53FA, 0x4379, 0x9D9C, 0xFFFF, 0xDF1E, 0x5398, 0xBE5D, 0x8D5C, 0x53D9,
    0x645C, 0x4B56, 0x0000, 0x0000, 0x0000, 0x0000, 0x0000, 0x0000, 0x0000, 0x0000, 0x0000, 0x0000,
    0x0000, 0x0000, 0x0000, 0x0000, 0x0000, 0x0000, 0x0000, 0x0000, 0x0000, 0x53B8, 0x5C3B, 0x5BFA,
    0x53DA, 0x7CDB, 0xFFFF, 0x8D3C, 0x749B, 0xFFFF, 0xEF9E, 0x5C1A, 0x53FA, 0x53FA, 0x53FA, 0x5C1A,
    0x4BBA, 0xC67D, 0xFFFF, 0xF7BF, 0x643A, 0x5C1A, 0x9D7B, 0x8D3B, 0x957B, 0xFFFF, 0x9D7C, 0x4BB9,
    0x5C1A, 0x53FA, 0x53FA, 0x5C1A, 0x643A, 0xF7BF, 0xFFFF, 0x6C59, 0x955C, 0xFFFF, 0x747A, 0x53FA,
    0x5BFA, 0x5C1B, 0x4B97, 0x0000, 0x0000, 0x0000, 0x0000, 0x0000, 0x0000, 0x0000, 0x0000, 0x0000,
    0x0000, 0x0000, 0x0000, 0x0000, 0x0000, 0x0000, 0x0000, 0x0000, 0x53B7, 0x643B, 0x4B99, 0xADFC,
    0xD6FE, 0x4B9A, 0x8D3B, 0x8D3B, 0x4BBA, 0xA5BC, 0x7CDB, 0x53DA, 0x53FA, 0x53FA, 0x5BFA, 0x5BFA,
    0x5C1A, 0x5BFA, 0xA5DC, 0xFFFF, 0x643A, 0x53DA, 0x4B99, 0x955C, 0xA5BC, 0xFFDF, 0x955B, 0x4BB9,
    0x5BFA, 0x53FA, 0x53FA, 0x53FA, 0x53DA, 0x7CDB, 0x9D9B, 0x4B79, 0x955B, 0x8D1B, 0x4B99, 0xDF1E,
    0xA5BC, 0x4B99, 0x5C1B, 0x5397, 0x0000, 0x0000, 0x0000, 0x0000, 0x0000, 0x0000, 0x0000, 0x0000,
    0x0000, 0x0000, 0x0000, 0x0000, 0x0000, 0x0000, 0x0000, 0x4B55, 0x5C3B, 0x5BF9, 0x53DA, 0x643A,
    0xEF9E, 0xA5DC, 0x4379, 0x53DA, 0x5C1A, 0x4BBA, 0x4BDA, 0x53FA, 0x53FA, 0x53FA, 0x5BFA, 0x5BFA,
    0x5C1A, 0x4B99, 0x9D7C, 0xFFFF, 0x643A, 0x5C1A, 0xB61D, 0xFFFF, 0xFFFF, 0x955B, 0x53D9, 0x5BFA,
    0x53FA, 0x53FA, 0x53FA, 0x53FA, 0x53FA, 0x53BA, 0x4BB9, 0x5C1A, 0x53BA, 0x4379, 0xB61C, 0xEF7E,
    0x641A, 0x5C1A, 0x5BF9, 0x5C3B, 0x4B35, 0x0000, 0x0000, 0x0000, 0x0000, 0x0000, 0x0000, 0x0000,
    0x0000, 0x0000, 0x0000, 0x0000, 0x0000, 0x0000, 0x42B1, 0x645C, 0x4BB9, 0x9D9C, 0xE75E, 0x5C1A,
    0x5C1A, 0x645A, 0x5BFA, 0x5BFA, 0x53FA, 0x5BFA, 0x53FA, 0x53FA, 0x541A, 0x53FA, 0x5BFA, 0x5BFA,
    0x5C1A, 0x4B99, 0x9D7C, 0xFFFF, 0x5BF9, 0x643A, 0xFFFF, 0x955B, 0x53B9, 0x5BF9, 0x53FA, 0x5C1A,
    0x5BFA, 0x53FA, 0x53FA, 0x53FA, 0x53FA, 0x5BFA, 0x5BFA, 0x53FA, 0x5BFA, 0x53DA, 0x643A, 0x641A,
    0x643A, 0xE77E, 0x955B, 0x4B99, 0x643C, 0x3A90, 0x0000, 0x0000, 0x0000, 0x0000, 0x0000, 0x0000,
    0x0000, 0x0000, 0x0000, 0x0000, 0x0000, 0x29AB, 0x645C, 0x53DA, 0x53DA, 0x5BFA, 0xD6FD, 0xC67D,
    0x4B99, 0x5BFA, 0x5BFA, 0x53FA, 0x53FA, 0x53FA, 0x53FA, 0x53FA, 0x53FA, 0x53FA, 0x5BFA, 0x5C1A,
    0x53D9, 0xBE5D, 0xF7DF, 0xFFFF, 0xEF7F, 0x8D1B, 0xFFFF, 0xF7BF, 0xE75E, 0xEF7F, 0x8D3B, 0x4BBA,
    0x5C1A, 0x53FA, 0x53FA, 0x53FA, 0x53FA, 0x53FA, 0x53FA, 0x53FA, 0x53FA, 0x53FA, 0x53FA, 0x4B99,
    0xCEBD, 0xD6DD, 0x53B9, 0x53BA, 0x53D9, 0x5C3B, 0x2189, 0x0000, 0x0000, 0x0000, 0x0000, 0x0000,
    0x0000, 0x0000, 0x0000, 0x0000, 0x0000, 0x5BF9, 0x53FA, 0x749B, 0xD71E, 0x7CBB, 0x53D9, 0x643A,
    0x53FA, 0x53FA, 0x53FA, 0x53FA, 0x53FA, 0x53FA, 0x53FA, 0x53FA, 0x53FA, 0x53FA, 0x53FA, 0x5BFA,
    0x53DA, 0xA5DC, 0xC69D, 0xBE5D, 0xC69D, 0x7CBB, 0xB63D, 0xC69D, 0xC69D, 0xC69D, 0x7CDA, 0x53DA,
    0x5C1A, 0x5BFA, 0x5BFA, 0x53FA, 0x53FA, 0x53FA, 0x53FA, 0x53FA, 0x53FA, 0x53FA, 0x5BFA, 0x53D9,
    0x643A, 0x53D9, 0x84FB, 0xD6FE, 0x6439, 0x53FA, 0x53D9, 0x0000, 0x0000, 0x0000, 0x0000, 0x0000,
    0x0000, 0x0000, 0x0000, 0x0000, 0x42D2, 0x645C, 0x53DA, 0x5BFA, 0xBE5D, 0xF7BF, 0x6C5A, 0x53DA,
    0x53FA, 0x53FA, 0x53FA, 0x53FA, 0x53FA, 0x53FA, 0x53FA, 0x53FA, 0x53FA, 0x53FA, 0x53FA, 0x53FA,
    0x5BFA, 0x4BDA, 0x4BBA, 0x4BBA, 0x4B99, 0x53DA, 0x4BB9, 0x4BB9, 0x4B99, 0x4B99, 0x53DA, 0x5BFA,
    0x5BFA, 0x53FA, 0x53FA, 0x53FA, 0x53FA, 0x53FA, 0x53FA, 0x53FA, 0x53FA, 0x53FA, 0x53FA, 0x5BFA,
    0x53DA, 0x6C7A, 0xF7DF, 0xB61C, 0x53B9, 0x53D9, 0x645B, 0x3AB1, 0x0000, 0x0000, 0x0000, 0x0000,
    0x0000, 0x0000, 0x0000, 0x1906, 0x645B, 0x4BBA, 0x955C, 0xAE1D, 0x53FA, 0x643A, 0x5BFA, 0x53FA,
    0x53FA, 0x53FA, 0x53FA, 0x53FA, 0x53FA, 0x53FA, 0x53FA, 0x53FA, 0x53FA, 0x53FA, 0x53FA, 0x53FA,
    0x53FA, 0x5C1A, 0x5C1A, 0x5BFA, 0x5BFA, 0x53FA, 0x5BFA, 0x5BFA, 0x5BFA, 0x5BFA, 0x53FA, 0x53FA,
    0x53FA, 0x53FA, 0x53FA, 0x53FA, 0x53FA, 0x53FA, 0x53FA, 0x5BFA, 0x5BF9, 0x5BF9, 0x5BFA, 0x5BF9,
    0x5BF9, 0x5BFA, 0x5C1A, 0x53D9, 0xB61C, 0x851B, 0x53B9, 0x5C3B, 0x10E6, 0x0000, 0x0000, 0x0000,
    0x0000, 0x0000, 0x0000, 0x4314, 0x5C3B, 0x5BFA, 0xEF7E, 0xFFFF, 0xEF7F, 0x955C, 0x5C1A, 0x53FA,
    0x5C1A, 0x53FA, 0x53FA, 0x53FA, 0x53FA, 0x53FA, 0x53FA, 0x53FA, 0x53FA, 0x53FA, 0x53FA, 0x53FA,
    0x53FA, 0x53FA, 0x53DA, 0x53DA, 0x53FA, 0x53FA, 0x53FA, 0x53FA, 0x53FA, 0x53FA, 0x53FA, 0x53FA,
    0x53FA, 0x53FA, 0x53FA, 0x53FA, 0x53FA, 0x53FA, 0x5C1A, 0x5C1A, 0x5BF9, 0x5BF9, 0x541A, 0x541B,
    0x5BF9, 0x5C1A, 0x955B, 0xEF7F, 0xFFFF, 0xDF3E, 0x53D9, 0x643B, 0x42F3, 0x0000, 0x0000, 0x0000,
    0x0000, 0x0000, 0x1106, 0x5C3B, 0x53F9, 0x4BB9, 0x6C7B, 0xCEBD, 0xFFFF, 0xFFFF, 0x747A, 0x53DA,
    0x5C1A, 0x53FA, 0x53FA, 0x53FA, 0x53FA, 0x53FA, 0x53FA, 0x53FA, 0x53FA, 0x53FA, 0x53FA, 0x53FA,
    0x53FA, 0x53D9, 0x53D9, 0x53DA, 0x53FA, 0x53FA, 0x53FA, 0x53FA, 0x53FA, 0x53FA, 0x53FA, 0x53FA,
    0x53FA, 0x53FA, 0x53FA, 0x53FA, 0x53FA, 0x5BFA, 0x5C1A, 0x5BF9, 0x5C1A, 0x543B, 0x6396, 0x7353,
    0x53D9, 0x7CBA, 0xFFFF, 0xFFFF, 0xC69D, 0x6C5A, 0x4BB9, 0x5BF9, 0x5C1A, 0x10E5, 0x0000, 0x0000,
    0x0000, 0x0000, 0x3AB1, 0x5C3B, 0x5BF9, 0xC69D, 0x8D5C, 0x53DA, 0x8D5B, 0xA5DC, 0x4BB9, 0x53FA,
    0x53FA, 0x53FA, 0x53FA, 0x53FA, 0x53FA, 0x53FA, 0x53FA, 0x53FA, 0x53FA, 0x53FA, 0x53FA, 0x53FA,
    0x53FA, 0x53FA, 0x53FA, 0x53DA, 0x53DA, 0x53FA, 0x5BFA, 0x5BFA, 0x53FA, 0x53FA, 0x53FA, 0x53FA,
    0x53FA, 0x53FA, 0x53FA, 0x53FA, 0x5BFA, 0x5BFA, 0x5BFA, 0x5C1A, 0x63B7, 0x6397, 0xAACD, 0xCA68,
    0x53FA, 0x53D9, 0xA5DC, 0x8D3B, 0x53D9, 0x957C, 0xC69D, 0x5BF9, 0x643B, 0x3A90, 0x0000, 0x0000,
    0x0000, 0x0000, 0x53D9, 0x5BFA, 0x53D9, 0xADFC, 0xF7BE, 0x955B, 0x4379, 0x53DA, 0x53FA, 0x53FA,
    0x53FA, 0x53FA, 0x53FA, 0x53FA, 0x53FA, 0x53FA, 0x53FA, 0x53FA, 0x53FA, 0x53FA, 0x53FA, 0x53FA,
    0x53FA, 0x53FA, 0x53FA, 0x53FA, 0x53FA, 0x5BFA, 0x5BFA, 0x5BFA, 0x5BFA, 0x53FA, 0x53FA, 0x53FA,
    0x53FA, 0x53FA, 0x53FA, 0x53FA, 0x5BF9, 0x5BF9, 0x5BF9, 0x53FA, 0x8AEF, 0xCA26, 0xCA68, 0xB2AB,
    0x53D9, 0x5BFA, 0x53DA, 0x4379, 0x9D9B, 0xF79E, 0xA5BB, 0x53D9, 0x5C1A, 0x53B8, 0x0000, 0x0000,
    0x0000, 0x218A, 0x5C3B, 0x53D9, 0x6C5A, 0x4B99, 0x53D9, 0x5C19, 0x53FA, 0x5C1A, 0x53FA, 0x53DA,
    0x53DA, 0x53FA, 0x53FA, 0x53FA, 0x53FA, 0x53FA, 0x53FA, 0x53FA, 0x53FA, 0x5BF9, 0x5BFA, 0x53FA,
    0x5BFA, 0x5C1A, 0x53FA, 0x53DA, 0x53DA, 0x53D9, 0x53D9, 0x53B9, 0x53D9, 0x53DA, 0x53FA, 0x53FA,
    0x53FA, 0x53FA, 0x53FA, 0x5BD9, 0x5BD8, 0x4C1B, 0x6B75, 0xB248, 0xBA69, 0xD226, 0x7AF1, 0x5398,
    0x5BD9, 0x5BF9, 0x5C1A, 0x53FA, 0x5C19, 0x53B9, 0x4BB9, 0x6C7B, 0x53D9, 0x5C3B, 0x1969, 0x0000,
    0x0000, 0x3AB1, 0x5C3B, 0x53D9, 0xDF3E, 0xEF7F, 0x84FB, 0x4BB9, 0x5BFA, 0x53FA, 0x53FA, 0x53DA,
    0x53FA, 0x53FA, 0x53FA, 0x53FA, 0x53FA, 0x53FA, 0x5C1A, 0x53FA, 0x53FA, 0x4C1C, 0x4C1C, 0x5BFA,
    0x5BFA, 0x53DA, 0x5C1A, 0x6CBB, 0x7D5C, 0x859C, 0x859C, 0x857C, 0x74FB, 0x5C3A, 0x53DA, 0x53FA,
    0x5BFA, 0x5BF9, 0x5BF9, 0x4C1B, 0x53D9, 0x92AC, 0xB2AB, 0xDA45, 0x9ACC, 0x6B54, 0x5BB7, 0x53FA,
    0x5BF9, 0x5BF9, 0x53F9, 0x5BFA, 0x4BB9, 0x8D3B, 0xEF9F, 0xDF1E, 0x53D9, 0x5C1B, 0x3A90, 0x0000,
    0x0000, 0x4B97, 0x5C3B, 0x53DA, 0x5C1A, 0x9D9C, 0x84FB, 0x53DA, 0x5BFA, 0x53FA, 0x53FA, 0x53FA,
    0x53FA, 0x53FA, 0x53FA, 0x53FA, 0x53FA, 0x5C1A, 0x5C1A, 0x541A, 0x63B7, 0x9ACD, 0x92EF, 0x5BFA,
    0x541B, 0x74FB, 0x961C, 0xA69D, 0xA6BE, 0xA6BE, 0xA69E, 0xA6BE, 0xA69E, 0x9E5D, 0x857C, 0x5C1A,
    0x53D9, 0x541B, 0x541A, 0x8311, 0x9AEE, 0xDA46, 0xC289, 0x8B10, 0x6B75, 0x4C1B, 0x5BFA, 0x5BFA,
    0x53FA, 0x53FA, 0x53F9, 0x5BF9, 0x4BB9, 0x84FB, 0x955B, 0x5BF9, 0x4BB9, 0x5C1A, 0x4B76, 0x0000,
    0x10E6, 0x5BFA, 0x53D9, 0x851B, 0x955C, 0x5C1A, 0x53DA, 0x5BFA, 0x53FA, 0x53FA, 0x53FA, 0x53FA,
    0x53FA, 0x53FA, 0x53F9, 0x53FA, 0x53FA, 0x5C1A, 0x5C1A, 0x541A, 0x63B7, 0xCA68, 0xDA66, 0x7B33,
    0x8497, 0xAEDE, 0xA69D, 0xA67D, 0xA69D, 0xA69D, 0xA67D, 0xA67D, 0xA67D, 0xA67D, 0xA69D, 0x9E5E,
    0x64BC, 0x6396, 0x7353, 0xC268, 0xD267, 0xAAAC, 0x8B10, 0x4BFB, 0x53FA, 0x5BF9, 0x53FA, 0x53FA,
    0x53FA, 0x53FA, 0x53FA, 0x53FA, 0x5BFA, 0x53DA, 0x5C1A, 0x8D3B, 0x84FB, 0x53D9, 0x5C1A, 0x10C5,
    0x21AB, 0x5C3B, 0x4B99, 0xA5BC, 0xF7BF, 0xCEBD, 0x53D9, 0x53FA, 0x53FA, 0x53FA, 0x53FA, 0x53FA,
    0x53FA, 0x53FA, 0x53FA, 0x53FA, 0x53FA, 0x53FA, 0x53FA, 0x5BF9, 0x4C1B, 0x7B32, 0xCA47, 0xCA47,
    0xC36D, 0x9E7D, 0xA65D, 0xAE9D, 0xA69D, 0xA69D, 0xA67D, 0xA67D, 0xA67D, 0xA67D, 0xA69E, 0xA63B,
    0x9579, 0xAACC, 0xD246, 0xBA69, 0xAA8B, 0x53D9, 0x541A, 0x5BF9, 0x5BFA, 0x53FA, 0x53FA, 0x5BFA,
    0x5BFA, 0x5BFA, 0x5BFA, 0x5BFA, 0x5BFA, 0x5BFA, 0xD6FE, 0xEF9E, 0xA59B, 0x4BB9, 0x643B, 0x218A,
    0x326F, 0x5C3B, 0x53D9, 0x4379, 0x4B99, 0x5C1A, 0x53FA, 0x5BFA, 0x5C1A, 0x53DA, 0x53DA, 0x53FA,
    0x5BFA, 0x53FA, 0x53FA, 0x53FA, 0x53FA, 0x53FA, 0x5BFA, 0x5BFA, 0x5BF9, 0x5398, 0x84D9, 0xCAA9,
    0xCA67, 0xC2C9, 0xAD58, 0xA71F, 0xA67D, 0xA67D, 0xA67D, 0xA67D, 0xA69D, 0xA65D, 0x9E7E, 0xACB3,
    0xC246, 0xCA89, 0xC269, 0x6376, 0x53D9, 0x5BFA, 0x5C1A, 0x5C1A, 0x53FA, 0x53FA, 0x5BFA, 0x53FA,
    0x53DA, 0x53DA, 0x53DA, 0x5C1A, 0x5BFA, 0x5C1A, 0x5C1A, 0x4B99, 0x4B79, 0x53D9, 0x5C3B, 0x324E,
    0x42F3, 0x541B, 0x643A, 0xD6DE, 0xC67D, 0x7CBB, 0x53FA, 0x5C1A, 0x53FA, 0x749B, 0x74BB, 0x643A,
    0x53DA, 0x53FA, 0x53DA, 0x53FA, 0x53FA, 0x53FA, 0x53FA, 0x53F9, 0x53D9, 0x5C1A, 0xA65D, 0xAD36,
    0xBBEF, 0xD1E5, 0xBB6D, 0xAC73, 0xB67D, 0xAEBD, 0xAE9D, 0xAE9D, 0xA6FF, 0xADB9, 0xBAC9, 0xCAC9,
    0xC9E5, 0xB4D4, 0x8D5A, 0x53D9, 0x5C1A, 0x5C1A, 0x5C1A, 0x5C1A, 0x53FA, 0x53F9, 0x53FA, 0x6C7B,
    0x74BB, 0x74BB, 0x749B, 0x53D9, 0x5C1A, 0x53FA, 0x7CDB, 0xC67D, 0xCEBD, 0x5C19, 0x5C1B, 0x3AD2,
    0x4335, 0x5C1B, 0x643A, 0xADFC, 0xC67D, 0x7CDA, 0x53DA, 0x5C1A, 0x8D3B, 0xFFDF, 0xFFFF, 0xC69D,
    0x645A, 0x53FA, 0x53FA, 0x53D9, 0x53FA, 0x53FA, 0x53FA, 0x5C1A, 0x53B9, 0x74FB, 0xAE9D, 0x9EFF,
    0xADB9, 0xBB2C, 0xC288, 0xCAA8, 0xFFFF, 0xFFFF, 0xFFFF, 0xF7BE, 0xBB8D, 0xC32B, 0xD205, 0xBB8D,
    0xAD16, 0xAE1B, 0xA6BF, 0x5C3A, 0x5BFA, 0x5C1A, 0x5BFA, 0x5BFA, 0x53FA, 0x5BFA, 0x4BBA, 0xC6BE,
    0xFFFF, 0xFFFF, 0xF7BF, 0x84FA, 0x643A, 0x53DA, 0x851B, 0xC69D, 0xB61C, 0x5C19, 0x5C1B, 0x4335,
    0x4B76, 0x5C1A, 0x5C19, 0x5C19, 0x5C19, 0x6C5A, 0x645A, 0x5C1A, 0xFFFF, 0xBE5D, 0x6C5A, 0xFFFF,
    0xB61C, 0x4BBA, 0x5BFA, 0x53FA, 0x53FA, 0x5BFA, 0x53FA, 0x5BFA, 0x53DA, 0x8DBC, 0xA69E, 0xA67D,
    0xA67D, 0xA71F, 0xB38E, 0xC226, 0xD4B1, 0xD4D2, 0xD4B2, 0xD470, 0xC1E5, 0xC2A9, 0xB451, 0xAD98,
    0xA71F, 0xA69D, 0xAEBE, 0x6CBB, 0x53DA, 0x53FA, 0x53DA, 0x53D9, 0x5BFA, 0x5BFA, 0x53FA, 0x749A,
    0x7CBA, 0x6C5A, 0xC69D, 0xFFFF, 0x5BFA, 0x6C7A, 0x6C7A, 0x643A, 0x645A, 0x5C1A, 0x5C1B, 0x4B76,
    0x4B97, 0x53DA, 0x7CFB, 0xFFFF, 0xFFDF, 0xFFDF, 0xC67D, 0x53D9, 0xDF3E, 0xDF1E, 0xADFC, 0xFFFF,
    0xADFC, 0x4BBA, 0x5C1A, 0x53FA, 0x53FA, 0x53FA, 0x53FA, 0x5BFA, 0x5BFA, 0x961D, 0xA67D, 0xA67D,
    0xA69D, 0xA69E, 0xBE3A, 0xEDF6, 0xBA26, 0xBA06, 0xBA06, 0xC247, 0xD3CD, 0xBCB3, 0xA71F, 0xAEBE,
    0xAE9D, 0xA67D, 0xA6BE, 0x7D3C, 0x53DA, 0x53FA, 0x53FA, 0x53FA, 0x53FA, 0x5BFA, 0x5BFA, 0x53DA,
    0x9D9C, 0xA5DD, 0xDF1E, 0xD6DE, 0x53DA, 0xCEDE, 0xFFFF, 0xFFDF, 0xFFFF, 0x7CBA, 0x53DA, 0x5397,
    0x4B98, 0x4BDA, 0x84FB, 0xFFFF, 0xFFFF, 0xFFFF, 0xCEBD, 0x53B9, 0x6419, 0xDF1E, 0xEF9E, 0xFFFF,
    0xADFC, 0x4BBA, 0x5C1A, 0x53FA, 0x53FA, 0x53FA, 0x53FA, 0x53FA, 0x53FA, 0x8E1D, 0x9E7D, 0xA67D,
    0xA67D, 0x9E7D, 0xC75F, 0xFFFF, 0xC2C9, 0xC267, 0xC267, 0xCB4B, 0xFFFF, 0xC73F, 0xA67D, 0xA69D,
    0xA69D, 0xA67D, 0xA6BE, 0x7D3C, 0x53B9, 0x5BFA, 0x53FA, 0x53FA, 0x53FA, 0x5BFA, 0x5BFA, 0x5BFA,
    0xD6FE, 0xEF9E, 0xEF9F, 0xADDC, 0x53DA, 0xD6FE, 0xFFFF, 0xFFFF, 0xFFFF, 0x7CBB, 0x53FA, 0x5397,
    0x4B77, 0x53FA, 0x5C19, 0x749A, 0x6C9A, 0x7CBA, 0x749A, 0x5BFA, 0x5C1A, 0x53FA, 0x53D9, 0xFFFF,
    0xB63D, 0x4B99, 0x5BFA, 0x53FA, 0x53FA, 0x53FA, 0x53FA, 0x5BFA, 0x53FA, 0x8DFD, 0x9E7D, 0x9E5D,
    0xA67D, 0x9E5D, 0xBEDD, 0xFFDF, 0xEEBA, 0xC288, 0xC2A9, 0xF71B, 0xFFFF, 0xBEFE, 0xA67D, 0xA69D,
    0xA67D, 0x9E5D, 0xA69D, 0x74FB, 0x53B9, 0x5BFA, 0x53FA, 0x53FA, 0x53FA, 0x53FA, 0x5BFA, 0x5C1A,
    0x5BFA, 0x4B99, 0xBE5D, 0xFFFF, 0x53D9, 0x749A, 0x749A, 0x747A, 0x74BA, 0x641A, 0x5C1B, 0x4B76,
    0x4B56, 0x53FA, 0x5BF9, 0x851B, 0x9DBC, 0x6C7A, 0x4BB9, 0x5C1A, 0xE75F, 0xF7DF, 0xF7BF, 0xE73E,
    0x84FB, 0x53DA, 0x5BFA, 0x53FA, 0x53FA, 0x5C1A, 0x5BFA, 0x5BFA, 0x53D9, 0x85BC, 0x9E7D, 0x9E5D,
    0xA67D, 0xA67D, 0xA67D, 0xAEBD, 0xFFFF, 0xFF9D, 0xFF9D, 0xFFFF, 0xBEFE, 0xAEBE, 0xA69E, 0xA69D,
    0xA67D, 0x9E7D, 0xA69D, 0x649A, 0x53DA, 0x541A, 0x541A, 0x53FA, 0x53FA, 0x5C1A, 0x4BBA, 0xBE5D,
    0xF7DF, 0xF7BF, 0xF7BF, 0xADDC, 0x5BFA, 0x4B99, 0x747A, 0x9D9C, 0x851B, 0x5BF9, 0x5C1A, 0x4B35,
    0x4314, 0x53FA, 0x6439, 0xEF7E, 0xE73E, 0x84FB, 0x53DA, 0x5BFA, 0xA5BC, 0xADFC, 0xAE1C, 0x7CDB,
    0x4BBA, 0x5C1A, 0x53FA, 0x53FA, 0x53FA, 0x5C1A, 0x53FA, 0x53FA, 0x53BA, 0x751C, 0xA69E, 0x9E7D,
    0xA69E, 0xA69E, 0xA69E, 0xA69E, 0xCF1E, 0xCF3E, 0xCF3E, 0xCF1E, 0xA6BE, 0xA69E, 0xA69D, 0xA67D,
    0xA67D, 0xA69E, 0x9E5D, 0x53F9, 0x53DA, 0x541A, 0x541B, 0x541A, 0x5BFA, 0x5C1A, 0x53DA, 0x8D5C,
    0xADFC, 0xADFC, 0x9D9C, 0x4BB9, 0x5C1A, 0x53DA, 0x8D3B, 0xE75E, 0xE75E, 0x5C19, 0x5C1B, 0x42D2,
    0x3A91, 0x5C1B, 0x53D9, 0x4B99, 0x4378, 0x53D9, 0x5BFA, 0x53D9, 0x4B99, 0x4B99, 0x4B99, 0x53DA,
    0x5C1A, 0x53FA, 0x53FA, 0x53FA, 0x53FA, 0x53FA, 0x5BFA, 0x53FA, 0x53DA, 0x5C3A, 0x9E7E, 0xA67E,
    0xA69E, 0xA69E, 0xA69E, 0xA69E, 0xA67D, 0x9E5D, 0x9E7D, 0xA67D, 0xA69E, 0xA69D, 0xA67D, 0xA67D,
    0xA67D, 0xA6BE, 0x857C, 0x4B99, 0x53FA, 0x541A, 0x5C1A, 0x5C1A, 0x5C1A, 0x5BFA, 0x5BFA, 0x4BDA,
    0x4B99, 0x4B99, 0x4BBA, 0x5BFA, 0x5BFA, 0x5BFA, 0x53DA, 0x4379, 0x53DA, 0x5BFA, 0x5C3C, 0x324F,
    0x29EC, 0x5C3B, 0x4BB9, 0x851B, 0xD6FE, 0xCEBD, 0x53D9, 0x53FA, 0x5BF9, 0x5BFA, 0x5BFA, 0x53FA,
    0x53FA, 0x53FA, 0x53FA, 0x53FA, 0x53FA, 0x53FA, 0x5BFA, 0x53FA, 0x53FA, 0x4BB9, 0x7D3B, 0xA6BE,
    0x9E7D, 0xA69D, 0xA69D, 0xA69D, 0xA69E, 0xA69D, 0xA69D, 0xA69D, 0xA69D, 0xA67D, 0xA67E, 0xA67E,
    0xA69E, 0x9E7D, 0x5C3A, 0x53DA, 0x53FA, 0x53FA, 0x5C1A, 0x5C1A, 0x5C1A, 0x53FA, 0x53FA, 0x53FA,
    0x5BFA, 0x5BFA, 0x5BFA, 0x53FA, 0x5BFA, 0x53FA, 0xCEDD, 0xD6FE, 0x851B, 0x53DA, 0x5C3B, 0x21AB,
    0x1907, 0x5C1B, 0x4BBA, 0x955B, 0xB61C, 0x749A, 0x53DA, 0x5BFA, 0x53FA, 0x53FA, 0x53DA, 0x53FA,
    0x53FA, 0x5C1A, 0x53FA, 0x53FA, 0x53FA, 0x5C1A, 0x5C1A, 0x53FA, 0x53FA, 0x53FA, 0x53D9, 0x8DDD,
    0xA6BE, 0xA67D, 0xA67D, 0xA67D, 0xA67D, 0xA67D, 0xA67D, 0xA67D, 0xA67D, 0xA67D, 0xA67D, 0xA69E,
    0xA6BE, 0x6CBA, 0x53DA, 0x53FA, 0x53FA, 0x53FA, 0x53FA, 0x5C1A, 0x53FA, 0x53FA, 0x53FA, 0x53F9,
    0x53FA, 0x53FA, 0x53FA, 0x53FA, 0x53FA, 0x53DA, 0x7CDB, 0xB61C, 0x8D3A, 0x4BB9, 0x5C1A, 0x10E6,
    0x0000, 0x53B8, 0x5C1A, 0x53D9, 0x4B9A, 0x74BB, 0x74BB, 0x53DA, 0x5BFA, 0x53FA, 0x53DA, 0x53FA,
    0x53FA, 0x5BFA, 0x5C1A, 0x53FA, 0x53FA, 0x541A, 0x5C1A, 0x53FA, 0x53FA, 0x53FA, 0x53DA, 0x5BFA,
    0x8DDD, 0xAEBE, 0xA69E, 0xA67D, 0xA67D, 0xA67D, 0x9E7D, 0x9E5D, 0x9E7D, 0xA67E, 0xA6BE, 0x9E7E,
    0x6CBB, 0x4BB9, 0x53FA, 0x53FA, 0x53FA, 0x53FA, 0x53FA, 0x53FA, 0x53FA, 0x53F9, 0x53FA, 0x53FA,
    0x53FA, 0x53FA, 0x53FA, 0x53FA, 0x53DA, 0x74BB, 0x74BC, 0x4B9A, 0x53B9, 0x5C1A, 0x5397, 0x0000,
    0x0000, 0x42F3, 0x5C3B, 0x53D9, 0xD6DE, 0xFFDF, 0x9D7B, 0x4BDA, 0x5C1A, 0x53FA, 0x53FA, 0x53FA,
    0x53FA, 0x53FA, 0x53FA, 0x53FA, 0x53FA, 0x541A, 0x5C1A, 0x5C1A, 0x53FA, 0x53FA, 0x53FA, 0x53DA,
    0x53D9, 0x7D1B, 0x9E5D, 0xA6BE, 0xAEBE, 0xAEBE, 0xA69E, 0xA69D, 0xA6BE, 0xA69E, 0x8DDD, 0x645A,
    0x53BA, 0x53FA, 0x53DA, 0x53FA, 0x53FA, 0x53FA, 0x53FA, 0x53FA, 0x53FA, 0x53D9, 0x53FA, 0x53FA,
    0x53FA, 0x53FA, 0x53FA, 0x5BFA, 0x4BBA, 0xA5BC, 0xFFDF, 0xCEBD, 0x53D9, 0x645C, 0x42D2, 0x0000,
    0x0000, 0x29CB, 0x5C5C, 0x53D9, 0x7CDA, 0x5BD9, 0x4B99, 0x5C1A, 0x5BFA, 0x5C1A, 0x53FA, 0x53FA,
    0x53FA, 0x53FA, 0x53FA, 0x53FA, 0x53FA, 0x53FA, 0x53FA, 0x53FA, 0x53FA, 0x53FA, 0x53FA, 0x53FA,
    0x5BFA, 0x53DA, 0x5C1A, 0x74DB, 0x857C, 0x8DDD, 0x8DDD, 0x859C, 0x7D3C, 0x647A, 0x53DA, 0x53DA,
    0x541A, 0x53FA, 0x53FA, 0x53FA, 0x53FA, 0x53FA, 0x53FA, 0x53FA, 0x53FA, 0x53FA, 0x53FA, 0x53FA,
    0x53FA, 0x53FA, 0x5C1A, 0x5BFA, 0x5BFA, 0x4B99, 0x5C1A, 0x7CDB, 0x53D9, 0x645C, 0x21AA, 0x0000,
    0x0000, 0x0000, 0x5C1A, 0x53F9, 0x4BB9, 0x8D1C, 0xE75E, 0x9D7B, 0x4379, 0x53DA, 0x5BFA, 0x53FA,
    0x53FA, 0x53FA, 0x53FA, 0x53FA, 0x53FA, 0x53FA, 0x53FA, 0x53FA, 0x53FA, 0x541A, 0x53FA, 0x53FA,
    0x53FA, 0x5C1A, 0x53D9, 0x53B9, 0x53DA, 0x53DA, 0x53DA, 0x53DA, 0x53DA, 0x53FA, 0x53FA, 0x53FA,
    0x53FA, 0x53FA, 0x53FA, 0x53FA, 0x53FA, 0x53FA, 0x53FA, 0x53FA, 0x53FA, 0x53FA, 0x53FA, 0x53FA,
    0x53FA, 0x5BFA, 0x53DA, 0x4399, 0x9DBC, 0xE73E, 0x8D3C, 0x53DA, 0x5C1A, 0x53D9, 0x0000, 0x0000,
    0x0000, 0x0000, 0x4313, 0x5C3B, 0x53F9, 0xD6FD, 0xADFC, 0x5BDA, 0x84FB, 0x9D9C, 0x53DA, 0x5C1A,
    0x53FA, 0x53FA, 0x53FA, 0x53FA, 0x53FA, 0x53FA, 0x53FA, 0x53FA, 0x5C1A, 0x5C1A, 0x541A, 0x53FA,
    0x53FA, 0x53FA, 0x53FA, 0x5BFA, 0x5C1A, 0x53FA, 0x5BFA, 0x53FA, 0x53FA, 0x53FA, 0x53FA, 0x53DA,
    0x53FA, 0x53FA, 0x53FA, 0x53FA, 0x53FA, 0x53FA, 0x53FA, 0x53FA, 0x53FA, 0x53FA, 0x53FA, 0x5BFA,
    0x5BFA, 0x53DA, 0xA5BC, 0x84FB, 0x5C1A, 0xB63D, 0xCEBD, 0x5BF9, 0x5C3B, 0x3AD2, 0x0000, 0x0000,
    0x0000, 0x0000, 0x1948, 0x645C, 0x53D9, 0x53D9, 0x643A, 0xBE5D, 0xFFFF, 0xFFFF, 0x749A, 0x53DA,
    0x5BFA, 0x53FA, 0x53F9, 0x53FA, 0x53FA, 0x53FA, 0x53FA, 0x53FA, 0x53FA, 0x541A, 0x541A, 0x53FA,
    0x53FA, 0x53FA, 0x53FA, 0x53FA, 0x53FA, 0x53FA, 0x53FA, 0x53FA, 0x53FA, 0x53FA, 0x53FA, 0x53FA,
    0x53FA, 0x53FA, 0x53FA, 0x53FA, 0x53FA, 0x53FA, 0x53FA, 0x53FA, 0x53FA, 0x53FA, 0x53FA, 0x5BF9,
    0x53D9, 0x7CDB, 0xFFFF, 0xFFFF, 0xBE3D, 0x643B, 0x53DA, 0x5BF9, 0x5C3B, 0x1927, 0x0000, 0x0000,
    0x0000, 0x0000, 0x0000, 0x4B76, 0x645B, 0x53D9, 0xDF3E, 0xFFFF, 0xEF9E, 0x955B, 0x5C1A, 0x53FA,
    0x53FA, 0x53FA, 0x53FA, 0x53FA, 0x53FA, 0x53FA, 0x53FA, 0x53FA, 0x53FA, 0x53FA, 0x53FA, 0x53FA,
    0x53FA, 0x53FA, 0x53FA, 0x53FA, 0x53FA, 0x53FA, 0x53FA, 0x53FA, 0x53FA, 0x53FA, 0x53FA, 0x53FA,
    0x53FA, 0x53FA, 0x53FA, 0x53FA, 0x541B, 0x53FA, 0x53FA, 0x53FA, 0x53FA, 0x5C1A, 0x5BFA, 0x5BFA,
    0x5BFA, 0x643A, 0x9D9C, 0xF79F, 0xFFFF, 0xDEFE, 0x53D9, 0x5C3B, 0x4335, 0x0000, 0x0000, 0x0000,
    0x0000, 0x0000, 0x0000, 0x2169, 0x647C, 0x4BB9, 0x8D3B, 0xB63C, 0x53D9, 0x53FA, 0x5BFA, 0x5BFA,
    0x53FA, 0x53FA, 0x53FA, 0x53FA, 0x53FA, 0x53FA, 0x53FA, 0x53FA, 0x53FA, 0x53FA, 0x53FA, 0x53FA,
    0x53FA, 0x53FA, 0x53FA, 0x5BFA, 0x5BFA, 0x5BFA, 0x5BFA, 0x5BFA, 0x53FA, 0x53FA, 0x53FA, 0x53FA,
    0x53FA, 0x53FA, 0x53FA, 0x53FA, 0x5C1B, 0x541A, 0x53FA, 0x53FA, 0x53FA, 0x5BFA, 0x5C1A, 0x5C1A,
    0x5C1A, 0x5C3A, 0x5C3B, 0x5BFA, 0xBE5D, 0x851A, 0x4BB9, 0x5C3B, 0x1948, 0x0000, 0x0000, 0x0000,
    0x0000, 0x0000, 0x0000, 0x0000, 0x4B34, 0x645C, 0x53D9, 0x53FA, 0xB63D, 0xF7BF, 0x6C5A, 0x53DA,
    0x5BFA, 0x53FA, 0x53FA, 0x53FA, 0x53FA, 0x53FA, 0x53FA, 0x53FA, 0x53FA, 0x53FA, 0x53FA, 0x53FA,
    0x5C1A, 0x541A, 0x5BFA, 0x5BFA, 0x53FA, 0x53DA, 0x53DA, 0x53DA, 0x53FA, 0x53FA, 0x53FA, 0x53FA,
    0x53FA, 0x53FA, 0x53FA, 0x53FA, 0x53FA, 0x53FA, 0x53FA, 0x53FA, 0x5BFA, 0x5C1A, 0x5BFA, 0x5C1A,
    0x53DA, 0x74BB, 0xF7DF, 0xADFD, 0x53FA, 0x53FA, 0x5C3B, 0x42F3, 0x0000, 0x0000, 0x0000, 0x0000,
    0x0000, 0x0000, 0x0000, 0x0000, 0x10C5, 0x5C3B, 0x53FA, 0x645A, 0xDF1E, 0x84DB, 0x53DA, 0x645B,
    0x5BFA, 0x5C1A, 0x53FA, 0x53FA, 0x53FA, 0x53FA, 0x53FA, 0x53FA, 0x53FA, 0x53FA, 0x5BFA, 0x53FA,
    0x53FA, 0x5C1A, 0x5C1A, 0x53DA, 0x7CDB, 0xE77F, 0xEF7F, 0xE77F, 0x6C7A, 0x53DA, 0x53FA, 0x53FA,
    0x53FA, 0x5C1A, 0x53FA, 0x53FA, 0x53FA, 0x53FA, 0x53FA, 0x53FA, 0x5BFA, 0x5BFA, 0x5BF9, 0x5BFA,
    0x643A, 0x4BB9, 0x851B, 0xD71E, 0x643A, 0x5BFA, 0x5C1A, 0x0000, 0x0000, 0x0000, 0x0000, 0x0000,
    0x0000, 0x0000, 0x0000, 0x0000, 0x0000, 0x322D, 0x647C, 0x53D9, 0x53B9, 0x5BFA, 0xDF1E, 0xC69D,
    0x4B99, 0x53FA, 0x5BFA, 0x5BFA, 0x5C1A, 0x5BFA, 0x53FA, 0x53FA, 0x53FA, 0x53FA, 0x53FA, 0x53FA,
    0x53FA, 0x5C1A, 0x53FA, 0x74BB, 0xF7BF, 0xCE9D, 0xBE3D, 0xC69D, 0x6C5A, 0x53DA, 0x53FA, 0x53FA,
    0x53FA, 0x53FA, 0x53FA, 0x53FA, 0x53FA, 0x53FA, 0x53FA, 0x5BFA, 0x5BFA, 0x5C1A, 0x53F9, 0x4BB9,
    0xCEBD, 0xCEBE, 0x53DA, 0x53FA, 0x53F9, 0x5C3C, 0x29EC, 0x0000, 0x0000, 0x0000, 0x0000, 0x0000,
    0x0000, 0x0000, 0x0000, 0x0000, 0x0000, 0x0000, 0x4B34, 0x645C, 0x4BB9, 0x9D9C, 0xE73E, 0x5BF9,
    0x6C5A, 0x6C9B, 0x5BFA, 0x5C1A, 0x5BFA, 0x5C1A, 0x5C1A, 0x53FA, 0x53FA, 0x53FA, 0x53FA, 0x53FA,
    0x53FA, 0x5C1A, 0x53FA, 0x84FB, 0xFFFF, 0x953B, 0x749B, 0x53DA, 0x53FA, 0x5C1A, 0x53FA, 0x5BFA,
    0x53FA, 0x53FA, 0x53FA, 0x53FA, 0x53FA, 0x5C1A, 0x5C1A, 0x5BFA, 0x5C1A, 0x53FA, 0x6C7A, 0x643A,
    0x5C3A, 0xE75E, 0x955B, 0x53D9, 0x645C, 0x42F3, 0x0000, 0x0000, 0x0000, 0x0000, 0x0000, 0x0000,
    0x0000, 0x0000, 0x0000, 0x0000, 0x0000, 0x0000, 0x0000, 0x53D8, 0x5C3B, 0x5BFA, 0x53D9, 0x6C7A,
    0xFFDF, 0xADDC, 0x4BBA, 0x53FA, 0x5C1A, 0x4BDA, 0x53DA, 0x5C1A, 0x5C1A, 0x5BFA, 0x5BFA, 0x5BFA,
    0x5BFA, 0x5C1A, 0x53FA, 0x7CDB, 0xFFFF, 0xFFFF, 0xFFFF, 0xA5BC, 0x5C1A, 0x5BFA, 0x5BFA, 0x5C1A,
    0x5BFA, 0x53FA, 0x53FA, 0x5BFA, 0x5C1A, 0x53DA, 0x53D9, 0x5C1A, 0x53DA, 0x4379, 0xADFC, 0xF7BF,
    0x645B, 0x53FA, 0x5C1A, 0x643B, 0x5397, 0x0000, 0x0000, 0x0000, 0x0000, 0x0000, 0x0000, 0x0000,
    0x0000, 0x0000, 0x0000, 0x0000, 0x0000, 0x0000, 0x0000, 0x10E5, 0x5C1A, 0x5C3B, 0x4BB9, 0xADFD,
    0xCEDD, 0x4B79, 0xA5BC, 0x957C, 0x4BB9, 0xAE1C, 0x8D3C, 0x5C1A, 0x5BFA, 0x5BFA, 0x5BFA, 0x5BFA,
    0x5BFA, 0x5C1A, 0x53DA, 0x7CFB, 0xFFFF, 0x7CDA, 0x8D3B, 0xFFFF, 0x749A, 0x53DA, 0x5C1A, 0x5BFA,
    0x5BFA, 0x5BFA, 0x5BFA, 0x5BFA, 0x53FA, 0x8D3B, 0xADDC, 0x4B99, 0x957C, 0x955C, 0x437A, 0xD6DE,
    0xA5BB, 0x53B9, 0x643B, 0x5BF9, 0x0000, 0x0000, 0x0000, 0x0000, 0x0000, 0x0000, 0x0000, 0x0000,
    0x0000, 0x0000, 0x0000, 0x0000, 0x0000, 0x0000, 0x0000, 0x0000, 0x1907, 0x5C1A, 0x5C1B, 0x53F9,
    0x53BA, 0x84FB, 0xFFFF, 0x84DA, 0x7CDA, 0xFFFF, 0xEF7E, 0x5C1A, 0x5C1A, 0x5BFA, 0x5BFA, 0x5BFA,
    0x5BFA, 0x5C1A, 0x53D9, 0x749A, 0xEF9F, 0xCEDD, 0xD6FE, 0xEF7E, 0x6C7A, 0x53DA, 0x5BFA, 0x53FA,
    0x53FA, 0x53FA, 0x5BFA, 0x5BFA, 0x5C19, 0xF79F, 0xFFFF, 0x7CBA, 0x8D3B, 0xFFFF, 0x7CBB, 0x53BA,
    0x5BF9, 0x643B, 0x5BF9, 0x10E5, 0x0000, 0x0000, 0x0000, 0x0000, 0x0000, 0x0000, 0x0000, 0x0000,
    0x0000, 0x0000, 0x0000, 0x0000, 0x0000, 0x0000, 0x0000, 0x0000, 0x0000, 0x1906, 0x53D9, 0x5C3B,
    0x53B9, 0x8D3B, 0xA5DC, 0x5BFA, 0xEF7F, 0xFFFF, 0x8D3B, 0x4B99, 0x5C1A, 0x5BFA, 0x5BFA, 0x53FA,
    0x5BFA, 0x5BFA, 0x5BFA, 0x53B9, 0x7CBA, 0xE75E, 0xE75E, 0x747A, 0x53D9, 0x5BF9, 0x5BF9, 0x53FA,
    0x53FA, 0x53FA, 0x5C1A, 0x5C1A, 0x4B99, 0x955B, 0xFFFF, 0xE75E, 0x53B9, 0xA5BC, 0x84FB, 0x53B9,
    0x643B, 0x53D8, 0x10C5, 0x0000, 0x0000, 0x0000, 0x0000, 0x0000, 0x0000, 0x0000, 0x0000, 0x0000,
    0x0000, 0x0000, 0x0000, 0x0000, 0x0000, 0x0000, 0x0000, 0x0000, 0x0000, 0x0000, 0x0000, 0x4B76,
    0x645C, 0x53D9, 0x4379, 0x955B, 0xFFFF, 0xCEBD, 0x4BB9, 0xD6DE, 0x7CBA, 0x4BB9, 0x53FA, 0x5BFA,
    0x53DA, 0x5BFA, 0x5C1A, 0x5C1A, 0x53D9, 0x4B99, 0x53B9, 0x5BFA, 0x5BF9, 0x5BF9, 0x53F9, 0x53DA,
    0x5BFA, 0x53FA, 0x53DA, 0x84FB, 0xCEBD, 0x4B99, 0xCEDD, 0xFFFF, 0x8D1A, 0x4379, 0x53D9, 0x645C,
    0x4B55, 0x0000, 0x0000, 0x0000, 0x0000, 0x0000, 0x0000, 0x0000, 0x0000, 0x0000, 0x0000, 0x0000,
    0x0000, 0x0000, 0x0000, 0x0000, 0x0000, 0x0000, 0x0000, 0x0000, 0x0000, 0x0000, 0x0000, 0x0000,
    0x3AB1, 0x643B, 0x5C1A, 0x53B9, 0x8D1B, 0x643A, 0x9D9C, 0xFFFF, 0x4B98, 0xADDC, 0xA5DC, 0x53B9,
    0x6C5A, 0x5C1A, 0x53DA, 0x4BB9, 0x7CDB, 0xDF3E, 0xDF3E, 0x749B, 0x4BB9, 0x53FA, 0x5C1A, 0x6C7A,
    0x53DA, 0xAE1C, 0xA59C, 0x53D9, 0xFFFF, 0x955B, 0x643A, 0x8CFB, 0x53B9, 0x643B, 0x645B, 0x3A90,
    0x0000, 0x0000, 0x0000, 0x0000, 0x0000, 0x0000, 0x0000, 0x0000, 0x0000, 0x0000, 0x0000, 0x0000,
    0x0000, 0x0000, 0x0000, 0x0000, 0x0000, 0x0000, 0x0000, 0x0000, 0x0000, 0x0000, 0x0000, 0x0000,
    0x0000, 0x218A, 0x53B8, 0x5C5C, 0x53DA, 0x4BB9, 0x955B, 0x8D3B, 0x4BB9, 0xFFFF, 0x953B, 0x6C5A,
    0xF79F, 0x5BF9, 0x957C, 0x953B, 0x7CBA, 0xFFFF, 0xFFFF, 0x749A, 0x9D9C, 0x8D3B, 0x5C1A, 0xF79E,
    0x641A, 0x9D9C, 0xF7BF, 0x4B99, 0x8D3B, 0x8D1B, 0x53B9, 0x53DA, 0x645C, 0x53B8, 0x2169, 0x0000,
    0x0000, 0x0000, 0x0000, 0x0000, 0x0000, 0x0000, 0x0000, 0x0000, 0x0000, 0x0000, 0x0000, 0x0000,
    0x0000, 0x0000, 0x0000, 0x0000, 0x0000, 0x0000, 0x0000, 0x0000, 0x0000, 0x0000, 0x0000, 0x0000,
    0x0000, 0x0000, 0x0000, 0x324F, 0x5C1A, 0x645C, 0x53DA, 0x4BB9, 0x643A, 0xADFC, 0x53B9, 0xA5BC,
    0xEF7E, 0x3B58, 0xE73E, 0xBE5C, 0x749A, 0xFFFF, 0xFFFF, 0x643A, 0xCEBD, 0xD6DD, 0x3B38, 0xF7BF,
    0x957C, 0x5BFA, 0xA5BB, 0x5BF9, 0x53B9, 0x53DA, 0x645C, 0x5BF9, 0x324E, 0x0000, 0x0000, 0x0000,
    0x0000, 0x0000, 0x0000, 0x0000, 0x0000, 0x0000, 0x0000, 0x0000, 0x0000, 0x0000, 0x0000, 0x0000,
    0x0000, 0x0000, 0x0000, 0x0000, 0x0000, 0x0000, 0x0000, 0x0000, 0x0000, 0x0000, 0x0000, 0x0000,
    0x0000, 0x0000, 0x0000, 0x0000, 0x0000, 0x3270, 0x53F9, 0x645C, 0x5C3B, 0x53DA, 0x53D9, 0x749A,
    0x7CBA, 0x4B99, 0xCEBD, 0x8D3B, 0x749A, 0xF7BF, 0xF7BF, 0x6C5A, 0x957C, 0xBE5C, 0x4B79, 0x84DB,
    0x747A, 0x53D9, 0x53BA, 0x5C3B, 0x645C, 0x53D8, 0x324F, 0x0000, 0x0000, 0x0000, 0x0000, 0x0000,
    0x0000, 0x0000, 0x0000, 0x0000, 0x0000, 0x0000, 0x0000, 0x0000, 0x0000, 0x0000, 0x0000, 0x0000,
    0x0000, 0x0000, 0x0000, 0x0000, 0x0000, 0x0000, 0x0000, 0x0000, 0x0000, 0x0000, 0x0000, 0x0000,
    0x0000, 0x0000, 0x0000, 0x0000, 0x0000, 0x0000, 0x0000, 0x21CB, 0x4334, 0x5BF9, 0x5C3B, 0x541B,
    0x53FB, 0x5C1A, 0x53FA, 0x5BF9, 0x53F9, 0x5C19, 0x6439, 0x5BFA, 0x53FA, 0x53FA, 0x5C3A, 0x5BFA,
    0x5C1B, 0x5C3B, 0x5BF9, 0x4313, 0x21AA, 0x0000, 0x0000, 0x0000, 0x0000, 0x0000, 0x0000, 0x0000,
    0x0000, 0x0000, 0x0000, 0x0000, 0x0000, 0x0000, 0x0000, 0x0000, 0x0000, 0x0000, 0x0000, 0x0000,
    0x0000, 0x0000, 0x0000, 0x0000, 0x0000, 0x0000, 0x0000, 0x0000, 0x0000, 0x0000, 0x0000, 0x0000,
    0x0000, 0x0000, 0x0000, 0x0000, 0x0000, 0x0000, 0x0000, 0x0000, 0x0000, 0x0000, 0x218A, 0x3A90,
    0x4B55, 0x53B8, 0x53FA, 0x5BFA, 0x53D9, 0x53D9, 0x53DA, 0x5C1A, 0x5C1A, 0x5C1A, 0x53B8, 0x4B34,
    0x3A70, 0x2189, 0x0000, 0x0000, 0x0000, 0x0000, 0x0000, 0x0000, 0x0000, 0x0000, 0x0000, 0x0000,
    0x0000, 0x0000, 0x0000, 0x0000, 0x0000, 0x0000, 0x0000, 0x0000, 0x0000, 0x0000, 0x0000, 0x0000
  },
  { // 帧 1
    0x0000, 0x0000, 0x0000, 0x0000, 0x0000, 0x0000, 0x0000, 0x10C5, 0x2188, 0x320B, 0x320C, 0x320C,
    0x31EB, 0x31EB, 0x31EB, 0x320B, 0x320B, 0x320B, 0x320B, 0x320B, 0x31EB, 0x31EB, 0x31EB, 0x320B,
    0x320C, 0x320B, 0x320B, 0x320B, 0x31EB, 0x31EB, 0x31EB, 0x320B, 0x320B, 0x31EB, 0x31EB, 0x31EB,
    0x31EB, 0x31EB, 0x31EB, 0x320B, 0x320C, 0x320C, 0x320C, 0x320C, 0x31EB, 0x31EB, 0x31EB, 0x320B,
    0x2A0C, 0x322C, 0x320A, 0x2168, 0x0000, 0x0000, 0x0000, 0x0000, 0x0000, 0x0000, 0x0000, 0x0000,
    0x0000, 0x0000, 0x0000, 0x0000, 0x0000, 0x2189, 0x5354, 0x6C7A, 0x74DC, 0x74DC, 0x74FD, 0x74FD,
    0x74FD, 0x74FD, 0x74FD, 0x74FD, 0x74FD, 0x74FD, 0x74FD, 0x74FD, 0x74FD, 0x74FD, 0x74FD, 0x74FD,
    0x74FD, 0x74FD, 0x74FD, 0x74FD, 0x74FD, 0x74FD, 0x74FD, 0x74FD, 0x74FD, 0x74FD, 0x74FD, 0x74FD,
    0x74FD, 0x74FD, 0x74FD, 0x74FD, 0x74FD, 0x74FD, 0x74FD, 0x74FD, 0x74FD, 0x74FD, 0x74FD, 0x74FD,
    0x74FD, 0x74FD, 0x74FC, 0x74DB, 0x6459, 0x4B32, 0x2147, 0x0000, 0x0000, 0x0000, 0x0000, 0x0000,
    0x0000, 0x0000, 0x0000, 0x0000, 0x5333, 0x74FD, 0x7D1E, 0x74FD, 0x74DD, 0x74DC, 0x74DC, 0x74DC,
    0x74DD, 0x74DD, 0x74DD, 0x74DD, 0x74DC, 0x74DC, 0x74DC, 0x74DC, 0x74DC, 0x74DC, 0x74DC, 0x74DC,
    0x74DD, 0x74DD, 0x74DD, 0x74DD, 0x74DD, 0x74DD, 0x74DD, 0x74DD, 0x74DC, 0x74DC, 0x74DC, 0x74DC,
    0x74DC, 0x74DC, 0x74DC, 0x74DC, 0x74DC, 0x74DC, 0x74DC, 0x6CBC, 0x6CBC, 0x6CBC, 0x74DC, 0x74DC,
    0x74DC, 0x74DC, 0x74DC, 0x74DD, 0x74FD, 0x751E, 0x74DC, 0x4AF1, 0x0000, 0x0000, 0x0000, 0x0000,
    0x0000, 0x0000, 0x0000, 0x5BD6, 0x7D1E, 0x74DC, 0x74DC, 0x74DC, 0x74DD, 0x74DD, 0x74DD, 0x74DD,
    0x74DD, 0x74DD, 0x74DD, 0x74DD, 0x74DD, 0x74DD, 0x74DD, 0x74DC, 0x74DC, 0x74DC, 0x74DC, 0x74DC,
    0x74DC, 0x74DC, 0x74DC, 0x74DC, 0x74DD, 0x74DD, 0x74DD, 0x74DD, 0x74DC, 0x74DC, 0x74DC, 0x74DC,
    0x74DC, 0x74DC, 0x74DC, 0x74DC, 0x74DC, 0x6CBC, 0x74DC, 0x855C, 0x959C, 0x8D7C, 0x74FC, 0x6CBC,
    0x74FC, 0x74FC, 0x74DD, 0x74DD, 0x74DC, 0x74DC, 0x74DC, 0x7D1E, 0x5BB4, 0x0000, 0x0000, 0x0000,
    0x0000, 0x0000, 0x5374, 0x7D1E, 0x74BC, 0x74DD, 0x74DD, 0x74DD, 0x74DD, 0x74DD, 0x74DD, 0x74DD,
    0x74DD, 0x74DD, 0x74DD, 0x74DD, 0x74DD, 0x74DD, 0x74DD, 0x74DD, 0x74DD, 0x74DD, 0x74DD, 0x74DD,
    0x74DC, 0x74DC, 0x74DC, 0x74DC, 0x74DD, 0x74DD, 0x74DD, 0x74DD, 0x74DC, 0x74DC, 0x74DC, 0x74DC,
    0x74DC, 0x74DC, 0x74DC, 0x74FC, 0x6CBC, 0x8D5C, 0xCEDD, 0xEF9E, 0xF7DE, 0xF7BF, 0xDF3E, 0x9DDD,
    0x74DC, 0x74DD, 0x74DC, 0x74DC, 0x74DC, 0x74DC, 0x74DC, 0x74DC, 0x7D1E, 0x5353, 0x0000, 0x0000,
    0x0000, 0x320C, 0x751E, 0x74DC, 0x74DD, 0x74DD, 0x74DD, 0x74DD, 0x74DD, 0x74DD, 0x74DD, 0x74DD,
    0x74DD, 0x74DD, 0x74DD, 0x74DD, 0x74DD, 0x74DD, 0x74DD, 0x74DD, 0x74DD, 0x74DD, 0x74DD, 0x74DD,
    0x74DC, 0x74DC, 0x74DC, 0x74DC, 0x74DD, 0x74DD, 0x74DD, 0x74DD, 0x74DC, 0x74DC, 0x74DC, 0x74DC,
    0x74DC, 0x74DC, 0x74FC, 0x74DC, 0x8D5C, 0xE77E, 0xFFFF, 0xFFFF, 0xFFDF, 0xFFDF, 0xFFFF, 0xFFFF,
    0xAE1D, 0x74DD, 0x74FD, 0x74DC, 0x74DC, 0x74DC, 0x74DC, 0x74DC, 0x74DC, 0x751D, 0x31EB, 0x0000,
    0x0000, 0x5BF7, 0x751D, 0x74DC, 0x74DD, 0x74DD, 0x74DD, 0x74DD, 0x74DD, 0x74DD, 0x74DD, 0x74DD,
    0x74DD, 0x74DD, 0x74DD, 0x74DD, 0x74DD, 0x74DD, 0x74DD, 0x74DD, 0x74DD, 0x74DD, 0x74DD, 0x74DD,
    0x74DC, 0x74DC, 0x74DC, 0x74DC, 0x74DD, 0x74DD, 0x74DD, 0x74DD, 0x74DC, 0x74DC, 0x74DC, 0x74DC,
    0x74DC, 0x74DC, 0x74DC, 0x74DC, 0xD6FE, 0xFFFF, 0xF7DF, 0xFFDF, 0xFFFF, 0xFFDF, 0xFFDF, 0xFFFF,
    0xEFBF, 0x855C, 0x74DC, 0x74DD, 0x74DC, 0x74DC, 0x74DC, 0x74DC, 0x74DC, 0x74FD, 0x63F6, 0x0000,
    0x2169, 0x74BC, 0x74DC, 0x74DC, 0x74DC, 0x74DC, 0x74DC, 0x74DD, 0x74DD, 0x74DD, 0x74DD, 0x74DD,
    0x74DD, 0x74DD, 0x74DD, 0x74DD, 0x74DD, 0x74DD, 0x74DD, 0x74DD, 0x74DD, 0x74DD, 0x74DD, 0x74DD,
    0x74DC, 0x74DC, 0x74DC, 0x74DC, 0x74DD, 0x74DD, 0x74DD, 0x74DD, 0x74DC, 0x74DC, 0x74DC, 0x74DC,
    0x74DC, 0x74FD, 0x6CDC, 0x8D5C, 0xF7BF, 0xFFDF, 0xFFDF, 0xFFFF, 0xFFFF, 0xFFFF, 0xFFFF, 0xFFDF,
    0xFFFF, 0xB65E, 0x6CBC, 0x74DC, 0x74DC, 0x74DD, 0x74DD, 0x74DD, 0x74DC, 0x74DC, 0x74DC, 0x2189,
    0x3A6E, 0x74FD, 0x74DC, 0x74DC, 0x74DC, 0x74DC, 0x74DC, 0x74DD, 0x74DD, 0x74DD, 0x74DD, 0x74DD,
    0x74DD, 0x74DD, 0x74DD, 0x74DD, 0x74DD, 0x74DD, 0x74DD, 0x74DD, 0x74DD, 0x74DD, 0x74DD, 0x74DD,
    0x74DC, 0x74DC, 0x74DC, 0x74DC, 0x74DD, 0x74DD, 0x74DD, 0x74DD, 0x74DC, 0x74DC, 0x74DC, 0x74DC,
    0x74FC, 0x74DD, 0x6CBC, 0x9DDD, 0xFFFF, 0xFFFF, 0xFFFF, 0xFFFF, 0xFFFF, 0xFFFF, 0xFFFF, 0xFFDF,
    0xFFFF, 0xCEDE, 0x74DC, 0x74FD, 0x74DD, 0x74DD, 0x74DD, 0x74DD, 0x74DC, 0x74DC, 0x74FD, 0x428E,
    0x4AF1, 0x751E, 0x74DC, 0x74DD, 0x74DC, 0x74DC, 0x74DC, 0x74DD, 0x74DD, 0x74DD, 0x74DD, 0x74DD,
    0x74DD, 0x74DD, 0x74DD, 0x74DD, 0x74DD, 0x74DD, 0x74DD, 0x74DD, 0x74DD, 0x74DD, 0x74DD, 0x74DD,
    0x74DC, 0x74DC, 0x74DC, 0x74DC, 0x74DD, 0x74DD, 0x74DD, 0x74DD, 0x74DC, 0x74DC, 0x74DC, 0x74DC,
    0x74FC, 0x74FC, 0x6CBD, 0x9DDC, 0xFFDE, 0xFFDF, 0xFFFF, 0xFFFF, 0xFFFF, 0xFFFF, 0xFFFF, 0xFFDF,
    0xFFFF, 0xC6BE, 0x6CDC, 0x74DC, 0x74DD, 0x74DD, 0x74DD, 0x74DD, 0x74DD, 0x74BC, 0x74FD, 0x4B11,
    0x4B12, 0x751D, 0x74BC, 0x74DC, 0x74DC, 0x74DC, 0x74DC, 0x74DD, 0x74DD, 0x74DD, 0x74DD, 0x74DD,
    0x74DD, 0x74DD, 0x74DD, 0x74DD, 0x74DD, 0x74DD, 0x74DD, 0x74DD, 0x74DD, 0x74DD, 0x74DD, 0x74DD,
    0x74DC, 0x74DC, 0x74DC, 0x74DC, 0x74DD, 0x74DD, 0x74DD, 0x74DD, 0x74DC, 0x74DC, 0x74DC, 0x74DC,
    0x74DC, 0x74FD, 0x6CBC, 0x851C, 0xEF9E, 0xFFFF, 0xFFDF, 0xFFFF, 0xFFFF, 0xFFFF, 0xFFFF, 0xFFDF,
    0xFFFF, 0xA5FD, 0x6CDD, 0x74FD, 0x74DD, 0x74DD, 0x74DD, 0x74DD, 0x74DC, 0x74DC, 0x751D, 0x4B11,
    0x4B11, 0x751D, 0x74DC, 0x74DC, 0x74DC, 0x74DC, 0x74DC, 0x74DC, 0x74DD, 0x74DD, 0x74DD, 0x74DD,
    0x74DD, 0x74DD, 0x74DD, 0x74DD, 0x74DD, 0x74DD, 0x74DD, 0x74DD, 0x74DD, 0x74DD, 0x74DD, 0x74DC,
    0x74FC, 0x74DC, 0x74DC, 0x74DD, 0x74DD, 0x74FD, 0x74DD, 0x74DD, 0x74DC, 0x74DC, 0x74DC, 0x74DC,
    0x74DD, 0x74FD, 0x74FD, 0x74BC, 0xB65D, 0xFFFF, 0xFFDF, 0xFFDF, 0xFFDF, 0xFFFF, 0xFFFF, 0xFFFF,
    0xD71E, 0x7CFD, 0x74DD, 0x74FD, 0x74DD, 0x74DD, 0x74DD, 0x74DD, 0x74DC, 0x74DC, 0x751D, 0x4B11,
    0x4B11, 0x7D1D, 0x74DC, 0x74DC, 0x74DC, 0x74DC, 0x74DC, 0x74DC, 0x74DC, 0x74DC, 0x74FC, 0x74DD,
    0x74DD, 0x74DD, 0x74DD, 0x74FD, 0x74FC, 0x74FD, 0x74FD, 0x74DC, 0x74DC, 0x74DC, 0x74DC, 0x74FC,
    0x74FD, 0x74FD, 0x74FD, 0x74DD, 0x74DD, 0x74FC, 0x74DD, 0x74DD, 0x74DC, 0x74DC, 0x74DC, 0x74DC,
    0x74FC, 0x74FC, 0x74FC, 0x74DC, 0x74DC, 0xBE7D, 0xFFDF, 0xFFFF, 0xFFFF, 0xFFFF, 0xFFFF, 0xDF1E,
    0x853C, 0x74DD, 0x74FD, 0x74DC, 0x74DC, 0x74FD, 0x74FC, 0x74FC, 0x74DD, 0x74DD, 0x751E, 0x4B11,
    0x4B11, 0x7D1D, 0x74DC, 0x74DC, 0x74DC, 0x74DC, 0x74DC, 0x74DC, 0x74DC, 0x74DC, 0x74DC, 0x74DD,
    0x74DD, 0x74DD, 0x74DD, 0x74DD, 0x74DD, 0x74DD, 0x74DD, 0x74DC, 0x74DC, 0x74DC, 0x74DC, 0x74DC,
    0x74DD, 0x74FD, 0x74DD, 0x74DD, 0x74DD, 0x74DD, 0x74FD, 0x74DC, 0x74DC, 0x74DC, 0x74DC, 0x74DC,
    0x74FD, 0x74DD, 0x74DD, 0x74FD, 0x74DD, 0x74DC, 0x959D, 0xC69D, 0xCEFE, 0xCEBD, 0xA5FD, 0x7CFC,
    0x6CBC, 0x74DC, 0x74DC, 0x74FC, 0x74DD, 0x74DD, 0x74DD, 0x74DD, 0x74DC, 0x74DC, 0x74FE, 0x4B31,
    0x4AF1, 0x7CFD, 0x74BC, 0x74BC, 0x7CBC, 0x74BC, 0x74DC, 0x74BC, 0x7CBC, 0x74BC, 0x74DC, 0x74BC,
    0x74BD, 0x74BD, 0x74DD, 0x7CBD, 0x74DD, 0x7CBC, 0x74DD, 0x7CBC, 0x74DC, 0x7CBC, 0x74DC, 0x7CBC,
    0x74DD, 0x74DD, 0x7CDC, 0x74DD, 0x74DD, 0x7CBC, 0x74DD, 0x7CBC, 0x74BC, 0x7CBC, 0x74BC, 0x74BC,
    0x74DD, 0x7CBC, 0x7CDC, 0x74DD, 0x74DC, 0x74BD, 0x6CBD, 0x74BC, 0x74BC, 0x749C, 0x749C, 0x74BD,
    0x7CDD, 0x7CDD, 0x74DC, 0x74DC, 0x74DC, 0x74DD, 0x7CDC, 0x7CBC, 0x74BC, 0x7CBC, 0x7CFE, 0x4B11,
    0x4AF1, 0x7CFD, 0x7CBC, 0x7CBC, 0x7CDC, 0x7CBC, 0x7CBC, 0x7CBC, 0x7CBC, 0x7CBC, 0x7CBC, 0x7CBC,
    0x7CBC, 0x7CBC, 0x7CBC, 0x7CBC, 0x7CBC, 0x74DD, 0x7CBC, 0x7CBC, 0x7CBC, 0x7CBC, 0x7CBC, 0x7CBC,
    0x7CBC, 0x7CDC, 0x7CBC, 0x7CBC, 0x7CBC, 0x7C9C, 0x74DD, 0x74DD, 0x7CBC, 0x7CBC, 0x7CBC, 0x7CBC,
    0x74DC, 0x7CBC, 0x7CBC, 0x7CDC, 0x7C9C, 0x7CBC, 0x7CDD, 0x7CBC, 0x7CBC, 0x7CDC, 0x7CDC, 0x7CBC,
    0x74BC, 0x7CBC, 0x7CDD, 0x7CBD, 0x7CBC, 0x7CBC, 0x7CBC, 0x7CBC, 0x7CBC, 0x74BD, 0x7CDE, 0x4B11,
    0x4B11, 0x7CFD, 0x74BC, 0x74DC, 0x74DD, 0x74DD, 0x74DD, 0x7CDC, 0x7CDC, 0x7CBC, 0x7CBC, 0x7CBC,
    0x74DC, 0x74DC, 0x7CBC, 0x7CBC, 0x7CDC, 0x74DD, 0x74DC, 0x74DD, 0x74DD, 0x74DD, 0x7CDC, 0x74DD,
    0x7CDC, 0x7CDC, 0x7CBC, 0x7CBC, 0x7CBC, 0x7CDC, 0x74DD, 0x74DD, 0x7CBC, 0x74DD, 0x74DD, 0x7CBC,
    0x74BC, 0x74DC, 0x7CDD, 0x7CBC, 0x7CBC, 0x7CBD, 0x7CBC, 0x7CDD, 0x74DD, 0x74BC, 0x7CDC, 0x74DD,
    0x74DD, 0x74DD, 0x7CDD, 0x74DD, 0x7CBC, 0x7CBC, 0x7CDC, 0x74DD, 0x74DC, 0x74DD, 0x7CFE, 0x5311,
    0x52F1, 0x84DE, 0x7CBC, 0x7C9C, 0x7C9C, 0x74DD, 0x7CBC, 0x7CBC, 0x7CBC, 0x7CBC, 0x7CBC, 0x7CBC,
    0x7CBC, 0x7CBC, 0x74DC, 0x7CBC, 0x7CBC, 0x74DD, 0x7CBC, 0x7CBC, 0x7CBC, 0x7CDC, 0x7CBC, 0x7CBC,
    0x7CBC, 0x7CBC, 0x7C9C, 0x7CBC, 0x74DD, 0x7CBC, 0x7CBC, 0x7CBC, 0x7CDC, 0x7CDC, 0x7CBC, 0x7CBC,
    0x74BC, 0x7CBC, 0x849C, 0x7CBD, 0x7CBD, 0x849C, 0x7C9C, 0x7C5B, 0x7C7A, 0x7D1D, 0x7C7D, 0x7CBC,
    0x7CBD, 0x7CDD, 0x84BC, 0x7CDD, 0x7C9C, 0x7CBC, 0x7CDC, 0x7CBC, 0x7CBC, 0x7C9C, 0x7CFE, 0x52F1,
    0x4AF1, 0x84DD, 0x7C9C, 0x7C9C, 0x7CBC, 0x7C9C, 0x7CDC, 0x7CBC, 0x7C9C, 0x7CBC, 0x849C, 0x7CBC,
    0x7CBC, 0x7CBC, 0x849C, 0x7CDD, 0x7CBC, 0x7CBC, 0x7CBC, 0x849C, 0x7CBC, 0x7CBC, 0x7CBC, 0x7CBC,
    0x7CDD, 0x7C9C, 0x7CBC, 0x7C9C, 0x7CBC, 0x7CBC, 0x7C9C, 0x7CBC, 0x7CBC, 0x849C, 0x7CBC, 0x849C,
    0x7CBC, 0x7CBC, 0x7CBC, 0x849C, 0x7CBC, 0x7CDC, 0x7C7B, 0x7338, 0xA4B9, 0xCEBE, 0x7CDC, 0x849D,
    0x7CBD, 0x7CBC, 0x7CBD, 0x849C, 0x7CBC, 0x7CBC, 0x7C9C, 0x7CBC, 0x7C9C, 0x7C9C, 0x84BE, 0x52F1,
    0x52F2, 0x84DD, 0x7C9C, 0x849C, 0x7C9C, 0x7CBC, 0x849C, 0x7CBC, 0x7CBC, 0x7CBC, 0x7CBC, 0x849C,
    0x7CBC, 0x7CBC, 0x7CBC, 0x7CBC, 0x7CBC, 0x849C, 0x7C9C, 0x7CBC, 0x7CBC, 0x849C, 0x7C9C, 0x849C,
    0x7CBC, 0x7CBC, 0x849C, 0x7CBC, 0x849C, 0x7CBC, 0x7CBC, 0x7CDC, 0x849C, 0x849C, 0x849C, 0x7CBC,
    0x7C9C, 0x7CBC, 0x7CBC, 0x7CBC, 0x849C, 0x8C5C, 0x7BB9, 0x6AD7, 0x9C99, 0xFFFF, 0xB63D, 0x74BC,
    0x84BC, 0x7CBC, 0x849C, 0x7CBC, 0x84BC, 0x7CBC, 0x7CBC, 0x7CBC, 0x7CBC, 0x7C9C, 0x84DE, 0x52F1,
    0x52F2, 0x84DD, 0x7CBC, 0x7CBC, 0x849C, 0x849C, 0x849C, 0x849C, 0x7CBC, 0x7CBC, 0x7CBC, 0x7CBC,
    0x7CBC, 0x7CBC, 0x7CBC, 0x7CBC, 0x7CBC, 0x849C, 0x849C, 0x7CBC, 0x7CBC, 0x849C, 0x7CBC, 0x7CBC,
    0x849C, 0x84BC, 0x7CBC, 0x849C, 0x849C, 0x849C, 0x7CBC, 0x7CBC, 0x7CBC, 0x849C, 0x849C, 0x7CBC,
    0x7CBC, 0x7CBC, 0x84BC, 0x7CBC, 0x849C, 0x7BB9, 0x7337, 0x7B77, 0xB59A, 0xFFFF, 0xEF9E, 0x8D1C,
    0x7C9D, 0x7CDC, 0x7CBC, 0x7CBC, 0x7CBC, 0x849C, 0x849C, 0x849C, 0x7CBC, 0x7CBC, 0x84FE, 0x5311,
    0x52F2, 0x8CBD, 0x849C, 0x849C, 0x8C9C, 0x8C7C, 0x849C, 0x847C, 0x849C, 0x849C, 0x849C, 0x849C,
    0x8C7C, 0x849C, 0x849C, 0x849C, 0x849C, 0x849C, 0x847C, 0x849C, 0x847C, 0x847C, 0x849C, 0x8C7C,
    0x847C, 0x849C, 0x847C, 0x849C, 0x8C7C, 0x847C, 0x849C, 0x849C, 0x849C, 0x849C, 0x847C, 0x8C7C,
    0x849C, 0x849C, 0x849C, 0x84BD, 0x7C1A, 0x7357, 0x6AF7, 0x8BF8, 0xF7BE, 0xFFDF, 0xF7BE, 0xDEFE,
    0x8CBD, 0x849C, 0x849D, 0x849C, 0x849C, 0x8C7C, 0x8C7C, 0x849C, 0x849C, 0x847C, 0x84DD, 0x5AF1,
    0x5AD2, 0x8CBE, 0x8C7C, 0x8C7C, 0x8C7C, 0x849C, 0x849C, 0x8C7C, 0x8C7C, 0x847C, 0x8C7C, 0x8C7C,
    0x8C7C, 0x8C7C, 0x847C, 0x849C, 0x849C, 0x849C, 0x8C7C, 0x847C, 0x847C, 0x847C, 0x8C7C, 0x8C7C,
    0x8C7C, 0x847C, 0x8C7C, 0x8C7C, 0x847C, 0x847C, 0x849C, 0x849C, 0x849C, 0x849C, 0x849C, 0x847C,
    0x8C5C, 0x8C7C, 0x8C9C, 0x843B, 0x7B58, 0x7337, 0x7357, 0xAD3A, 0xF7DE, 0xFFFF, 0xFFDF, 0xFFDF,
    0xBE1E, 0x849D, 0x849D, 0x8C7C, 0x8C7C, 0x8C7C, 0x8C7C, 0x847C, 0x847C, 0x847C, 0x8CBD, 0x5AF1,
    0x5AB1, 0x8C9D, 0x8C7C, 0x8C7C, 0x847C, 0x847C, 0x847C, 0x847C, 0x8C7C, 0x8C7C, 0x8C7C, 0x8C7C,
    0x8C5C, 0x8C7C, 0x847C, 0x8C5C, 0x847C, 0x847C, 0x847C, 0x8C7C, 0x8C7C, 0x847C, 0x8C7C, 0x8C7C,
    0x847C, 0x8C7C, 0x8C7C, 0x8C7C, 0x8C7C, 0x8C7C, 0x847C, 0x847C, 0x847C, 0x8C7C, 0x8C7C, 0x847C,
    0x8C7C, 0x8C7C, 0x843B, 0x7B78, 0x7337, 0x7317, 0x83D8, 0xDEDD, 0xFFFF, 0xFFDF, 0xFFDF, 0xFFDE,
    0xF79E, 0xA55D, 0x8C5C, 0x8C7C, 0x8C5C, 0x8C5C, 0x8C7C, 0x8C7C, 0x8C5C, 0x847C, 0x8C9D, 0x5AD1,
    0x5AB1, 0x947D, 0x8C5C, 0x847C, 0x8C7C, 0x8C7C, 0x847C, 0x8C5C, 0x8C5C, 0x8C7C, 0x847C, 0x8C5C,
    0x8C5C, 0x847C, 0x8C7C, 0x8C7C, 0x8C5C, 0x8C5C, 0x8C5C, 0x8C5C, 0x8C5C, 0x8C7C, 0x8C5C, 0x8C5C,
    0x8C5C, 0x8C5C, 0x945C, 0x8C5C, 0x8C7D, 0x8C5C, 0x8C5C, 0x8C7C, 0x8C7C, 0x8C5C, 0x8C5C, 0x8C7C,
    0x849D, 0x845B, 0x7B99, 0x7337, 0x7337, 0x7337, 0x7337, 0x7B77, 0xC5FB, 0xFFDF, 0xFFDF, 0xFFDF,
    0xFFDF, 0xEF5E, 0xA51D, 0x8C5C, 0x8C5C, 0x8C7C, 0x8C7C, 0x8C5C, 0x8C5C, 0x8C5C, 0x8C7D, 0x5AD1,
    0x52B1, 0x947D, 0x8C5C, 0x8C5C, 0x8C5C, 0x8C5C, 0x8C5C, 0x8C5C, 0x8C5C, 0x8C5C, 0x8C3C, 0x8C5C,
    0x8C5C, 0x8C5C, 0x8C5C, 0x8C5C, 0x8C5C, 0x8C5C, 0x8C5C, 0x8C5C, 0x8C3C, 0x8C5C, 0x8C5C, 0x8C5C,
    0x8C5C, 0x8C5C, 0x8C3C, 0x8C5C, 0x8C7C, 0x8C5C, 0x8C7C, 0x943C, 0x8C5C, 0x8C5C, 0x8C5C, 0x8C3C,
    0x8C3C, 0x7BB9, 0x6AD5, 0x7337, 0x7337, 0x7338, 0x7B57, 0x7317, 0xAD5A, 0xFFFF, 0xFFDF, 0xFFDF,
    0xFFDF, 0xFFFF, 0xD6DE, 0x8C3C, 0x8C5C, 0x8C5C, 0x8C5C, 0x8C5C, 0x8C5C, 0x845C, 0x8C7D, 0x5AD1,
    0x5A91, 0x945D, 0x8C3C, 0x8C3C, 0x8C3C, 0x8C3C, 0x8C3C, 0x8C3C, 0x8C3C, 0x8C3C, 0x8C3C, 0x8C3C,
    0x8C3C, 0x8C3C, 0x8C3C, 0x8C3C, 0x8C3C, 0x8C3C, 0x8C5C, 0x8C3C, 0x8C3C, 0x8C3C, 0x8C3C, 0x8C3C,
    0x8C5C, 0x8C5C, 0x8C3C, 0x8C3C, 0x943C, 0x8C5C, 0x8C5C, 0x8C5C, 0x8C3C, 0x8C5C, 0x8C3C, 0x943C,
    0x8BFA, 0x62B3, 0x41CE, 0x6AF5, 0x7B38, 0x6AF5, 0x6AF7, 0x9438, 0xEF3D, 0xD6BB, 0xF7BE, 0xFFFF,
    0xFFFF, 0xFFFF, 0xEF5E, 0x9C9C, 0x8C1C, 0x8C3C, 0x8C3C, 0x8C3C, 0x8C5C, 0x8C3C, 0x8C7D, 0x5AB1,
    0x5A91, 0x945D, 0x8C1C, 0x8C3C, 0x8C3C, 0x8C3C, 0x8C3C, 0x8C3C, 0x943C, 0x8C3C, 0x8C3C, 0x8C3C,
    0x8C3C, 0x943C, 0x943C, 0x8C3C, 0x943C, 0x943C, 0x8C3C, 0x8C3C, 0x8C3C, 0x943C, 0x8C3C, 0x8C3C,
    0x8C3C, 0x8C3C, 0x8C3C, 0x8C3C, 0x8C3C, 0x943C, 0x943C, 0x8C3C, 0x8C3C, 0x8C3C, 0x8C3C, 0x8C1B,
    0x62B3, 0x398C, 0x5272, 0x7B37, 0x62B3, 0x39AC, 0x6AF5, 0xACFA, 0xAD57, 0x5250, 0xC619, 0xF7BE,
    0xE71D, 0xFFDE, 0xFFFF, 0xDEDE, 0xA4BC, 0x943C, 0x8C3C, 0x8C3C, 0x8C3C, 0x8C3C, 0x945D, 0x5AB1,
    0x5A91, 0x945D, 0x8C1C, 0x8C3C, 0x8C3C, 0x8C3C, 0x8C3C, 0x8C3C, 0x8C3C, 0x8C3C, 0x8C3C, 0x8C3C,
    0x8C3C, 0x8C3C, 0x8C3C, 0x8C3C, 0x943C, 0x943C, 0x943C, 0x943C, 0x8C3C, 0x8C3C, 0x8C3C, 0x8C3C,
    0x8C3C, 0x8C3C, 0x8C3C, 0x8C3C, 0x8C3C, 0x8C3C, 0x8C3C, 0x8C3C, 0x8C1B, 0x945D, 0x8C3C, 0x5A92,
    0x396C, 0x49F0, 0x7337, 0x6293, 0x398C, 0x316C, 0x7BB6, 0xBDBA, 0x5250, 0x41F0, 0x5AB1, 0xD6BC,
    0x7393, 0xCE3A, 0xFFFF, 0xF79E, 0xC5FB, 0x8C1B, 0x8C1C, 0x943C, 0x943C, 0x8C3C, 0x945D, 0x5AB1,
    0x5A91, 0x945D, 0x8C1C, 0x8C3C, 0x8C3C, 0x8C3C, 0x8C3C, 0x8C3C, 0x8C3C, 0x8C3C, 0x8C3C, 0x8C3C,
    0x8C3C, 0x8C3C, 0x8C3C, 0x8C3C, 0x8C3C, 0x8C3C, 0x8C3C, 0x8C3C, 0x8C3C, 0x8C3C, 0x8C3C, 0x8C3C,
    0x8C3C, 0x8C3C, 0x8C3C, 0x8C3C, 0x8C3C, 0x8C3C, 0x8C3C, 0x8C3C, 0x8C3C, 0x8BFB, 0x5AB3, 0x316B,
    0x41EF, 0x6B16, 0x62D4, 0x39AD, 0x316C, 0x398D, 0x62B3, 0x62D3, 0x4A0F, 0x4A10, 0x5270, 0xC63A,
    0x62D1, 0x5A90, 0xE71C, 0xCE7B, 0x5250, 0x7357, 0x945D, 0x8C3C, 0x943C, 0x8C3C, 0x945D, 0x5AB1,
    0x5A91, 0x945D, 0x8C1C, 0x8C3C, 0x8C3C, 0x8C3C, 0x8C3C, 0x8C3C, 0x8C3C, 0x8C3C, 0x8C3C, 0x8C3C,
    0x8C3C, 0x8C3C, 0x8C3C, 0x8C3C, 0x8C3C, 0x8C3C, 0x8C3C, 0x8C3C, 0x8C3C, 0x8C3C, 0x8C3C, 0x8C3C,
    0x8C3C, 0x8C3C, 0x8C3C, 0x8C3C, 0x8C3C, 0x8C3C, 0x8C3C, 0x8C3C, 0x8BFB, 0x4A30, 0x318B, 0x398C,
    0x4A0F, 0x41CE, 0x39AD, 0x398C, 0x398C, 0x398C, 0x39AD, 0x41EF, 0x4A30, 0x4A2F, 0x4A2F, 0x5A90,
    0x5250, 0x41CF, 0x7BB3, 0xB599, 0x41EF, 0x5AB3, 0x943C, 0x943C, 0x8C3C, 0x8C3C, 0x945D, 0x5AB1,
    0x5A91, 0x945D, 0x8C1C, 0x8C3C, 0x8C3C, 0x8C3C, 0x8C3C, 0x8C3C, 0x8C3C, 0x8C3C, 0x8C3C, 0x8C3C,
    0x8C3C, 0x943C, 0x8C3C, 0x8C3C, 0x8C3C, 0x8C3C, 0x8C3C, 0x8C3C, 0x8C3C, 0x8C3C, 0x8C3C, 0x8C3C,
    0x8C3C, 0x8C3C, 0x8C3C, 0x8C3C, 0x8C3C, 0x8C3C, 0x8C3C, 0x945C, 0x62D3, 0x396C, 0x398C, 0x39AC,
    0x39AD, 0x398C, 0x398C, 0x398C, 0x39AD, 0x398C, 0x398B, 0x49EF, 0x4A30, 0x4A2F, 0x4A10, 0x4A10,
    0x4A31, 0x4A10, 0x4A30, 0x5A91, 0x4A30, 0x4A10, 0x6B16, 0x943C, 0x8C3C, 0x8C1C, 0x945D, 0x5AB1,
    0x5A91, 0x945D, 0x8C1C, 0x8C3C, 0x8C3C, 0x8C3C, 0x8C3C, 0x8C3C, 0x943C, 0x8C3C, 0x8C3C, 0x8C3C,
    0x8C3C, 0x8C3C, 0x8C3C, 0x8C3C, 0x8C3C, 0x8C3C, 0x8C3C, 0x8C3C, 0x8C3C, 0x8C3C, 0x8C3C, 0x8C3C,
    0x8C3C, 0x8C3C, 0x8C3C, 0x8C3C, 0x8C3C, 0x8C1C, 0x941C, 0x7335, 0x39AD, 0x398C, 0x39AC, 0x398C,
    0x398C, 0x398C, 0x398C, 0x398C, 0x39AC, 0x398C, 0x398C, 0x41EF, 0x4A30, 0x4A30, 0x4A30, 0x4A30,
    0x4A30, 0x4A30, 0x4A30, 0x4A10, 0x4A10, 0x4A10, 0x41EF, 0x7337, 0x943D, 0x8BFC, 0x945D, 0x5AB1,
    0x5A91, 0x945D, 0x8C1C, 0x8C3C, 0x8C3C, 0x8C3C, 0x8C3C, 0x8C3C, 0x943C, 0x8C3C, 0x8C1C, 0x8C3C,
    0x8C3C, 0x8C1C, 0x943C, 0x8C3C, 0x8C3C, 0x8C3C, 0x8C3C, 0x8C3C, 0x8C3C, 0x8C3C, 0x8C3C, 0x8C3C,
    0x8C3C, 0x8C3C, 0x8C3C, 0x8C3C, 0x8C3B, 0x943C, 0x83B9, 0x39AD, 0x398C, 0x39AC, 0x398C, 0x398C,
    0x398C, 0x398C, 0x398C, 0x398C, 0x398C, 0x398C, 0x41CE, 0x4A0F, 0x4A30, 0x4A30, 0x4A30, 0x4A30,
    0x4A30, 0x4A30, 0x4A30, 0x4A30, 0x4A30, 0x4A0F, 0x398C, 0x5231, 0x8C1B, 0x8C1C, 0x943D, 0x5AB1,
    0x5A91, 0x945D, 0x8C1C, 0x8C3C, 0x8C3C, 0x8C3C, 0x8C3C, 0x943C, 0x943C, 0x8C1C, 0x9C9C, 0x9C7C,
    0x8C1C, 0x943C, 0x8C1C, 0x8C3C, 0x8C3C, 0x8C3C, 0x8C3C, 0x8C3C, 0x8C3C, 0x8C3C, 0x8C3C, 0x8C3C,
    0x8C3C, 0x8C3C, 0x8C3C, 0x8C3C, 0x943C, 0x8C1B, 0x4A0F, 0x398C, 0x39AD, 0x39AC, 0x398C, 0x398C,
    0x398C, 0x398C, 0x398C, 0x398C, 0x398C, 0x39AD, 0x4A30, 0x4A30, 0x4A30, 0x4A30, 0x4A30, 0x4A30,
    0x4A30, 0x4A30, 0x4A30, 0x4A30, 0x4A10, 0x39AD, 0x39AC, 0x41EF, 0x7337, 0x943D, 0x943D, 0x5AB1,
    0x5A91, 0x945D, 0x8C1C, 0x8C3C, 0x8C3C, 0x8C3C, 0x8C3C, 0x943C, 0x8C1C, 0x7B78, 0xBDBB, 0xD69D,
    0x947C, 0x8C1C, 0x8C3C, 0x8C3C, 0x8C3C, 0x8C3C, 0x8C3C, 0x8C3C, 0x8C3C, 0x8C3C, 0x8C3C, 0x8C3C,
    0x8C3C, 0x8C3C, 0x8C3C, 0x8C1C, 0x8C1B, 0x5271, 0x398C, 0x39AC, 0x398C, 0x39AD, 0x398C, 0x398C,
    0x398C, 0x398C, 0x398C, 0x398C, 0x398D, 0x41EF, 0x4A30, 0x4A30, 0x4A30, 0x4A30, 0x4A30, 0x4A30,
    0x4A30, 0x4A30, 0x4A30, 0x4A30, 0x4A0F, 0x39AD, 0x4A0F, 0x4A10, 0x5A94, 0x83DB, 0x943E, 0x5AB1,
    0x5A91, 0x945D, 0x8C1C, 0x8C3C, 0x8C3C, 0x8C1B, 0x8C3C, 0x943D, 0x83BA, 0x6AF6, 0x9477, 0xF79E,
    0xE6FE, 0x9CBC, 0x8C1C, 0x8C3C, 0x8C3C, 0x943C, 0x8C3C, 0x8C3C, 0x8C3C, 0x8C3C, 0x8C3C, 0x8C3C,
    0x8C3C, 0x8C3C, 0x8C1C, 0x943D, 0x7B77, 0x39AC, 0x316C, 0x398C, 0x398C, 0x398C, 0x398C, 0x398C,
    0x398C, 0x39AC, 0x398C, 0x39AD, 0x49EF, 0x4A30, 0x4A0F, 0x41EE, 0x39AD, 0x39AD, 0x41EF, 0x4A30,
    0x4A10, 0x4A10, 0x4A30, 0x4A30, 0x4A0F, 0x41EE, 0x4A0F, 0x4A30, 0x4A0F, 0x5A93, 0x941D, 0x5AB1,
    0x5A91, 0x945D, 0x8C1C, 0x8C1C, 0x8C3C, 0x943C, 0x8BFB, 0x7337, 0x62D4, 0x62D4, 0x5A72, 0x9CB7,
    0xF7BE, 0xDEBD, 0x9C9C, 0x8C3C, 0x8C3C, 0x8C3C, 0x8C3C, 0x943C, 0x8C3C, 0x8C3C, 0x8C3C, 0x8C3C,
    0x943C, 0x8C3C, 0x943D, 0x7B78, 0x41EF, 0x398C, 0x398C, 0x398C, 0x398C, 0x398C, 0x398C, 0x398C,
    0x39AC, 0x39AC, 0x398C, 0x41EF, 0x4A30, 0x4A0F, 0x39AD, 0x398C, 0x398C, 0x41EE, 0x4A0F, 0x4A10,
    0x4A10, 0x4A10, 0x4A10, 0x4A0F, 0x39AD, 0x39AD, 0x41EF, 0x4A10, 0x4A10, 0x41EF, 0x7358, 0x5AB1,
    0x5A91, 0x945D, 0x8C1C, 0x941C, 0x943D, 0x83DA, 0x5A93, 0x41EF, 0x49F0, 0x4A31, 0x5A91, 0x5AB3,
    0x7B95, 0x83F5, 0x7BB7, 0x83DA, 0x943D, 0x8C3C, 0x8C3C, 0x8C3C, 0x8C3C, 0x8C3C, 0x8C3C, 0x943C,
    0x8C1C, 0x941C, 0x6B15, 0x39AC, 0x398C, 0x398C, 0x398C, 0x398C, 0x398C, 0x398C, 0x398C, 0x398C,
    0x398C, 0x398C, 0x41CD, 0x4A0F, 0x420F, 0x39AD, 0x398C, 0x41CD, 0x41EF, 0x4A10, 0x4A10, 0x4A10,
    0x4A30, 0x4A10, 0x4A0F, 0x39AD, 0x398D, 0x41EF, 0x4A30, 0x4A10, 0x4A10, 0x4A0F, 0x5272, 0x4A0E,
    0x5A91, 0x945D, 0x8C1C, 0x943D, 0x83B9, 0x5252, 0x41EF, 0x49F0, 0x4A10, 0x4A10, 0x4A10, 0x5A92,
    0x5A93, 0x5A73, 0x5A93, 0x6B16, 0x8BFB, 0x8C3C, 0x8C3C, 0x8C3C, 0x8C3C, 0x8C3C, 0x8C3C, 0x8C1C,
    0x943D, 0x83DA, 0x41CE, 0x316B, 0x398C, 0x39AC, 0x398C, 0x398C, 0x398C, 0x398C, 0x398C, 0x39AC,
    0x39AD, 0x398C, 0x41CE, 0x41CE, 0x39AD, 0x398C, 0x398C, 0x39AD, 0x41CE, 0x41EF, 0x4A30, 0x4A10,
    0x4A30, 0x4A2F, 0x39AD, 0x39AD, 0x4A0F, 0x4A30, 0x4A10, 0x4A10, 0x4A30, 0x4A0F, 0x4A30, 0x3169,
    0x5A91, 0x943D, 0x943D, 0x7B98, 0x4A31, 0x41EF, 0x4A10, 0x49F0, 0x4A10, 0x4A10, 0x41EF, 0x5231,
    0x62B3, 0x62B3, 0x62D4, 0x62D3, 0x6AF5, 0x83B9, 0x943C, 0x943C, 0x8C1C, 0x8C1C, 0x8C1C, 0x943D,
    0x8BFB, 0x5A92, 0x316C, 0x398C, 0x398C, 0x398C, 0x398C, 0x398C, 0x398C, 0x398C, 0x398C, 0x398C,
    0x398C, 0x398C, 0x398C, 0x398C, 0x398C, 0x398C, 0x398C, 0x39AD, 0x420F, 0x4A10, 0x4A30, 0x4A30,
    0x4A0F, 0x41CE, 0x41CE, 0x4A0F, 0x4A30, 0x4A30, 0x4A30, 0x4A30, 0x4A10, 0x4A10, 0x4A30, 0x3169,
    0x5A91, 0x943D, 0x7357, 0x4A10, 0x41EF, 0x4A0F, 0x41EF, 0x4A10, 0x4A10, 0x49F0, 0x4A30, 0x5231,
    0x62B3, 0x62B3, 0x62B3, 0x62B3, 0x62B3, 0x6AF5, 0x7B78, 0x8C1C, 0x943C, 0x8C1C, 0x8C3C, 0x8BFA,
    0x5271, 0x316B, 0x398C, 0x39AC, 0x398C, 0x398C, 0x398C, 0x398C, 0x398C, 0x398C, 0x398C, 0x398C,
    0x398C, 0x398C, 0x398C, 0x398C, 0x398C, 0x398C, 0x39AD, 0x41EF, 0x4A30, 0x4A30, 0x4A30, 0x4A30,
    0x4A10, 0x4A0F, 0x4A30, 0x4A10, 0x4A10, 0x4A30, 0x4A30, 0x4A10, 0x4A10, 0x4A10, 0x5231, 0x316A,
    0x5A91, 0x7337, 0x41CF, 0x41EF, 0x4A0F, 0x4A0F, 0x49F0, 0x4A10, 0x4A10, 0x5231, 0x62B3, 0x62D4,
    0x62B4, 0x62B3, 0x62D4, 0x62D4, 0x62D3, 0x5AB3, 0x62B3, 0x7357, 0x8C1B, 0x945D, 0x8BFA, 0x5251,
    0x398C, 0x39AC, 0x398C, 0x398C, 0x398C, 0x398C, 0x398C, 0x398C, 0x398C, 0x398C, 0x398C, 0x398C,
    0x398C, 0x398C, 0x398C, 0x398C, 0x398C, 0x39AD, 0x41EE, 0x4A30, 0x4A30, 0x4A30, 0x4A30, 0x4A30,
    0x4A30, 0x4A30, 0x4A30, 0x4A30, 0x4A30, 0x4A30, 0x4A30, 0x4A30, 0x4A0F, 0x41CE, 0x41EF, 0x2928,
    0x318B, 0x4A10, 0x49EF, 0x4A10, 0x49F0, 0x4A10, 0x4A10, 0x49EF, 0x5251, 0x62B3, 0x62B3, 0x62D4,
    0x62B3, 0x62D4, 0x62B4, 0x62D3, 0x62D3, 0x62D4, 0x62D4, 0x62B3, 0x7357, 0x83B9, 0x5251, 0x316C,
    0x398C, 0x39AC, 0x398C, 0x398C, 0x398C, 0x398C, 0x398C, 0x398C, 0x398C, 0x398C, 0x398C, 0x398C,
    0x398C, 0x398C, 0x398C, 0x398C, 0x398C, 0x41EF, 0x4A30, 0x4A0F, 0x4A30, 0x4A30, 0x4A30, 0x4A30,
    0x4A2F, 0x4A10, 0x4A30, 0x4A0F, 0x4A0F, 0x4A30, 0x4A30, 0x41EF, 0x316C, 0x292A, 0x292A, 0x18C6,
    0x2929, 0x4A10, 0x4A10, 0x49EF, 0x4A10, 0x4A10, 0x4A0F, 0x5251, 0x62B3, 0x5251, 0x5251, 0x62B3,
    0x62B3, 0x62B3, 0x62B3, 0x62D3, 0x62D3, 0x62B4, 0x62D4, 0x62D4, 0x5A92, 0x41CD, 0x398C, 0x39AC,
    0x398C, 0x398C, 0x398C, 0x398C, 0x398C, 0x398C, 0x398C, 0x398C, 0x398C, 0x398C, 0x398C, 0x398C,
    0x39AC, 0x398C, 0x398C, 0x39AC, 0x39AD, 0x41EF, 0x4A30, 0x4A10, 0x4A30, 0x4A10, 0x4A30, 0x4A30,
    0x4A30, 0x4A10, 0x41EF, 0x398C, 0x39AD, 0x4A0F, 0x39AD, 0x314B, 0x292A, 0x2929, 0x294A, 0x18C6,
    0x2929, 0x4A10, 0x49EF, 0x49EF, 0x4A0F, 0x4A10, 0x4A10, 0x4A30, 0x4A30, 0x41EF, 0x5251, 0x62D4,
    0x62B3, 0x62B3, 0x62B3, 0x62B3, 0x62D4, 0x62B4, 0x62B4, 0x5AB3, 0x41EE, 0x398C, 0x398C, 0x398C,
    0x398C, 0x398C, 0x398C, 0x398C, 0x398C, 0x398C, 0x398C, 0x398C, 0x398C, 0x398C, 0x398C, 0x398C,
    0x39AC, 0x39AC, 0x398C, 0x41AE, 0x4A30, 0x4A30, 0x4A10, 0x4A10, 0x4A30, 0x4A30, 0x4A0F, 0x4A0F,
    0x4A30, 0x41EE, 0x314B, 0x292A, 0x316B, 0x316B, 0x294A, 0x292A, 0x294A, 0x2929, 0x314A, 0x18C6,
    0x2929, 0x4A10, 0x49EF, 0x49EF, 0x4A0F, 0x4A10, 0x4A10, 0x49F0, 0x41F0, 0x4A10, 0x5AB3, 0x62D4,
    0x62B3, 0x62B3, 0x62B3, 0x62B4, 0x62D4, 0x62D4, 0x62B3, 0x41CE, 0x398C, 0x398C, 0x398C, 0x398C,
    0x398C, 0x398C, 0x398C, 0x398C, 0x398C, 0x398C, 0x398C, 0x398C, 0x398C, 0x398C, 0x398C, 0x398C,
    0x398C, 0x398C, 0x39AD, 0x4A0F, 0x4A0F, 0x41CD, 0x41CE, 0x4A0F, 0x4A30, 0x4A0F, 0x41EE, 0x39AD,
    0x398C, 0x316B, 0x292A, 0x294A, 0x292A, 0x2929, 0x292A, 0x292A, 0x294A, 0x2929, 0x314A, 0x18C6,
    0x2929, 0x4A10, 0x49EF, 0x49EF, 0x4A0F, 0x4A10, 0x4A10, 0x49F0, 0x4A10, 0x4A10, 0x5A92, 0x62B3,
    0x62D4, 0x62B3, 0x62B3, 0x62B4, 0x62B4, 0x5A92, 0x49EE, 0x398C, 0x398C, 0x398C, 0x398C, 0x398C,
    0x398C, 0x398C, 0x398C, 0x398C, 0x398C, 0x398C, 0x398C, 0x398C, 0x398C, 0x398C, 0x398C, 0x39AC,
    0x398C, 0x39AD, 0x4A0F, 0x4A0F, 0x39AC, 0x318C, 0x39AD, 0x4A10, 0x4A10, 0x4A0F, 0x41CD, 0x316B,
    0x292A, 0x292A, 0x314A, 0x294A, 0x314A, 0x292A, 0x292A, 0x292A, 0x294A, 0x2929, 0x314A, 0x18C6,
    0x2929, 0x4A10, 0x41EF, 0x49EF, 0x4A10, 0x4A10, 0x4A10, 0x4A10, 0x4A10, 0x4A10, 0x4A10, 0x5251,
    0x62D3, 0x62D4, 0x62D3, 0x62B3, 0x5A92, 0x41EE, 0x316C, 0x398C, 0x398C, 0x398C, 0x398C, 0x398C,
    0x398C, 0x398C, 0x398C, 0x398C, 0x398C, 0x398C, 0x398C, 0x398C, 0x398C, 0x398C, 0x398C, 0x398C,
    0x39AD, 0x4A0F, 0x4A0F, 0x41CE, 0x398C, 0x398C, 0x4A0F, 0x4A0F, 0x41CE, 0x41ED, 0x39AC, 0x294A,
    0x292A, 0x292A, 0x292A, 0x292A, 0x292A, 0x292A, 0x292A, 0x292A, 0x292A, 0x292A, 0x294A, 0x18C5,
    0x2949, 0x4A10, 0x49EF, 0x4A10, 0x4A10, 0x4A10, 0x4A10, 0x4A10, 0x4A10, 0x4A10, 0x4A10, 0x4A10,
    0x5251, 0x62B3, 0x62D4, 0x5A92, 0x41CE, 0x398C, 0x398C, 0x398C, 0x398C, 0x398C, 0x398C, 0x398C,
    0x398C, 0x398C, 0x398C, 0x398C, 0x398C, 0x398C, 0x398C, 0x39AC, 0x39AC, 0x39AC, 0x398C, 0x41CE,
    0x4A0F, 0x4A10, 0x41CE, 0x398C, 0x398C, 0x398C, 0x41CE, 0x41CE, 0x41CD, 0x39AD, 0x314B, 0x2929,
    0x292A, 0x292A, 0x292A, 0x292A, 0x292A, 0x292A, 0x292A, 0x292A, 0x292A, 0x292A, 0x294A, 0x18C5,
    0x2929, 0x4A10, 0x4A0F, 0x4A10, 0x4A10, 0x4A10, 0x4A10, 0x4A10, 0x4A10, 0x4A10, 0x4A10, 0x4A10,
    0x49F0, 0x5271, 0x5271, 0x41EE, 0x398C, 0x398C, 0x39AC, 0x39AC, 0x398C, 0x398C, 0x398C, 0x398C,
    0x398C, 0x398C, 0x398C, 0x398C, 0x398C, 0x398C, 0x398C, 0x398C, 0x398C, 0x398C, 0x41CE, 0x4A0F,
    0x4A0F, 0x41CE, 0x398C, 0x316B, 0x316C, 0x41CD, 0x41CD, 0x41CD, 0x39AD, 0x314B, 0x292A, 0x294A,
    0x292A, 0x292A, 0x292A, 0x292A, 0x292A, 0x292A, 0x292A, 0x292A, 0x292A, 0x292A, 0x294A, 0x18C5,
    0x20E8, 0x4A10, 0x49EF, 0x4A0F, 0x4A10, 0x4A10, 0x4A10, 0x4A10, 0x4A10, 0x4A10, 0x4A10, 0x4A10,
    0x49F0, 0x4A0F, 0x41CD, 0x396C, 0x39AC, 0x398C, 0x39AC, 0x39AC, 0x398C, 0x398C, 0x398C, 0x398C,
    0x398C, 0x398C, 0x398C, 0x398C, 0x398C, 0x398C, 0x398C, 0x398C, 0x398C, 0x41CE, 0x41EE, 0x39AD,
    0x398C, 0x398C, 0x316B, 0x314A, 0x398C, 0x39AC, 0x316C, 0x398C, 0x316B, 0x292A, 0x292A, 0x314A,
    0x292A, 0x292A, 0x292A, 0x292A, 0x292A, 0x292A, 0x292A, 0x292A, 0x292A, 0x294A, 0x294A, 0x18C5,
    0x1085, 0x41EF, 0x4A10, 0x4A0F, 0x4A0F, 0x4A0F, 0x4A0F, 0x4A10, 0x4A10, 0x4A0F, 0x4A10, 0x4A0F,
    0x41CE, 0x39AD, 0x398C, 0x39AC, 0x39AC, 0x398C, 0x398C, 0x398C, 0x398C, 0x398C, 0x398C, 0x398C,
    0x398C, 0x398C, 0x398C, 0x398C, 0x398C, 0x398C, 0x398C, 0x398C, 0x41CD, 0x41EE, 0x398D, 0x398C,
    0x314B, 0x314A, 0x294A, 0x294A, 0x314A, 0x314A, 0x292A, 0x292A, 0x292A, 0x314A, 0x294A, 0x294A,
    0x294A, 0x294A, 0x294A, 0x294A, 0x294A, 0x294A, 0x294A, 0x294A, 0x294A, 0x292A, 0x2929, 0x0000,
    0x0000, 0x398C, 0x4A10, 0x49EF, 0x4A0F, 0x4A0F, 0x4A0F, 0x4A0F, 0x4A0F, 0x4A10, 0x4A0F, 0x41EE,
    0x39AD, 0x398C, 0x398C, 0x398C, 0x398C, 0x398C, 0x398C, 0x398C, 0x398C, 0x398C, 0x398C, 0x398C,
    0x398C, 0x398C, 0x398C, 0x398C, 0x398C, 0x398C, 0x398C, 0x39AD, 0x41ED, 0x39AD, 0x316C, 0x314B,
    0x294A, 0x294A, 0x294A, 0x294A, 0x294A, 0x294A, 0x294A, 0x294A, 0x294A, 0x294A, 0x294A, 0x294A,
    0x294A, 0x294A, 0x294A, 0x294A, 0x294A, 0x294A, 0x294A, 0x294A, 0x294A, 0x292A, 0x2107, 0x0000,
    0x0000, 0x18C6, 0x4A0F, 0x41EF, 0x4A0F, 0x4A0F, 0x4A0F, 0x4A0F, 0x4A0F, 0x41EF, 0x41CE, 0x39AC,
    0x398C, 0x398C, 0x398C, 0x398C, 0x398C, 0x398C, 0x398C, 0x398C, 0x398C, 0x398C, 0x398C, 0x398C,
    0x398C, 0x398C, 0x398C, 0x398C, 0x398C, 0x398C, 0x398C, 0x39AD, 0x39AC, 0x316B, 0x314B, 0x314A,
    0x294A, 0x294A, 0x294A, 0x294A, 0x294A, 0x294A, 0x294A, 0x294A, 0x294A, 0x294A, 0x294A, 0x294A,
    0x294A, 0x294A, 0x294A, 0x294A, 0x294A, 0x294A, 0x294A, 0x294A, 0x292A, 0x314A, 0x0000, 0x0000,
    0x0000, 0x0000, 0x316B, 0x4A10, 0x49EF, 0x4A0F, 0x4A0F, 0x4A10, 0x41EF, 0x41CD, 0x39AD, 0x398C,
    0x39AC, 0x39AC, 0x398C, 0x398C, 0x398C, 0x398C, 0x398C, 0x398C, 0x398C, 0x398C, 0x398C, 0x398C,
    0x398C, 0x398C, 0x398C, 0x398C, 0x39AC, 0x39AD, 0x398C, 0x316C, 0x314B, 0x314A, 0x292A, 0x294A,
    0x294A, 0x294A, 0x294A, 0x294A, 0x294A, 0x294A, 0x294A, 0x294A, 0x294A, 0x294A, 0x294A, 0x294A,
    0x294A, 0x294A, 0x294A, 0x294A, 0x294A, 0x294A, 0x294A, 0x294A, 0x314A, 0x20E6, 0x0000, 0x0000,
    0x0000, 0x0000, 0x0000, 0x398C, 0x4A10, 0x4A10, 0x41EF, 0x41EF, 0x41CE, 0x398C, 0x398C, 0x398C,
    0x39AC, 0x39AC, 0x398C, 0x398C, 0x398C, 0x398C, 0x398C, 0x39AC, 0x39AC, 0x39AC, 0x39AC, 0x39AC,
    0x39AC, 0x39AC, 0x39AC, 0x39AC, 0x39AD, 0x39AC, 0x316B, 0x314A, 0x294A, 0x294A, 0x294A, 0x294A,
    0x294A, 0x294A, 0x294A, 0x294A, 0x294A, 0x294A, 0x294A, 0x294A, 0x292A, 0x292A, 0x292A, 0x292A,
    0x294A, 0x292A, 0x292A, 0x292A, 0x292A, 0x292A, 0x292A, 0x314A, 0x2107, 0x0000, 0x0000, 0x0000,
    0x0000, 0x0000, 0x0000, 0x0000, 0x314A, 0x4A10, 0x4A10, 0x41AD, 0x398C, 0x398C, 0x398C, 0x398C,
    0x39AC, 0x39AC, 0x39AC, 0x39AC, 0x39AC, 0x39AC, 0x39AC, 0x39AC, 0x398C, 0x398C, 0x398C, 0x398C,
    0x398C, 0x398C, 0x398C, 0x398C, 0x398C, 0x314B, 0x2949, 0x2929, 0x292A, 0x292A, 0x292A, 0x292A,
    0x292A, 0x292A, 0x292A, 0x292A, 0x292A, 0x292A, 0x292A, 0x292A, 0x292A, 0x292A, 0x292A, 0x292A,
    0x292A, 0x292A, 0x314A, 0x314A, 0x292A, 0x314A, 0x314A, 0x18C6, 0x0000, 0x0000, 0x0000, 0x0000,
    0x0000, 0x0000, 0x0000, 0x0000, 0x0000, 0x18C5, 0x314A, 0x316C, 0x398C, 0x39AC, 0x39AC, 0x39AC,
    0x39AC, 0x39AC, 0x39AC, 0x39AC, 0x39AC, 0x39AC, 0x39AC, 0x39AC, 0x39AC, 0x39AC, 0x39AC, 0x39AC,
    0x39AC, 0x39AC, 0x39AC, 0x398C, 0x314A, 0x294A, 0x292A, 0x294A, 0x294A, 0x294A, 0x294A, 0x294A,
    0x294A, 0x294A, 0x294A, 0x294A, 0x294A, 0x294A, 0x294A, 0x294A, 0x314A, 0x314A, 0x314A, 0x314A,
    0x314A, 0x314A, 0x294A, 0x294A, 0x2929, 0x18C6, 0x0000, 0x0000, 0x0000, 0x0000, 0x0000, 0x0000,
    0x0000, 0x0000, 0x0000, 0x0000, 0x0000, 0x0000, 0x0000, 0x0000, 0x0000, 0x18A5, 0x18C5, 0x18C5,
    0x18C5, 0x18C5, 0x18C5, 0x18C5, 0x18C5, 0x18C5, 0x18C5, 0x18C5, 0x18C5, 0x18C5, 0x18C5, 0x18C5,
    0x18C5, 0x18C5, 0x18C5, 0x18A5, 0x0000, 0x0000, 0x0000, 0x1085, 0x1085, 0x1085, 0x1085, 0x1085,
    0x1085, 0x1085, 0x1085, 0x1085, 0x1085, 0x1085, 0x1085, 0x1085, 0x1085, 0x1085, 0x1085, 0x1085,
    0x0000, 0x0000, 0x0000, 0x0000, 0x0000, 0x0000, 0x0000, 0x0000, 0x0000, 0x0000, 0x0000, 0x0000
  },
  { // 帧 2
    0x0000, 0x0000, 0x0000, 0x0000, 0x0000, 0x0000, 0x0000, 0x1966, 0x4B4E, 0x6C73, 0x74F5, 0x74F5,
    0x74F5, 0x74F5, 0x74F5, 0x74D5, 0x74D5, 0x74D5, 0x74D5, 0x74F5, 0x74F5, 0x74F5, 0x74F5, 0x74F5,
    0x74F5, 0x74F5, 0x74F5, 0x74F5, 0x74F5, 0x74F5, 0x74F5, 0x74F5, 0x74F5, 0x74F5, 0x74F5, 0x74F5,
    0x74F5, 0x74F5, 0x74F5, 0x74F5, 0x74F5, 0x74F5, 0x74F5, 0x74F5, 0x74F5, 0x74F5, 0x74F5, 0x74F5,
    0x74F5, 0x74F5, 0x6C93, 0x5BAF, 0x29E9, 0x0000, 0x0000, 0x0000, 0x0000, 0x0000, 0x0000, 0x0000,
    0x0000, 0x0000, 0x0000, 0x0000, 0x0000, 0x2187, 0x6CD5, 0x9E9C, 0xAF3F, 0xAF3F, 0xAF5F, 0xAF3F,
    0xAF3F, 0xAF3F, 0xAF3F, 0xAF5F, 0xAF5F, 0xAF5F, 0xAF5F, 0xAF5F, 0xAF5F, 0xAF5F, 0xAF5F, 0xAF5F,
    0xAF5F, 0xAF5F, 0xAF5F, 0xAF5F, 0xAF5F, 0xAF5F, 0xAF5F, 0xAF5F, 0xAF5F, 0xAF5F, 0xAF5F, 0xAF5F,
    0xAF5F, 0xAF5F, 0xAF5F, 0xAF5F, 0xAF5F, 0xAF3F, 0xAF3F, 0xAF3F, 0xAF3F, 0xAF3F, 0xAF5F, 0xAF5F,
    0xAF3F, 0xAF3F, 0xAF5F, 0xAF5F, 0xA6FE, 0x8597, 0x3A8B, 0x0000, 0x0000, 0x0000, 0x0000, 0x0000,
    0x0000, 0x0000, 0x0000, 0x0000, 0x430C, 0x9E9C, 0xB77F, 0xAF1F, 0xA6FE, 0xA6FE, 0xA6DE, 0xA6FE,
    0xA6FE, 0xA6FE, 0xA6FE, 0xA6FE, 0xA6FE, 0xA6FE, 0xA6FE, 0xA6FE, 0xA6FE, 0xA6FE, 0xA6FE, 0xA6FE,
    0xA6DE, 0xA6DE, 0xA6DE, 0xA6DE, 0xA6FE, 0xA6FE, 0xA6FE, 0xA6FE, 0xA6DE, 0xA6DE, 0xA6DE, 0xA6DE,
    0xA6FE, 0xA6FE, 0xA6FE, 0xA6FE, 0xA6FE, 0xA6FE, 0xA6FE, 0xA6FE, 0xA6FE, 0xA6DE, 0xA6FE, 0xA6FE,
    0xA6DE, 0xA6DE, 0xA6DE, 0xA6FE, 0xAF3F, 0xB75F, 0xB75F, 0x6C73, 0x0000, 0x0000, 0x0000, 0x0000,
    0x0000, 0x0000, 0x0000, 0x538F, 0xAF3F, 0xA71F, 0xA6DE, 0xA6FE, 0xA6FE, 0xA6FE, 0xA6FE, 0xA6FE,
    0xA6FE, 0xA6FE, 0xA6FE, 0xA6FE, 0xA6FE, 0xA6FE, 0xA6FE, 0xA6FE, 0xA6FE, 0xA6FE, 0xA6FE, 0xA6FE,
    0xA6FE, 0xA6FE, 0xA6FE, 0xA6FE, 0xA6FE, 0xA6FE, 0xA6FE, 0xA6FE, 0xA6FE, 0xA6FE, 0xA6FE, 0xA6FE,
    0xA6FE, 0xA6FE, 0xA6FE, 0xA6FE, 0xA6FE, 0xA6FE, 0xA6FE, 0xA6FE, 0xA6FE, 0xA6FE, 0xA6FE, 0xA6FE,
    0xA6FE, 0xA6FE, 0xA6FE, 0xA6FE, 0xA6FE, 0xA6FE, 0xAF1E, 0xAF7F, 0x7D15, 0x0000, 0x0000, 0x0000,
    0x0000, 0x0000, 0x42CC, 0xAF1E, 0xAF1F, 0xA6FE, 0xA6FE, 0xA6FE, 0xA6FE, 0xA6FE, 0xA6FE, 0xA6FE,
    0xA6FE, 0xA6FE, 0xA6FE, 0xA6FE, 0xA6FE, 0xA6FE, 0xA6FE, 0xA6FE, 0xA6FE, 0xA6FE, 0xA6FE, 0xA6FE,
    0xA6FE, 0xA6FE, 0xA6FE, 0xA6FE, 0xA6FE, 0xA6FE, 0xA6FE, 0xA6FE, 0xA6FE, 0xA6FE, 0xA6FE, 0xA6FE,
    0xA6FE, 0xA6FE, 0xA6FE, 0xA6FE, 0xA6FE, 0xA6FE, 0xA6FE, 0xA6FE, 0xA6FE, 0xA6FE, 0xA6FE, 0xA6FE,
    0xA6FE, 0xA6FE, 0xA6FE, 0xA6FE, 0xA6FE, 0xA6FE, 0xA6FE, 0xA6FE, 0xB77F, 0x74B4, 0x0000, 0x0000,
    0x0000, 0x0000, 0x9E7B, 0xAF1F, 0xA6DE, 0xA6DE, 0xA6FF, 0xA6FE, 0xA6FE, 0xA6FE, 0xA6DE, 0xA6FE,
    0xA6FE, 0xA6FE, 0xA6FE, 0xA6FE, 0xA6FE, 0xA6FE, 0xA6FE, 0xA6FE, 0xA6FE, 0xA6FE, 0xA6FE, 0xA6FE,
    0xA6FE, 0xA6FE, 0xA6FE, 0xA6FE, 0xA6FE, 0xA6FE, 0xA6FE, 0xA6FE, 0xA6FE, 0xA6FE, 0xA6FE, 0xA6FE,
    0xA6FE, 0xA6FE, 0xA6FE, 0xA6FE, 0xA6FE, 0xA6FE, 0xA6FE, 0xA6FE, 0xA6FE, 0xA6FE, 0xA6FE, 0xA6FE,
    0xA6FE, 0xA6FE, 0xA6FE, 0xA6FE, 0xA6DE, 0xA6DE, 0xA6DE, 0xA6DE, 0xA6FE, 0xB73F, 0x42AB, 0x0000,
    0x0000, 0x5BF1, 0xB75F, 0xA6DE, 0xA6DE, 0xA6DE, 0xA6DF, 0xA6DE, 0xA6DE, 0xA6DE, 0xA6DE, 0xA6FE,
    0xA6FE, 0xA6FE, 0xA6FE, 0xA6FE, 0xA6FE, 0xA6FE, 0xA6FE, 0xA6FE, 0xA6FE, 0xA6FE, 0xA6FE, 0xA6FE,
    0xA6FE, 0xA6FE, 0xA6FE, 0xA6FE, 0xA6FE, 0xA6FE, 0xA6FE, 0xA6FE, 0xA6FE, 0xA6FE, 0xA6FE, 0xA6FE,
    0xA6FE, 0xA6FE, 0xA6FE, 0xA6FE, 0xA6FE, 0xA6FE, 0xA6FE, 0xA6FE, 0xA6FE, 0xA6FE, 0xA6FE, 0xA6FE,
    0xA6FE, 0xA6DE, 0xA6DE, 0xA6DE, 0xA6DE, 0xA6DE, 0xA6FF, 0xA6FE, 0xA6FE, 0xAF3F, 0x8DB8, 0x0000,
    0x0000, 0x963A, 0xAF1F, 0xA6DE, 0xA6DE, 0xA6DE, 0xA6DE, 0xA6DE, 0xA6DE, 0xA6DE, 0xA6DE, 0xA6DE,
    0xA6DE, 0xA6DE, 0xA6DE, 0xA6DE, 0xA6DE, 0xA6DE, 0xA6DE, 0xA6DE, 0xA6FE, 0xA6FE, 0xA6FE, 0xA6FE,
    0xA6DE, 0xA6DE, 0xA6DE, 0xA6DE, 0xA6DE, 0xA6DE, 0xA6DE, 0xA6DE, 0xA6DE, 0xA6DE, 0xA6DE, 0xA6DE,
    0xA6DE, 0xA6DE, 0xA6DE, 0xA6DE, 0xA6DE, 0xA6DE, 0xA6DE, 0xA6DE, 0xA6DE, 0xA6DE, 0xA6DE, 0xA6DE,
    0xA6DE, 0xA6DE, 0xA6DE, 0xA6DE, 0xA6DE, 0xA6DE, 0xA6DE, 0xA6DE, 0xA6DE, 0xA6FE, 0xAF1E, 0x3AAB,
    0x3229, 0xA6DD, 0xA6FF, 0xA6DE, 0xA6DE, 0xA6DE, 0xA6DE, 0xA6DE, 0xA6DE, 0xA6DE, 0xA6DE, 0xA6DE,
    0xA6DE, 0xA6DE, 0xA6DE, 0xA6DE, 0xA6DE, 0xA6DE, 0xA6DE, 0xA6DE, 0xA6DE, 0xA6DE, 0xA6DE, 0xA6DE,
    0xA6DE, 0xA6DE, 0xA6DE, 0xA6DE, 0xA6DE, 0xA6DE, 0xA6DE, 0xA6DE, 0xA6DE, 0xA6DE, 0xA6DE, 0xA6DE,
    0xA6BE, 0xA6BE, 0xA6DE, 0xA6DF, 0xA6DF, 0xA6DE, 0xA6DE, 0xA6DE, 0xA6DE, 0xA6DE, 0xA6DE, 0xA6DE,
    0xA6DE, 0xA6DF, 0xA6DF, 0xA6DF, 0xA6DF, 0xA6DE, 0xA6DE, 0xA6DE, 0xA6DE, 0xA6BE, 0xAF1F, 0x6C53,
    0x536F, 0xAF1F, 0xA6DF, 0xA6DF, 0xA6DF, 0xA6DE, 0xA6DE, 0xA6DE, 0xA6DE, 0xA6DE, 0xA6DE, 0xA6DE,
    0xA6DE, 0xA6DE, 0xA6DE, 0xA6DE, 0xA6DE, 0xA6DE, 0xA6DE, 0xA6DF, 0xA6DF, 0xA6DF, 0xA6DF, 0xA6DF,
    0xA6DF, 0xA6DF, 0xA6DF, 0xA6DF, 0xA6DF, 0xA6DF, 0xA6DF, 0xA6DF, 0xA6DE, 0xA6DE, 0xA6DE, 0xA6DE,
    0xA6BE, 0xA6BE, 0xA6DE, 0xA6DF, 0xA6DF, 0xA6DE, 0xA6DE, 0xA6DE, 0xA6DE, 0xA6DF, 0xA6DF, 0xA6DF,
    0xA6DF, 0xA6DF, 0xA6DF, 0xA6DF, 0xA6DF, 0xA6DF, 0xA6DF, 0xA6DF, 0xA6DF, 0xA6DE, 0xAF1F, 0x8D77,
    0x6432, 0xAF1F, 0xA6DF, 0xA6DF, 0xA6DF, 0xA6DE, 0xA6BE, 0xA6BE, 0xA6BE, 0xA6BE, 0xA6BE, 0xAEDE,
    0xAEDE, 0xAEDE, 0xAEDE, 0xA6DE, 0xA6DE, 0xA6DE, 0xA6DE, 0xA6DF, 0xA6DF, 0xA6DF, 0xA6DF, 0xA6DF,
    0xA6DF, 0xA6DF, 0xA6DF, 0xA6DF, 0xA6DF, 0xA6DF, 0xA6DF, 0xA6DF, 0xA6BE, 0xA6BE, 0xA6BE, 0xA6BE,
    0xA6BE, 0xA6BE, 0xA6BE, 0xA6DF, 0xA6DF, 0xAEDE, 0xAEDE, 0xAEDE, 0xAEDE, 0xA6DF, 0xA6DF, 0xA6DF,
    0xA6DF, 0xA6DF, 0xA6DF, 0xA6DF, 0xA6DF, 0xA6DF, 0xA6DF, 0xA6DF, 0xA6DF, 0xA6DE, 0xAF3F, 0x95D9,
    0x6C53, 0xAF1F, 0xA6BE, 0xA6DF, 0xA6BE, 0xA6BE, 0xA6BE, 0xA6BE, 0xA6BE, 0xA6BE, 0xA6BE, 0xA6DE,
    0xA6DF, 0xA6DF, 0xA6DF, 0xA6DF, 0xA6DF, 0xA6DF, 0xA6DF, 0xA6BF, 0xA6BF, 0xA6BF, 0xAEBF, 0xA6BF,
    0xA6BF, 0xA6DF, 0xA6BE, 0xA6DF, 0xA6BF, 0xA6BE, 0xA6DF, 0xA6DE, 0xA6BE, 0xA6BE, 0xA6BE, 0xA6BE,
    0xA6BE, 0xA6BE, 0xA6BE, 0xA6BF, 0xA6BE, 0xA6DE, 0xA6DE, 0xA6DE, 0xA6BE, 0xA6BF, 0xA6BE, 0xA6BF,
    0xA6BE, 0xA6BE, 0xA6BE, 0xA6BE, 0xA6BE, 0xA6BE, 0xA6BE, 0xA6BE, 0xA6BE, 0xA6BE, 0xAF1F, 0x95FA,
    0x6C33, 0xB71F, 0xA6BE, 0xA6BF, 0xA6BE, 0xA6BE, 0xA6BE, 0xA6BE, 0xA6BE, 0xA6BE, 0xA6BE, 0xA6BE,
    0xA6BE, 0xA6BE, 0xA6BE, 0xA6BE, 0xA6BE, 0xA6BE, 0xA6BE, 0xA6BE, 0xAEBE, 0xAEBE, 0xAEBE, 0xA6BE,
    0xA6BE, 0xA6BE, 0xA6BE, 0xA6BE, 0xA6BE, 0xA6BE, 0xA6BE, 0xA6BE, 0xA6BE, 0xA6BE, 0xA6BE, 0xA6BE,
    0xA6BE, 0xA6BE, 0xA6BE, 0xA6BE, 0xA6BE, 0xA6BE, 0xA6BE, 0xA6BE, 0xA6BE, 0xAEBE, 0xAEBE, 0xAEBE,
    0xAEBE, 0xA6BE, 0xA6BE, 0xA6BE, 0xA6BE, 0xA6BE, 0xA6BE, 0xA6BE, 0xA6BE, 0xA6BE, 0xAEFF, 0x95DA,
    0x6C33, 0xB71F, 0xA6BE, 0xAEBF, 0xA6BE, 0xA6BE, 0xA6BE, 0xA6BE, 0xA6BE, 0xA6BE, 0xA6BE, 0xA6BE,
    0xA6BE, 0xA6BE, 0xA6BE, 0xA6BE, 0xA6BE, 0xA6BE, 0xA6BE, 0xAEBE, 0xAEBE, 0xAEBE, 0xAEBE, 0xAEBE,
    0xA6BE, 0xA6BE, 0xA6BE, 0xA6BE, 0xA6BE, 0xA6BE, 0xA6BE, 0xA6BE, 0xA6BE, 0xA6BE, 0xA6BE, 0xA6BE,
    0xA6BE, 0xA6BE, 0xA6BE, 0xA6BE, 0xA6BE, 0xA6BE, 0xA6BE, 0xA6BE, 0xAEBE, 0xAEBE, 0xAEBE, 0xAEBE,
    0xAEBE, 0xA69E, 0xA6BE, 0xA6BE, 0xA6BE, 0xA6BE, 0xA6BE, 0xA6BE, 0xA6BE, 0xA69E, 0xAEFF, 0x95DA,
    0x6C33, 0xB71F, 0xAEBE, 0xAEBF, 0xAEBE, 0xA69E, 0xA69E, 0xA69E, 0xA69E, 0xA69E, 0xA69E, 0xAEBE,
    0xAEBE, 0xAEBE, 0xAEBE, 0xAEBE, 0xAEBE, 0xAEBE, 0xAEBE, 0xAEBE, 0xAEBE, 0xAEBE, 0xAEBE, 0xAEBE,
    0xAEBE, 0xAEBE, 0xAEBE, 0xAEBE, 0xAEBE, 0xAEBE, 0xAEBE, 0xAEBE, 0xAEBE, 0xAEBE, 0xAEBE, 0xAEBE,
    0xAEBE, 0xAEBE, 0xAEBE, 0xAEBE, 0xAEBE, 0xAEBE, 0xAEBE, 0xAEBE, 0xAEBE, 0xAEBE, 0xAEBE, 0xAEBE,
    0xAEBE, 0xA69E, 0xA69E, 0xA69E, 0xA69E, 0xA69E, 0xA69E, 0xA69E, 0xA69E, 0xA69E, 0xAEFF, 0x8DB9,
    0x6C33, 0xB6FF, 0xAEBE, 0xAEBE, 0xAE9E, 0xA69E, 0xA69E, 0xAE9E, 0xA69E, 0xA69E, 0xA69E, 0xAE9E,
    0xAE9E, 0xAE9E, 0xAE9E, 0xAE9E, 0xAE9E, 0xAE9E, 0xAE9E, 0xAEBE, 0xAEBE, 0xAEBE, 0xAEBE, 0xAEBE,
    0xAE9E, 0xAE9E, 0xAE9E, 0xAEBE, 0xAEBE, 0xAEBE, 0xAEBE, 0xAEBE, 0xAEBE, 0xAEBE, 0xAEBE, 0xAEBE,
    0xAEBE, 0xAEBE, 0xAEBE, 0xAEBE, 0xAEBE, 0xAEBE, 0xAEBE, 0xAEBE, 0xAEBE, 0xAE9E, 0xAE9E, 0xAE9E,
    0xAE9E, 0xA69E, 0xA69E, 0xAE9E, 0xAE9E, 0xA69E, 0xA69E, 0xA69E, 0xA69E, 0xA69E, 0xAEFF, 0x8DB9,
    0x6C33, 0xB6FF, 0xA69E, 0xAE9E, 0xAE9E, 0xAE9E, 0xAE9E, 0xAE9E, 0xAE9E, 0xAE9E, 0xAE9E, 0xAE9E,
    0xAE9E, 0xAE9E, 0xAE9E, 0xAE9E, 0xAE9E, 0xAE9E, 0xAE9E, 0xAE9E, 0xAE9E, 0xAE9E, 0xAE9E, 0xAE9E,
    0xAE9E, 0xAE9E, 0xAE9E, 0xAE9E, 0xAEBE, 0xAEBE, 0xAEBE, 0xAEBE, 0xAE9E, 0xAE9E, 0xAE9E, 0xAE9E,
    0xAE9E, 0xAE9E, 0xAE9E, 0xAE9E, 0xAE9E, 0xAE9E, 0xAE9E, 0xAE9E, 0xAE9E, 0xAE9E, 0xAE9E, 0xAE9E,
    0xAE9E, 0xAE7E, 0xAE7E, 0xAE7E, 0xAE7E, 0xAE9E, 0xAE9E, 0xAE9E, 0xAE9E, 0xAE9E, 0xAEDF, 0x95B9,
    0x6C33, 0xB6FF, 0xA67E, 0xAE9E, 0xAE9E, 0xAE9E, 0xAE9E, 0xAE9E, 0xAE9E, 0xAE9E, 0xAE9E, 0xAE9E,
    0xAE9E, 0xAE9E, 0xAE9E, 0xAE9E, 0xAE9E, 0xAE9E, 0xAE9E, 0xAE9E, 0xAE9E, 0xAE9E, 0xAE9E, 0xAE9E,
    0xAE9E, 0xAE9E, 0xAE9E, 0xAE9E, 0xAE9E, 0xAE9E, 0xAE9E, 0xAE9E, 0xAE9E, 0xAE9E, 0xAE9E, 0xAE9E,
    0xAE9E, 0xAE9E, 0xAE9E, 0xAE9E, 0xAE9E, 0xAE9E, 0xAE9E, 0xAE9E, 0xAE9E, 0xAE9E, 0xAE9E, 0xAE9E,
    0xAE9E, 0xAE7E, 0xAE7E, 0xAE7E, 0xAE7E, 0xAE7E, 0xAE9E, 0xAE9E, 0xAE9E, 0xAE7E, 0xAEDF, 0x95B9,
    0x6C12, 0xB6DF, 0xAE7E, 0xAE7E, 0xAE7E, 0xAE7E, 0xA67E, 0xA67E, 0xA67E, 0xA67E, 0xA67E, 0xAE9E,
    0xAE9E, 0xAE9E, 0xAE9E, 0xAE9E, 0xAE9E, 0xAE9E, 0xAE9E, 0xAE9E, 0xAE9E, 0xAE9E, 0xAE9E, 0xAE9E,
    0xAE9E, 0xAE9E, 0xAE9E, 0xAE9E, 0xAE7E, 0xAE7E, 0xAE7E, 0xAE7E, 0xAE9E, 0xAE9E, 0xAE7E, 0xAE7E,
    0xAE9E, 0xAE9E, 0xAE9E, 0xAE9E, 0xAE9E, 0xAE7E, 0xAE7E, 0xAE7E, 0xAE7E, 0xAE9E, 0xAE9E, 0xAE9E,
    0xAE9E, 0xAE7E, 0xAE7E, 0xAE7E, 0xAE7E, 0xA67E, 0xA67E, 0xA67E, 0xA67E, 0xA67E, 0xB6DF, 0x95B9,
    0x6C12, 0xB6DF, 0xAE7E, 0xAE7E, 0xAE7E, 0xAE7E, 0xAE7E, 0xAE7E, 0xA67E, 0xA67E, 0xA67E, 0xAE7E,
    0xAE7E, 0xAE7E, 0xAE7E, 0xAE9E, 0xAE9E, 0xAE9E, 0xAE9E, 0xAE9E, 0xAE9F, 0xAE9F, 0xAE9F, 0xAE9E,
    0xAE9E, 0xAE9E, 0xAE9E, 0xAE7E, 0xA67E, 0xAE7E, 0xA67E, 0xAE7E, 0xAE7E, 0xAE7E, 0xAE7E, 0xAE7E,
    0xAE9E, 0xAE9E, 0xAE9E, 0xAE9E, 0xAE9E, 0xAE7E, 0xAE7E, 0xAE7E, 0xAE7E, 0xAE7E, 0xAE7E, 0xAE7E,
    0xAE7E, 0xAE7E, 0xAE7E, 0xA67E, 0xAE7E, 0xA67E, 0xA65E, 0xA65E, 0xA65E, 0xA67E, 0xB6DF, 0x9599,
    0x6C12, 0xB6BF, 0xAE5E, 0xAE5E, 0xAE5E, 0xAE5E, 0xAE7E, 0xAE5E, 0xA65E, 0xAE5E, 0xA67E, 0xA67E,
    0xAE7E, 0xAE7E, 0xAE9E, 0xB6DF, 0xB6BF, 0xB6BF, 0xB6BF, 0xB6DF, 0xB6DF, 0xB6DF, 0xB6DF, 0xB6DF,
    0xB6DF, 0xAE9E, 0xAE7E, 0xAE7E, 0xAE7E, 0xA67F, 0xAE5E, 0xAE7E, 0xAE7E, 0xAE7E, 0xAE9E, 0xB6BF,
    0xB6BF, 0xB6BF, 0xB6BF, 0xB6BF, 0xB6BF, 0xB6BE, 0xB6BE, 0xB6BE, 0xAE9E, 0xAE7E, 0xAE7E, 0xAE7E,
    0xA67E, 0xAE7E, 0xAE5E, 0xAE5E, 0xAE5E, 0xA65E, 0xAE5E, 0xAE5E, 0xAE5E, 0xAE5E, 0xB6BF, 0x959A,
    0x6C12, 0xB6BF, 0xAE5E, 0xAE5E, 0xAE5E, 0xAE5E, 0xAE5E, 0xAE5E, 0xAE5E, 0xAE7E, 0xB6BF, 0xB6DF,
    0xB6BF, 0xC71F, 0x8D79, 0x3209, 0x3209, 0x3209, 0x3209, 0x31E9, 0x31E9, 0x3209, 0x3209, 0x3A09,
    0x31E8, 0x42AD, 0xB67D, 0xBEFF, 0xAE7E, 0xAE7E, 0xAE7E, 0xAE7E, 0xBEFF, 0xB69E, 0x4ACD, 0x31C8,
    0x3209, 0x31E9, 0x31E9, 0x31E9, 0x31E9, 0x31E9, 0x31E9, 0x29C8, 0x7433, 0xBF3F, 0xBEFF, 0xBEFF,
    0xBEFF, 0xAE7E, 0xAE7E, 0xA67E, 0xAE7E, 0xAE5E, 0xAE5E, 0xAE5E, 0xAE5E, 0xAE5E, 0xB6BF, 0x959A,
    0x6C12, 0xB6BF, 0xAE5E, 0xAE5E, 0xAE5E, 0xAE5E, 0xAE5E, 0xA63D, 0xB69F, 0xAE5D, 0x532E, 0x4AAD,
    0x4AAD, 0x428C, 0x634E, 0x8C71, 0x9471, 0x9471, 0x9471, 0x8C71, 0x9491, 0x9491, 0x9491, 0x9491,
    0x9492, 0x8452, 0x4ACC, 0x5B70, 0xB6DF, 0xAE9F, 0xB6DF, 0xB6BF, 0x5B4F, 0x428C, 0x8431, 0x9471,
    0x9471, 0x9491, 0x9491, 0x9491, 0x9471, 0x9471, 0x8C71, 0x9492, 0x6B8F, 0x42AC, 0x4ACD, 0x4AAC,
    0x4ACD, 0x9DDB, 0xB6BF, 0xA65E, 0xAE3E, 0xA63E, 0xA63E, 0xA63E, 0xA63E, 0xA63E, 0xB69F, 0x957A,
    0x6C12, 0xB6BF, 0xAE3E, 0xAE3E, 0xAE3E, 0xA63E, 0xAE5E, 0xBEFF, 0xA61C, 0x5B4F, 0x6B8E, 0x738E,
    0x738E, 0x6B4D, 0xA534, 0xFFFF, 0xFFFF, 0xFFFF, 0xFFFF, 0xFFFF, 0xFFFF, 0xFFFF, 0xFFFF, 0xFFFF,
    0xFFFF, 0xF7BE, 0x8410, 0x630C, 0x5B70, 0xAE7D, 0x6BF2, 0x4AEE, 0x6B6E, 0x7BEF, 0xEF7D, 0xFFFF,
    0xFFFF, 0xFFFF, 0xFFFF, 0xFFFF, 0xFFFF, 0xFFFF, 0xFFFF, 0xFFFF, 0xBDF7, 0x6B4D, 0x736E, 0x738E,
    0x736D, 0x5B2E, 0x9DDB, 0xBF1F, 0xAE7E, 0xA63E, 0xA63E, 0xA63E, 0xA63E, 0xA63E, 0xB69F, 0x957A,
    0x6BF2, 0xB67F, 0xAE3E, 0xA63E, 0xA61E, 0xB67F, 0xA63C, 0x63B0, 0x52EC, 0x7BAF, 0xF7DE, 0xFFFF,
    0xFFFF, 0xFFFF, 0xFFFF, 0xF79E, 0xF7BE, 0xF7BE, 0xF7BE, 0xF79E, 0xEF9E, 0xF79E, 0xF79E, 0xF79E,
    0xF7BE, 0xF7DF, 0xFFFF, 0xDEFB, 0x632D, 0x634E, 0x630C, 0x6B6D, 0xEF9E, 0xFFFF, 0xF7BE, 0xF7BE,
    0xF79E, 0xF79E, 0xF79E, 0xF79E, 0xF79E, 0xF7BE, 0xF7BE, 0xF7BE, 0xFFFF, 0xFFFF, 0xFFFF, 0xFFFF,
    0xFFFF, 0x8471, 0x5B0D, 0x5B6F, 0xA61C, 0xB6BF, 0xAE3E, 0xAE3E, 0xAE3E, 0xAE3E, 0xAE7F, 0x9559,
    0x6BF3, 0xB67F, 0xA5FE, 0xA63E, 0xAE3F, 0xA5DC, 0x6391, 0x198C, 0x3A4E, 0xEF9E, 0xFFFF, 0xFFDF,
    0xF7BF, 0xF7BF, 0xF7BF, 0xF7DF, 0xF7DE, 0xF7DF, 0xFFDF, 0xFFFF, 0xFFFF, 0xFFFF, 0xFFFF, 0xFFFF,
    0xF7DF, 0xF7DF, 0xEF9E, 0xF7DF, 0xE75D, 0x73AF, 0xD6DB, 0xFFFF, 0xFFDF, 0xF7BF, 0xFFDF, 0xFFDF,
    0xFFFF, 0xFFFF, 0xFFFF, 0xFFFF, 0xFFFF, 0xFFDF, 0xF7BF, 0xF7BF, 0xF7BF, 0xF7BF, 0xF7BF, 0xF7DF,
    0xFFDF, 0xFFFF, 0x5311, 0x116C, 0x5370, 0x9DDB, 0xAE5F, 0xA61E, 0xAE3E, 0xAE3E, 0xB65F, 0x9559,
    0x6BF2, 0xB67F, 0xAE1E, 0xA5FE, 0xB67F, 0x8CF7, 0x1107, 0x437B, 0x5399, 0xEF7D, 0xFFFF, 0xFFDF,
    0xFFDF, 0xFFDF, 0xFFDF, 0xFFDF, 0xFFDF, 0xF7DE, 0xF7BE, 0xF7BE, 0xF7BE, 0xF7BE, 0xF7BE, 0xF7BE,
    0xFFFF, 0xFFFF, 0xF7DF, 0xF7BE, 0xEF7E, 0xDEDC, 0xEF7E, 0xF79E, 0xF7DF, 0xFFFF, 0xFFDF, 0xFFDF,
    0xF7BF, 0xF7BE, 0xF7BE, 0xF7BE, 0xF7DF, 0xFFDF, 0xF7BF, 0xF7DF, 0xFFDF, 0xF7DF, 0xF7BF, 0xF7DF,
    0xFFFF, 0xFFFF, 0x6C5B, 0x43BC, 0x1107, 0x7C55, 0xB69F, 0xA61E, 0xAE1E, 0xAE1E, 0xB65F, 0x9559,
    0x6BF2, 0xB65F, 0xAE1E, 0xADFE, 0xB67F, 0x9539, 0x1106, 0x3B5A, 0x4317, 0xE75D, 0xFFFF, 0xF7BF,
    0xFFDF, 0xF7DF, 0xF79E, 0xF79E, 0xF79E, 0xF79E, 0xF7BE, 0xF7BE, 0xF7BE, 0xF7BE, 0xF7BE, 0xF7BE,
    0xF7BF, 0xF7DF, 0xF7DF, 0xF7BE, 0xEF7E, 0xCE7B, 0xEF5D, 0xF79E, 0xFFDF, 0xFFDF, 0xF7BE, 0xF7BE,
    0xF7DF, 0xF7DF, 0xF7DF, 0xF7DF, 0xFFDF, 0xF7DF, 0xF79E, 0xF79E, 0xF79E, 0xF7DF, 0xF7DF, 0xFFDF,
    0xFFFF, 0xFFFF, 0x5378, 0x333B, 0x1107, 0x84B6, 0xBE9F, 0xA5FD, 0xAE1E, 0xAE1E, 0xB65F, 0x9559,
    0x6BD2, 0xB65F, 0xA5DE, 0xAE1E, 0x9D9B, 0x5330, 0x2A30, 0x4379, 0xA59B, 0xF7BE, 0xFFDF, 0xF7BE,
    0xF79E, 0xF7BE, 0xF7DF, 0xF7DF, 0xFFDF, 0xFFFF, 0xFFFF, 0xF7DF, 0xF7DF, 0xF7DF, 0xFFDF, 0xFFFF,
    0xF7DF, 0xF7DF, 0xF7BE, 0xF79E, 0xEF7E, 0xD67B, 0xEF3D, 0xF79E, 0xF7BE, 0xF7BF, 0xFFFF, 0xFFDF,
    0xFFDF, 0xF7DE, 0xFFDE, 0xFFDE, 0xFFFF, 0xFFFF, 0xFFDF, 0xFFDF, 0xFFDF, 0xF7BF, 0xF79E, 0xF7BE,
    0xFFDF, 0xFFFF, 0xADDC, 0x4359, 0x2A31, 0x530F, 0x957A, 0xAE1E, 0xADFE, 0xADFE, 0xB63F, 0x9539,
    0x6BB2, 0xB63F, 0xA5DE, 0xB65F, 0x8497, 0x10E6, 0x439B, 0x4B38, 0xF79E, 0xFFFF, 0xFFDF, 0xFFDF,
    0xFFDF, 0xF7DE, 0xF79E, 0xEF9D, 0xEF9E, 0xF7BE, 0xFFDF, 0xF7BE, 0xEF7E, 0xEF9E, 0xEF9E, 0xEF9E,
    0xF7BE, 0xFFFF, 0xFFDF, 0xF7BF, 0xEF7E, 0xD67B, 0xEF3D, 0xF79E, 0xFFDF, 0xFFDF, 0xF7BF, 0xF7BE,
    0xF7BE, 0xF79E, 0xF79E, 0xF7BE, 0xF7DE, 0xF7BE, 0xF79E, 0xEF9D, 0xF79E, 0xF7BF, 0xFFDF, 0xFFFF,
    0xFFDF, 0xFFFF, 0xFFFF, 0x5357, 0x3B7C, 0x1128, 0x7414, 0xB63F, 0xADFD, 0xADFE, 0xB63F, 0x9519,
    0x6BB2, 0xB63F, 0xADDD, 0xBE5F, 0x8CF7, 0x1907, 0x3B7A, 0x42F7, 0xE73D, 0xFFFF, 0xF7BF, 0xF79E,
    0xF79E, 0xF7BE, 0xFFDF, 0xFFDF, 0xFFDF, 0xFFDF, 0xFFFF, 0xF7DF, 0xF7DF, 0xF7DF, 0xF7DF, 0xFFFF,
    0xFFFF, 0xF7BF, 0xF7BE, 0xF7BE, 0xEF7E, 0xD67B, 0xEF3D, 0xF79E, 0xF7BF, 0xF7BF, 0xF7DF, 0xFFDF,
    0xFFDF, 0xF7DF, 0xF7DE, 0xF7DF, 0xFFDF, 0xFFDF, 0xF7DF, 0xFFDF, 0xFFDF, 0xF7BF, 0xF79E, 0xF79E,
    0xF7BE, 0xFFFF, 0xF7BF, 0x4AF7, 0x3B5B, 0x1948, 0x7C35, 0xB67F, 0xA5DD, 0xADFE, 0xB61F, 0x9519,
    0x6BB2, 0xB61F, 0xADDE, 0xA5BC, 0x6392, 0x21EE, 0x4B99, 0xADBC, 0xF7BE, 0xFFFF, 0xF7DF, 0xFFDF,
    0xFFDF, 0xFFDF, 0xF7DE, 0xF7DF, 0xF7DF, 0xF7BE, 0xEF9E, 0xEF9E, 0xEF9E, 0xEF7D, 0xF7BE, 0xF7BF,
    0xFFDF, 0xFFFF, 0xF7BF, 0xF7BE, 0xEF7E, 0xD67B, 0xEF3D, 0xF79E, 0xF7BF, 0xFFDF, 0xFFFF, 0xFFDF,
    0xF7BE, 0xEF9D, 0xEF7D, 0xEF7D, 0xEF9E, 0xEF9E, 0xF79E, 0xF7BE, 0xFFDF, 0xFFDF, 0xFFDF, 0xFFDF,
    0xFFDF, 0xFFFF, 0xFFDF, 0xADDB, 0x4BBA, 0x21F0, 0x5330, 0x9D7B, 0xB5DF, 0xADBE, 0xB5FF, 0x9519,
    0x73B2, 0xB5FE, 0xB61F, 0x8476, 0x1107, 0x3B9B, 0x4B37, 0xEFBE, 0xFFFF, 0xFFDF, 0xF7BF, 0xFFDF,
    0xF7DE, 0xF7BE, 0xF79E, 0xF79E, 0xF79E, 0xF7BE, 0xFFDF, 0xF7DF, 0xF7DF, 0xF7DF, 0xF7DF, 0xF7BF,
    0xF7BF, 0xFFDF, 0xFFDF, 0xF7DF, 0xEF7E, 0xD67B, 0xEF3D, 0xF79E, 0xFFFF, 0xFFDF, 0xF7BF, 0xF7BE,
    0xFFDF, 0xFFDF, 0xF7DE, 0xF7DF, 0xFFDF, 0xFFDF, 0xF7BE, 0xF7BE, 0xF7BE, 0xF7BE, 0xF7BE, 0xF7BE,
    0xF7BF, 0xF7DF, 0xFFFF, 0xFFFF, 0x5B99, 0x3B7B, 0x1948, 0x73D3, 0xBE3F, 0xADBE, 0xB5FF, 0x94F9,
    0x73B2, 0xB5FF, 0xB61F, 0x8456, 0x1127, 0x3B5A, 0x42F7, 0xEF7E, 0xFFFF, 0xFFDF, 0xF7BE, 0xF7BE,
    0xF7DE, 0xFFDF, 0xFFFF, 0xFFDF, 0xFFDF, 0xF7DF, 0xF7DF, 0xF7BE, 0xF7BE, 0xF7DE, 0xF7DF, 0xFFDF,
    0xFFFF, 0xFFDF, 0xF7BF, 0xF7BF, 0xEF7E, 0xD69A, 0xEF5D, 0xF79E, 0xF7BE, 0xF7DF, 0xFFFF, 0xFFFF,
    0xFFFF, 0xFFDF, 0xF7DF, 0xFFDF, 0xFFFF, 0xFFDF, 0xF7DE, 0xF7DF, 0xFFFF, 0xFFFF, 0xF7DF, 0xF7BF,
    0xF7BE, 0xF7DF, 0xFFFF, 0xF7BE, 0x5358, 0x3B5B, 0x1949, 0x73B3, 0xBE1F, 0xAD9D, 0xB5DF, 0x94D9,
    0x6B92, 0xB5FF, 0xB61F, 0x8456, 0x1907, 0x437B, 0x5378, 0xEF7E, 0xFFFF, 0xFFFF, 0xFFFF, 0xFFFF,
    0xF7DF, 0xF79E, 0xEF9D, 0xF79E, 0xEF9E, 0xEF9E, 0xEF9D, 0xEF7D, 0xEF9D, 0xEF9E, 0xF79E, 0xF79E,
    0xF7DE, 0xFFFF, 0xFFDF, 0xF7BF, 0xEF7E, 0xD67A, 0xEF5D, 0xF79E, 0xFFDF, 0xFFFF, 0xF7DF, 0xF79E,
    0xF79E, 0xF79E, 0xEF9E, 0xF79E, 0xF7BE, 0xF7BE, 0xEF9D, 0xEF9D, 0xF79E, 0xEF9E, 0xF7BE, 0xFFFF,
    0xFFFF, 0xFFDE, 0xFFFF, 0xF7BF, 0x5B98, 0x437B, 0x1929, 0x73D3, 0xBE1F, 0xAD7D, 0xB5DF, 0x94D9,
    0x6B92, 0xB5DE, 0xB5BE, 0x7BF4, 0x1129, 0x5C3C, 0xD6FD, 0xFFDF, 0xFFDF, 0xEF9E, 0xEF9E, 0xF79E,
    0xF7BE, 0xF7BE, 0xF7DF, 0xF7BE, 0xF7BE, 0xF7DF, 0xFFDF, 0xFFDF, 0xFFDF, 0xFFDF, 0xFFFF, 0xFFFF,
    0xFFDF, 0xFFDF, 0xF7BF, 0xF7BF, 0xEF7E, 0xD67A, 0xEF5D, 0xF79E, 0xFFDF, 0xF7BF, 0xF7DF, 0xFFDF,
    0xFFDF, 0xFFFF, 0xFFDF, 0xFFFF, 0xFFFF, 0xFFFF, 0xFFDF, 0xF7DF, 0xF7BE, 0xF7BE, 0xF7BE, 0xEF9E,
    0xEF9E, 0xF7BE, 0xF7FF, 0xFFFF, 0xDF1E, 0x647C, 0x112A, 0x6B92, 0xADBE, 0xAD7E, 0xB5DF, 0x94B9,
    0x6B92, 0xB5FF, 0x8415, 0x2169, 0x3B39, 0x5379, 0xF7BF, 0xFFFF, 0xF7DF, 0xFFDF, 0xF7BF, 0xF7DF,
    0xFFDF, 0xFFFF, 0xFFFF, 0xFFFF, 0xFFFF, 0xFFFF, 0xFFFF, 0xFFFF, 0xFFFF, 0xFFFF, 0xFFFF, 0xFFFF,
    0xFFFF, 0xFFDF, 0xF79E, 0xF79E, 0xEF7E, 0xD67A, 0xEF5E, 0xF79E, 0xF7BF, 0xFFDF, 0xFFFF, 0xFFFF,
    0xFFFF, 0xFFFF, 0xFFFF, 0xFFFF, 0xFFFF, 0xFFFF, 0xFFFF, 0xFFFF, 0xFFFF, 0xFFFF, 0xF7DF, 0xF7DF,
    0xF7BE, 0xF7DF, 0xFFFF, 0xFFFF, 0xFFFF, 0x5BB8, 0x3B18, 0x21AA, 0x7BB4, 0xB5BF, 0xB5BF, 0x94B9,
    0x6B52, 0xC61F, 0x8415, 0x08C6, 0x3B7C, 0x42D7, 0xEF7E, 0xFFFF, 0xFFDF, 0xFFDF, 0xFFDF, 0xFFFF,
    0xFFFF, 0xFFBE, 0xDEBB, 0xD67B, 0xD67B, 0xD67B, 0xD67A, 0xD67B, 0xD69B, 0xD69B, 0xD69B, 0xDEBB,
    0xFFDF, 0xFFFF, 0xF7BE, 0xF7BF, 0xEF7E, 0xCE7B, 0xEF5E, 0xF7BF, 0xF7DF, 0xFFFF, 0xFFFF, 0xE71D,
    0xD67B, 0xD69B, 0xD67B, 0xD67B, 0xD67B, 0xD69B, 0xD67B, 0xD67B, 0xDEBB, 0xF7BE, 0xFFFF, 0xFFFF,
    0xFFFF, 0xFFFF, 0xF7BF, 0xFFDE, 0xF7BF, 0x4AF6, 0x335B, 0x1969, 0x7393, 0xBE1F, 0xAD9E, 0x9498,
    0x7393, 0xA51B, 0x4A8E, 0x2212, 0x4339, 0x9D3A, 0xF7DF, 0xFFFF, 0xFFFF, 0xFFFF, 0xF7DF, 0xDEDC,
    0xDEBC, 0xDEDB, 0xDEBA, 0xDE9A, 0xDE9A, 0xDE9A, 0xD679, 0xDE9A, 0xDE9A, 0xDE9A, 0xDE9A, 0xDEBB,
    0xDEDC, 0xE6FC, 0xF7BF, 0xF7DF, 0xEF7E, 0xD67B, 0xEF3D, 0xF7BF, 0xFFFF, 0xFFDF, 0xEF3D, 0xDEBA,
    0xD69A, 0xDE9A, 0xDE7A, 0xD67A, 0xDE7A, 0xDE9A, 0xDE9A, 0xDE9A, 0xDE9A, 0xDEFC, 0xDEFC, 0xDEFC,
    0xF79E, 0xFFFF, 0xFFFF, 0xFFFF, 0xFFDF, 0xA55B, 0x4B79, 0x2A51, 0x426E, 0x9499, 0xB5BF, 0x9498,
    0x73B4, 0x7BF4, 0x08E6, 0x3B5C, 0x4B37, 0xF7BD, 0xFFBD, 0xF79D, 0xF79D, 0xFF9D, 0xF77D, 0xD69A,
    0xD659, 0xDEBA, 0xEF5B, 0xEF3B, 0xEF3B, 0xEF3C, 0xF73C, 0xF75C, 0xEF5C, 0xEF5C, 0xEF3B, 0xEF3C,
    0xDEBB, 0xD69B, 0xDEDC, 0xE73D, 0xF7BF, 0xCE7A, 0xEF5E, 0xF7BF, 0xE71C, 0xE6FC, 0xDEDB, 0xEF3B,
    0xEF3B, 0xEF3B, 0xEF3B, 0xEF3B, 0xEF3B, 0xEF3B, 0xEF3B, 0xF73C, 0xEF3C, 0xDEBA, 0xD67A, 0xDE9B,
    0xEF1C, 0xEF5C, 0xF77D, 0xF79D, 0xFF9E, 0xF7BD, 0x5358, 0x3B5C, 0x1949, 0x6B32, 0xBDDF, 0x9478,
    0x7BD4, 0x8C15, 0x10E6, 0x3B5B, 0x42D6, 0xE71B, 0xE6DB, 0xDEBA, 0xE6DA, 0xE6DB, 0xE6FB, 0xEF5B,
    0xF75B, 0xEF3B, 0xEF1B, 0xEF1B, 0xEF1B, 0xEF1B, 0xEF1B, 0xEF1B, 0xEF1B, 0xEF1A, 0xE6FA, 0xE6FA,
    0xF75C, 0xEF3C, 0xDE9A, 0xDEBB, 0xDEFD, 0xCE7B, 0xDEDD, 0xE71D, 0xDEBB, 0xDE9A, 0xEF3C, 0xEF1B,
    0xEEFA, 0xEF1A, 0xEF1A, 0xEF1B, 0xEF1B, 0xEF3B, 0xF73B, 0xF75B, 0xF75B, 0xF75B, 0xF75C, 0xEF5C,
    0xE6FB, 0xDEBA, 0xDEBB, 0xE6DB, 0xE6FB, 0xE6FB, 0x4AF7, 0x333B, 0x1968, 0x7373, 0xC5DF, 0x9478,
    0x62F0, 0x6312, 0x19AE, 0x4319, 0x7C58, 0xEF1B, 0xDEBB, 0xDEBA, 0xDEDA, 0xDEDB, 0xE6FB, 0xEEFB,
    0xE6FA, 0xEEFA, 0xE6FA, 0xEF1A, 0xDEBA, 0xA558, 0x9D18, 0x9D19, 0x9D19, 0x9D19, 0x9CF9, 0x9D18,
    0xD69B, 0xEF1B, 0xEF3B, 0xE71B, 0xD65A, 0xCE1A, 0xD65B, 0xD67A, 0xEF1C, 0xEF3B, 0xE71B, 0xB5B9,
    0x94F8, 0x9D18, 0x9D18, 0x9D38, 0xA539, 0xA559, 0xA579, 0xAD79, 0xB5B9, 0xDEDA, 0xEF1B, 0xE6FB,
    0xEF3B, 0xE6FB, 0xDEDB, 0xE6DB, 0xE6DB, 0xEF1B, 0x8498, 0x437A, 0x21F0, 0x52B0, 0xA4FC, 0x9C99,
    0x2946, 0x1949, 0x333B, 0x4AD5, 0xEEFB, 0xEF1A, 0xEEFA, 0xEF1B, 0xEF1B, 0xEF3B, 0xDEDB, 0xAD59,
    0xAD58, 0xAD59, 0xAD59, 0xAD79, 0x94F9, 0x3296, 0x2277, 0x2A97, 0x2A97, 0x2A97, 0x2A77, 0x32B6,
    0x8458, 0xA518, 0xE6DA, 0xF75B, 0xEF1B, 0xD67A, 0xE6FB, 0xEF3C, 0xEF3B, 0xE6FA, 0xAD38, 0x4B38,
    0x2257, 0x2A57, 0x2A77, 0x2A77, 0x2A77, 0x2A77, 0x2A57, 0x2237, 0x3296, 0x94D8, 0xAD58, 0xA559,
    0xCE5A, 0xEF1B, 0xEEFB, 0xEEFB, 0xE6FB, 0xEEFA, 0xEF1B, 0x5317, 0x3B5B, 0x198A, 0x7352, 0xA4BB,
    0x3188, 0x216A, 0x3B5B, 0x42B6, 0xAD78, 0xB578, 0xAD59, 0xAD78, 0xAD58, 0xB578, 0x94D8, 0x2A76,
    0x2A56, 0x2A57, 0x2A57, 0x2A36, 0x2A77, 0x4BBC, 0x4C1C, 0x4BFD, 0x4C1D, 0x4C1D, 0x4C1D, 0x4C1C,
    0x2A77, 0x3A75, 0xAD59, 0xE6BA, 0xEEDA, 0xEEDA, 0xEEDA, 0xEEDA, 0xEEFB, 0xBD79, 0x3A75, 0x3B1A,
    0x4BFD, 0x4BDD, 0x4BDD, 0x4BDD, 0x4BDD, 0x4BDD, 0x43BD, 0x43BD, 0x439C, 0x3297, 0x2A35, 0x2A35,
    0x8457, 0xB598, 0xAD58, 0xAD58, 0xAD58, 0xAD78, 0xAD59, 0x42B6, 0x3B9B, 0x218A, 0x7353, 0xA4BB,
    0x3167, 0x1929, 0x4BDD, 0x439C, 0x3296, 0x3275, 0x3276, 0x3276, 0x3256, 0x3256, 0x2A56, 0x21D5,
    0x21D5, 0x21F5, 0x21F5, 0x21F5, 0x21F5, 0x2215, 0x2A35, 0x2235, 0x2236, 0x2236, 0x2236, 0x2236,
    0x3B3B, 0x437B, 0x4296, 0x9B31, 0xBB71, 0xB391, 0xBB91, 0xBBB2, 0xAB92, 0x4A76, 0x2258, 0x2A37,
    0x2236, 0x2A36, 0x2236, 0x2235, 0x2215, 0x2215, 0x2216, 0x2216, 0x2216, 0x21D5, 0x21F5, 0x21F5,
    0x3256, 0x3276, 0x3276, 0x3276, 0x3276, 0x3256, 0x3256, 0x435B, 0x4C1E, 0x1149, 0x6B32, 0x9CBB,
    0x3168, 0x10A8, 0x2A78, 0x3B3C, 0x32FB, 0x32DA, 0x32FB, 0x32FB, 0x32FB, 0x331C, 0x2A77, 0x0886,
    0x0865, 0x0885, 0x0885, 0x0865, 0x0865, 0x0000, 0x0000, 0x0000, 0x0000, 0x0065, 0x0000, 0x0066,
    0x21F3, 0x2237, 0x19B4, 0x29B3, 0x31B3, 0x31D3, 0x31D3, 0x31D3, 0x31F4, 0x2A37, 0x2A5A, 0x110B,
    0x0000, 0x0865, 0x0000, 0x0000, 0x0000, 0x0000, 0x0000, 0x0000, 0x0000, 0x0865, 0x0865, 0x0865,
    0x2235, 0x331C, 0x32FB, 0x32FB, 0x331B, 0x331B, 0x32DA, 0x3B5C, 0x32B9, 0x08C7, 0x4A30, 0x8BF9,
    0x4A2E, 0x318F, 0x0045, 0x08A7, 0x10E8, 0x08C8, 0x10E8, 0x10E8, 0x10E8, 0x10C8, 0x1929, 0x4A0E,
    0x4A2F, 0x4A0F, 0x4A2F, 0x4A2F, 0x4A2F, 0x4A2F, 0x4A2F, 0x4A2F, 0x4A0F, 0x4A0F, 0x4A0F, 0x420E,
    0x08A6, 0x0087, 0x3298, 0x32FB, 0x32FB, 0x32FB, 0x32FB, 0x32FB, 0x331B, 0x3B3B, 0x110A, 0x318B,
    0x4A30, 0x4A0F, 0x4A2F, 0x4A2F, 0x4A2F, 0x4A0F, 0x4A0F, 0x4A0F, 0x4A0E, 0x420E, 0x4A0F, 0x420F,
    0x214A, 0x08C7, 0x10E8, 0x10E8, 0x10E8, 0x10E8, 0x08C7, 0x08C7, 0x0886, 0x296D, 0x62B6, 0x7B97,
    0x6AF3, 0x83D9, 0x41ED, 0x41EE, 0x41ED, 0x41EE, 0x420E, 0x41EE, 0x41EE, 0x41ED, 0x4A2F, 0x6B36,
    0x7357, 0x6B37, 0x6B17, 0x6B37, 0x6B37, 0x6B37, 0x6B37, 0x6B37, 0x6B37, 0x6B37, 0x6B37, 0x6B16,
    0x4A50, 0x39ED, 0x1109, 0x1109, 0x1129, 0x1109, 0x1129, 0x1109, 0x1109, 0x192A, 0x39ED, 0x5AD4,
    0x6B37, 0x6B37, 0x6B37, 0x6B37, 0x6B37, 0x6B37, 0x6B37, 0x6B37, 0x6B37, 0x6B17, 0x6B16, 0x6337,
    0x4A50, 0x41ED, 0x41EE, 0x41EE, 0x41EE, 0x41EE, 0x41EE, 0x4A0E, 0x420F, 0x6B15, 0x9C7C, 0x8BF8,
    0x7333, 0xB4FE, 0x9C5C, 0x9C7C, 0x9C7C, 0xA47C, 0x9C7C, 0x9C5C, 0x9C5C, 0x9C5C, 0x9C7C, 0x943B,
    0x941A, 0x943A, 0x943A, 0x943B, 0x943B, 0x943B, 0x943B, 0x941B, 0x941A, 0x943A, 0x943B, 0x943A,
    0x7358, 0x62D6, 0x41EE, 0x31AC, 0x39AC, 0x39AC, 0x39AC, 0x39AC, 0x39CC, 0x41CD, 0x5AD6, 0x83FA,
    0x945A, 0x943A, 0x943A, 0x943A, 0x943B, 0x943B, 0x943B, 0x943B, 0x943B, 0x943B, 0x941A, 0x941B,
    0x9C5C, 0x9C7C, 0x9C7C, 0x9C7C, 0xA47C, 0x9C7D, 0xA47D, 0xA47C, 0x9C5D, 0x9C7C, 0xBD3E, 0x9C59,
    0x6AF1, 0xB4DE, 0xACBE, 0xACBD, 0xACBD, 0xB4BD, 0xB4BD, 0xB4DD, 0xB4DD, 0xB4DD, 0xB4BD, 0xB4BE,
    0xB4BE, 0xB4BD, 0xB4DE, 0xB4DE, 0xB4DE, 0xB4DE, 0xB4DE, 0xB4DE, 0xB4DE, 0xB4DE, 0xB4DE, 0xACDD,
    0x93FB, 0x8BDA, 0x941B, 0x941B, 0x941C, 0x941C, 0x941C, 0x941C, 0x941C, 0x941B, 0x8BFA, 0xA49D,
    0xB4DE, 0xB4DE, 0xB4DE, 0xB4DE, 0xB4DE, 0xB4DE, 0xB4DE, 0xB4DE, 0xB4DE, 0xB4DD, 0xB4BE, 0xB4DE,
    0xB4BE, 0xB4BD, 0xB4BD, 0xB4BE, 0xB4BE, 0xB4DE, 0xB4BD, 0xB4BD, 0xB4BD, 0xB4BD, 0xBCFE, 0x9419,
    0x524E, 0xB4DE, 0xAC9D, 0xAC9D, 0xAC9D, 0xAC9D, 0xAC9D, 0xAC9D, 0xAC9D, 0xAC9D, 0xAC9D, 0xAC9D,
    0xAC9D, 0xAC9D, 0xAC9D, 0xB49D, 0xAC9D, 0xAC9D, 0xB49D, 0xAC9D, 0xAC9D, 0xAC9D, 0xAC9D, 0xAC9E,
    0xB4BE, 0xB4BE, 0xB4BE, 0xB4BE, 0xB4BE, 0xB4BE, 0xB4BE, 0xB4BE, 0xB4BE, 0xB4BE, 0xB4DE, 0xB4BE,
    0xAC9D, 0xAC9D, 0xAC9D, 0xAC9D, 0xAC9D, 0xAC9D, 0xAC9D, 0xAC9D, 0xAC9D, 0xAC9D, 0xAC9D, 0xAC9D,
    0xAC9D, 0xAC9D, 0xAC9D, 0xAC9D, 0xAC9D, 0xAC9D, 0xAC9D, 0xAC9D, 0xAC9D, 0xAC9D, 0xBCFF, 0x8BB7,
    0x3989, 0xACBD, 0xAC9D, 0xAC9D, 0xAC9D, 0xAC9D, 0xAC9D, 0xAC9D, 0xAC9D, 0xAC9D, 0xAC9D, 0xAC9D,
    0xAC9D, 0xAC9D, 0xAC9D, 0xAC9D, 0xAC9D, 0xAC9D, 0xAC9D, 0xB49D, 0xB49E, 0xB49E, 0xB49E, 0xAC9D,
    0xAC9D, 0xAC9D, 0xAC9D, 0xAC9D, 0xAC9D, 0xAC9D, 0xAC9D, 0xAC9D, 0xAC9D, 0xAC9D, 0xAC9D, 0xAC9D,
    0xAC9D, 0xAC9D, 0xAC9D, 0xAC9D, 0xAC9D, 0xAC9D, 0xAC9D, 0xAC9D, 0xAC9D, 0xAC9D, 0xAC9D, 0xAC9D,
    0xAC9D, 0xAC9D, 0xAC9D, 0xAC9D, 0xAC9D, 0xAC9D, 0xAC9D, 0xAC9D, 0xAC9D, 0xAC9D, 0xB4DE, 0x6AF2,
    0x0000, 0x93F9, 0xB4BE, 0xAC7D, 0xAC9D, 0xAC9D, 0xAC9D, 0xAC9D, 0xAC9D, 0xAC9D, 0xAC9D, 0xAC9D,
    0xAC9D, 0xAC9D, 0xAC9D, 0xB49D, 0xB49D, 0xB49D, 0xB49D, 0xB49D, 0xB49E, 0xB49E, 0xB49E, 0xAC9D,
    0xAC9D, 0xAC9D, 0xAC9D, 0xAC9D, 0xAC9D, 0xAC7D, 0xAC7D, 0xAC7D, 0xAC9D, 0xAC9D, 0xAC9D, 0xAC9D,
    0xAC9D, 0xAC9D, 0xAC9D, 0xAC9D, 0xAC9D, 0xAC9D, 0xAC9D, 0xAC9D, 0xAC9D, 0xAC9D, 0xAC9D, 0xAC9D,
    0xAC9D, 0xAC7D, 0xAC7D, 0xAC7D, 0xAC7D, 0xAC7D, 0xAC7E, 0xAC7E, 0xAC7E, 0xB49E, 0xACBD, 0x39AA,
    0x0000, 0x62B1, 0xB4DF, 0xAC7D, 0xAC9D, 0xAC7D, 0xAC7D, 0xAC7D, 0xAC7D, 0xAC7D, 0xAC7D, 0xAC7D,
    0xAC9D, 0xAC7D, 0xAC9D, 0xB49D, 0xB49D, 0xB49D, 0xB49D, 0xB49D, 0xB49E, 0xB49E, 0xB49E, 0xB49D,
    0xB49D, 0xB49D, 0xB49D, 0xB49D, 0xB49D, 0xAC9D, 0xAC7D, 0xAC7D, 0xAC9D, 0xB49D, 0xB49D, 0xAC9D,
    0xAC9D, 0xAC9D, 0xAC9D, 0xAC9D, 0xAC9D, 0xAC9D, 0xAC9D, 0xAC9D, 0xAC9D, 0xAC9D, 0xAC9D, 0xAC9D,
    0xAC9D, 0xAC7E, 0xAC7E, 0xAC7E, 0xAC7E, 0xAC7E, 0xAC7E, 0xAC7E, 0xAC7D, 0xB4BF, 0x93B8, 0x0000,
    0x0000, 0x18E5, 0xA45B, 0xB49D, 0xAC7D, 0xAC9D, 0xAC7E, 0xB47D, 0xB47D, 0xB47D, 0xB47D, 0xAC7D,
    0xAC7D, 0xAC7D, 0xAC7D, 0xB47D, 0xB47D, 0xB47D, 0xB47D, 0xB47D, 0xAC7D, 0xAC7D, 0xAC7D, 0xB47D,
    0xB47E, 0xB47E, 0xB47E, 0xB47E, 0xB47E, 0xAC7D, 0xAC7D, 0xAC7D, 0xB47D, 0xB47D, 0xAC7D, 0xAC7D,
    0xAC7D, 0xAC7E, 0xAC7E, 0xAC7E, 0xAC7D, 0xB47D, 0xAC7D, 0xAC7D, 0xAC7D, 0xAC7D, 0xAC7D, 0xAC7D,
    0xB47D, 0xAC7D, 0xAC7D, 0xAC7D, 0xAC7D, 0xAC7D, 0xAC7E, 0xB47E, 0xAC5D, 0xB49E, 0x49EC, 0x0000,
    0x0000, 0x0000, 0x522E, 0xBCDE, 0xAC5D, 0xB47D, 0xB47D, 0xB47D, 0xB47D, 0xB47D, 0xB47D, 0xAC7D,
    0xAC7D, 0xAC7D, 0xAC7D, 0xAC7D, 0xB47D, 0xB47D, 0xB47D, 0xB47D, 0xB47D, 0xB47D, 0xAC7D, 0xB47D,
    0xB47E, 0xB47E, 0xB47E, 0xB47E, 0xB47D, 0xAC7D, 0xAC7D, 0xAC7D, 0xB47D, 0xB47D, 0xAC7D, 0xAC5D,
    0xAC5D, 0xAC7E, 0xAC7E, 0xAC7E, 0xAC7E, 0xB47D, 0xB47D, 0xB47D, 0xB47D, 0xB47D, 0xB47D, 0xB47D,
    0xAC7D, 0xAC7D, 0xAC7D, 0xAC7D, 0xB47D, 0xB47E, 0xB47D, 0xAC3D, 0xB4BF, 0x7B35, 0x0000, 0x0000,
    0x0000, 0x0000, 0x0000, 0x7312, 0xBCBF, 0xB45D, 0xAC5D, 0xAC7D, 0xAC7D, 0xB47D, 0xAC7D, 0xAC5D,
    0xAC5D, 0xAC5D, 0xAC5D, 0xAC5D, 0xAC5D, 0xAC5D, 0xAC5D, 0xAC5D, 0xAC5D, 0xAC5D, 0xAC5D, 0xAC5D,
    0xB47D, 0xB47D, 0xB47D, 0xB47D, 0xB45D, 0xB45D, 0xB47D, 0xB47D, 0xB45E, 0xB45E, 0xAC5D, 0xAC5D,
    0xB45D, 0xB47E, 0xB47E, 0xB47E, 0xB45E, 0xAC5D, 0xAC5D, 0xAC5D, 0xAC5D, 0xAC5D, 0xAC5D, 0xAC5D,
    0xAC5D, 0xB47D, 0xB45D, 0xB47D, 0xB45D, 0xB45D, 0xB45D, 0xB49F, 0x8BB7, 0x0000, 0x0000, 0x0000,
    0x0000, 0x0000, 0x0000, 0x0000, 0x6AD2, 0xB49E, 0xB47E, 0xB45E, 0xAC5D, 0xAC5D, 0xAC5D, 0xAC5D,
    0xAC5D, 0xAC5D, 0xAC5D, 0xAC5D, 0xAC5E, 0xAC5D, 0xAC5D, 0xAC5E, 0xAC5D, 0xAC5D, 0xAC5D, 0xAC5D,
    0xAC5D, 0xAC5D, 0xAC5D, 0xAC5D, 0xAC5D, 0xB45D, 0xB45D, 0xB47D, 0xAC5E, 0xAC5E, 0xAC5D, 0xAC3D,
    0xAC5D, 0xB45D, 0xB45D, 0xB45D, 0xAC5D, 0xAC5D, 0xAC5D, 0xAC5D, 0xAC5D, 0xAC5D, 0xAC5D, 0xAC5D,
    0xAC5D, 0xB45D, 0xB45D, 0xB45D, 0xB45D, 0xB47E, 0xBCBF, 0x8B77, 0x18A5, 0x0000, 0x0000, 0x0000,
    0x0000, 0x0000, 0x0000, 0x0000, 0x0000, 0x39AB, 0x8BB8, 0xB47E, 0xB49E, 0xB47E, 0xB47E, 0xB47E,
    0xB47E, 0xB47E, 0xB47E, 0xB45E, 0xB45E, 0xB45E, 0xB45E, 0xB47E, 0xB47E, 0xB47E, 0xB47E, 0xB47E,
    0xB47E, 0xB47E, 0xB47E, 0xB47E, 0xBC7E, 0xBC7E, 0xBC7E, 0xBC7E, 0xB47E, 0xB47E, 0xB47E, 0xB47E,
    0xB47E, 0xB47E, 0xB47E, 0xB47E, 0xB47E, 0xB47E, 0xB47E, 0xB47E, 0xB47E, 0xB47E, 0xB47E, 0xB47E,
    0xB47E, 0xBC7E, 0xBC7E, 0xB49E, 0xB47E, 0x9BFA, 0x5A4F, 0x0000, 0x0000, 0x0000, 0x0000, 0x0000,
    0x0000, 0x0000, 0x0000, 0x0000, 0x0000, 0x0000, 0x0000, 0x49AB, 0x7B14, 0x9BD9, 0xAC1B, 0xA43B,
    0xA41B, 0xA41B, 0xA41B, 0xA41B, 0xA41B, 0xA41B, 0xA41B, 0xA41B, 0xA41B, 0xA41B, 0xA41B, 0xA41B,
    0xA41B, 0xA41B, 0xA41B, 0xA41B, 0xAC1B, 0xAC1B, 0xAC1B, 0xAC1B, 0xA41B, 0xA41B, 0xA41B, 0xA41B,
    0xA41B, 0xA41B, 0xA41B, 0xA41B, 0xA41B, 0xA41B, 0xA41B, 0xA41B, 0xA41B, 0xAC1B, 0xAC1B, 0xAC1B,
    0xAC3B, 0xAC3B, 0x9BD9, 0x8B76, 0x5A2F, 0x20A5, 0x0000, 0x0000, 0x0000, 0x0000, 0x0000, 0x0000
  },
  { // 帧 3
    0x0000, 0x0000, 0x0000, 0x0000, 0x0000, 0x0000, 0x0000, 0x0000, 0x0000, 0x0000, 0x0000, 0x0000,
    0x0000, 0x0000, 0x0000, 0x0000, 0x0000, 0x0000, 0x0000, 0x0000, 0x0000, 0x0000, 0x0000, 0x0000,
    0x0000, 0x0000, 0x0000, 0x0000, 0x0000, 0x2145, 0x2145, 0x0000, 0x0000, 0x0000, 0x0000, 0x0000,
    0x0000, 0x0000, 0x0000, 0x0000, 0x0000, 0x0000, 0x0000, 0x0000, 0x0000, 0x0000, 0x0000, 0x0000,
    0x0000, 0x0000, 0x0000, 0x0000, 0x0000, 0x0000, 0x0000, 0x0000, 0x0000, 0x0000, 0x0000, 0x0000,
    0x0000, 0x0000, 0x0000, 0x0000, 0x0000, 0x0000, 0x0000, 0x0000, 0x0000, 0x0000, 0x0000, 0x0000,
    0x0000, 0x0000, 0x0000, 0x0000, 0x0000, 0x0000, 0x0000, 0x0000, 0x0000, 0x0000, 0x31A6, 0x5B2D,
    0x7C93, 0x9D98, 0xAE5B, 0xB6BC, 0xBEFE, 0xBEFE, 0xBEFE, 0xBEDE, 0xB69C, 0xAE3A, 0x9D97, 0x8493,
    0x5B2D, 0x31A6, 0x0000, 0x0000, 0x0000, 0x0000, 0x0000, 0x0000, 0x0000, 0x0000, 0x0000, 0x0000,
    0x0000, 0x0000, 0x0000, 0x0000, 0x0000, 0x0000, 0x0000, 0x0000, 0x0000, 0x0000, 0x0000, 0x0000,
    0x0000, 0x0000, 0x0000, 0x0000, 0x0000, 0x0000, 0x0000, 0x0000, 0x0000, 0x0000, 0x0000, 0x0000,
    0x0000, 0x0000, 0x0000, 0x0000, 0x0000, 0x0000, 0x0000, 0x4249, 0x84B3, 0xAE5B, 0xC73F, 0xC77F,
    0xC75F, 0xBF3F, 0xBF1F, 0xB6FF, 0xB6FF, 0xB6FF, 0xB6FF, 0xB6FF, 0xB6FF, 0xB71F, 0xBF3F, 0xC75F,
    0xCF7F, 0xC75F, 0xB67B, 0x8493, 0x3A28, 0x0000, 0x0000, 0x0000, 0x0000, 0x0000, 0x0000, 0x0000,
    0x0000, 0x0000, 0x0000, 0x0000, 0x0000, 0x0000, 0x0000, 0x0000, 0x0000, 0x0000, 0x0000, 0x0000,
    0x0000, 0x0000, 0x0000, 0x0000, 0x0000, 0x0000, 0x0000, 0x0000, 0x0000, 0x0000, 0x0000, 0x0000,
    0x0000, 0x0000, 0x0000, 0x0000, 0x0000, 0x636D, 0xA63A, 0xC75F, 0xBF5F, 0xB6FF, 0xAEBF, 0xAEBE,
    0xAEBE, 0xB6DF, 0xB6DF, 0xB6DF, 0xB6DF, 0xB6DF, 0xB6DF, 0xB6DF, 0xB6DF, 0xB6DE, 0xB6BE, 0xAEBE,
    0xAEBE, 0xAEDF, 0xB71F, 0xC75F, 0xC75F, 0xAE3A, 0x636E, 0x0000, 0x0000, 0x0000, 0x0000, 0x0000,
    0x0000, 0x0000, 0x0000, 0x0000, 0x0000, 0x0000, 0x0000, 0x0000, 0x0000, 0x0000, 0x0000, 0x0000,
    0x0000, 0x0000, 0x0000, 0x0000, 0x0000, 0x0000, 0x0000, 0x0000, 0x0000, 0x0000, 0x0000, 0x0000,
    0x0000, 0x0000, 0x0000, 0x5B2D, 0xB69B, 0xC77F, 0xB6FF, 0xAEBF, 0xAEBE, 0xAEBF, 0xAEDF, 0xAEDF,
    0xAEDF, 0xB6DF, 0xB6DF, 0xB6DF, 0xB6DF, 0xB6DF, 0xB6DF, 0xB6DF, 0xB6DF, 0xB6DF, 0xB6DF, 0xB6DF,
    0xB6DF, 0xB6DF, 0xAEBF, 0xAEBE, 0xAEBF, 0xB71F, 0xC79F, 0xB6BC, 0x634D, 0x0000, 0x0000, 0x0000,
    0x0000, 0x0000, 0x0000, 0x0000, 0x0000, 0x0000, 0x0000, 0x0000, 0x0000, 0x0000, 0x0000, 0x0000,
    0x0000, 0x0000, 0x0000, 0x0000, 0x0000, 0x0000, 0x0000, 0x0000, 0x0000, 0x0000, 0x0000, 0x0000,
    0x0000, 0x31C7, 0xA5F8, 0xC77F, 0xB6FF, 0xAE9E, 0xAEBF, 0xAEDF, 0xAEDF, 0xAEBF, 0xAEBF, 0xAEDF,
    0xAEBF, 0xAEDF, 0xAEDF, 0xAEDF, 0xAEDF, 0xB6DF, 0xB6DF, 0xB6DF, 0xB6DF, 0xB6DF, 0xB6DF, 0xAEDF,
    0xAEDF, 0xAEBF, 0xAEBF, 0xB6DF, 0xB6DF, 0xAEBF, 0xAEBE, 0xB6FF, 0xCF9F, 0xAE19, 0x31E7, 0x0000,
    0x0000, 0x0000, 0x0000, 0x0000, 0x0000, 0x0000, 0x0000, 0x0000, 0x0000, 0x0000, 0x0000, 0x0000,
    0x0000, 0x0000, 0x0000, 0x0000, 0x0000, 0x0000, 0x0000, 0x0000, 0x0000, 0x0000, 0x0000, 0x0000,
    0x6BAF, 0xC73F, 0xB71F, 0xAE9E, 0xAEBF, 0xAEDF, 0xAEBF, 0xAEBF, 0xAEDF, 0xAEDF, 0xAEBF, 0xAEDF,
    0xAEBF, 0xAEBF, 0xAEDF, 0xAEDF, 0xAEBF, 0xAEDF, 0xAEDF, 0xAEBF, 0xAEDF, 0xAEDF, 0xAEBF, 0xAEBF,
    0xAEBF, 0xAEDF, 0xAEBF, 0xAEBF, 0xAEDF, 0xAEBF, 0xAEDF, 0xAEBF, 0xAEBE, 0xBF3F, 0xC75F, 0x6BD0,
    0x0000, 0x0000, 0x0000, 0x0000, 0x0000, 0x0000, 0x0000, 0x0000, 0x0000, 0x0000, 0x0000, 0x0000,
    0x0000, 0x0000, 0x0000, 0x0000, 0x0000, 0x0000, 0x0000, 0x0000, 0x0000, 0x0000, 0x0000, 0x9556,
    0xC77F, 0xAEBF, 0xAEBE, 0xAEDF, 0xAEBF, 0xAEBF, 0xAEBF, 0xAEBF, 0xAEBF, 0xAEBF, 0xAEBF, 0xAEBF,
    0xAEBF, 0xAEBF, 0xAEBF, 0xAEBF, 0xAEBF, 0xAEDF, 0xAEDF, 0xAEDF, 0xAEBF, 0xAEBF, 0xAEBF, 0xAEBF,
    0xAEBF, 0xAEDF, 0xAEBF, 0xAEBF, 0xAEBF, 0xAEBF, 0xAEBF, 0xAEDF, 0xB6DF, 0xAEBE, 0xAEBF, 0xC77F,
    0x9556, 0x0000, 0x0000, 0x0000, 0x0000, 0x0000, 0x0000, 0x0000, 0x0000, 0x0000, 0x0000, 0x0000,
    0x0000, 0x0000, 0x0000, 0x0000, 0x0000, 0x0000, 0x0000, 0x0000, 0x0000, 0x0000, 0xA619, 0xBF5F,
    0xA69E, 0xAEBF, 0xAEBF, 0xAEBF, 0xAEBF, 0xAEBF, 0xAEBF, 0xAEBF, 0xAEBF, 0xAEBF, 0xAEBF, 0xAEBF,
    0xAEBF, 0xAEBF, 0xAEBF, 0xAEBF, 0xAEDF, 0xAEDF, 0xAEDF, 0xAEDF, 0xAEBF, 0xAEBF, 0xAEBF, 0xAEBF,
    0xAEBF, 0xAEBF, 0xAEBF, 0xAEBF, 0xAEBF, 0xAEBF, 0xAEBF, 0xAEBF, 0xAEBF, 0xAEDF, 0xAEDF, 0xAE9E,
    0xBF5F, 0xA5F9, 0x0000, 0x0000, 0x0000, 0x0000, 0x0000, 0x0000, 0x0000, 0x0000, 0x0000, 0x0000,
    0x0000, 0x0000, 0x0000, 0x0000, 0x0000, 0x0000, 0x0000, 0x0000, 0x0000, 0xAE5A, 0xB73F, 0xA69E,
    0xAEBF, 0xAEBF, 0xAEBF, 0xAEBF, 0xAEBF, 0xAEBF, 0xAEBF, 0xAEBF, 0xAEBF, 0xAEBF, 0xAEBF, 0xAEBF,
    0xAEBF, 0xAEBF, 0xAEBF, 0xAEBF, 0xAEBF, 0xAEBF, 0xAEBF, 0xAEBF, 0xAEBF, 0xAEBF, 0xAEBF, 0xAEBF,
    0xAEBF, 0xAEBF, 0xAEBF, 0xAEBF, 0xAEBF, 0xAEBF, 0xAEBF, 0xAEBF, 0xAEBF, 0xAEBF, 0xAEBF, 0xAEDF,
    0xAE9E, 0xBF3F, 0xAE5B, 0x0000, 0x0000, 0x0000, 0x0000, 0x0000, 0x0000, 0x0000, 0x0000, 0x0000,
    0x0000, 0x0000, 0x0000, 0x0000, 0x0000, 0x0000, 0x0000, 0x0000, 0xA63A, 0xB73F, 0xA69E, 0xAEBF,
    0xAEBF, 0xAEBF, 0xAE9F, 0xAE9F, 0xAE9F, 0xAE9F, 0xAEBF, 0xAEBF, 0xAEBF, 0xAEBF, 0xAEBF, 0xAEBF,
    0xAEBF, 0xAEBF, 0xAEBF, 0xAEBF, 0xAEBF, 0xAEBF, 0xAEBF, 0xAEBF, 0xAEBF, 0xAEBF, 0xAEBF, 0xAEBF,
    0xAEBF, 0xAEBF, 0xAEBF, 0xAEBF, 0xAE9F, 0xAEBF, 0xAEBF, 0xAEBF, 0xAEBF, 0xAEBF, 0xAEBF, 0xAEBF,
    0xAEBF, 0xAE9E, 0xB73F, 0xA63A, 0x0000, 0x0000, 0x0000, 0x0000, 0x0000, 0x0000, 0x0000, 0x0000,
    0x0000, 0x0000, 0x0000, 0x0000, 0x0000, 0x0000, 0x0000, 0x9577, 0xB73F, 0xA69E, 0xAEBF, 0xAEBF,
    0xAEBF, 0xAE9F, 0xAE9F, 0xA69F, 0xA69F, 0xAE9F, 0xAEBF, 0xAEBF, 0xAEBF, 0xAEBF, 0xAEBF, 0xAEBF,
    0xAEBF, 0xAEBF, 0xAEBF, 0xAEBF, 0xAEBF, 0xAEBF, 0xAE9F, 0xAE9F, 0xAE9F, 0xAE9F, 0xAE9F, 0xAE9F,
    0xAE9F, 0xAE9F, 0xAE9F, 0xAE9F, 0xAE9F, 0xAE9F, 0xAEBF, 0xAEBF, 0xAEBF, 0xAEBF, 0xAEBF, 0xAEBF,
    0xAE9F, 0xAEBF, 0xA69E, 0xBF3F, 0x9578, 0x0000, 0x0000, 0x0000, 0x0000, 0x0000, 0x0000, 0x0000,
    0x0000, 0x0000, 0x0000, 0x0000, 0x0000, 0x0000, 0x6C31, 0xBF5F, 0xA67E, 0xAEBF, 0xAEBF, 0xAEBF,
    0xAE9F, 0xAE9F, 0xA69F, 0xA69F, 0xA69F, 0xAE9F, 0xAE9F, 0xAE9F, 0xAEBF, 0xAEBF, 0xAEBF, 0xAEBF,
    0xAEBF, 0xAEBF, 0xAEBF, 0xAEBF, 0xAEBF, 0xAEBF, 0xAEBF, 0xAEBF, 0xAEBF, 0xAE9F, 0xAE9F, 0xAE9F,
    0xAE9F, 0xAEBF, 0xAEBF, 0xAE9F, 0xAE9F, 0xAE9F, 0xAE9F, 0xAE9F, 0xAE9F, 0xAEBF, 0xAEBF, 0xAE9F,
    0xAEBF, 0xAE9F, 0xAEBF, 0xA69E, 0xBF5F, 0x6C32, 0x0000, 0x0000, 0x0000, 0x0000, 0x0000, 0x0000,
    0x0000, 0x0000, 0x0000, 0x0000, 0x0000, 0x3A29, 0xBF5F, 0xA69E, 0xA69F, 0xA69F, 0xAE9F, 0xAE9F,
    0xAE9F, 0xAE9F, 0xA69F, 0xA69F, 0xA69F, 0xAEBF, 0xAE9F, 0xAE9F, 0xAE9F, 0xAEBF, 0xAEBF, 0xAEBF,
    0xAEBF, 0xAEBF, 0xAEBF, 0xAEBF, 0xAEBF, 0xAEBF, 0xAEBF, 0xAEBF, 0xAEBF, 0xAE9F, 0xAE9F, 0xAE9F,
    0xAE9F, 0xAEBF, 0xAEBF, 0xAEBF, 0xAE9F, 0xAE9F, 0xAE9F, 0xAE9F, 0xAE9F, 0xAEBF, 0xAE9F, 0xAE9F,
    0xA69F, 0xAE9F, 0xAEBF, 0xAEBF, 0xA69E, 0xBF3F, 0x3A4A, 0x0000, 0x0000, 0x0000, 0x0000, 0x0000,
    0x0000, 0x0000, 0x0000, 0x0000, 0x0000, 0xA63B, 0xAEDF, 0xA69E, 0xA69F, 0xA69F, 0xA69F, 0xA69F,
    0xA69F, 0xA69F, 0xA69F, 0xA69F, 0xA69F, 0xA69F, 0xA69F, 0xA69F, 0xA69F, 0xAEBF, 0xAEBF, 0xAEBF,
    0xAEBF, 0xAEBF, 0xAEBF, 0xAEBF, 0xAEBF, 0xAEBF, 0xAEBF, 0xAEBF, 0xAE9F, 0xA69F, 0xA69F, 0xA69F,
    0xA69F, 0xAE9F, 0xA69F, 0xA69F, 0xA69F, 0xA69F, 0xA69F, 0xA69F, 0xAEBF, 0xA69F, 0xA69F, 0xA69F,
    0xA69F, 0xA69F, 0xAE9F, 0xA69F, 0xA69E, 0xAEDF, 0xA63C, 0x0000, 0x0000, 0x0000, 0x0000, 0x0000,
    0x0000, 0x0000, 0x0000, 0x0000, 0x63D1, 0xB73F, 0x9E7E, 0xA69F, 0xA69F, 0xA69F, 0xA69F, 0xA69F,
    0xA69F, 0xA69F, 0xA69F, 0xA69F, 0xA69F, 0xA69F, 0xA69F, 0xA69F, 0xA69F, 0xA69F, 0xA69F, 0xAEBF,
    0xAEBF, 0xAEBF, 0xAEBF, 0xAEBF, 0xAEBF, 0xAEBF, 0xA69F, 0xA69F, 0xA69F, 0xA69F, 0xA69F, 0xA69F,
    0xA69F, 0xA69F, 0xA69F, 0xA69F, 0xA69F, 0xA69F, 0xA69F, 0xA69F, 0xA69F, 0xA69F, 0xA69F, 0xA69F,
    0xA69F, 0xA69F, 0xA69F, 0xA69F, 0xA69F, 0xA67E, 0xB73F, 0x63F1, 0x0000, 0x0000, 0x0000, 0x0000,
    0x0000, 0x0000, 0x0000, 0x0000, 0xAEBE, 0xA69F, 0xA69F, 0xA69F, 0xA69F, 0xA69F, 0xA67F, 0xA67F,
    0xA67F, 0xA69F, 0xA69F, 0xA69F, 0xA69F, 0xA69F, 0xA69F, 0xA69F, 0xA69F, 0xBEFF, 0xB6DF, 0xA69F,
    0xA69F, 0xAEBF, 0xAEBF, 0xAEBF, 0xAEBF, 0xA69F, 0xA69F, 0xA69F, 0xA69F, 0xA69F, 0xA69F, 0xA69F,
    0xA69F, 0xA69F, 0xA69F, 0xA69F, 0xA69F, 0xA69F, 0xA69F, 0xA69F, 0xA69F, 0xA69F, 0xA69F, 0xA69F,
    0xA69F, 0xA69F, 0xA69F, 0xA69F, 0xA69F, 0xA69F, 0xA69F, 0xAEBE, 0x1905, 0x0000, 0x0000, 0x0000,
    0x0000, 0x0000, 0x0000, 0x6412, 0xAF1F, 0x9E7E, 0xA69F, 0xA69F, 0xA69F, 0xA67F, 0xA67F, 0x9E7F,
    0xA67F, 0xA67F, 0xA67F, 0xA69F, 0xA69F, 0xA69F, 0xA69F, 0xA69F, 0xE79F, 0xFFFF, 0xFFFF, 0xDF7F,
    0xB6BF, 0xA67F, 0xA6BF, 0xAEBF, 0xAEBF, 0xA69F, 0xA69F, 0xA69F, 0xA69F, 0xA69F, 0xA69F, 0xA69F,
    0xA69F, 0xA67F, 0xA69F, 0xA69F, 0xA69F, 0xA69F, 0xA67F, 0xA67F, 0xA67F, 0xA67F, 0xA67F, 0xA67F,
    0xA67F, 0xA67F, 0xA69F, 0xA69F, 0xA67F, 0xA67F, 0xA67E, 0xB71F, 0x6C12, 0x0000, 0x0000, 0x0000,
    0x0000, 0x0000, 0x0000, 0x9E5D, 0xA69F, 0x9E7F, 0x9E7F, 0x9E7F, 0x9E7F, 0x9E7F, 0x9E7F, 0x9E7F,
    0x9E7F, 0x9E7F, 0xA67F, 0xA67F, 0xA67F, 0xA69F, 0x9E7F, 0xBEDF, 0xFFFF, 0xFFFF, 0xFFFF, 0xFFFF,
    0xFFFF, 0xD73F, 0xAEBF, 0xA69F, 0xAE9F, 0xA69F, 0xA69F, 0xA69F, 0xA69F, 0xA69F, 0xA69F, 0xA69F,
    0xA67F, 0xA67F, 0xA67F, 0xA69F, 0xA67F, 0xA67F, 0xA67F, 0xA67F, 0xA67F, 0xA67F, 0xA67F, 0xA67F,
    0xA67F, 0xA67F, 0xA67F, 0xA67F, 0xA67F, 0xA67F, 0xA67F, 0xA69F, 0x9E5D, 0x0000, 0x0000, 0x0000,
    0x0000, 0x0000, 0x4B0E, 0xAEFF, 0x9E5E, 0x9E7F, 0x9E7F, 0x9E7F, 0x9E7F, 0x9E7F, 0x9E7F, 0x9E7F,
    0x9E7F, 0x9E7F, 0xA67F, 0xA67F, 0xA67F, 0xA69F, 0x9E5F, 0xBEDF, 0xFFFF, 0xFFFF, 0xFFFF, 0xFFFF,
    0xFFFF, 0xFFFF, 0xF7DF, 0xC71F, 0xA69F, 0xA67F, 0xA69F, 0xA69F, 0xA69F, 0xA69F, 0xA69F, 0xA67F,
    0xA67F, 0xA69F, 0xA69F, 0xA69F, 0xA67F, 0xA67F, 0xA67F, 0xA67F, 0xA67F, 0xA67F, 0xA67F, 0xA67F,
    0xA67F, 0x9E7F, 0x9E7F, 0xA67F, 0xA67F, 0x9E7F, 0x9E7F, 0x9E5E, 0xAEFF, 0x4B0E, 0x0000, 0x0000,
    0x0000, 0x0000, 0x7D38, 0xA6BF, 0x9E5E, 0x9E5F, 0x9E5F, 0x9E7F, 0x9E7F, 0x9E5F, 0x9E5F, 0x9E5F,
    0x9E5F, 0x9E7F, 0xA67F, 0xA67F, 0xA67F, 0xA67F, 0x963F, 0xB69E, 0xFFFF, 0xFFFF, 0xFFFF, 0xFFFF,
    0xFFFF, 0xFFFF, 0xFFFF, 0xFFFF, 0xEF9F, 0xBEDF, 0xA67F, 0xA67F, 0xA69F, 0xA69F, 0xA67F, 0xA67F,
    0xA67F, 0xA67F, 0xA67F, 0xA67F, 0xA67F, 0x9E7F, 0x9E7F, 0x9E7F, 0x9E7F, 0x9E7F, 0xA67F, 0x9E7F,
    0x9E7F, 0x9E7F, 0x9E7F, 0x9E7F, 0x9E7F, 0x9E7F, 0x9E7F, 0x9E5E, 0xA6BF, 0x7D39, 0x0000, 0x0000,
    0x0000, 0x1925, 0x9E7F, 0x9E7F, 0x9E5F, 0x9E5F, 0x9E5F, 0x9E5F, 0x9E5F, 0x9E5F, 0x9E5F, 0x9E5F,
    0x9E5F, 0x9E7F, 0x9E7F, 0x9E7F, 0x9E7F, 0xA67F, 0x963E, 0xB69E, 0xFFFF, 0xFFFF, 0xFFFF, 0xFFFF,
    0xFFFF, 0xFFFF, 0xFFFF, 0xFFFF, 0xFFFF, 0xFFFF, 0xDF7F, 0xAEBF, 0x9E7F, 0xA67F, 0xA69F, 0xA67F,
    0xA69F, 0xA67F, 0xA67F, 0x9E7F, 0x9E7F, 0x9E7F, 0x9E7F, 0x9E7F, 0x9E7F, 0x9E7F, 0x9E7F, 0x9E7F,
    0x9E7F, 0x9E5F, 0x9E5F, 0x9E5F, 0x9E5F, 0x9E5F, 0x9E5F, 0x9E5F, 0x9E7F, 0x9E7F, 0x1925, 0x0000,
    0x0000, 0x3AAD, 0xA6DF, 0x9E3E, 0x9E5F, 0x9E5F, 0x9E5F, 0x9E5F, 0x9E5F, 0x9E5F, 0x9E5F, 0x9E5F,
    0x9E5F, 0x9E5F, 0x9E5F, 0x9E7F, 0x9E7F, 0xA67F, 0x963E, 0xAE9E, 0xFFFF, 0xFFFF, 0xFFFF, 0xFFFF,
    0xFFFF, 0xFFFF, 0xFFFF, 0xFFFF, 0xFFFF, 0xFFFF, 0xFFFF, 0xF7DF, 0xCF3F, 0xA67F, 0x9E7F, 0xA69F,
    0xA67F, 0xA67F, 0xA67F, 0x9E7F, 0x9E7F, 0x9E7F, 0x9E5F, 0x9E5F, 0x9E5F, 0x9E5F, 0x9E5F, 0x9E5F,
    0x9E5F, 0x9E5F, 0x9E5F, 0x9E5E, 0x9E5F, 0x9E5F, 0x9E5F, 0x9E5E, 0x9E5E, 0xA6DF, 0x3AAD, 0x0000,
    0x0000, 0x6414, 0xA6BF, 0x963E, 0x9E5F, 0x9E5F, 0x9E5F, 0x9E5F, 0x9E5F, 0x9E5F, 0x9E5F, 0x9E5F,
    0x9E5F, 0x9E5F, 0x9E5F, 0x9E5F, 0x9E5F, 0x9E7F, 0x961E, 0xAE9E, 0xFFFF, 0xFFFF, 0xFFFF, 0xFFFF,
    0xFFFF, 0xFFFF, 0xFFFF, 0xFFFF, 0xFFFF, 0xFFFF, 0xFFFF, 0xFFFF, 0xFFFF, 0xEFBF, 0xBEFF, 0x9E5F,
    0x9E5F, 0xA67F, 0xA67F, 0x9E7F, 0x9E5F, 0x9E5F, 0x9E5F, 0x9E5F, 0x9E5F, 0x9E5F, 0x9E5F, 0x9E5F,
    0x9E5F, 0x9E5E, 0x9E5E, 0x9E5E, 0x9E5E, 0x9E5F, 0x9E5F, 0x9E5E, 0x9E3E, 0xA6DF, 0x6414, 0x0000,
    0x0000, 0x7D19, 0x9E9F, 0x963E, 0x9E3F, 0x963F, 0x965F, 0x965F, 0x9E5F, 0x9E5F, 0x9E5F, 0x9E5F,
    0x9E5F, 0x9E5F, 0x9E5F, 0x9E5F, 0x9E5F, 0x9E7F, 0x961E, 0xB69E, 0xFFFF, 0xFFFF, 0xFFFF, 0xFFFF,
    0xFFFF, 0xFFFF, 0xFFFF, 0xFFFF, 0xFFFF, 0xFFFF, 0xFFFF, 0xFFFF, 0xFFFF, 0xFFFF, 0xFFFF, 0xE77F,
    0xB6BF, 0x9E5F, 0x9E5F, 0x9E7F, 0x9E5F, 0x9E5F, 0x9E5F, 0x9E5F, 0x9E5F, 0x9E5F, 0x9E5F, 0x9E5F,
    0x9E5F, 0x9E5F, 0x9E3E, 0x9E3E, 0x9E3F, 0x9E5F, 0x9E3F, 0x9E3E, 0x963E, 0xA69F, 0x7D19, 0x0000,
    0x0000, 0x85BC, 0x9E5F, 0x963E, 0x963F, 0x963F, 0x963F, 0x963F, 0x963F, 0x965F, 0x965F, 0x965F,
    0x9E5F, 0x9E5F, 0x9E5F, 0x9E5F, 0x9E5F, 0x9E5F, 0x8E1E, 0xAE7E, 0xFFFF, 0xFFFF, 0xFFFF, 0xFFFF,
    0xFFFF, 0xFFFF, 0xFFFF, 0xFFFF, 0xFFFF, 0xFFFF, 0xFFFF, 0xFFFF, 0xFFFF, 0xFFFF, 0xFFFF, 0xFFFF,
    0xFFFF, 0xD73F, 0xA67F, 0x965F, 0x9E5F, 0x9E7F, 0x9E7F, 0x9E5F, 0x9E5F, 0x9E5F, 0x9E5F, 0x9E5F,
    0x9E3F, 0x9E3F, 0x9E3F, 0x9E3E, 0x9E3F, 0x9E3F, 0x9E3F, 0x9E3F, 0x963E, 0x9E7F, 0x8DDD, 0x0000,
    0x1947, 0x963E, 0x965F, 0x963F, 0x963E, 0x963E, 0x963E, 0x963F, 0x963F, 0x963F, 0x963F, 0x965F,
    0x963F, 0x963F, 0x9E3F, 0x9E5F, 0x9E5F, 0x9E5F, 0x8DFE, 0xAE7E, 0xFFFF, 0xF7FF, 0xFFFF, 0xF7DF,
    0xF7DF, 0xF7DF, 0xF7DF, 0xF7DF, 0xF7DF, 0xF7DF, 0xF7DF, 0xF7DF, 0xF7DF, 0xFFFF, 0xFFFF, 0xF7DF,
    0xFFFF, 0xFFFF, 0xF7DF, 0xC6FF, 0x9E5F, 0x965F, 0x9E5F, 0x9E5F, 0x9E5F, 0x9E3F, 0x963F, 0x9E3F,
    0x963F, 0x963F, 0x963F, 0x963E, 0x963E, 0x963E, 0x963F, 0x963E, 0x963E, 0x9E5F, 0x963E, 0x2167,
    0x29E9, 0x965F, 0x963E, 0x961E, 0x961E, 0x961E, 0x961E, 0x963E, 0x963E, 0x963F, 0x963E, 0x963F,
    0x963E, 0x963E, 0x963F, 0x963F, 0x9E5F, 0x9E5F, 0x8DFE, 0xAE7E, 0xFFFF, 0xF7DF, 0xF7DF, 0xF7DF,
    0xF7DF, 0xF7DF, 0xF7DF, 0xF7DF, 0xF7DF, 0xF7DF, 0xF7DF, 0xF7DF, 0xF7DF, 0xF7DF, 0xF7DF, 0xF7DF,
    0xF7DF, 0xF7DF, 0xFFFF, 0xFFFF, 0xEF9F, 0xB6BF, 0x963F, 0x9E5F, 0x9E3F, 0x963F, 0x963F, 0x963F,
    0x963E, 0x963E, 0x963E, 0x963E, 0x963F, 0x963E, 0x963E, 0x963E, 0x963E, 0x9E3F, 0x9E7F, 0x29EA,
    0x324C, 0x965F, 0x961E, 0x961E, 0x961E, 0x961E, 0x961E, 0x961E, 0x963E, 0x963F, 0x963F, 0x963E,
    0x963E, 0x963E, 0x963F, 0x963F, 0x963F, 0x9E5F, 0x8DFE, 0xAE7E, 0xFFFF, 0xF7DF, 0xF7DF, 0xF7DF,
    0xF7DF, 0xF7DF, 0xF7DF, 0xF7DF, 0xF7DF, 0xF7DF, 0xF7DF, 0xF7DF, 0xF7DF, 0xF7DF, 0xF7DF, 0xF7DF,
    0xF7DF, 0xF7DF, 0xF7DF, 0xF7DF, 0xFFFF, 0xFFFF, 0xC6FF, 0x8E1E, 0x963F, 0x963E, 0x963E, 0x961E,
    0x961E, 0x961E, 0x961E, 0x961E, 0x963E, 0x963E, 0x963E, 0x963E, 0x963E, 0x963E, 0x9E7F, 0x324C,
    0x3A8D, 0x965F, 0x8E1E, 0x8E1E, 0x8E1E, 0x961E, 0x961E, 0x961E, 0x961E, 0x961E, 0x963E, 0x961E,
    0x963E, 0x963E, 0x961E, 0x963E, 0x963F, 0x963F, 0x8DFE, 0xA67E, 0xFFFF, 0xF7DF, 0xF7DF, 0xF7DF,
    0xF7DF, 0xF7DF, 0xF7DF, 0xF7BF, 0xF7DF, 0xF7DF, 0xF7DF, 0xF7DF, 0xF7DF, 0xF7DF, 0xF7DF, 0xF7DF,
    0xF7DF, 0xF7BF, 0xF7DF, 0xF7DF, 0xF7DF, 0xF7FF, 0xF7DF, 0x961E, 0x961E, 0x961E, 0x961E, 0x961E,
    0x8E1E, 0x8E1E, 0x961E, 0x961E, 0x8E1E, 0x961E, 0x961E, 0x961E, 0x961E, 0x961E, 0x9E7F, 0x3A8D,
    0x3A8D, 0x965F, 0x8DFE, 0x8E1E, 0x8E1E, 0x8E1E, 0x8E1E, 0x8E1E, 0x8E1E, 0x961E, 0x961F, 0x961F,
    0x961E, 0x961E, 0x961E, 0x961E, 0x963F, 0x963F, 0x8DFE, 0xA65E, 0xF7DF, 0xEFDF, 0xF7DF, 0xF7DF,
    0xEFDF, 0xEFBF, 0xF7BF, 0xF7BF, 0xF7BF, 0xF7BF, 0xF7BF, 0xF7BF, 0xF7DF, 0xF7BF, 0xF7BF, 0xF7BF,
    0xF7BF, 0xF7BF, 0xF7BF, 0xF7BF, 0xF7DF, 0xF7DF, 0xE79F, 0x8DDE, 0x8E1E, 0x961E, 0x8E1E, 0x8E1E,
    0x8E1E, 0x8E1E, 0x8E1E, 0x8E1E, 0x8E1E, 0x8E1E, 0x961F, 0x961E, 0x961E, 0x961E, 0x965F, 0x3A8D,
    0x326D, 0x965F, 0x8DFE, 0x8E1E, 0x8E1E, 0x8E1E, 0x8E1E, 0x8E1E, 0x8E1E, 0x8E1F, 0x8E1F, 0x8E1F,
    0x8E1E, 0x8E1E, 0x961E, 0x961E, 0x961F, 0x963F, 0x85DE, 0xA65E, 0xF7DF, 0xEFBF, 0xEFBF, 0xEFBF,
    0xEFBF, 0xEFBF, 0xEFBF, 0xEFBF, 0xEFBF, 0xEFBF, 0xEFBF, 0xEFBF, 0xEFBF, 0xEFBF, 0xEFBF, 0xEFBF,
    0xEFBF, 0xF7BF, 0xF7BF, 0xF7BF, 0xF7DF, 0xEFBF, 0xA65E, 0x757D, 0x8E1F, 0x8E1E, 0x8DFE, 0x8DFE,
    0x8DFE, 0x8DFE, 0x8E1E, 0x8DFE, 0x8DFE, 0x8E1E, 0x8E1F, 0x961E, 0x961E, 0x961E, 0x965F, 0x326D,
    0x2A2B, 0x8E3F, 0x8E1E, 0x8E1F, 0x8DFE, 0x8DFE, 0x8DFE, 0x8DFE, 0x8E1F, 0x8E1F, 0x8E1F, 0x8E1E,
    0x8E1E, 0x8E1E, 0x8E1E, 0x8E1F, 0x8E1F, 0x961F, 0x85BE, 0xA63E, 0xEFBF, 0xEFBF, 0xEFBF, 0xEFBF,
    0xEFBF, 0xEFBF, 0xEFBF, 0xEFBF, 0xEFBF, 0xEFBF, 0xEFBF, 0xEFBF, 0xEFBF, 0xEFBF, 0xEFBF, 0xEFBF,
    0xEFBF, 0xEFBF, 0xF7BF, 0xEFBF, 0xCF1F, 0x95DD, 0x64FC, 0x7D9D, 0x8DFE, 0x8DFE, 0x8DFE, 0x8DFE,
    0x8DFE, 0x8DFE, 0x8DFE, 0x8E1F, 0x8DFE, 0x8E1F, 0x8E1F, 0x8E1F, 0x8E1E, 0x961E, 0x963F, 0x2A0B,
    0x21A8, 0x8E1F, 0x8E1F, 0x8E1F, 0x8DFE, 0x8DFE, 0x8DFE, 0x8DFE, 0x8DFE, 0x8DFE, 0x8DFE, 0x8DFE,
    0x8DFE, 0x8DFE, 0x8DFE, 0x8DFE, 0x8DFE, 0x961F, 0x85BE, 0xA63E, 0xEFBF, 0xEFBF, 0xEFBF, 0xEFBF,
    0xEFBF, 0xEFBF, 0xEF9F, 0xEF9F, 0xEF9F, 0xEF9F, 0xEF9F, 0xEF9F, 0xEFBF, 0xEFBF, 0xEFBF, 0xEFBF,
    0xEFBF, 0xEFBF, 0xD73F, 0x9E1E, 0x64DC, 0x549B, 0x753C, 0x85BE, 0x8DFE, 0x8DFE, 0x8DFE, 0x8DDE,
    0x8DFE, 0x8DFE, 0x8DFE, 0x8DFE, 0x8DFE, 0x8DFE, 0x8E1E, 0x8E1E, 0x8DFE, 0x961E, 0x8DFF, 0x2188,
    0x1105, 0x7DBD, 0x8E1F, 0x8DFE, 0x8DFE, 0x85DE, 0x8DDE, 0x8DFE, 0x8DFE, 0x8DFE, 0x8DFE, 0x8DFE,
    0x8DFE, 0x8DFE, 0x8DFE, 0x8DFE, 0x8DFE, 0x8DFE, 0x7DBE, 0xA63E, 0xEFBF, 0xE79F, 0xEF9F, 0xEF9F,
    0xEF9F, 0xEF9F, 0xEF9F, 0xEF9F, 0xEF9F, 0xEF9F, 0xEF9F, 0xEF9F, 0xEFBF, 0xEFBF, 0xEFBF, 0xEFBF,
    0xDF7F, 0xAE7E, 0x6D1C, 0x547B, 0x5CDC, 0x755C, 0x7D9D, 0x85DE, 0x8DFE, 0x8DFE, 0x8DDE, 0x8DDE,
    0x85DE, 0x8DFE, 0x8DFE, 0x8DFE, 0x8DFE, 0x8DFE, 0x8DFE, 0x8DFE, 0x8DFE, 0x8E1F, 0x85BD, 0x1106,
    0x0000, 0x6D1A, 0x8E3F, 0x85DE, 0x85DE, 0x85DE, 0x85DE, 0x85DE, 0x85DE, 0x85DE, 0x85DE, 0x85DE,
    0x8DFE, 0x8DFE, 0x8DFE, 0x8DFE, 0x8DFE, 0x8DFE, 0x7DBE, 0xA63E, 0xEFBF, 0xE79F, 0xE79F, 0xE79F,
    0xE79F, 0xE79F, 0xE79F, 0xE79F, 0xE79F, 0xE79F, 0xE79F, 0xEF9F, 0xEF9F, 0xEFBF, 0xDF7F, 0xBEBE,
    0x7D7D, 0x547B, 0x5CBB, 0x6D1C, 0x757D, 0x7D9D, 0x85BE, 0x85DE, 0x85DE, 0x85DE, 0x85DE, 0x85DE,
    0x85DE, 0x85DE, 0x8DDE, 0x8DFE, 0x8DFE, 0x85FE, 0x8DFE, 0x8DFE, 0x85DE, 0x8E1F, 0x6CFA, 0x0000,
    0x0000, 0x5C16, 0x8E3F, 0x85DE, 0x85DE, 0x85DE, 0x85DE, 0x85DE, 0x85DE, 0x85DE, 0x85DE, 0x85DE,
    0x85DE, 0x85DE, 0x85DE, 0x85DE, 0x8DFE, 0x8DFE, 0x7DBE, 0x9E3E, 0xEF9F, 0xE77F, 0xE79F, 0xE79F,
    0xE79F, 0xE77F, 0xE79F, 0xE79F, 0xE79F, 0xE79F, 0xEF9F, 0xEF9F, 0xE79F, 0xC6FF, 0x859D, 0x549B,
    0x547B, 0x64FC, 0x755D, 0x7D9D, 0x7DBE, 0x85DE, 0x85DE, 0x85DE, 0x85DE, 0x85DE, 0x85DE, 0x85DE,
    0x85DE, 0x85DE, 0x85DE, 0x85DE, 0x85DE, 0x85DE, 0x85DE, 0x85DE, 0x85DE, 0x963F, 0x5416, 0x0000,
    0x0000, 0x3AF0, 0x8E3F, 0x85BE, 0x85DE, 0x85DE, 0x85DE, 0x85DE, 0x85DE, 0x85DE, 0x85DE, 0x85DE,
    0x85DE, 0x85DE, 0x85DE, 0x85DE, 0x85FE, 0x8DFE, 0x7D9E, 0x9E3E, 0xEF9F, 0xE77F, 0xE79F, 0xE79F,
    0xE77F, 0xE77F, 0xE77F, 0xE79F, 0xE79F, 0xE79F, 0xE79F, 0xCF3F, 0x9E1E, 0x5CDC, 0x547C, 0x64DC,
    0x6D3C, 0x755D, 0x7D9D, 0x85BE, 0x85DE, 0x85DE, 0x85DE, 0x85DE, 0x85DE, 0x85DE, 0x85DE, 0x85DE,
    0x85DE, 0x85DE, 0x85DE, 0x85DE, 0x85DE, 0x85DE, 0x85DE, 0x85DE, 0x85DE, 0x8E3F, 0x3AAF, 0x0000,
    0x0000, 0x1989, 0x85DF, 0x85DE, 0x85DE, 0x85DE, 0x85BE, 0x85BE, 0x85BE, 0x85BE, 0x85BE, 0x85BE,
    0x85DE, 0x85BE, 0x85DE, 0x85DE, 0x85DE, 0x8DFE, 0x7D9E, 0x9E1E, 0xE79F, 0xE77F, 0xE77F, 0xE79F,
    0xE79F, 0xE77F, 0xE79F, 0xE79F, 0xE79F, 0xD73F, 0xA65E, 0x6CFC, 0x4C7B, 0x5CBC, 0x6D1C, 0x755D,
    0x757D, 0x7D9D, 0x7DBE, 0x85BE, 0x85BE, 0x85BE, 0x85DE, 0x85DE, 0x85BE, 0x85BE, 0x85BE, 0x85DE,
    0x85DE, 0x85DE, 0x85DE, 0x85DE, 0x85DE, 0x85DE, 0x85DE, 0x85DE, 0x8DDE, 0x85DF, 0x1988, 0x0000,
    0x0000, 0x0000, 0x64DB, 0x85FF, 0x85BE, 0x85BE, 0x85BE, 0x7DBE, 0x7DBE, 0x85BE, 0x85BE, 0x85BE,
    0x85BE, 0x85BE, 0x85BE, 0x85BE, 0x85DE, 0x85DE, 0x7D7D, 0x9E1D, 0xE79F, 0xDF7F, 0xE77F, 0xE77F,
    0xE77F, 0xE77F, 0xE77F, 0xDF5F, 0xB69E, 0x753C, 0x4C7B, 0x549B, 0x64FC, 0x6D3D, 0x757D, 0x7D9D,
    0x7D9E, 0x7D9E, 0x7DBE, 0x85BE, 0x85BE, 0x85BE, 0x85BE, 0x85BE, 0x85BE, 0x85BE, 0x85BE, 0x85BE,
    0x85BE, 0x85DE, 0x85BE, 0x85BE, 0x85BE, 0x85DE, 0x85DE, 0x85BE, 0x8DFF, 0x64BA, 0x0000, 0x0000,
    0x0000, 0x0000, 0x3B32, 0x861F, 0x7DBE, 0x85BE, 0x7DBE, 0x7DBE, 0x7DBE, 0x7DBE, 0x7DBE, 0x7DBE,
    0x7DBE, 0x85BE, 0x85BE, 0x85BE, 0x85BE, 0x85DE, 0x757D, 0x9E1D, 0xE79F, 0xDF7F, 0xE77F, 0xE77F,
    0xE77F, 0xDF7F, 0xC6DF, 0x859D, 0x549B, 0x547B, 0x64DC, 0x6D1C, 0x755D, 0x757D, 0x7D9E, 0x7D9E,
    0x7DBE, 0x7DBE, 0x7D9E, 0x7DBE, 0x7DBE, 0x7DBE, 0x85BE, 0x85BE, 0x85BE, 0x7DBE, 0x7DBE, 0x7DBE,
    0x7DBE, 0x85BE, 0x85BE, 0x85BE, 0x85BE, 0x85BE, 0x85BE, 0x85BD, 0x861F, 0x3AF1, 0x0000, 0x0000,
    0x0000, 0x0000, 0x1148, 0x759E, 0x7DBE, 0x7DBE, 0x7DBE, 0x7DBE, 0x7DBE, 0x7DBE, 0x7DBE, 0x7DBE,
    0x7DBE, 0x7DBE, 0x7DBE, 0x7DBE, 0x7DBE, 0x85BE, 0x757D, 0x95DD, 0xE79F, 0xE79F, 0xE79F, 0xE77F,
    0xCEFF, 0x95FD, 0x5CBB, 0x4C5B, 0x5CBC, 0x6D1C, 0x755D, 0x757D, 0x7D7D, 0x7D9D, 0x7D9E, 0x7D9E,
    0x7D9E, 0x7D9E, 0x7DBE, 0x7DBE, 0x7DBE, 0x7DBE, 0x7DBE, 0x7DBE, 0x7DBE, 0x7DBE, 0x7DBE, 0x7D9E,
    0x7DBE, 0x7DBE, 0x7DBE, 0x7DBE, 0x85BE, 0x85BE, 0x7DBE, 0x85BE, 0x757E, 0x1147, 0x0000, 0x0000,
    0x0000, 0x0000, 0x0000, 0x4BF6, 0x85FF, 0x7D9E, 0x7DBE, 0x7D9E, 0x7DBE, 0x7DBE, 0x7DBE, 0x7D9E,
    0x7D9E, 0x7D9E, 0x7D9E, 0x7DBE, 0x7DBE, 0x7DBE, 0x7D9D, 0x6D1D, 0xB67E, 0xDF5F, 0xCF3F, 0xA63E,
    0x64FC, 0x4C5B, 0x549B, 0x64FC, 0x6D3D, 0x755D, 0x7D7D, 0x7D9D, 0x7D9E, 0x7D9E, 0x7D9E, 0x7D9E,
    0x7D9E, 0x7D9E, 0x7D9E, 0x7D9E, 0x7D9E, 0x7DBE, 0x7DBE, 0x7DBE, 0x7DBE, 0x7DBE, 0x7D9E, 0x7D9E,
    0x7D9E, 0x7D9E, 0x7DBE, 0x7DBE, 0x7DBE, 0x7DBE, 0x7D9D, 0x85FF, 0x4BB5, 0x0000, 0x0000, 0x0000,
    0x0000, 0x0000, 0x0000, 0x19AA, 0x759F, 0x7D9E, 0x7DBE, 0x7D9E, 0x7D9E, 0x7D9E, 0x7D9E, 0x7D9E,
    0x7D9E, 0x7D9E, 0x7D9E, 0x7D9D, 0x7D9E, 0x7D9E, 0x7D9D, 0x6D1D, 0x5C9C, 0x753C, 0x6CFC, 0x4C5B,
    0x547B, 0x64FC, 0x6D3D, 0x755D, 0x757D, 0x7D7D, 0x7D9E, 0x7D9E, 0x7D9D, 0x7D9D, 0x7D9E, 0x7D9D,
    0x7D9D, 0x7D9E, 0x7D9E, 0x7D9E, 0x7D9E, 0x7D9E, 0x7D9E, 0x7DBE, 0x7DBE, 0x7D9E, 0x7D9D, 0x7D9D,
    0x7D9E, 0x7DBE, 0x7DBE, 0x7DBE, 0x7DBE, 0x7DBE, 0x85BE, 0x759E, 0x1989, 0x0000, 0x0000, 0x0000,
    0x0000, 0x0000, 0x0000, 0x0000, 0x4BD6, 0x7DFF, 0x7D9D, 0x7D9E, 0x7D9E, 0x7D9E, 0x7D9E, 0x7D9E,
    0x7D9E, 0x7D9E, 0x7D9E, 0x7D9D, 0x7D9E, 0x7D9D, 0x7D9D, 0x755D, 0x64FC, 0x547B, 0x547B, 0x64DC,
    0x6D1C, 0x6D3D, 0x755D, 0x757D, 0x7D7D, 0x7D9E, 0x7D9E, 0x7D9E, 0x7D9D, 0x7D9E, 0x7D9E, 0x7D9E,
    0x7D9E, 0x7D9E, 0x7D9E, 0x7D9E, 0x7D9E, 0x7D9E, 0x7D9E, 0x7D9E, 0x7D9E, 0x7D9E, 0x7D9E, 0x7D9D,
    0x7D9E, 0x7DBE, 0x7DBE, 0x7DBE, 0x7DBE, 0x7D9D, 0x85FF, 0x4395, 0x0000, 0x0000, 0x0000, 0x0000,
    0x0000, 0x0000, 0x0000, 0x0000, 0x1128, 0x6D5D, 0x7DBE, 0x7D9E, 0x7D9E, 0x7D9E, 0x7D9D, 0x7D9D,
    0x7D7D, 0x7D7D, 0x7D7D, 0x7D9D, 0x7D9D, 0x7D9D, 0x7D7D, 0x755D, 0x753D, 0x6D3D, 0x6D1C, 0x6D3D,
    0x755D, 0x755D, 0x757D, 0x757D, 0x757D, 0x7D7D, 0x7D7D, 0x7D7D, 0x7D7D, 0x7D7D, 0x7D9D, 0x7D9E,
    0x7D9E, 0x7D9D, 0x7D9D, 0x7D7D, 0x7D7D, 0x7D7D, 0x757D, 0x7D9D, 0x7D9E, 0x7D9E, 0x7D9E, 0x7D9E,
    0x7D9E, 0x7D9E, 0x7DBE, 0x7DBE, 0x7DBE, 0x85DE, 0x6D3D, 0x1107, 0x0000, 0x0000, 0x0000, 0x0000,
    0x0000, 0x0000, 0x0000, 0x0000, 0x0000, 0x32B0, 0x7DDF, 0x7D9D, 0x7D9E, 0x7D7D, 0x757D, 0x757D,
    0x757D, 0x757D, 0x757D, 0x757D, 0x7D7D, 0x7D7D, 0x757D, 0x757D, 0x757D, 0x755D, 0x755D, 0x757D,
    0x757D, 0x757D, 0x757D, 0x757D, 0x757D, 0x757D, 0x757D, 0x757D, 0x757D, 0x757D, 0x7D7D, 0x7D7D,
    0x7D7D, 0x757D, 0x757D, 0x757D, 0x757D, 0x757D, 0x757D, 0x757D, 0x7D7D, 0x7D9D, 0x7D9D, 0x7D9D,
    0x7D9D, 0x7D9D, 0x7D9E, 0x7DBE, 0x7DBE, 0x7DFF, 0x2A6F, 0x0000, 0x0000, 0x0000, 0x0000, 0x0000,
    0x0000, 0x0000, 0x0000, 0x0000, 0x0000, 0x0000, 0x4BF7, 0x85FF, 0x7D7D, 0x7D7D, 0x757D, 0x757D,
    0x757D, 0x757D, 0x757D, 0x757D, 0x757D, 0x757D, 0x757D, 0x757D, 0x757D, 0x757D, 0x757D, 0x757D,
    0x757D, 0x757D, 0x757D, 0x757D, 0x757D, 0x757D, 0x757D, 0x757D, 0x757D, 0x757D, 0x757D, 0x757D,
    0x757D, 0x757D, 0x757D, 0x757D, 0x757D, 0x757D, 0x757D, 0x757D, 0x757D, 0x757D, 0x7D7D, 0x759D,
    0x7D9D, 0x7D9D, 0x7D9E, 0x7D9D, 0x7DDF, 0x43B6, 0x0000, 0x0000, 0x0000, 0x0000, 0x0000, 0x0000,
    0x0000, 0x0000, 0x0000, 0x0000, 0x0000, 0x0000, 0x1106, 0x5CBB, 0x7DDF, 0x757D, 0x757D, 0x757D,
    0x757D, 0x757D, 0x757D, 0x757D, 0x757D, 0x757D, 0x757D, 0x757D, 0x757D, 0x755D, 0x757D, 0x755D,
    0x755D, 0x755D, 0x755D, 0x757D, 0x757D, 0x757D, 0x755D, 0x755D, 0x755D, 0x757D, 0x757D, 0x757D,
    0x757D, 0x757D, 0x757D, 0x757D, 0x757D, 0x757D, 0x757D, 0x757D, 0x757D, 0x757D, 0x757D, 0x759E,
    0x759E, 0x759E, 0x759D, 0x7DDF, 0x5C9A, 0x08E6, 0x0000, 0x0000, 0x0000, 0x0000, 0x0000, 0x0000,
    0x0000, 0x0000, 0x0000, 0x0000, 0x0000, 0x0000, 0x0000, 0x1969, 0x651D, 0x7DBF, 0x757D, 0x757E,
    0x757D, 0x757D, 0x757D, 0x757D, 0x757D, 0x755D, 0x755D, 0x755D, 0x755D, 0x755D, 0x755D, 0x755D,
    0x755D, 0x755D, 0x755D, 0x755D, 0x755D, 0x755D, 0x755D, 0x755D, 0x755D, 0x755D, 0x755D, 0x757D,
    0x757D, 0x757D, 0x757D, 0x757D, 0x757D, 0x757D, 0x757D, 0x757D, 0x757D, 0x757E, 0x757E, 0x759E,
    0x759E, 0x759D, 0x7DDF, 0x64FC, 0x1148, 0x0000, 0x0000, 0x0000, 0x0000, 0x0000, 0x0000, 0x0000,
    0x0000, 0x0000, 0x0000, 0x0000, 0x0000, 0x0000, 0x08C5, 0x0000, 0x198A, 0x651D, 0x7DBF, 0x757D,
    0x757D, 0x757D, 0x757D, 0x757D, 0x757D, 0x755D, 0x755D, 0x755D, 0x755D, 0x755D, 0x755D, 0x755D,
    0x755D, 0x755D, 0x755D, 0x755D, 0x755D, 0x755D, 0x755D, 0x755D, 0x755D, 0x755D, 0x755D, 0x755D,
    0x757D, 0x757D, 0x757D, 0x757D, 0x757D, 0x757D, 0x757D, 0x757D, 0x757E, 0x757E, 0x757E, 0x759E,
    0x757D, 0x7DDF, 0x5CFD, 0x1989, 0x0000, 0x0000, 0x0000, 0x0000, 0x0000, 0x0000, 0x0000, 0x0000,
    0x0000, 0x0000, 0x0000, 0x0000, 0x0000, 0x0000, 0x0000, 0x08C5, 0x0000, 0x198A, 0x5CDC, 0x7DBF,
    0x757D, 0x757D, 0x757E, 0x757D, 0x757D, 0x757D, 0x757D, 0x757D, 0x755D, 0x755D, 0x755D, 0x755D,
    0x755D, 0x755D, 0x755D, 0x755D, 0x755D, 0x755D, 0x755D, 0x755D, 0x757D, 0x757D, 0x755D, 0x757D,
    0x757D, 0x757D, 0x757D, 0x757D, 0x757D, 0x757D, 0x757D, 0x757D, 0x757D, 0x757E, 0x757E, 0x757D,
    0x7DBF, 0x549B, 0x1169, 0x0000, 0x08C5, 0x0000, 0x0000, 0x0000, 0x0000, 0x0000, 0x0000, 0x0000,
    0x0000, 0x0000, 0x0000, 0x0000, 0x0000, 0x0000, 0x0000, 0x0000, 0x08C5, 0x0000, 0x1148, 0x4C39,
    0x75BF, 0x757D, 0x757E, 0x757E, 0x757E, 0x757E, 0x757E, 0x757E, 0x755D, 0x755D, 0x755E, 0x755E,
    0x755D, 0x755D, 0x755D, 0x755D, 0x755D, 0x755D, 0x755D, 0x755D, 0x757E, 0x757E, 0x757E, 0x757D,
    0x757D, 0x757D, 0x757E, 0x757E, 0x757D, 0x757D, 0x757E, 0x757E, 0x757E, 0x757D, 0x759E, 0x75BF,
    0x4C18, 0x1127, 0x0000, 0x08E5, 0x0000, 0x0000, 0x0000, 0x0000, 0x0000, 0x0000, 0x0000, 0x0000,
    0x0000, 0x0000, 0x0000, 0x0000, 0x0000, 0x0000, 0x0000, 0x0000, 0x0000, 0x08C5, 0x08C5, 0x10E6,
    0x3B54, 0x6D7F, 0x7DBF, 0x757E, 0x757E, 0x757E, 0x757E, 0x757E, 0x757E, 0x755D, 0x755D, 0x755E,
    0x755E, 0x755D, 0x755D, 0x757E, 0x757E, 0x755D, 0x755D, 0x757E, 0x757E, 0x757E, 0x757E, 0x757E,
    0x757E, 0x757E, 0x757E, 0x757E, 0x757E, 0x757D, 0x757E, 0x757E, 0x757E, 0x7D9F, 0x6D5F, 0x3334,
    0x08E6, 0x08C5, 0x08E5, 0x0000, 0x0000, 0x0000, 0x0000, 0x0000, 0x0000, 0x0000, 0x0000, 0x0000,
    0x0000, 0x0000, 0x0000, 0x0000, 0x0000, 0x0000, 0x0000, 0x0000, 0x0000, 0x0000, 0x08C5, 0x10E5,
    0x0000, 0x220D, 0x5C9B, 0x75BF, 0x759F, 0x757E, 0x757E, 0x757E, 0x757E, 0x755D, 0x755D, 0x755E,
    0x755D, 0x755D, 0x6D5E, 0x757E, 0x757E, 0x755D, 0x755D, 0x757E, 0x757E, 0x757E, 0x757E, 0x757D,
    0x757D, 0x757E, 0x757E, 0x757E, 0x757E, 0x757E, 0x757D, 0x7D9E, 0x75BF, 0x547A, 0x21ED, 0x0000,
    0x10E5, 0x08C5, 0x0000, 0x0000, 0x0000, 0x0000, 0x0000, 0x0000, 0x0000, 0x0000, 0x0000, 0x0000,
    0x0000, 0x0000, 0x0000, 0x0000, 0x0000, 0x0000, 0x0000, 0x0000, 0x0000, 0x0000, 0x0000, 0x08C5,
    0x10E6, 0x08C5, 0x1107, 0x32F2, 0x5CDD, 0x75BF, 0x759F, 0x757D, 0x755D, 0x755D, 0x755E, 0x755E,
    0x755E, 0x755D, 0x755D, 0x6D5E, 0x755E, 0x755E, 0x755D, 0x757E, 0x757E, 0x6D5E, 0x755E, 0x755D,
    0x6D5D, 0x755D, 0x757D, 0x757E, 0x757E, 0x7DBF, 0x759F, 0x5CDD, 0x32D2, 0x1107, 0x08C5, 0x10E6,
    0x08C5, 0x0000, 0x0000, 0x0000, 0x0000, 0x0000, 0x0000, 0x0000, 0x0000, 0x0000, 0x0000, 0x0000,
    0x0000, 0x0000, 0x0000, 0x0000, 0x0000, 0x0000, 0x0000, 0x0000, 0x0000, 0x0000, 0x0000, 0x0000,
    0x08C5, 0x10E6, 0x10E6, 0x08C5, 0x1148, 0x32D2, 0x549B, 0x6D7F, 0x75BF, 0x759E, 0x757E, 0x755D,
    0x755D, 0x755D, 0x755E, 0x6D5E, 0x6D5E, 0x755E, 0x757E, 0x6D5E, 0x6D5E, 0x6D5D, 0x6D5E, 0x6D5D,
    0x6D5D, 0x757E, 0x759E, 0x75BF, 0x6D7F, 0x549B, 0x32D2, 0x1148, 0x08C5, 0x1106, 0x10E6, 0x08C5,
    0x0000, 0x0000, 0x0000, 0x0000, 0x0000, 0x0000, 0x0000, 0x0000, 0x0000, 0x0000, 0x0000, 0x0000,
    0x0000, 0x0000, 0x0000, 0x0000, 0x0000, 0x0000, 0x0000, 0x0000, 0x0000, 0x0000, 0x0000, 0x0000,
    0x0000, 0x0000, 0x08C5, 0x10E6, 0x10E6, 0x08C5, 0x1107, 0x222E, 0x4396, 0x54BC, 0x655F, 0x759F,
    0x759F, 0x759F, 0x759E, 0x757E, 0x757E, 0x757E, 0x757E, 0x757E, 0x757E, 0x757E, 0x759E, 0x759F,
    0x759F, 0x6D5F, 0x5CBC, 0x43B6, 0x222E, 0x1127, 0x08C5, 0x1106, 0x1106, 0x10E5, 0x0000, 0x0000,
    0x0000, 0x0000, 0x0000, 0x0000, 0x0000, 0x0000, 0x0000, 0x0000, 0x0000, 0x0000, 0x0000, 0x0000,
    0x0000, 0x0000, 0x0000, 0x0000, 0x0000, 0x0000, 0x0000, 0x0000, 0x0000, 0x0000, 0x0000, 0x0000,
    0x0000, 0x0000, 0x0000, 0x08C5, 0x08E5, 0x1106, 0x10E6, 0x08C5, 0x08C5, 0x1128, 0x19ED, 0x2AB2,
    0x3B96, 0x4C39, 0x549C, 0x5CDD, 0x651E, 0x651E, 0x653E, 0x651E, 0x5CFD, 0x549C, 0x4C3A, 0x43B7,
    0x32F2, 0x220D, 0x1148, 0x08E5, 0x08C5, 0x1106, 0x1106, 0x10E5, 0x08C5, 0x0000, 0x0000, 0x0000,
    0x0000, 0x0000, 0x0000, 0x0000, 0x0000, 0x0000, 0x0000, 0x0000, 0x0000, 0x0000, 0x0000, 0x0000,
    0x0000, 0x0000, 0x0000, 0x0000, 0x0000, 0x0000, 0x0000, 0x0000, 0x0000, 0x0000, 0x0000, 0x0000,
    0x0000, 0x0000, 0x0000, 0x0000, 0x0000, 0x08C5, 0x08C5, 0x10E6, 0x1106, 0x10E6, 0x08C5, 0x08C5,
    0x08C5, 0x10E6, 0x1148, 0x198A, 0x19AB, 0x19CB, 0x21CC, 0x19CB, 0x198A, 0x1148, 0x1107, 0x08E5,
    0x08C5, 0x10E5, 0x10E6, 0x1106, 0x1106, 0x08E5, 0x08C5, 0x0000, 0x0000, 0x0000, 0x0000, 0x0000,
    0x0000, 0x0000, 0x0000, 0x0000, 0x0000, 0x0000, 0x0000, 0x0000, 0x0000, 0x0000, 0x0000, 0x0000
  },
  { // 帧 4
    0x0000, 0x0000, 0x0000, 0x0000, 0x0000, 0x0000, 0x0000, 0x0000, 0x0000, 0x0000, 0x0000, 0x0000,
    0x0000, 0x0000, 0x0000, 0x0000, 0x0000, 0x0000, 0x0000, 0x0000, 0x0000, 0x0000, 0x0000, 0x0000,
    0x0000, 0x0000, 0x0000, 0x0000, 0x0000, 0x0000, 0x0000, 0x0000, 0x0000, 0x0000, 0x0000, 0x0000,
    0x0000, 0x0000, 0x0000, 0x0000, 0x0000, 0x0000, 0x0000, 0x0000, 0x0000, 0x0000, 0x0000, 0x0000,
    0x0000, 0x0000, 0x0000, 0x0000, 0x0000, 0x0000, 0x0000, 0x0000, 0x0000, 0x0000, 0x0000, 0x0000,
    0x0000, 0x0000, 0x0000, 0x0000, 0x0000, 0x0000, 0x0000, 0x0000, 0x0000, 0x0000, 0x0000, 0x0000,
    0x0000, 0x0000, 0x0000, 0x0000, 0x0000, 0x0000, 0x0000, 0x0000, 0x0000, 0x0000, 0x0000, 0x0000,
    0x0000, 0x088A, 0x00AF, 0x008E, 0x008E, 0x008E, 0x00AE, 0x008E, 0x008D, 0x008D, 0x00AF, 0x0068,
    0x0000, 0x0000, 0x0000, 0x0000, 0x0000, 0x0000, 0x0000, 0x0000, 0x0000, 0x0000, 0x0000, 0x0000,
    0x0000, 0x0000, 0x0000, 0x0000, 0x0000, 0x0000, 0x0000, 0x0000, 0x0000, 0x0000, 0x0000, 0x0000,
    0x0000, 0x0000, 0x0000, 0x0000, 0x0000, 0x0000, 0x0000, 0x0000, 0x0000, 0x0000, 0x0000, 0x0000,
    0x0000, 0x0000, 0x0000, 0x0000, 0x0000, 0x0000, 0x0000, 0x0000, 0x0000, 0x0000, 0x00CE, 0x08CE,
    0x006D, 0x3AB3, 0x6478, 0x5C37, 0x5C37, 0x5C37, 0x5C37, 0x5C37, 0x5C37, 0x5C17, 0x6477, 0x3252,
    0x006D, 0x08CF, 0x08AB, 0x0000, 0x0000, 0x0000, 0x0000, 0x0000, 0x0000, 0x0000, 0x0000, 0x0000,
    0x0000, 0x0000, 0x0000, 0x0000, 0x0000, 0x0000, 0x0000, 0x0000, 0x0000, 0x0000, 0x0000, 0x0000,
    0x0000, 0x0000, 0x0000, 0x0000, 0x0000, 0x0000, 0x0000, 0x0000, 0x0000, 0x0000, 0x0000, 0x0000,
    0x0000, 0x0000, 0x0000, 0x0000, 0x0000, 0x0000, 0x0000, 0x08EF, 0x08EF, 0x1150, 0x7D59, 0x85BB,
    0x7D7A, 0xA6FD, 0xC7FF, 0xBFFF, 0xBFFF, 0xBFFF, 0xBFFF, 0xBFFF, 0xBFFF, 0xBFFF, 0xC7FF, 0x9E9C,
    0x7D39, 0x8DDB, 0x5C36, 0x08CE, 0x1130, 0x08CB, 0x0000, 0x0000, 0x0000, 0x0000, 0x0000, 0x0000,
    0x0000, 0x0000, 0x0000, 0x0000, 0x0000, 0x0000, 0x0000, 0x0000, 0x0000, 0x0000, 0x0000, 0x0000,
    0x0000, 0x0000, 0x0000, 0x0000, 0x0000, 0x0000, 0x0000, 0x0000, 0x0000, 0x0000, 0x0000, 0x0000,
    0x0000, 0x0000, 0x0000, 0x0000, 0x08AA, 0x08F0, 0x114F, 0x85BA, 0x963C, 0x963B, 0xBFBF, 0xBFDF,
    0xBFDF, 0xB79F, 0xAF5F, 0xAF5F, 0xAF5F, 0xAF5F, 0xAF5E, 0xAF5E, 0xAF5F, 0xAF5E, 0xAF3E, 0xB79F,
    0xBFDF, 0xBFFF, 0xAF5E, 0x8DFB, 0x967C, 0x5C16, 0x00D0, 0x110D, 0x0000, 0x0000, 0x0000, 0x0000,
    0x0000, 0x0000, 0x0000, 0x0000, 0x0000, 0x0000, 0x0000, 0x0000, 0x0000, 0x0000, 0x0000, 0x0000,
    0x0000, 0x0000, 0x0000, 0x0000, 0x0000, 0x0000, 0x0000, 0x0000, 0x0000, 0x0000, 0x0000, 0x0000,
    0x0000, 0x0000, 0x08CA, 0x0911, 0x4B75, 0x967C, 0x963C, 0xB7BF, 0xBFBF, 0xB7BF, 0xAF5F, 0xAF3E,
    0xAF3E, 0xAF5E, 0xB77F, 0xB77F, 0xB77E, 0xB75F, 0xB75F, 0xAF5F, 0xAF5F, 0xAF5E, 0xB75F, 0xAF5F,
    0xAF3E, 0xAF5F, 0xB77F, 0xB7BF, 0xBFDF, 0xA71E, 0x967C, 0x6C98, 0x1131, 0x08A8, 0x0000, 0x0000,
    0x0000, 0x0000, 0x0000, 0x0000, 0x0000, 0x0000, 0x0000, 0x0000, 0x0000, 0x0000, 0x0000, 0x0000,
    0x0000, 0x0000, 0x0000, 0x0000, 0x0000, 0x0000, 0x0000, 0x0000, 0x0000, 0x0000, 0x0000, 0x0000,
    0x0000, 0x00AE, 0x4B74, 0xAF1D, 0xAF1E, 0xBFDF, 0xB79F, 0xAF5F, 0xAF5F, 0xAF5F, 0xAF5F, 0xAF5F,
    0xAF5E, 0xAF5E, 0xB77F, 0xB77F, 0xB75F, 0xB75F, 0xB75F, 0xAF5E, 0xAF5F, 0xAF5E, 0xAF5E, 0xAF5F,
    0xAF5F, 0xB75F, 0xB75F, 0xAF5E, 0xAF5F, 0xB77F, 0xB7BF, 0xAF5F, 0xA6FD, 0x3293, 0x008D, 0x0000,
    0x0000, 0x0000, 0x0000, 0x0000, 0x0000, 0x0000, 0x0000, 0x0000, 0x0000, 0x0000, 0x0000, 0x0000,
    0x0000, 0x0000, 0x0000, 0x0000, 0x0000, 0x0000, 0x0000, 0x0000, 0x0000, 0x0000, 0x0000, 0x0049,
    0x114F, 0x8DFB, 0x9EBD, 0xDFFF, 0xF7FF, 0xB75E, 0xAF3E, 0xAF5E, 0xAF5F, 0xB75F, 0xB75F, 0xAF5F,
    0xAF5F, 0xAF5F, 0xAF5F, 0xB77F, 0xB75F, 0xB75F, 0xB75F, 0xB75E, 0xAF5E, 0xAF5E, 0xAF5E, 0xAF5E,
    0xAF5E, 0xAF5E, 0xB75F, 0xB75F, 0xB75F, 0xAF5E, 0xAF3E, 0xAF5F, 0xB79F, 0x9EBD, 0x7D38, 0x08CE,
    0x0066, 0x0000, 0x0000, 0x0000, 0x0000, 0x0000, 0x0000, 0x0000, 0x0000, 0x0000, 0x0000, 0x0000,
    0x0000, 0x0000, 0x0000, 0x0000, 0x0000, 0x0000, 0x0000, 0x0000, 0x0000, 0x0000, 0x0068, 0x42F2,
    0x74F9, 0xD7DF, 0xCFDF, 0xBF7F, 0xD7BF, 0xB77F, 0xAF5F, 0xAF5E, 0xAF5E, 0xAF5E, 0xAF5E, 0xAF5E,
    0xAF5E, 0xAF5E, 0xAF5F, 0xB75E, 0xB75F, 0xB75F, 0xB75F, 0xB75F, 0xAF5F, 0xAF5E, 0xAF5E, 0xAF5F,
    0xB75F, 0xB75F, 0xB75F, 0xB75F, 0xAF5E, 0xAF5E, 0xAF5E, 0xAF5E, 0xAF5E, 0xB7BF, 0xAF3E, 0x6457,
    0x2A0F, 0x0047, 0x0000, 0x0000, 0x0000, 0x0000, 0x0000, 0x0000, 0x0000, 0x0000, 0x0000, 0x0000,
    0x0000, 0x0000, 0x0000, 0x0000, 0x0000, 0x0000, 0x0000, 0x0000, 0x0000, 0x10C7, 0x1972, 0x95FB,
    0xD7FF, 0xEFDF, 0xE7DF, 0xAF5F, 0xAF5F, 0xAF5F, 0xAF5F, 0xAF5E, 0xAF5E, 0xAF5E, 0xAF5E, 0xAF5E,
    0xAF5E, 0xAF3E, 0xAF5E, 0xAF5E, 0xB75E, 0xB75E, 0xB75F, 0xB75F, 0xAF5F, 0xAF5F, 0xAF5F, 0xAF5F,
    0xB75F, 0xB75F, 0xB75E, 0xB75F, 0xAF5F, 0xAF5E, 0xAF5E, 0xAF5F, 0xAF5E, 0xAF3E, 0xAF5E, 0xC7FF,
    0x5C38, 0x1130, 0x0000, 0x0000, 0x0000, 0x0000, 0x0000, 0x0000, 0x0000, 0x0000, 0x0000, 0x0000,
    0x0000, 0x0000, 0x0000, 0x0000, 0x0000, 0x0000, 0x0000, 0x0000, 0x004B, 0x21F3, 0x9EFD, 0xDF9E,
    0xF7FF, 0xB77F, 0xB77F, 0xB75E, 0xB75E, 0xAF5F, 0xAF5F, 0xAF5F, 0xAF5E, 0xAF5E, 0xAF5E, 0xAF5E,
    0xAF3E, 0xAF3E, 0xAF5E, 0xAF5F, 0xB75F, 0xB75E, 0xB75F, 0xB75F, 0xAF5F, 0xB75F, 0xB75F, 0xB75F,
    0xB75F, 0xAF5E, 0xB75E, 0xB75F, 0xAF5F, 0xAF5F, 0xB75F, 0xB77F, 0xAF5F, 0xAF5E, 0xAF5E, 0xAF3E,
    0xAF7F, 0x8DFA, 0x08D0, 0x0066, 0x0000, 0x0000, 0x0000, 0x0000, 0x0000, 0x0000, 0x0000, 0x0000,
    0x0000, 0x0000, 0x0000, 0x0000, 0x0000, 0x0000, 0x0000, 0x004A, 0x4B54, 0x95FB, 0xDFBF, 0xD7BF,
    0xCF9F, 0xB75F, 0xAF5F, 0xAF5E, 0xAF5E, 0xAF5F, 0xAF5F, 0xAF5F, 0xAF3E, 0xAF5E, 0xAF5E, 0xAF5E,
    0xAF5E, 0xAF5E, 0xAF5E, 0xAF5F, 0xAF5F, 0xAF5F, 0xB75F, 0xB75F, 0xAF5F, 0xAF5F, 0xAF5F, 0xB75F,
    0xB75F, 0xAF5E, 0xAF5F, 0xAF3F, 0xAF3F, 0xAF3F, 0xAF5F, 0xAF5F, 0xAF5F, 0xAF5F, 0xAF5E, 0xAF5E,
    0xB79F, 0xA71E, 0x7D5A, 0x2A10, 0x0048, 0x0000, 0x0000, 0x0000, 0x0000, 0x0000, 0x0000, 0x0000,
    0x0000, 0x0000, 0x0000, 0x0000, 0x0000, 0x0000, 0x0885, 0x1991, 0x7D7A, 0xCFFF, 0xF7DF, 0xC77F,
    0xA73F, 0xAF5F, 0xAF5F, 0xAF5E, 0xAF5E, 0xAF5E, 0xAF5F, 0xAF5F, 0xAF5F, 0xAF5E, 0xAF5F, 0xAF5E,
    0xAF5F, 0xAF5F, 0xAF5E, 0xAF5F, 0xAF7F, 0xB77F, 0xB75F, 0xB75F, 0xAF5F, 0xAF5F, 0xAF3F, 0xAF5F,
    0xB77F, 0xB75F, 0xB77F, 0xBFDF, 0xBFFF, 0xBFDF, 0xAF3F, 0xAF3F, 0xAF5F, 0xAF5F, 0xAF5E, 0xAF5E,
    0xAF5E, 0xAF5F, 0xBFFF, 0x53D6, 0x194E, 0x0000, 0x0000, 0x0000, 0x0000, 0x0000, 0x0000, 0x0000,
    0x0000, 0x0000, 0x0000, 0x0000, 0x0000, 0x0047, 0x1132, 0x9EBC, 0xBF7F, 0xB75F, 0xAF5F, 0xAF5F,
    0xAF5F, 0xAF5E, 0xAF5E, 0xAF5E, 0xAF5E, 0xAF5E, 0xAF5F, 0xAF5F, 0xAF5F, 0xAF5F, 0xAF5F, 0xAF5E,
    0xAF5F, 0xAF5F, 0xAF5F, 0xAF5F, 0xB77F, 0xAF5F, 0xAF3F, 0xAF3F, 0xB77F, 0xB79F, 0xB79F, 0xB79F,
    0xB79F, 0xBFBF, 0xAF3E, 0x4355, 0x3AF4, 0x4355, 0xAF7F, 0xB79F, 0xAF5F, 0xAF5F, 0xAF5E, 0xAF5E,
    0xAF5E, 0xAF5F, 0xAF3E, 0xB7BF, 0x7D38, 0x006E, 0x0000, 0x0000, 0x0000, 0x0000, 0x0000, 0x0000,
    0x0000, 0x0000, 0x0000, 0x0000, 0x0000, 0x10EA, 0x32B4, 0x9EDD, 0xCFBF, 0xC79F, 0xAF5F, 0xAF5F,
    0xAF5E, 0xAF5E, 0xAF5E, 0xAF5E, 0xAF5F, 0xAF5E, 0xAF5F, 0xAF5F, 0xAF5F, 0xAF5F, 0xAF5E, 0xAF5E,
    0xAF5F, 0xAF5F, 0xAF3E, 0xAF3F, 0xAF3F, 0xB77F, 0xB7BF, 0xBFDF, 0xAF3E, 0x963B, 0x9E9C, 0x859A,
    0x1190, 0x1991, 0x1991, 0x31F1, 0x31F1, 0x3A72, 0x85BA, 0x9E9D, 0xAF5F, 0xAF5F, 0xAF5E, 0xAF5E,
    0xAF5E, 0xAF5E, 0xAF3E, 0xB7BF, 0x85DA, 0x21F1, 0x08A7, 0x0000, 0x0000, 0x0000, 0x0000, 0x0000,
    0x0000, 0x0000, 0x0000, 0x0000, 0x004A, 0x21F3, 0xAF7F, 0xAF5F, 0xB77F, 0xB77F, 0xAF5F, 0xAF5F,
    0xAF5E, 0xAF5E, 0xAF5F, 0xAF5F, 0xAF5F, 0xAF5F, 0xAF5F, 0xAF5F, 0xAF5F, 0xAF5F, 0xAF5F, 0xAF3E,
    0xAF3E, 0xAF3F, 0xBFDF, 0xBFDF, 0xC7FF, 0x9EBD, 0x7D59, 0x8DFB, 0x53B5, 0x006D, 0x00AE, 0x110F,
    0x7C16, 0x7C16, 0x8477, 0xFFFF, 0xFFFF, 0xF7BE, 0x08AD, 0x4334, 0xBFDF, 0xAF3E, 0xAF5E, 0xAF5F,
    0xAF5F, 0xAF5E, 0xAF5F, 0xAF3F, 0xB79F, 0x9E9C, 0x00D0, 0x0045, 0x0000, 0x0000, 0x0000, 0x0000,
    0x0000, 0x0000, 0x0000, 0x0067, 0x21D0, 0x7D5A, 0xAF3F, 0xAF3F, 0xAF3F, 0xAF3F, 0xAF3F, 0xAF3F,
    0xAF3F, 0xAF3F, 0xAF5F, 0xAF5F, 0xAF5F, 0xAF3F, 0xAF5F, 0xAF5F, 0xAF5F, 0xAF5F, 0xAF5F, 0xB7BF,
    0xBFDF, 0xB77F, 0x6457, 0x5C16, 0x6477, 0x3272, 0x008D, 0x006E, 0x4292, 0xC63B, 0xBDFA, 0xC65B,
    0xFFFF, 0xFFFF, 0xFFFF, 0xFFFF, 0xFFFF, 0xEF7E, 0x08EF, 0x4355, 0xB7BF, 0xAF1F, 0xAF3F, 0xAF3F,
    0xAF3F, 0xAF3F, 0xAF3F, 0xAF3F, 0xAF5F, 0xAF1E, 0x6CB8, 0x112E, 0x0065, 0x0000, 0x0000, 0x0000,
    0x0000, 0x0000, 0x0000, 0x008C, 0x3AD5, 0xB7BF, 0xA71E, 0xA71F, 0xA71F, 0xA71F, 0xA71F, 0xA71F,
    0xA71F, 0xA71F, 0xAF3F, 0xAF3F, 0xAF3F, 0xAF3F, 0xAF3F, 0xAF3F, 0xAF3F, 0xAF3F, 0xAF5F, 0x7D9A,
    0x7D5A, 0x74D8, 0x1970, 0x1950, 0x08CF, 0x73D5, 0xDEFD, 0xD6DD, 0xEF7E, 0xFFFF, 0xFFFF, 0xFFFF,
    0xFFFF, 0xFFDF, 0xFFFF, 0xFFFF, 0xFFFF, 0xEF9E, 0x08CF, 0x4355, 0xB7BF, 0xA71F, 0xAF3F, 0xAF3F,
    0xAF3F, 0xAF1F, 0xAF3F, 0xAF3F, 0xAF3F, 0xAF5F, 0xAF5E, 0x21D2, 0x0888, 0x0000, 0x0000, 0x0000,
    0x0000, 0x0000, 0x0000, 0x004A, 0x2A33, 0xAF5F, 0xA71F, 0xA71F, 0xA71F, 0xA71F, 0xA71F, 0xA71F,
    0xA71F, 0xA71F, 0xA71F, 0xA71F, 0xA71F, 0xA71F, 0xA71F, 0xA73F, 0xAF3F, 0xAF3F, 0xAF3E, 0x21D1,
    0x006E, 0x1950, 0xE75D, 0xFFDF, 0xF7BF, 0xFFFF, 0xFFFF, 0xFFFF, 0xFFFF, 0xFFFF, 0xFFFF, 0xFFFF,
    0xFFFF, 0xFFFF, 0xFFFF, 0xFFFF, 0xFFFF, 0xEF9E, 0x08CF, 0x4355, 0xB7BF, 0xA71F, 0xAF3F, 0xAF3F,
    0xAF1F, 0xA71F, 0xAF1F, 0xAF3F, 0xAF1F, 0xAF3F, 0x9EBD, 0x1130, 0x0046, 0x0000, 0x0000, 0x0000,
    0x0000, 0x0000, 0x0045, 0x21AF, 0x6458, 0xAF3F, 0xA71F, 0xA71F, 0xA71F, 0xA71F, 0xA71F, 0xA71F,
    0xA71F, 0xA71F, 0xA71F, 0xA71F, 0xA71E, 0xA71E, 0xA71F, 0xA6FE, 0xB79F, 0x6CB8, 0x114F, 0xC65B,
    0xE73D, 0xE73D, 0xFFFF, 0xFFFF, 0xFFFF, 0xFFFF, 0xFFFF, 0xFFFF, 0xFFFF, 0xFFFF, 0xFFFF, 0xFFFF,
    0xFFFF, 0xFFFF, 0xFFFF, 0xFFFF, 0xFFFF, 0xEF9E, 0x10CF, 0x4355, 0xB79F, 0xA6FE, 0xA71F, 0xA71F,
    0xA71F, 0xA71F, 0xA71F, 0xA71F, 0xA71F, 0xA73F, 0xA6DE, 0x5396, 0x112C, 0x0000, 0x0000, 0x0000,
    0x0000, 0x0000, 0x00AF, 0x5417, 0xB7BF, 0xA6DF, 0xA6FF, 0xA6FF, 0xA6FF, 0xA6FF, 0xA6FF, 0xA6FF,
    0xA6FF, 0xA6FF, 0xA6FF, 0xA6FF, 0xA6FE, 0xA6FF, 0xA71E, 0xA6FE, 0xB79F, 0x5C37, 0x004D, 0xDF1D,
    0xFFFF, 0xFFFF, 0xFFFF, 0xFFFF, 0xFFFF, 0xFFFF, 0xFFFF, 0xFFFF, 0xFFFF, 0xFFFF, 0xFFFF, 0xFFFF,
    0xFFFF, 0xFFFF, 0xFFFF, 0xFFFF, 0xFFFF, 0xEF9E, 0x10EE, 0x4355, 0xAF7F, 0xA6DF, 0xA6FF, 0xA71F,
    0xA71F, 0xA71F, 0xA6FF, 0xA6FF, 0xA6FF, 0xA6FF, 0xA71F, 0xB7BF, 0x3274, 0x008C, 0x0000, 0x0000,
    0x0000, 0x0000, 0x08AE, 0x53D6, 0xAF5F, 0x9EDF, 0xA6FF, 0xA6DF, 0x9EDF, 0x9EFF, 0x9EDF, 0x9EDF,
    0x9EDF, 0x9EDF, 0x9EDF, 0x9EDF, 0x9EDF, 0xA6FF, 0xA6FF, 0xA6FF, 0xB77F, 0x5C37, 0x008E, 0xDEFD,
    0xFFFF, 0xFFFF, 0xFFFF, 0xFFFF, 0xFFFF, 0xFFFF, 0xFFFF, 0xFFFF, 0xFFFF, 0xFFFF, 0xFFFF, 0xFFFF,
    0xD6DC, 0x4AB2, 0x5314, 0x6BB5, 0xFFFF, 0xF79E, 0x10EE, 0x4335, 0xAF7F, 0xA6DF, 0xA6FF, 0xA6FF,
    0xA6FF, 0xA6FF, 0xA6FF, 0xA6FF, 0xA6FF, 0xA6FF, 0xA6FF, 0xAF1F, 0x3273, 0x008B, 0x0000, 0x0000,
    0x0000, 0x0000, 0x004D, 0x4B96, 0xAF5F, 0x9EBE, 0x9EDF, 0x9EDF, 0x9EDF, 0x9EDF, 0x9EDF, 0x9EDF,
    0x9EDF, 0x9EDF, 0x9EDE, 0x9EDE, 0x9EDF, 0x9EDF, 0x9EDF, 0x9EDF, 0xAF7F, 0x5C37, 0x006D, 0xDEFD,
    0xFFFF, 0xFFFF, 0xFFFF, 0xFFFF, 0xFFFF, 0xFFFF, 0xFFFF, 0xFFFF, 0xFFFF, 0xC63B, 0x29D0, 0x3A31,
    0x3211, 0x3293, 0x0930, 0x110F, 0xFFFF, 0xF79E, 0x08EF, 0x4335, 0xAF5F, 0x9EDE, 0xA6DF, 0xA6FF,
    0xA6FF, 0xA6FF, 0x9EDF, 0x9EDF, 0xA6DF, 0xA6FF, 0xA6FF, 0xAF3F, 0x29F2, 0x004B, 0x0000, 0x0000,
    0x0000, 0x0889, 0x3273, 0x753B, 0x9EFF, 0x9EDF, 0x9EDF, 0x9EDF, 0x9EDF, 0x9EDF, 0x9EDF, 0x9EDF,
    0x9EDF, 0x9EDF, 0x9EBF, 0x9EBE, 0x9EBF, 0x9EDF, 0x9EDF, 0x9EBE, 0xAF5F, 0x5C37, 0x006D, 0xDEFD,
    0xFFFF, 0xFFFF, 0xFFFF, 0xFFFF, 0xF7BE, 0xF7DF, 0xAD99, 0x3A11, 0x4272, 0x3A72, 0x32D4, 0x32B3,
    0x4BB6, 0xBFBF, 0x4B76, 0x194F, 0xFFFF, 0xF79E, 0x08CF, 0x4335, 0xA73F, 0x9EBF, 0x9EDF, 0x9EDF,
    0x9EDF, 0x9EDF, 0x9EDF, 0x9EDF, 0x9EDF, 0x9EDF, 0xA6FF, 0x9EBF, 0x6499, 0x21D0, 0x0066, 0x0000,
    0x0000, 0x08D0, 0x6479, 0x9EBF, 0x8E3E, 0x969F, 0x9EBF, 0x9EBF, 0x96BF, 0x9EBF, 0x9EBF, 0x9EBF,
    0x9EBF, 0x9EBF, 0x9EBF, 0x9EBF, 0x9EBE, 0x9EBF, 0x9EBF, 0x9EBE, 0xAF3F, 0x5C17, 0x006D, 0xDEFD,
    0xFFFF, 0xE75D, 0xEF7E, 0xA538, 0x08CE, 0x192F, 0x21B0, 0x32B4, 0x2A33, 0x53F7, 0xAF5F, 0xA71F,
    0x9EDF, 0xA6FF, 0x4315, 0x192F, 0xFFFF, 0xF79E, 0x08CF, 0x4335, 0xA73F, 0x969E, 0x9EBF, 0x9EBF,
    0x9EBF, 0x9EDF, 0x9EBF, 0x9EBF, 0x9EBF, 0x9EBF, 0x9EBF, 0x8E3E, 0x9EFF, 0x4315, 0x00AD, 0x0000,
    0x0000, 0x00AE, 0x5C18, 0x965F, 0x861E, 0x8E3E, 0x967E, 0x96BF, 0x969F, 0x969F, 0x969F, 0x96BF,
    0x969F, 0x9EBF, 0x9EBF, 0x9EBF, 0x969F, 0x9E9F, 0x9EBF, 0x969E, 0xA71F, 0x5BF7, 0x006C, 0xDEFD,
    0xFFFF, 0x3A52, 0x08CF, 0x29F1, 0x53F7, 0x4B76, 0x751A, 0xA71F, 0x9EDF, 0x9EBF, 0x965E, 0x965E,
    0x967E, 0xA6FF, 0x4315, 0x192E, 0xFFFF, 0xF79E, 0x08CF, 0x3B15, 0xA71F, 0x967E, 0x969E, 0x969E,
    0x9E9F, 0x9EBF, 0x96BF, 0x96BF, 0x969E, 0x969F, 0x8E3E, 0x861E, 0x967F, 0x3AD4, 0x008C, 0x0000,
    0x0000, 0x00AE, 0x5C18, 0x967F, 0x85FE, 0x8E1E, 0x8E3E, 0x8E3E, 0x965E, 0x967F, 0x967F, 0x967F,
    0x967F, 0x969F, 0x969F, 0x969F, 0x969F, 0x969F, 0x969F, 0x967E, 0xA6FF, 0x53F7, 0x004D, 0xDEFD,
    0xFFFF, 0x29B1, 0x1991, 0x8E1D, 0xA71F, 0x9EDF, 0x969F, 0x8E1E, 0x8E3E, 0x8E3E, 0x965E, 0x967F,
    0x967E, 0xA6FF, 0x4315, 0x192E, 0xFFFF, 0xF79E, 0x08CE, 0x3B15, 0x9EFF, 0x967E, 0x967F, 0x969F,
    0x969F, 0x969F, 0x969F, 0x969F, 0x965E, 0x8E3E, 0x8E1E, 0x85FE, 0x967F, 0x3AF5, 0x008C, 0x0000,
    0x0000, 0x00AE, 0x5C18, 0x965F, 0x85FE, 0x8E1E, 0x8E1E, 0x8E1E, 0x8E1E, 0x8E1E, 0x8E1E, 0x8E1E,
    0x8E3E, 0x8E3E, 0x8E3E, 0x8E5F, 0x8E3E, 0x8E5E, 0x8E5E, 0x8E3E, 0x9EBF, 0x53D7, 0x004D, 0xDEFC,
    0xFFFF, 0x29B0, 0x2A33, 0x9EDF, 0x85FE, 0x85FE, 0x8E1E, 0x8E1E, 0x8E1E, 0x8E1E, 0x8E1E, 0x8E1E,
    0x8E1E, 0x9E9F, 0x3AF5, 0x192F, 0xFFFF, 0xF79E, 0x08CE, 0x3AF5, 0x9EBF, 0x8E3E, 0x8E3E, 0x8E3E,
    0x8E3E, 0x8E3E, 0x8E3E, 0x8E3E, 0x8E1E, 0x8DFE, 0x85FE, 0x85DE, 0x965F, 0x3AD5, 0x008C, 0x0000,
    0x0000, 0x00AE, 0x53F8, 0x8E3F, 0x85DE, 0x85FE, 0x85FE, 0x85FE, 0x85DE, 0x85DE, 0x85DE, 0x85FE,
    0x85FE, 0x85FE, 0x8DFE, 0x8DFE, 0x8DFE, 0x8DFE, 0x85FE, 0x85DE, 0x967F, 0x4BB7, 0x006D, 0xDEFC,
    0xFFFF, 0x29B0, 0x21F2, 0x8E3F, 0x85FE, 0x85DE, 0x85DE, 0x85DE, 0x85DE, 0x85DE, 0x85FE, 0x85FE,
    0x85FE, 0x965F, 0x3AD5, 0x192F, 0xFFFF, 0xEF9E, 0x08CE, 0x3AF5, 0x967F, 0x85FE, 0x8DFE, 0x85FE,
    0x85FE, 0x85FE, 0x85FE, 0x85FE, 0x85FE, 0x8DFE, 0x85DE, 0x85BE, 0x8E3F, 0x3AD5, 0x08AC, 0x0000,
    0x0000, 0x08CE, 0x53F8, 0x8E1F, 0x7DBD, 0x85DE, 0x85DE, 0x85DE, 0x85BE, 0x85DE, 0x85DE, 0x85DE,
    0x85DE, 0x85DE, 0x85FE, 0x85FE, 0x85DE, 0x85DE, 0x85DE, 0x85DE, 0x8E3F, 0x4B97, 0x008D, 0xDEFD,
    0xFFFF, 0x29B0, 0x21F2, 0x8E3F, 0x85DE, 0x85DE, 0x85DE, 0x85BE, 0x85DE, 0x85DE, 0x85DE, 0x85DE,
    0x85DE, 0x965F, 0x3AD5, 0x192E, 0xFFFF, 0xEF9E, 0x10EE, 0x3AD5, 0x965F, 0x85DE, 0x85DE, 0x85DE,
    0x85DE, 0x85BE, 0x85DE, 0x85DE, 0x85DE, 0x85DE, 0x85DE, 0x7DBE, 0x8E1F, 0x3AD5, 0x08AC, 0x0000,
    0x0000, 0x08CE, 0x53F8, 0x8E1F, 0x7DBE, 0x85BE, 0x85BE, 0x7DBE, 0x7DBE, 0x7DBE, 0x85BE, 0x85BE,
    0x85BE, 0x85BE, 0x85DE, 0x85DE, 0x85BE, 0x85BE, 0x85BE, 0x7DBE, 0x8E3F, 0x4B97, 0x006D, 0xDEFD,
    0xFFFF, 0x29B0, 0x21F3, 0x8E1F, 0x7DBE, 0x7DBE, 0x7DBE, 0x7DBE, 0x85BE, 0x85BE, 0x85BE, 0x85BE,
    0x7DBE, 0x8E3F, 0x3AD5, 0x192E, 0xFFFF, 0xF79E, 0x10EE, 0x3AD5, 0x8E3F, 0x85BE, 0x85BE, 0x85BE,
    0x85BE, 0x7DBE, 0x7DBE, 0x85BE, 0x7DBE, 0x85BE, 0x85BE, 0x7D9E, 0x8DFF, 0x3AB4, 0x08AC, 0x0000,
    0x0000, 0x08AE, 0x53F8, 0x85FF, 0x7D9E, 0x7DBE, 0x7DBE, 0x7D9E, 0x7D9E, 0x7D9E, 0x7D9E, 0x7D9E,
    0x7D9E, 0x7DBE, 0x7DBE, 0x7DBE, 0x7DBE, 0x7DBE, 0x7DBE, 0x7D9E, 0x8E1F, 0x4B97, 0x008D, 0xDEFD,
    0xFFFF, 0x29B0, 0x21F3, 0x85FF, 0x7D9E, 0x7D9E, 0x7D9E, 0x7D9E, 0x7D9E, 0x7D9E, 0x85BE, 0x85DF,
    0x85DF, 0x965F, 0x3AF5, 0x192E, 0xFFFF, 0xEF9E, 0x10EE, 0x3AD5, 0x8E1F, 0x7D9E, 0x7D9E, 0x7D9E,
    0x7D9E, 0x7D9E, 0x7D9E, 0x7D9E, 0x7D9E, 0x7D9E, 0x7D9E, 0x7D9E, 0x85FF, 0x3AB4, 0x08AC, 0x0000,
    0x0000, 0x00AF, 0x53F9, 0x85FF, 0x7D9E, 0x7D9E, 0x7D9E, 0x7D9E, 0x7D9E, 0x7D9E, 0x7D9E, 0x7D9E,
    0x7D7E, 0x7D7E, 0x7D9E, 0x7D9E, 0x7D9E, 0x7D9E, 0x7D9E, 0x7D9E, 0x8E1F, 0x4B97, 0x008D, 0xDEFD,
    0xFFFF, 0x29B0, 0x21F2, 0x85DF, 0x757E, 0x7D7E, 0x7D7E, 0x7D7E, 0x7D7E, 0x7D7E, 0x755D, 0x6CDC,
    0x6CFC, 0x7D5D, 0x3294, 0x216F, 0xFFFF, 0xEF9E, 0x10EF, 0x3AD5, 0x85FF, 0x7D7E, 0x7D7E, 0x7D7E,
    0x7D7E, 0x7D7E, 0x7D7E, 0x7D7E, 0x7D7E, 0x7D7E, 0x7D7E, 0x7D7E, 0x85FF, 0x3AB5, 0x08AD, 0x0000,
    0x0000, 0x08AD, 0x4336, 0x7D9E, 0x7D7E, 0x7D7E, 0x7D7E, 0x7D7E, 0x7D7E, 0x757E, 0x7D7E, 0x7D7E,
    0x755E, 0x755E, 0x755E, 0x755E, 0x7D7E, 0x7D9E, 0x7D7E, 0x755D, 0x85DF, 0x4B77, 0x008D, 0xDEFD,
    0xFFFF, 0x29B0, 0x21F2, 0x7DBE, 0x755D, 0x755D, 0x7D7E, 0x755E, 0x755D, 0x85FF, 0x6CBB, 0x008E,
    0x008E, 0x008E, 0x004D, 0x194F, 0xFFFF, 0xEF9E, 0x08CE, 0x32B5, 0x85FF, 0x755E, 0x755E, 0x755E,
    0x755E, 0x755E, 0x755E, 0x755E, 0x755E, 0x7D5E, 0x755E, 0x755E, 0x753D, 0x2A33, 0x08AB, 0x0000,
    0x0000, 0x0065, 0x08F0, 0x64BB, 0x7D7E, 0x753D, 0x753D, 0x755E, 0x755E, 0x755E, 0x755E, 0x755E,
    0x753E, 0x753E, 0x753E, 0x753E, 0x755E, 0x755E, 0x7DBF, 0x85BF, 0x8E3F, 0x4B98, 0x006D, 0xDEFD,
    0xFFFF, 0x29B0, 0x21D2, 0x7D9E, 0x753D, 0x753D, 0x753D, 0x7D7E, 0x6CDC, 0x0951, 0x3232, 0xBDFA,
    0xBDFA, 0xBE1A, 0xBDFA, 0xC63A, 0xFFFF, 0xEF7E, 0x08CF, 0x32B5, 0x85BF, 0x751D, 0x753D, 0x753E,
    0x753E, 0x753E, 0x753E, 0x753E, 0x753E, 0x753E, 0x753D, 0x7D9F, 0x4B98, 0x08AF, 0x0000, 0x0000,
    0x0000, 0x0066, 0x1110, 0x649B, 0x753E, 0x6D1D, 0x751D, 0x6D1D, 0x6D1D, 0x6D1E, 0x6D1D, 0x6D1D,
    0x751D, 0x753D, 0x751E, 0x751D, 0x753E, 0x755E, 0x4BB8, 0x4357, 0x4BB8, 0x2A33, 0x008D, 0xDEFC,
    0xFFFF, 0x29B0, 0x21D2, 0x7D7E, 0x6CFD, 0x6D1D, 0x753D, 0x6CFC, 0x4B36, 0x5B13, 0x7C15, 0xFFFF,
    0xFFFF, 0xFFFF, 0xFFFF, 0xFFFF, 0xFFFF, 0xEF7E, 0x08EF, 0x3295, 0x7D7E, 0x6CFD, 0x6CFD, 0x751E,
    0x751E, 0x751D, 0x751D, 0x751D, 0x751D, 0x751D, 0x6CFD, 0x755E, 0x4B98, 0x08CF, 0x0000, 0x0000,
    0x0000, 0x0866, 0x1131, 0x647B, 0x751E, 0x6CFD, 0x6CFD, 0x6CFD, 0x6CFD, 0x6CFD, 0x6CFD, 0x6CFD,
    0x6CFD, 0x6CFD, 0x6CFD, 0x6CFD, 0x6CFD, 0x751D, 0x21B1, 0x08CE, 0x10EF, 0x110F, 0x110E, 0xDEFC,
    0xFFFF, 0x29B0, 0x19B2, 0x755E, 0x6CFD, 0x6CFD, 0x6D1D, 0x541A, 0x31F1, 0xFFFF, 0xFFFF, 0xFFDF,
    0xFFFF, 0xFFFF, 0xFFFF, 0xFFDF, 0xFFFF, 0xEF7E, 0x08EF, 0x2A75, 0x753E, 0x6CDD, 0x6CDD, 0x6CFD,
    0x6CFD, 0x6CFD, 0x6CFD, 0x6CFD, 0x6CFD, 0x6CFD, 0x6CDD, 0x753E, 0x4B78, 0x08CF, 0x0000, 0x0000,
    0x0000, 0x0866, 0x1110, 0x5C1A, 0x6CDD, 0x6CBD, 0x6CDD, 0x6CDD, 0x64BD, 0x64BD, 0x64BD, 0x6CDD,
    0x6CDD, 0x6CDD, 0x6CDD, 0x7D9F, 0x32B5, 0x002D, 0xBE1B, 0xEF7E, 0xEF7E, 0xEF7E, 0xEF5E, 0xFFDF,
    0xFFFF, 0x31D1, 0x19B3, 0x753E, 0x6CDD, 0x751E, 0x3AF6, 0x112F, 0xD6DC, 0xFFDF, 0xFFDF, 0xFFFF,
    0xFFFF, 0xFFFF, 0xFFFF, 0xFFFF, 0xFFFF, 0xEF7E, 0x10EF, 0x2A55, 0x751E, 0x6CBD, 0x6CDD, 0x6CDD,
    0x6CDD, 0x6CDD, 0x6CDD, 0x64BD, 0x6CDD, 0x6CDD, 0x6CBD, 0x6CFE, 0x4338, 0x08CF, 0x0000, 0x0000,
    0x0000, 0x0000, 0x0888, 0x1972, 0x5C3B, 0x64BD, 0x649C, 0x649C, 0x649C, 0x649D, 0x649C, 0x64BD,
    0x64BD, 0x6D1E, 0x647C, 0x21D3, 0x6395, 0x94D7, 0xEF7E, 0xFFFF, 0xFFFF, 0xFFFF, 0xFFFF, 0xFFFF,
    0xFFFF, 0x31F1, 0x19B2, 0x751E, 0x64BC, 0x6CFE, 0x3AB6, 0x08CE, 0xEF7E, 0xFFFF, 0xFFFF, 0xFFFF,
    0xFFFF, 0xFFFF, 0xFFFF, 0xFFFF, 0xFFFF, 0xEF7E, 0x08CE, 0x2A55, 0x6CFE, 0x649D, 0x64BD, 0x649D,
    0x649D, 0x649D, 0x649D, 0x649D, 0x649D, 0x649D, 0x6CDE, 0x4B98, 0x1110, 0x0865, 0x0000, 0x0000,
    0x0000, 0x0000, 0x0067, 0x1131, 0x5C3B, 0x649D, 0x647D, 0x647C, 0x647C, 0x647D, 0x649D, 0x649D,
    0x649D, 0x5C5C, 0x53B9, 0x212F, 0xA558, 0xFFFF, 0xFFFF, 0xFFFF, 0xFFFF, 0xFFFF, 0xFFFF, 0xFFFF,
    0xFFFF, 0x31F1, 0x19B2, 0x6CFE, 0x649C, 0x6CFE, 0x3AD6, 0x08EE, 0xE73E, 0xFFFF, 0xFFFF, 0xFFFF,
    0xFFFF, 0xFFFF, 0xFFFF, 0xFFDF, 0xFFFF, 0xF79E, 0x08CE, 0x2A34, 0x6CDE, 0x647D, 0x647D, 0x647D,
    0x647D, 0x647D, 0x647D, 0x647D, 0x647D, 0x645C, 0x6CBE, 0x4358, 0x08CF, 0x0000, 0x0000, 0x0000,
    0x0000, 0x0000, 0x0867, 0x1131, 0x53FB, 0x647E, 0x5C5D, 0x5C5C, 0x5C3C, 0x5C3C, 0x5C5C, 0x645C,
    0x6CBE, 0x1992, 0x29D0, 0xFFFF, 0xFFFF, 0xFFDF, 0xFFFF, 0xFFFF, 0xFFFF, 0xFFFF, 0xFFFF, 0xFFFF,
    0xFFFF, 0x31F1, 0x19B2, 0x6CDD, 0x5C7C, 0x6CDE, 0x3295, 0x008D, 0xFFDF, 0xFFFF, 0xFFFF, 0xFFFF,
    0xFFFF, 0xFFFF, 0xFFFF, 0xFFFF, 0xCE9B, 0x29D1, 0x4B79, 0x53DB, 0x645D, 0x5C5D, 0x5C5D, 0x5C5D,
    0x5C5D, 0x5C5D, 0x5C5D, 0x5C3D, 0x5C3C, 0x5C3C, 0x647E, 0x4338, 0x08F0, 0x0000, 0x0000, 0x0000,
    0x0000, 0x0000, 0x0000, 0x08AA, 0x21D4, 0x53FC, 0x5C1C, 0x541C, 0x53FC, 0x53FC, 0x53FC, 0x5C1C,
    0x645D, 0x1172, 0x29D0, 0xFFFF, 0xFFFF, 0xFFFF, 0xFFFF, 0xFFFF, 0xFFFF, 0xFFFF, 0xFFFF, 0xFFFF,
    0xFFFF, 0x31D1, 0x1993, 0x649E, 0x5C3D, 0x647D, 0x4338, 0x2A14, 0x8CB8, 0xB5DA, 0xFFFF, 0xFFFF,
    0xFFFF, 0xFFFF, 0xFFFF, 0xB5DA, 0x7C37, 0x1993, 0x5C1D, 0x5C3D, 0x5C1C, 0x5C1C, 0x5C1C, 0x5C1C,
    0x5C1D, 0x5C1D, 0x5C1D, 0x541C, 0x53FC, 0x5C1D, 0x4B9A, 0x1151, 0x0886, 0x0000, 0x0000, 0x0000,
    0x0000, 0x0000, 0x0000, 0x0889, 0x1173, 0x53FD, 0x53FD, 0x53FC, 0x53FD, 0x53DC, 0x53FC, 0x53FC,
    0x5C3D, 0x1172, 0x29D0, 0xFFDF, 0xFFFF, 0xFFFF, 0xFFFF, 0xFFFF, 0xFFFF, 0xFFFF, 0xFFFF, 0xFFDF,
    0xFFDF, 0x31D0, 0x1173, 0x5C5E, 0x5C1D, 0x5C1D, 0x5C1D, 0x5C3E, 0x006F, 0x3211, 0xFFDF, 0xFFDF,
    0xFFDF, 0xFFDF, 0xFFDF, 0x194F, 0x0932, 0x647E, 0x53DC, 0x53DC, 0x53FD, 0x53FC, 0x53FD, 0x53FD,
    0x53FD, 0x53FD, 0x53FD, 0x53DC, 0x53DC, 0x5C1E, 0x4B9B, 0x0911, 0x0065, 0x0000, 0x0000, 0x0000,
    0x0000, 0x0000, 0x0000, 0x0000, 0x10ED, 0x2A56, 0x53DC, 0x53FC, 0x53DD, 0x53DD, 0x53DC, 0x53BC,
    0x5BFD, 0x0931, 0x29AF, 0xFFFF, 0xFFFF, 0xFFFF, 0xFFFF, 0xFFFF, 0xFFFF, 0xFFFF, 0xFFFF, 0xDEDC,
    0x190E, 0x3AD8, 0x4B9B, 0x53FC, 0x53FC, 0x53FD, 0x53DC, 0x53BC, 0x53BC, 0x42F8, 0x216F, 0x2190,
    0x2190, 0x2190, 0x2190, 0x4339, 0x4B9B, 0x4BBC, 0x53DC, 0x53DD, 0x53DD, 0x53DD, 0x53DD, 0x53DD,
    0x53DC, 0x53DD, 0x53DD, 0x53DC, 0x53DC, 0x4B7A, 0x21D3, 0x08AA, 0x0000, 0x0000, 0x0000, 0x0000,
    0x0000, 0x0000, 0x0000, 0x0000, 0x0889, 0x1153, 0x53BD, 0x53DD, 0x53BC, 0x4BBC, 0x4BBC, 0x53BC,
    0x53BC, 0x2A56, 0x3A74, 0x8C56, 0xBE1A, 0xFFFF, 0xFFFF, 0xFFFF, 0xFFFF, 0xFFFF, 0x9D18, 0x73F6,
    0x19B4, 0x4B7B, 0x53FD, 0x53DC, 0x53DD, 0x53DD, 0x53DD, 0x4BBC, 0x53FD, 0x4B7B, 0x2215, 0x2A15,
    0x2215, 0x2215, 0x2215, 0x4B9C, 0x53DD, 0x4BBC, 0x53DD, 0x53DD, 0x53DD, 0x53DC, 0x53DD, 0x53DD,
    0x53DC, 0x53DC, 0x53DD, 0x53BC, 0x53DD, 0x431A, 0x08F0, 0x0065, 0x0000, 0x0000, 0x0000, 0x0000,
    0x0000, 0x0000, 0x0000, 0x0000, 0x0045, 0x110E, 0x3278, 0x433C, 0x4B9C, 0x4B9C, 0x4B9C, 0x4B9C,
    0x4B9C, 0x53DD, 0x435B, 0x000D, 0x6375, 0xF79E, 0xEF7E, 0xEF9E, 0xF79E, 0xEF7E, 0x110F, 0x00D0,
    0x5C1E, 0x53BC, 0x4BBC, 0x53BD, 0x4BBD, 0x53BD, 0x4BBC, 0x4B9C, 0x4B9C, 0x4BBC, 0x53FE, 0x53DD,
    0x53DD, 0x53BC, 0x53BD, 0x4B9C, 0x4B9C, 0x4B9C, 0x4BBC, 0x4BBD, 0x4BBC, 0x4BBC, 0x4BBD, 0x53DD,
    0x53DD, 0x53BC, 0x53BC, 0x4B7D, 0x431B, 0x2A15, 0x08CB, 0x0000, 0x0000, 0x0000, 0x0000, 0x0000,
    0x0000, 0x0000, 0x0000, 0x0000, 0x0000, 0x0867, 0x1132, 0x32BC, 0x4B5D, 0x4B9C, 0x4B7C, 0x4B7C,
    0x4B7C, 0x4B7C, 0x435B, 0x4B9C, 0x3256, 0x10EE, 0x192F, 0x110E, 0x110E, 0x10EE, 0x431A, 0x4B9B,
    0x4B7B, 0x4B9C, 0x4B9C, 0x4B9D, 0x4B9D, 0x4B9D, 0x4B9D, 0x4B7D, 0x4B7D, 0x4B7C, 0x435C, 0x435C,
    0x435B, 0x435B, 0x435B, 0x4B7C, 0x4B7C, 0x4B9C, 0x4B7C, 0x4B7C, 0x4B7C, 0x4B9C, 0x4B9D, 0x4B9C,
    0x4B9C, 0x4BBD, 0x53BC, 0x435E, 0x2A38, 0x08CF, 0x0000, 0x0000, 0x0000, 0x0000, 0x0000, 0x0000,
    0x0000, 0x0000, 0x0000, 0x0000, 0x0000, 0x0000, 0x08A8, 0x1994, 0x329A, 0x433D, 0x4B5C, 0x4B5C,
    0x4B5C, 0x435C, 0x433C, 0x4B7D, 0x3ADA, 0x2216, 0x2A37, 0x2A36, 0x2A16, 0x21F5, 0x433B, 0x4B7C,
    0x435B, 0x4B5C, 0x4B7C, 0x4B7C, 0x4B5D, 0x4B7D, 0x4B7D, 0x4B5D, 0x4B5D, 0x435C, 0x433C, 0x433C,
    0x433C, 0x435C, 0x435C, 0x435C, 0x4B7C, 0x4B7C, 0x4B5C, 0x4B5C, 0x4B7C, 0x4B7C, 0x4B7D, 0x4B7D,
    0x4B7C, 0x4B7D, 0x431D, 0x2A18, 0x1150, 0x0865, 0x0000, 0x0000, 0x0000, 0x0000, 0x0000, 0x0000,
    0x0000, 0x0000, 0x0000, 0x0000, 0x0000, 0x0000, 0x0000, 0x08AC, 0x19B5, 0x327B, 0x431C, 0x433C,
    0x433C, 0x435C, 0x433C, 0x433C, 0x4B7D, 0x4B9D, 0x4B9D, 0x4B9D, 0x4B9E, 0x4B7D, 0x433C, 0x433C,
    0x433C, 0x433C, 0x435C, 0x435D, 0x435D, 0x435D, 0x433D, 0x433D, 0x433D, 0x433C, 0x433C, 0x433C,
    0x433C, 0x433D, 0x433C, 0x433C, 0x4B5C, 0x435D, 0x433D, 0x435D, 0x4B5C, 0x4B5C, 0x4B5D, 0x4B5D,
    0x435D, 0x431C, 0x2A5A, 0x1131, 0x0089, 0x0000, 0x0000, 0x0000, 0x0000, 0x0000, 0x0000, 0x0000,
    0x0000, 0x0000, 0x0000, 0x0000, 0x0000, 0x0000, 0x0000, 0x0000, 0x08AB, 0x1154, 0x327C, 0x3AFC,
    0x433C, 0x433C, 0x433C, 0x433C, 0x433C, 0x433C, 0x433C, 0x433C, 0x431C, 0x431C, 0x431C, 0x431C,
    0x433C, 0x433C, 0x431C, 0x433D, 0x433D, 0x433C, 0x431C, 0x431C, 0x433C, 0x433C, 0x433C, 0x431C,
    0x431C, 0x433C, 0x431C, 0x433C, 0x433C, 0x433C, 0x433D, 0x433C, 0x433C, 0x435C, 0x433C, 0x433C,
    0x3AFD, 0x2A5A, 0x1131, 0x0887, 0x0000, 0x0000, 0x0000, 0x0000, 0x0000, 0x0000, 0x0000, 0x0000,
    0x0000, 0x0000, 0x0000, 0x0000, 0x0000, 0x0000, 0x0000, 0x0000, 0x0000, 0x08A9, 0x1153, 0x2A5A,
    0x3B1E, 0x433C, 0x433C, 0x433C, 0x433C, 0x433C, 0x433C, 0x431C, 0x431C, 0x431C, 0x431C, 0x431C,
    0x433C, 0x433C, 0x431C, 0x431D, 0x431C, 0x431C, 0x431C, 0x431C, 0x431C, 0x431C, 0x431C, 0x431B,
    0x433C, 0x431C, 0x431C, 0x433C, 0x433C, 0x433C, 0x433D, 0x431C, 0x431C, 0x433C, 0x431C, 0x3ADD,
    0x2218, 0x1152, 0x0886, 0x0000, 0x0000, 0x0000, 0x0000, 0x0000, 0x0000, 0x0000, 0x0000, 0x0000,
    0x0000, 0x0000, 0x0000, 0x0000, 0x0000, 0x0000, 0x0000, 0x0000, 0x0000, 0x0000, 0x08AA, 0x1994,
    0x2A5A, 0x433D, 0x431C, 0x431C, 0x431C, 0x433C, 0x431C, 0x431B, 0x431B, 0x42FB, 0x431C, 0x431C,
    0x431C, 0x431C, 0x431C, 0x431C, 0x431C, 0x42FC, 0x42FC, 0x42FC, 0x42FC, 0x431C, 0x431C, 0x431B,
    0x431C, 0x433C, 0x433C, 0x433C, 0x431C, 0x431C, 0x431C, 0x431C, 0x431C, 0x3B1C, 0x3ABB, 0x2219,
    0x1131, 0x0889, 0x0000, 0x0000, 0x0000, 0x0000, 0x0000, 0x0000, 0x0000, 0x0000, 0x0000, 0x0000,
    0x0000, 0x0000, 0x0000, 0x0000, 0x0000, 0x0000, 0x0000, 0x0000, 0x0000, 0x0000, 0x0000, 0x08AA,
    0x1131, 0x329B, 0x3ABB, 0x42FC, 0x431C, 0x431C, 0x431C, 0x42FB, 0x42FB, 0x42FB, 0x42FB, 0x3AFB,
    0x3AFB, 0x42FB, 0x42FC, 0x42FC, 0x42FC, 0x42FC, 0x3ADB, 0x3ADB, 0x42FB, 0x42FB, 0x42FC, 0x431C,
    0x431C, 0x431C, 0x431C, 0x431C, 0x42FC, 0x3AFB, 0x42FC, 0x3AFC, 0x3ADC, 0x329B, 0x2A19, 0x08EE,
    0x0067, 0x0000, 0x0000, 0x0000, 0x0000, 0x0000, 0x0000, 0x0000, 0x0000, 0x0000, 0x0000, 0x0000,
    0x0000, 0x0000, 0x0000, 0x0000, 0x0000, 0x0000, 0x0000, 0x0000, 0x0000, 0x0000, 0x0000, 0x0000,
    0x0865, 0x1111, 0x21D7, 0x329D, 0x3ABC, 0x431C, 0x42FC, 0x42FC, 0x3AFC, 0x3AFC, 0x3AFC, 0x3AFC,
    0x3AFC, 0x3AFC, 0x3AFC, 0x3ADC, 0x42FC, 0x42FC, 0x3ADC, 0x3ADB, 0x3ADB, 0x3ADB, 0x42FB, 0x3AFC,
    0x3AFC, 0x42FC, 0x431C, 0x431C, 0x42FC, 0x3ADC, 0x3ABC, 0x329C, 0x325C, 0x1994, 0x10EE, 0x0000,
    0x0000, 0x0000, 0x0000, 0x0000, 0x0000, 0x0000, 0x0000, 0x0000, 0x0000, 0x0000, 0x0000, 0x0000,
    0x0000, 0x0000, 0x0000, 0x0000, 0x0000, 0x0000, 0x0000, 0x0000, 0x0000, 0x0000, 0x0000, 0x0000,
    0x0000, 0x0000, 0x10EC, 0x1974, 0x2A3A, 0x327D, 0x327C, 0x3ADC, 0x3ABC, 0x3ABC, 0x3ADC, 0x3AFD,
    0x42FD, 0x3AFC, 0x3ADC, 0x3ADD, 0x3ADD, 0x3ADD, 0x3ADD, 0x3ADC, 0x3ABB, 0x3ADB, 0x3ADC, 0x3AFC,
    0x42FC, 0x42FC, 0x3AFC, 0x3ADC, 0x3ADC, 0x327C, 0x325D, 0x21F9, 0x1153, 0x08A9, 0x0000, 0x0000,
    0x0000, 0x0000, 0x0000, 0x0000, 0x0000, 0x0000, 0x0000, 0x0000, 0x0000, 0x0000, 0x0000, 0x0000,
    0x0000, 0x0000, 0x0000, 0x0000, 0x0000, 0x0000, 0x0000, 0x0000, 0x0000, 0x0000, 0x0000, 0x0000,
    0x0000, 0x0000, 0x0000, 0x0065, 0x1131, 0x1974, 0x19B6, 0x2A5C, 0x2A3B, 0x2A3C, 0x329D, 0x3ABD,
    0x3ABD, 0x3ABC, 0x3ABC, 0x3A9C, 0x329C, 0x329C, 0x3A9C, 0x3A9C, 0x3ABC, 0x3ABC, 0x3ABC, 0x3ABD,
    0x329D, 0x3ABD, 0x327C, 0x2A3B, 0x2A5C, 0x21B7, 0x1973, 0x112F, 0x0865, 0x0000, 0x0000, 0x0000,
    0x0000, 0x0000, 0x0000, 0x0000, 0x0000, 0x0000, 0x0000, 0x0000, 0x0000, 0x0000, 0x0000, 0x0000,
    0x0000, 0x0000, 0x0000, 0x0000, 0x0000, 0x0000, 0x0000, 0x0000, 0x0000, 0x0000, 0x0000, 0x0000,
    0x0000, 0x0000, 0x0000, 0x0000, 0x0000, 0x0065, 0x08A9, 0x1154, 0x1132, 0x1974, 0x2A1B, 0x2A1B,
    0x2A1B, 0x2A3C, 0x2A3C, 0x2A3C, 0x2A3C, 0x2A3C, 0x2A3C, 0x2A3C, 0x2A3D, 0x325C, 0x325D, 0x2A1B,
    0x21FA, 0x21FB, 0x19B7, 0x1132, 0x1153, 0x10EC, 0x0065, 0x0000, 0x0000, 0x0000, 0x0000, 0x0000,
    0x0000, 0x0000, 0x0000, 0x0000, 0x0000, 0x0000, 0x0000, 0x0000, 0x0000, 0x0000, 0x0000, 0x0000,
    0x0000, 0x0000, 0x0000, 0x0000, 0x0000, 0x0000, 0x0000, 0x0000, 0x0000, 0x0000, 0x0000, 0x0000,
    0x0000, 0x0000, 0x0000, 0x0000, 0x0000, 0x0000, 0x0000, 0x0045, 0x0000, 0x0888, 0x1131, 0x1110,
    0x1110, 0x1997, 0x21D8, 0x21B8, 0x21B7, 0x21B7, 0x21B7, 0x21B8, 0x21B8, 0x21B7, 0x21D8, 0x1153,
    0x1110, 0x1131, 0x08CC, 0x0000, 0x0065, 0x0000, 0x0000, 0x0000, 0x0000, 0x0000, 0x0000, 0x0000,
    0x0000, 0x0000, 0x0000, 0x0000, 0x0000, 0x0000, 0x0000, 0x0000, 0x0000, 0x0000, 0x0000, 0x0000,
    0x0000, 0x0000, 0x0000, 0x0000, 0x0000, 0x0000, 0x0000, 0x0000, 0x0000, 0x0000, 0x0000, 0x0000,
    0x0000, 0x0000, 0x0000, 0x0000, 0x0000, 0x0000, 0x0000, 0x0000, 0x0000, 0x0000, 0x0000, 0x0000,
    0x0000, 0x08CC, 0x08EF, 0x10EE, 0x08EE, 0x08CD, 0x08CD, 0x08EE, 0x08CE, 0x08CD, 0x08EE, 0x0888,
    0x0000, 0x0000, 0x0000, 0x0000, 0x0000, 0x0000, 0x0000, 0x0000, 0x0000, 0x0000, 0x0000, 0x0000,
    0x0000, 0x0000, 0x0000, 0x0000, 0x0000, 0x0000, 0x0000, 0x0000, 0x0000, 0x0000, 0x0000, 0x0000,
    0x0000, 0x0000, 0x0000, 0x0000, 0x0000, 0x0000, 0x0000, 0x0000, 0x0000, 0x0000, 0x0000, 0x0000,
    0x0000, 0x0000, 0x0000, 0x0000, 0x0000, 0x0000, 0x0000, 0x0000, 0x0000, 0x0000, 0x0000, 0x0000,
    0x0000, 0x0000, 0x0000, 0x0000, 0x0000, 0x0000, 0x0000, 0x0000, 0x0000, 0x0000, 0x0000, 0x0000,
    0x0000, 0x0000, 0x0000, 0x0000, 0x0000, 0x0000, 0x0000, 0x0000, 0x0000, 0x0000, 0x0000, 0x0000,
    0x0000, 0x0000, 0x0000, 0x0000, 0x0000, 0x0000, 0x0000, 0x0000, 0x0000, 0x0000, 0x0000, 0x0000
  },
  { // 帧 5
    0x0000, 0x0000, 0x0000, 0x0000, 0x0000, 0x0000, 0x0000, 0x0000, 0x0000, 0x0000, 0x39A4, 0x5A88,
    0x62E9, 0x62CA, 0x62CA, 0x62CA, 0x62CA, 0x62CA, 0x62CA, 0x62CA, 0x62CA, 0x62CA, 0x62CA, 0x62CA,
    0x62CA, 0x62CA, 0x62CA, 0x62CA, 0x62CA, 0x62CA, 0x62CA, 0x62CA, 0x62CA, 0x62CA, 0x62CA, 0x62CA,
    0x62CA, 0x62CA, 0x62CA, 0x62CA, 0x62CA, 0x62CA, 0x62CA, 0x62CA, 0x62CA, 0x62CA, 0x62CA, 0x62C9,
    0x62A8, 0x41C5, 0x0000, 0x0000, 0x0000, 0x0000, 0x0000, 0x0000, 0x0000, 0x0000, 0x0000, 0x0000,
    0x0000, 0x0000, 0x0000, 0x0000, 0x0000, 0x0000, 0x0000, 0x0000, 0x734A, 0xB4F1, 0xCDB3, 0xCDD4,
    0xCDD4, 0xCDD4, 0xCDD4, 0xCDD4, 0xCDD4, 0xCDD4, 0xCDD4, 0xCDD4, 0xCDD4, 0xCDD4, 0xCDD4, 0xCDD4,
    0xCDD4, 0xCDD4, 0xCDD4, 0xCDD4, 0xCDD4, 0xCDD4, 0xCDD4, 0xCDD4, 0xCDD4, 0xCDD4, 0xCDD4, 0xCDD4,
    0xCDD4, 0xCDD4, 0xCDD4, 0xCDD4, 0xCDD4, 0xCDD4, 0xCDD4, 0xCDD4, 0xCDD4, 0xCDD4, 0xCDD4, 0xCDD4,
    0xCDD4, 0xCDB4, 0xB531, 0x83AC, 0x3144, 0x0000, 0x0000, 0x0000, 0x0000, 0x0000, 0x0000, 0x0000,
    0x0000, 0x0000, 0x0000, 0x0000, 0x0000, 0x0000, 0x6B2A, 0xC573, 0xD5F5, 0xCD94, 0xC573, 0xC573,
    0xC573, 0xC573, 0xC573, 0xC573, 0xC573, 0xC573, 0xC573, 0xC573, 0xC573, 0xC573, 0xC573, 0xC573,
    0xC573, 0xC573, 0xC573, 0xC573, 0xC573, 0xC573, 0xC573, 0xC573, 0xC573, 0xC573, 0xC573, 0xC573,
    0xC573, 0xC573, 0xC573, 0xC573, 0xC573, 0xC573, 0xC573, 0xC573, 0xC573, 0xC573, 0xC573, 0xC573,
    0xC573, 0xC573, 0xC594, 0xD5D4, 0xCDB4, 0x83CC, 0x0000, 0x0000, 0x0000, 0x0000, 0x0000, 0x0000,
    0x0000, 0x0000, 0x0000, 0x0000, 0x0000, 0x9C6F, 0xD5F5, 0xC573, 0xC573, 0xC573, 0xC573, 0xC573,
    0xC552, 0xC573, 0xC593, 0xC593, 0xC593, 0xC593, 0xC593, 0xC593, 0xC593, 0xC593, 0xC593, 0xC593,
    0xC593, 0xC593, 0xC593, 0xC573, 0xC573, 0xC573, 0xC573, 0xC573, 0xC573, 0xC593, 0xC593, 0xC593,
    0xC593, 0xC593, 0xC593, 0xC593, 0xC593, 0xC593, 0xC593, 0xC593, 0xC593, 0xC593, 0xC573, 0xC553,
    0xC573, 0xC573, 0xC573, 0xC573, 0xC573, 0xD5F5, 0xB511, 0x2923, 0x0000, 0x0000, 0x0000, 0x0000,
    0x0000, 0x0000, 0x0000, 0x0000, 0xACD0, 0xCDD4, 0xBD53, 0xC573, 0xC593, 0xC573, 0xC573, 0xCDD5,
    0xDE57, 0xE6B9, 0xEEFA, 0xEEFA, 0xEEFA, 0xEEFA, 0xEEFA, 0xEEFA, 0xEEFA, 0xEEFA, 0xEEFA, 0xEEFA,
    0xEEFA, 0xEEFA, 0xEEFA, 0xE6B9, 0xC593, 0xC573, 0xC593, 0xC573, 0xDE56, 0xEEF8, 0xE6D8, 0xE6D8,
    0xE6D8, 0xE6D8, 0xE6D8, 0xE6D8, 0xE6D8, 0xE6D8, 0xE6D8, 0xE6D8, 0xE6D8, 0xE6D8, 0xE697, 0xDE55,
    0xCDD4, 0xC573, 0xC573, 0xC593, 0xC573, 0xBD53, 0xCDB4, 0xC572, 0x2943, 0x0000, 0x0000, 0x0000,
    0x0000, 0x0000, 0x0000, 0x9C6E, 0xD5D4, 0xBD53, 0xC593, 0xC573, 0xC553, 0xCDF5, 0xE6D9, 0xEF3B,
    0xF75B, 0xF73B, 0xEF3B, 0xEF3B, 0xEF3B, 0xEF3B, 0xEF3B, 0xEF3B, 0xEF3B, 0xEF3B, 0xEF3B, 0xEF3B,
    0xEF3B, 0xEF3B, 0xEF3B, 0xF75C, 0xCDF5, 0xC573, 0xC573, 0xC593, 0xEEF9, 0xEF19, 0xEF19, 0xEF19,
    0xEF19, 0xEF19, 0xEF19, 0xEF19, 0xEF19, 0xEF19, 0xEF19, 0xEF19, 0xEF19, 0xEF19, 0xEF19, 0xEF19,
    0xEF19, 0xE6B7, 0xD5F4, 0xC572, 0xC573, 0xC593, 0xC573, 0xCDB4, 0xBD31, 0x0000, 0x0000, 0x0000,
    0x0000, 0x0000, 0x62C9, 0xD5F5, 0xBD53, 0xC593, 0xC573, 0xC573, 0xDE57, 0xF73B, 0xF73B, 0xEF3B,
    0xEF1B, 0xEF1B, 0xEF3B, 0xEF3B, 0xEF3B, 0xEF3B, 0xEF3B, 0xEF3B, 0xEF3B, 0xEF3B, 0xEF3B, 0xEF3B,
    0xEF3B, 0xEF3B, 0xEF3B, 0xF73B, 0xCDF5, 0xC573, 0xC573, 0xC593, 0xEEF8, 0xEF19, 0xEEF9, 0xEEF9,
    0xEEF9, 0xEEF9, 0xEEF9, 0xEEF9, 0xEEF9, 0xEEF9, 0xEEF9, 0xEEF9, 0xEEF9, 0xEEF9, 0xEEF9, 0xEEF9,
    0xEEF9, 0xEF19, 0xEF19, 0xDE55, 0xC573, 0xC573, 0xC593, 0xBD53, 0xD5D4, 0x8BCC, 0x0000, 0x0000,
    0x0000, 0x0000, 0xC572, 0xC593, 0xC573, 0xC573, 0xC573, 0xDE98, 0xF75C, 0xEF3B, 0xEF1B, 0xEF3B,
    0xEF3B, 0xEF3B, 0xEF3B, 0xEF3B, 0xEF3B, 0xEF3B, 0xEF3B, 0xEF3B, 0xEF3B, 0xEF3B, 0xEF3B, 0xEF3B,
    0xEF3B, 0xEF3B, 0xEF3B, 0xF73B, 0xCDF5, 0xC573, 0xC573, 0xC593, 0xEEF8, 0xEF19, 0xEEF9, 0xEEF9,
    0xEEF9, 0xEEF9, 0xEEF9, 0xEEF9, 0xEEF9, 0xEEF9, 0xEEF9, 0xEEF9, 0xEEF9, 0xEF19, 0xEEF9, 0xEEF9,
    0xEEF9, 0xEEF9, 0xEEF9, 0xEF19, 0xE696, 0xC573, 0xC573, 0xC573, 0xC573, 0xCDD4, 0x3164, 0x0000,
    0x0000, 0x62C9, 0xD5F5, 0xBD73, 0xC593, 0xC553, 0xDE57, 0xF75B, 0xEF1B, 0xEF3B, 0xEF3B, 0xEF3B,
    0xEF3B, 0xEF3B, 0xEF1B, 0xEF1A, 0xEF1A, 0xEF1A, 0xEF1B, 0xEF3B, 0xEF3B, 0xEF3B, 0xEF3B, 0xEF3B,
    0xEF3B, 0xEF3B, 0xEF3B, 0xF73B, 0xCDF5, 0xC573, 0xC573, 0xC593, 0xEEF8, 0xEF19, 0xEEF9, 0xEEF9,
    0xEEF9, 0xEEF9, 0xEEF9, 0xEEF9, 0xEEF9, 0xEEF9, 0xEEF8, 0xEEF8, 0xEEF8, 0xEEF8, 0xEEF9, 0xEEF9,
    0xEEF9, 0xEEF9, 0xEEF9, 0xEEF9, 0xEF19, 0xDE75, 0xC573, 0xC593, 0xC573, 0xCDD4, 0x8BED, 0x0000,
    0x0000, 0xA4AF, 0xCDB4, 0xC573, 0xC573, 0xCDF5, 0xF73B, 0xEF1B, 0xEF3B, 0xEF3B, 0xEF3B, 0xEF3B,
    0xEF3B, 0xEF1B, 0xEF3C, 0xF77D, 0xF77C, 0xF77D, 0xEF3B, 0xEF1A, 0xEF3B, 0xEF3B, 0xEF3B, 0xEF3B,
    0xEF3B, 0xEF3B, 0xEF3B, 0xF73B, 0xCDF5, 0xC573, 0xC573, 0xC593, 0xEEF8, 0xEF19, 0xEEF9, 0xEEF9,
    0xEEF9, 0xEEF9, 0xEEF9, 0xEEF9, 0xEEF8, 0xEF19, 0xF77B, 0xFF9C, 0xFF9D, 0xF77B, 0xEF19, 0xEEF8,
    0xEEF9, 0xEEF9, 0xEEF9, 0xEEF9, 0xEEF9, 0xEF19, 0xD5F4, 0xC573, 0xC573, 0xC593, 0xBD52, 0x0000,
    0x0000, 0xC572, 0xC593, 0xC573, 0xC573, 0xE6D9, 0xF73B, 0xEF1B, 0xEF3B, 0xEF3B, 0xEF3B, 0xEF3B,
    0xEF3B, 0xFFBE, 0xFFFF, 0xFFFF, 0xFFFF, 0xFFFF, 0xFFFF, 0xF79E, 0xEF1B, 0xEF3B, 0xEF3B, 0xEF3B,
    0xEF3B, 0xEF3B, 0xEF3B, 0xF73B, 0xCDF5, 0xC573, 0xC573, 0xC593, 0xEEF8, 0xEF19, 0xEEF9, 0xEEF9,
    0xEEF9, 0xEEF9, 0xEEF9, 0xEEF8, 0xEF3A, 0xFFDE, 0xFFFF, 0xFFFF, 0xFFFF, 0xFFFF, 0xFFFF, 0xF75A,
    0xEEF8, 0xEEF9, 0xEEF9, 0xEEF9, 0xEEF9, 0xEF19, 0xE6D7, 0xC573, 0xC573, 0xC573, 0xCDB4, 0x4A06,
    0x41E5, 0xCDB4, 0xC573, 0xC573, 0xCDD5, 0xEF3B, 0xEF3B, 0xEF3B, 0xEF3B, 0xEF3B, 0xEF3B, 0xEF1B,
    0xFFDE, 0xFFFF, 0xFFFF, 0xF7BE, 0xF79D, 0xFFDF, 0xFFFF, 0xFFFF, 0xF79D, 0xEF1A, 0xEF3B, 0xEF3B,
    0xEF3B, 0xEF3B, 0xEF3B, 0xF73B, 0xCDF5, 0xC573, 0xC573, 0xC593, 0xEEF8, 0xEF19, 0xEEF9, 0xEEF9,
    0xEEF9, 0xEEF9, 0xEEF9, 0xEF19, 0xFFFE, 0xFFFF, 0xFFFF, 0xF79C, 0xF79C, 0xFFFF, 0xFFFF, 0xFFFF,
    0xEF19, 0xEEF9, 0xEEF9, 0xEEF9, 0xEEF9, 0xEEF9, 0xEF19, 0xD5F4, 0xC573, 0xC573, 0xCDD4, 0x6B09,
    0x4A07, 0xCDB4, 0xC573, 0xC553, 0xDE57, 0xF75B, 0xEF1B, 0xEF3B, 0xEF3B, 0xEF3B, 0xEF1A, 0xF77C,
    0xFFFF, 0xFFFF, 0xF77D, 0xEF1A, 0xEF1A, 0xEF3B, 0xFFFF, 0xFFFF, 0xFFDF, 0xEF1B, 0xEF3B, 0xEF3B,
    0xEF3B, 0xEF3B, 0xEF3B, 0xF73B, 0xCDF5, 0xC573, 0xC573, 0xC593, 0xEEF8, 0xEF19, 0xEEF9, 0xEEF9,
    0xEEF9, 0xEEF9, 0xEEF8, 0xF77B, 0xFFFF, 0xFFFF, 0xF79C, 0xEED8, 0xEED8, 0xF79C, 0xFFFF, 0xFFFF,
    0xF79C, 0xEEF8, 0xEEF9, 0xEEF9, 0xEEF9, 0xEEF9, 0xEF19, 0xDE75, 0xC572, 0xC573, 0xCDD4, 0x734B,
    0x4A07, 0xCDB4, 0xC573, 0xC573, 0xE6B9, 0xF73B, 0xEF1B, 0xEF3B, 0xEF3B, 0xEF3B, 0xEF1B, 0xEF3B,
    0xF79D, 0xF7BE, 0xEF1B, 0xEF3B, 0xEF3B, 0xEF1A, 0xFFDE, 0xFFFF, 0xFFFF, 0xEF3B, 0xEF3B, 0xEF3B,
    0xEF3B, 0xEF3B, 0xEF3B, 0xF73B, 0xCDF5, 0xC573, 0xC573, 0xC593, 0xEEF8, 0xEF19, 0xEEF9, 0xEEF9,
    0xEEF9, 0xEEF9, 0xEEF8, 0xFFDE, 0xFFFF, 0xFFFF, 0xEF3A, 0xEEF9, 0xEEF9, 0xF73A, 0xFFFF, 0xFFFF,
    0xFFDE, 0xEEF9, 0xEEF9, 0xEEF9, 0xEEF9, 0xEEF9, 0xEF19, 0xE6B7, 0xC573, 0xC573, 0xCDD4, 0x732B,
    0x4A07, 0xCDB4, 0xC573, 0xC573, 0xEEFA, 0xEF3B, 0xEF3B, 0xEF3B, 0xEF3B, 0xEF3B, 0xEF3B, 0xEF1B,
    0xEF1A, 0xEF1A, 0xEF3B, 0xEF3B, 0xEF1B, 0xEF3B, 0xFFFF, 0xFFFF, 0xFFDF, 0xEF1B, 0xEF3B, 0xEF3B,
    0xEF3B, 0xEF3B, 0xEF3B, 0xF73B, 0xCDF5, 0xC573, 0xC573, 0xC593, 0xEEF8, 0xEF19, 0xEEF9, 0xEEF9,
    0xEEF9, 0xEEF9, 0xEF19, 0xFFFF, 0xFFFF, 0xFFFF, 0xEF19, 0xEEF9, 0xEEF9, 0xEF19, 0xFFFF, 0xFFFF,
    0xFFFF, 0xEF19, 0xEEF9, 0xEEF9, 0xEEF9, 0xEEF9, 0xEF19, 0xEEF8, 0xC593, 0xC573, 0xCDD4, 0x732B,
    0x4A07, 0xCDB4, 0xC573, 0xC593, 0xEEFA, 0xEF3B, 0xEF3B, 0xEF3B, 0xEF3B, 0xEF3B, 0xEF3B, 0xEF3B,
    0xEF3B, 0xEF3B, 0xEF3B, 0xEF1B, 0xEF1B, 0xFFDE, 0xFFFF, 0xFFFF, 0xF77C, 0xEF1A, 0xEF3B, 0xEF3B,
    0xEF3B, 0xEF3B, 0xEF3B, 0xF73B, 0xCDF5, 0xC573, 0xC573, 0xC593, 0xEEF8, 0xEF19, 0xEEF9, 0xEEF9,
    0xEEF9, 0xEEF9, 0xEF19, 0xFFFF, 0xFFFF, 0xFFFF, 0xEF19, 0xEEF9, 0xEEF9, 0xEF19, 0xFFFF, 0xFFFF,
    0xFFFF, 0xEF19, 0xEEF8, 0xEEF9, 0xEEF9, 0xEEF9, 0xEEF9, 0xEEF9, 0xCDB4, 0xC573, 0xCDD4, 0x732B,
    0x4A07, 0xCDB4, 0xC573, 0xC593, 0xEEFA, 0xEF3B, 0xEF3B, 0xEF3B, 0xEF3B, 0xEF3B, 0xEF3B, 0xEF3B,
    0xEF3B, 0xEF3B, 0xEF1A, 0xEF3B, 0xFFDF, 0xFFFF, 0xFFFF, 0xF77D, 0xEF1A, 0xEF3B, 0xEF3B, 0xEF3B,
    0xEF3B, 0xEF3B, 0xEF3B, 0xF73B, 0xCDF5, 0xC573, 0xC573, 0xC593, 0xEEF8, 0xEF19, 0xEEF9, 0xEEF9,
    0xEEF9, 0xEEF8, 0xEF3A, 0xFFFF, 0xFFFF, 0xFFFF, 0xEF19, 0xEEF9, 0xEEF9, 0xEF19, 0xFFFF, 0xFFFF,
    0xFFFF, 0xEF19, 0xEEF8, 0xEEF9, 0xEEF9, 0xEEF9, 0xEEF9, 0xEEF9, 0xCDB4, 0xC573, 0xCDD4, 0x732B,
    0x4A07, 0xCDB4, 0xC573, 0xC593, 0xEEFA, 0xEF3B, 0xEF3B, 0xEF3B, 0xEF3B, 0xEF3B, 0xEF3B, 0xEF3B,
    0xEF3B, 0xEF1A, 0xF75C, 0xFFFF, 0xFFFF, 0xFFDF, 0xEF3C, 0xEF1A, 0xEF3B, 0xEF3B, 0xEF3B, 0xEF3B,
    0xEF3B, 0xEF3B, 0xEF3B, 0xF73B, 0xCDF5, 0xC573, 0xC573, 0xC593, 0xEEF8, 0xEF19, 0xEEF9, 0xEEF9,
    0xEEF9, 0xEEF9, 0xEF19, 0xFFFF, 0xFFFF, 0xFFFF, 0xEF19, 0xEEF9, 0xEEF9, 0xEF19, 0xFFFF, 0xFFFF,
    0xFFFF, 0xEF19, 0xEEF9, 0xEEF9, 0xEEF9, 0xEEF9, 0xEEF9, 0xEEF9, 0xCDB4, 0xC573, 0xCDD4, 0x732B,
    0x4A07, 0xCDB4, 0xC573, 0xC593, 0xEEFA, 0xEF3B, 0xEF3B, 0xEF3B, 0xEF3B, 0xEF3B, 0xEF3B, 0xEF3B,
    0xEF1A, 0xEF5C, 0xFFFF, 0xFFFF, 0xF7BE, 0xEF1B, 0xEF1B, 0xEF3B, 0xEF3B, 0xEF3B, 0xEF3B, 0xEF3B,
    0xEF3B, 0xEF3B, 0xEF3B, 0xF73B, 0xCDF5, 0xC573, 0xC573, 0xC593, 0xEEF8, 0xEF19, 0xEEF9, 0xEEF9,
    0xEEF9, 0xEEF9, 0xEF19, 0xFFFF, 0xFFFF, 0xFFFF, 0xEF19, 0xEEF9, 0xEEF9, 0xEF39, 0xFFFF, 0xFFFF,
    0xFFFF, 0xEF19, 0xEEF9, 0xEEF9, 0xEEF9, 0xEEF9, 0xEEF9, 0xEEF9, 0xCDB4, 0xC573, 0xCDD4, 0x732B,
    0x4A07, 0xCDB4, 0xC573, 0xC593, 0xEEFA, 0xEF3B, 0xEF3B, 0xEF3B, 0xEF3B, 0xEF3B, 0xEF3B, 0xEF1A,
    0xF75C, 0xFFFF, 0xFFFF, 0xF79D, 0xEEFA, 0xEF1B, 0xEF1B, 0xEF1B, 0xEF1B, 0xEF3B, 0xEF3B, 0xEF3B,
    0xEF3B, 0xEF3B, 0xEF3B, 0xF73B, 0xCDF5, 0xC573, 0xC573, 0xC593, 0xEEF8, 0xEF19, 0xEEF9, 0xEEF9,
    0xEEF9, 0xEEF9, 0xEEF8, 0xFFBD, 0xFFFF, 0xFFFF, 0xF75A, 0xEEF8, 0xEEF8, 0xF75B, 0xFFFF, 0xFFFF,
    0xFFBE, 0xEEF8, 0xEEF9, 0xEEF9, 0xEEF9, 0xEEF9, 0xEEF9, 0xEEF9, 0xCDB4, 0xC573, 0xCDD4, 0x732B,
    0x4A07, 0xCDB4, 0xC573, 0xC593, 0xEEFA, 0xEF3B, 0xEF3B, 0xEF3B, 0xEF3B, 0xEF3B, 0xEF1B, 0xEF3B,
    0xFFFF, 0xFFFF, 0xFFDF, 0xEF3B, 0xF75C, 0xEF5C, 0xEF5C, 0xEF5C, 0xEF5C, 0xEF3B, 0xEF3B, 0xEF3B,
    0xEF3B, 0xEF3B, 0xEF3B, 0xF73B, 0xCDF5, 0xC573, 0xC573, 0xC593, 0xEEF8, 0xEF19, 0xEEF9, 0xEEF9,
    0xEEF9, 0xEEF9, 0xEEF8, 0xF75A, 0xFFFF, 0xFFFF, 0xFFDE, 0xEF19, 0xEF19, 0xFFDE, 0xFFFF, 0xFFFF,
    0xF77B, 0xEEF8, 0xEEF9, 0xEEF9, 0xEEF9, 0xEEF9, 0xEEF9, 0xEEF9, 0xCDB4, 0xC573, 0xCDD4, 0x732B,
    0x4A07, 0xCDB4, 0xC573, 0xC593, 0xEEFA, 0xEF3B, 0xEF3B, 0xEF3B, 0xEF3B, 0xEF3B, 0xEF1A, 0xF7BE,
    0xFFFF, 0xFFFF, 0xFFFF, 0xFFFF, 0xFFFF, 0xFFFF, 0xFFFF, 0xFFFF, 0xFFFF, 0xEF3B, 0xEF3B, 0xEF3B,
    0xEF3B, 0xEF3B, 0xEF3B, 0xF73B, 0xCDF5, 0xC573, 0xC573, 0xC593, 0xEEF8, 0xEF19, 0xEEF9, 0xEEF9,
    0xEEF9, 0xEEF9, 0xEEF9, 0xEEF8, 0xFFBD, 0xFFFF, 0xFFFF, 0xFFFF, 0xFFFF, 0xFFFF, 0xFFFF, 0xFFBD,
    0xEEF8, 0xEEF9, 0xEEF9, 0xEEF9, 0xEEF9, 0xEEF9, 0xEEF9, 0xEEF9, 0xCDB4, 0xC573, 0xCDD4, 0x732B,
    0x4A07, 0xCDB4, 0xC573, 0xC593, 0xEEFA, 0xEF3B, 0xEF3B, 0xEF3B, 0xEF3B, 0xEF3B, 0xEF1B, 0xF77D,
    0xFFDE, 0xFFDE, 0xFFDE, 0xFFDE, 0xFFDE, 0xFFDE, 0xFFDE, 0xFFDE, 0xFFBE, 0xEF3B, 0xEF3B, 0xEF3B,
    0xEF3B, 0xEF3B, 0xEF3B, 0xF73B, 0xCDF5, 0xC573, 0xC573, 0xC593, 0xEEF8, 0xEF19, 0xEEF9, 0xEEF9,
    0xEEF9, 0xEEF9, 0xEEF9, 0xEEF9, 0xEEF8, 0xF77B, 0xFFDE, 0xFFFF, 0xFFFF, 0xFFDE, 0xF79C, 0xEF19,
    0xEEF9, 0xEEF9, 0xEEF9, 0xEEF9, 0xEEF9, 0xEEF9, 0xEEF9, 0xEEF9, 0xCDB4, 0xC573, 0xCDD4, 0x732B,
    0x4A07, 0xCDB4, 0xC573, 0xC593, 0xEEFA, 0xEF3B, 0xEF3B, 0xEF3B, 0xEF3B, 0xEF3B, 0xEF3B, 0xEF1B,
    0xEF1B, 0xEF1B, 0xEF1B, 0xEF1B, 0xEF1B, 0xEF1B, 0xEF1B, 0xEF1B, 0xEF1B, 0xEF3B, 0xEF3B, 0xEF3B,
    0xEF3B, 0xEF3B, 0xEF3B, 0xF73B, 0xCDF5, 0xC573, 0xC573, 0xC593, 0xEEF8, 0xEF19, 0xEEF9, 0xEEF9,
    0xEEF9, 0xEEF9, 0xEEF9, 0xEEF9, 0xEEF9, 0xEEF8, 0xEEF8, 0xEF19, 0xEF19, 0xEF19, 0xEEF8, 0xEEF9,
    0xEEF9, 0xEEF9, 0xEEF9, 0xEEF9, 0xEEF9, 0xEEF9, 0xEEF9, 0xEEF9, 0xCDB4, 0xC573, 0xCDD4, 0x732B,
    0x4A07, 0xCDB4, 0xC573, 0xC593, 0xEEFA, 0xEF3B, 0xEF3B, 0xEF3B, 0xEF3B, 0xEF3B, 0xEF3B, 0xEF3B,
    0xEF3B, 0xEF3B, 0xEF3B, 0xEF3B, 0xEF3B, 0xEF3B, 0xEF3B, 0xEF3B, 0xEF3B, 0xEF3B, 0xEF3B, 0xEF3B,
    0xEF3B, 0xEF3B, 0xEF3B, 0xF73B, 0xCDF5, 0xC573, 0xC573, 0xC593, 0xEEF8, 0xEF19, 0xEEF9, 0xEEF9,
    0xEEF9, 0xEEF9, 0xEEF9, 0xEEF9, 0xEEF9, 0xEEF9, 0xEEF9, 0xEEF9, 0xEEF9, 0xEEF9, 0xEEF9, 0xEEF9,
    0xEEF9, 0xEEF9, 0xEEF9, 0xEEF9, 0xEEF9, 0xEEF9, 0xEEF9, 0xEEF9, 0xCDB4, 0xC573, 0xCDD4, 0x732B,
    0x4A07, 0xCDB4, 0xC573, 0xC593, 0xEEFA, 0xEF3B, 0xEF3B, 0xEF3B, 0xEF3B, 0xEF3B, 0xEF3B, 0xEF3B,
    0xEF3B, 0xEF3B, 0xEF3B, 0xEF3B, 0xEF3B, 0xEF3B, 0xEF3B, 0xEF3B, 0xEF3B, 0xEF3B, 0xEF3B, 0xEF3B,
    0xEF3B, 0xEF3B, 0xEF3B, 0xF73B, 0xCDF5, 0xC573, 0xC573, 0xC593, 0xEEF8, 0xEF19, 0xEEF9, 0xEEF9,
    0xEEF9, 0xEEF9, 0xEEF9, 0xEEF9, 0xEEF9, 0xEEF9, 0xEEF9, 0xEEF9, 0xEEF9, 0xEEF9, 0xEEF9, 0xEEF9,
    0xEEF9, 0xEEF9, 0xEEF9, 0xEEF9, 0xEEF9, 0xEEF9, 0xEEF9, 0xEEF9, 0xCDB4, 0xC573, 0xCDD4, 0x732B,
    0x4A07, 0xCDB4, 0xC573, 0xC593, 0xEEFA, 0xEF3B, 0xEF3B, 0xEF3B, 0xEF3B, 0xEF3B, 0xEF3B, 0xEF3B,
    0xEF3B, 0xEF3B, 0xEF3B, 0xEF3B, 0xEF3B, 0xEF3B, 0xEF3B, 0xEF3B, 0xEF3B, 0xEF3B, 0xEF3B, 0xEF3B,
    0xEF3B, 0xEF3B, 0xEF1B, 0xF73B, 0xD5F5, 0xC573, 0xC573, 0xC593, 0xEEF8, 0xEEF9, 0xEEF9, 0xEEF9,
    0xEEF9, 0xEEF9, 0xEEF9, 0xEEF9, 0xEEF9, 0xEEF9, 0xEEF9, 0xEEF9, 0xEEF9, 0xEEF9, 0xEEF9, 0xEEF9,
    0xEEF9, 0xEEF9, 0xEEF9, 0xEEF9, 0xEEF9, 0xEEF9, 0xEEF9, 0xEEF9, 0xCDB4, 0xC573, 0xCDD4, 0x732B,
    0x4A07, 0xCDB4, 0xC573, 0xC573, 0xE6B9, 0xF75B, 0xF73B, 0xF73B, 0xF73B, 0xF73B, 0xF73B, 0xF73B,
    0xF73B, 0xF73B, 0xF73B, 0xF73B, 0xF73B, 0xF73B, 0xF73B, 0xF73B, 0xF73B, 0xF73B, 0xF73B, 0xF73B,
    0xF73B, 0xF73B, 0xF73B, 0xEF1B, 0xCDB4, 0xC573, 0xC573, 0xC573, 0xE6B8, 0xEF19, 0xEF19, 0xEF19,
    0xEF19, 0xEF19, 0xEF19, 0xEF19, 0xEF19, 0xEF19, 0xEF19, 0xEF19, 0xEF19, 0xEF19, 0xEF19, 0xEF19,
    0xEF19, 0xEF19, 0xEF19, 0xEF19, 0xEF19, 0xEF19, 0xEF19, 0xE6D7, 0xC593, 0xC573, 0xCDD4, 0x732B,
    0x4A07, 0xCDB4, 0xC573, 0xC573, 0xC593, 0xCDF5, 0xCDF5, 0xCDF5, 0xCDF5, 0xCDF5, 0xCDF5, 0xCDF5,
    0xCDF5, 0xCDF5, 0xCDF5, 0xCDF5, 0xCDF5, 0xCDF5, 0xCDF5, 0xCDF5, 0xCDF5, 0xCDF5, 0xCDF5, 0xCDF5,
    0xCDF5, 0xCDF5, 0xCDF5, 0xCDB4, 0xC573, 0xC573, 0xC573, 0xC573, 0xC593, 0xCDF5, 0xCDF5, 0xCDF5,
    0xCDF5, 0xCDF5, 0xCDF5, 0xCDF5, 0xCDF5, 0xCDF5, 0xCDF5, 0xCDF5, 0xCDF5, 0xCDF5, 0xCDF5, 0xCDF5,
    0xCDF5, 0xCDF5, 0xCDF5, 0xCDF5, 0xCDF5, 0xCDF5, 0xCDF5, 0xCD93, 0xC573, 0xC573, 0xCDD4, 0x732B,
    0x4A07, 0xCDB4, 0xC573, 0xC573, 0xC573, 0xC573, 0xC573, 0xC573, 0xC573, 0xC573, 0xC573, 0xC573,
    0xC573, 0xC573, 0xC573, 0xC573, 0xC573, 0xC573, 0xC573, 0xC573, 0xC573, 0xC573, 0xC573, 0xC573,
    0xC573, 0xC573, 0xC573, 0xC573, 0xC573, 0xC573, 0xC573, 0xC573, 0xC573, 0xC573, 0xC573, 0xC573,
    0xC573, 0xC573, 0xC573, 0xC573, 0xC573, 0xC573, 0xC573, 0xC573, 0xC573, 0xC573, 0xC573, 0xC573,
    0xC573, 0xC573, 0xC573, 0xC573, 0xC573, 0xC573, 0xC573, 0xC573, 0xC573, 0xC573, 0xCDD4, 0x732B,
    0x4A07, 0xCDB4, 0xC573, 0xC573, 0xC573, 0xC593, 0xC593, 0xC593, 0xC593, 0xC593, 0xC593, 0xC593,
    0xC593, 0xC593, 0xC593, 0xC593, 0xC593, 0xC593, 0xC593, 0xC593, 0xC593, 0xC593, 0xC593, 0xC593,
    0xC593, 0xC593, 0xC593, 0xC593, 0xC573, 0xC573, 0xC573, 0xC573, 0xC573, 0xC593, 0xC593, 0xC593,
    0xC593, 0xC593, 0xC593, 0xC593, 0xC593, 0xC593, 0xC593, 0xC593, 0xC593, 0xC593, 0xC593, 0xC593,
    0xC593, 0xC593, 0xC593, 0xC593, 0xC593, 0xC593, 0xC593, 0xC573, 0xC573, 0xC573, 0xCDD4, 0x732B,
    0x4A07, 0xCDB4, 0xC573, 0xC573, 0xC573, 0xCD52, 0xCD52, 0xCD52, 0xCD52, 0xCD52, 0xCD52, 0xCD52,
    0xCD52, 0xCD52, 0xCD52, 0xCD52, 0xCD52, 0xCD52, 0xCD52, 0xCD52, 0xCD52, 0xCD52, 0xCD52, 0xCD52,
    0xCD52, 0xCD52, 0xCD52, 0xC573, 0xC573, 0xC573, 0xC573, 0xC573, 0xC573, 0xCD72, 0xCD72, 0xCD72,
    0xCD72, 0xCD72, 0xCD72, 0xCD72, 0xCD72, 0xCD72, 0xCD72, 0xCD72, 0xCD72, 0xCD72, 0xCD72, 0xCD72,
    0xCD72, 0xCD72, 0xCD72, 0xCD72, 0xCD72, 0xCD72, 0xCD72, 0xC573, 0xC573, 0xC573, 0xCDD4, 0x732B,
    0x4A07, 0xCDB4, 0xC573, 0xC573, 0xE550, 0xF56F, 0xED6F, 0xF56F, 0xF56F, 0xF56F, 0xF56F, 0xF56F,
    0xF56F, 0xF56F, 0xF56F, 0xF56F, 0xF56F, 0xF56F, 0xF56F, 0xF56F, 0xF56F, 0xF56F, 0xF56F, 0xF56F,
    0xF56F, 0xF56F, 0xF56F, 0xED6F, 0xCD72, 0xC573, 0xC573, 0xC573, 0xECEE, 0xFCAC, 0xF4AC, 0xF4AC,
    0xF4AC, 0xF4AC, 0xF4AC, 0xF4AC, 0xF4AC, 0xF4AC, 0xF4AC, 0xF4AC, 0xF4AC, 0xF4AC, 0xF4AC, 0xF4AC,
    0xF4AC, 0xF4AC, 0xF4AC, 0xF4AC, 0xF4AC, 0xF4AC, 0xF4AC, 0xECEE, 0xC573, 0xC573, 0xCDD4, 0x732B,
    0x4A07, 0xCDB4, 0xC573, 0xC573, 0xED6F, 0xF58F, 0xF58F, 0xF58F, 0xF58F, 0xF58F, 0xF58F, 0xF58F,
    0xF58F, 0xF58F, 0xF58F, 0xF58F, 0xF58F, 0xF58F, 0xF58F, 0xF58F, 0xF58F, 0xF58F, 0xF58F, 0xF58F,
    0xF58F, 0xF58F, 0xF58F, 0xF58F, 0xD551, 0xC593, 0xC573, 0xCD72, 0xF4AC, 0xF4AC, 0xF4AC, 0xF4AC,
    0xF4AC, 0xF4AC, 0xF4AC, 0xF4AC, 0xF4AC, 0xF4AC, 0xF4AC, 0xF4AC, 0xF4AC, 0xF4AC, 0xF4AC, 0xF4AC,
    0xF4AC, 0xF4AC, 0xF4AC, 0xF4AC, 0xF4AC, 0xF4AC, 0xF4AC, 0xF4AC, 0xCD72, 0xBD73, 0xCDD4, 0x732B,
    0x4A07, 0xCDB4, 0xC573, 0xC573, 0xED6F, 0xF58F, 0xF58F, 0xF58F, 0xF58F, 0xF58F, 0xF58F, 0xF58F,
    0xF58F, 0xF58F, 0xF58F, 0xF58F, 0xF58F, 0xF58F, 0xF58F, 0xF58F, 0xF58F, 0xF58F, 0xF58F, 0xF58F,
    0xF58F, 0xF58F, 0xF58F, 0xF56F, 0xCD52, 0xC593, 0xC573, 0xCD72, 0xF4CC, 0xF4AC, 0xF4AC, 0xF4AC,
    0xF4AC, 0xF4AC, 0xF4AC, 0xF4AC, 0xF4AC, 0xF4AC, 0xF4AC, 0xF4AC, 0xF4AC, 0xF4AC, 0xF4AC, 0xF4AC,
    0xF4AC, 0xF4AC, 0xF4AC, 0xF4AC, 0xF4AC, 0xF4AC, 0xF4AC, 0xF4CC, 0xCD72, 0xBD73, 0xCDD4, 0x732B,
    0x4A07, 0xCDB4, 0xC573, 0xC573, 0xED6F, 0xF58F, 0xF58F, 0xF58F, 0xF58F, 0xF58F, 0xF58F, 0xF58F,
    0xF58F, 0xF58F, 0xF58F, 0xF58F, 0xF58F, 0xF58F, 0xF58F, 0xF58F, 0xF58F, 0xF58F, 0xF58F, 0xF58F,
    0xF58F, 0xF58F, 0xF58F, 0xF56F, 0xCD52, 0xC593, 0xC573, 0xCD72, 0xF4CC, 0xF4AC, 0xF4AC, 0xF4AC,
    0xF4AC, 0xF4AC, 0xF4AC, 0xF4AC, 0xF4AC, 0xF4CC, 0xF4AC, 0xF4AC, 0xF4AC, 0xF4AC, 0xF4CC, 0xF4AC,
    0xF4AC, 0xF4AC, 0xF4AC, 0xF4AC, 0xF4AC, 0xF4AC, 0xF4AC, 0xF4CC, 0xCD72, 0xBD73, 0xCDD4, 0x732B,
    0x4A07, 0xCDB4, 0xC573, 0xC573, 0xED6F, 0xF58F, 0xF58F, 0xF58F, 0xF58F, 0xF58F, 0xF58F, 0xF58F,
    0xF58F, 0xF58F, 0xF58F, 0xF58F, 0xF58F, 0xED6E, 0xED6E, 0xED6E, 0xF58F, 0xF58F, 0xF58F, 0xF58F,
    0xF58F, 0xF58F, 0xF58F, 0xF56F, 0xCD52, 0xC593, 0xC573, 0xCD72, 0xF4CC, 0xF4AC, 0xF4AC, 0xF4AC,
    0xF4AC, 0xF4AC, 0xF4AC, 0xF4AC, 0xF4AC, 0xF46B, 0xF48B, 0xF4CD, 0xF4CD, 0xF48C, 0xF46B, 0xF4AC,
    0xF4AC, 0xF4AC, 0xF4AC, 0xF4AC, 0xF4AC, 0xF4AC, 0xF4AC, 0xF4CC, 0xCD72, 0xBD73, 0xCDD4, 0x732B,
    0x4A07, 0xCDB4, 0xC573, 0xC573, 0xED6F, 0xF58F, 0xF58F, 0xF58F, 0xF58F, 0xF58F, 0xF58F, 0xF58F,
    0xF58F, 0xF58F, 0xF58F, 0xED6F, 0xF5D1, 0xFF1A, 0xFF3A, 0xFEF9, 0xF58F, 0xF58F, 0xF58F, 0xF58F,
    0xF58F, 0xF58F, 0xF58F, 0xF56F, 0xCD52, 0xC593, 0xC573, 0xCD72, 0xF4CC, 0xF4AC, 0xF4AC, 0xF4AC,
    0xF4AC, 0xF4AC, 0xF4AC, 0xF48C, 0xF4CD, 0xFE35, 0xFF3B, 0xFF9D, 0xFF9D, 0xFF3B, 0xFE55, 0xF4CD,
    0xF48C, 0xF4AC, 0xF4AC, 0xF4AC, 0xF4AC, 0xF4AC, 0xF4AC, 0xF4CC, 0xCD72, 0xBD73, 0xCDD4, 0x732B,
    0x4A07, 0xCDB4, 0xC573, 0xC573, 0xED6F, 0xF58F, 0xF58F, 0xF58F, 0xF58F, 0xF58F, 0xF58F, 0xF58F,
    0xF58F, 0xF58F, 0xF58F, 0xF56F, 0xFF5C, 0xFFFF, 0xFFFF, 0xFFBE, 0xF58F, 0xF58F, 0xF58F, 0xF58F,
    0xF58F, 0xF58F, 0xF58F, 0xF56F, 0xCD52, 0xC593, 0xC573, 0xCD72, 0xF4CC, 0xF4AC, 0xF4AC, 0xF4AC,
    0xF4AC, 0xF4AC, 0xF4AC, 0xF4CD, 0xFF5B, 0xFFFF, 0xFFFF, 0xFFFF, 0xFFFF, 0xFFFF, 0xFFFF, 0xFF7C,
    0xF4ED, 0xF4AC, 0xF4AC, 0xF4AC, 0xF4AC, 0xF4AC, 0xF4AC, 0xF4CC, 0xCD72, 0xBD73, 0xCDD4, 0x732B,
    0x4A07, 0xCDB4, 0xC573, 0xC573, 0xED6F, 0xF58F, 0xF58F, 0xF58F, 0xF58F, 0xF58F, 0xF58F, 0xF58F,
    0xF58F, 0xF58F, 0xED4E, 0xFEB8, 0xFFFF, 0xFFFF, 0xFFFF, 0xFF9D, 0xF58F, 0xF58F, 0xF58F, 0xF58F,
    0xF58F, 0xF58F, 0xF58F, 0xF56F, 0xCD52, 0xC593, 0xC573, 0xCD72, 0xF4CC, 0xF4AC, 0xF4AC, 0xF4AC,
    0xF4AC, 0xF4CC, 0xF46B, 0xFE56, 0xFFFF, 0xFFFF, 0xFF7C, 0xFDB2, 0xFD91, 0xFF3B, 0xFFFF, 0xFFFF,
    0xFE97, 0xF46B, 0xF4CC, 0xF4AC, 0xF4AC, 0xF4AC, 0xF4AC, 0xF4CC, 0xCD72, 0xBD73, 0xCDD4, 0x732B,
    0x4A07, 0xCDB4, 0xC573, 0xC573, 0xED6F, 0xF58F, 0xF58F, 0xF58F, 0xF58F, 0xF58F, 0xF58F, 0xF58F,
    0xF58F, 0xED6E, 0xF613, 0xFFFF, 0xFFDF, 0xFF7D, 0xFFFF, 0xFF9D, 0xF58F, 0xF58F, 0xF58F, 0xF58F,
    0xF58F, 0xF58F, 0xF58F, 0xF56F, 0xCD52, 0xC593, 0xC573, 0xCD72, 0xF4CC, 0xF4AC, 0xF4AC, 0xF4AC,
    0xF4AC, 0xF4AC, 0xF48B, 0xFF3A, 0xFFFF, 0xFFFF, 0xFDB2, 0xF44A, 0xF46A, 0xFD70, 0xFFFF, 0xFFFF,
    0xFF5C, 0xF4AC, 0xF4AC, 0xF4AC, 0xF4AC, 0xF4AC, 0xF4AC, 0xF4CC, 0xCD72, 0xBD73, 0xCDD4, 0x732B,
    0x4A07, 0xCDB4, 0xC573, 0xC573, 0xED6F, 0xF58F, 0xF58F, 0xF58F, 0xF58F, 0xF58F, 0xF58F, 0xF58F,
    0xF58F, 0xF590, 0xFFBD, 0xFFFF, 0xF697, 0xFEF9, 0xFFFF, 0xFF9D, 0xF58F, 0xF58F, 0xF58F, 0xF58F,
    0xF58F, 0xF58F, 0xF58F, 0xF56F, 0xCD52, 0xC593, 0xC573, 0xCD72, 0xF4CC, 0xF4AC, 0xF4AC, 0xF4AC,
    0xF4AC, 0xF4AC, 0xF46B, 0xFED9, 0xFFFF, 0xFFFF, 0xFE35, 0xF46A, 0xF46A, 0xFE14, 0xFFFF, 0xFFFF,
    0xFF1A, 0xF48B, 0xF4AC, 0xF4AC, 0xF4AC, 0xF4AC, 0xF4AC, 0xF4CC, 0xCD72, 0xBD73, 0xCDD4, 0x732B,
    0x4A07, 0xCDB4, 0xC573, 0xC573, 0xED6F, 0xF58F, 0xF58F, 0xF58F, 0xF58F, 0xF58F, 0xF58F, 0xF58F,
    0xED6E, 0xFF1A, 0xFFFF, 0xFF7C, 0xED4E, 0xFF3A, 0xFFFF, 0xFF9D, 0xF58F, 0xF58F, 0xF58F, 0xF58F,
    0xF58F, 0xF58F, 0xF58F, 0xF56F, 0xCD52, 0xC593, 0xC573, 0xCD72, 0xF4CC, 0xF4AC, 0xF4AC, 0xF4AC,
    0xF4AC, 0xF4AC, 0xF48B, 0xFD70, 0xFFFF, 0xFFFF, 0xFFFF, 0xFE97, 0xFE77, 0xFFFF, 0xFFFF, 0xFFDF,
    0xFD70, 0xF48B, 0xF4AC, 0xF4AC, 0xF4AC, 0xF4AC, 0xF4AC, 0xF4CC, 0xCD72, 0xBD73, 0xCDD4, 0x732B,
    0x4A07, 0xCDB4, 0xC573, 0xC573, 0xED6F, 0xF58F, 0xF58F, 0xF58F, 0xF58F, 0xF58F, 0xF590, 0xED4E,
    0xF676, 0xFFFF, 0xFFFF, 0xF5F2, 0xED4E, 0xFF3A, 0xFFFF, 0xFF9D, 0xF590, 0xF58F, 0xF58F, 0xF58F,
    0xF58F, 0xF58F, 0xF58F, 0xF56F, 0xCD52, 0xC593, 0xC573, 0xCD72, 0xF4CC, 0xF4AC, 0xF4AC, 0xF4AC,
    0xF4AC, 0xF4AC, 0xF4CC, 0xF46B, 0xF54F, 0xFF7C, 0xFFFF, 0xFFFF, 0xFFFF, 0xFFFF, 0xFF5B, 0xF52F,
    0xF46B, 0xF4CC, 0xF4AC, 0xF4AC, 0xF4AC, 0xF4AC, 0xF4AC, 0xF4CC, 0xCD72, 0xBD73, 0xCDD4, 0x732B,
    0x4A07, 0xCDB4, 0xC573, 0xC573, 0xED6F, 0xF58F, 0xF58F, 0xF58F, 0xF58F, 0xF58F, 0xED6E, 0xF5F2,
    0xFFDF, 0xFFFF, 0xF675, 0xED4D, 0xED4E, 0xFF1A, 0xFFFF, 0xFF9D, 0xED6F, 0xF56F, 0xF58F, 0xF58F,
    0xF58F, 0xF58F, 0xF58F, 0xF56F, 0xCD52, 0xC593, 0xC573, 0xCD72, 0xF4CC, 0xF4AC, 0xF4AC, 0xF4AC,
    0xF4AC, 0xF4AC, 0xF48C, 0xF50E, 0xFEF9, 0xFFDE, 0xFFFF, 0xFFBE, 0xFFDE, 0xFFFF, 0xFFDE, 0xFF1A,
    0xF52F, 0xF48B, 0xF4AC, 0xF4AC, 0xF4AC, 0xF4AC, 0xF4AC, 0xF4CC, 0xCD72, 0xBD73, 0xCDD4, 0x732B,
    0x4A07, 0xCDB4, 0xC573, 0xC573, 0xED4F, 0xF58F, 0xF58F, 0xF58F, 0xF58F, 0xF58F, 0xF590, 0xFF7C,
    0xFFFF, 0xFF7D, 0xF5F3, 0xF613, 0xF5F2, 0xFF5B, 0xFFFF, 0xFFBE, 0xF613, 0xF5D1, 0xF58F, 0xF58F,
    0xF58F, 0xF58F, 0xF58F, 0xF56F, 0xCD52, 0xC593, 0xC573, 0xCD72, 0xF4CC, 0xF4AC, 0xF4AC, 0xF4AC,
    0xF4AC, 0xF4AC, 0xF48B, 0xFF3A, 0xFFFF, 0xFFFF, 0xFEB8, 0xF4CD, 0xF4ED, 0xFEB8, 0xFFFF, 0xFFFF,
    0xFF5B, 0xF4AC, 0xF4AC, 0xF4AC, 0xF4AC, 0xF4AC, 0xF4AC, 0xF4CD, 0xC573, 0xC573, 0xCDD4, 0x732B,
    0x4A07, 0xCDB4, 0xC573, 0xC573, 0xE550, 0xF58F, 0xED8F, 0xF58F, 0xF58F, 0xED6E, 0xF613, 0xFFFF,
    0xFFFF, 0xFFFF, 0xFFFF, 0xFFFF, 0xFFFF, 0xFFFF, 0xFFFF, 0xFFFF, 0xFFFF, 0xFEF9, 0xED4E, 0xF58F,
    0xF58F, 0xF58F, 0xF58F, 0xF56F, 0xCD52, 0xC593, 0xC573, 0xCD72, 0xF4CC, 0xF4AC, 0xF4AC, 0xF4AC,
    0xF4AC, 0xF48B, 0xF52F, 0xFFFF, 0xFFFF, 0xFF9D, 0xF4AC, 0xF4AC, 0xF4AC, 0xF4AC, 0xFF9D, 0xFFFF,
    0xFFFF, 0xF54F, 0xF48B, 0xF4AC, 0xF4AC, 0xF4AC, 0xFCAC, 0xECCD, 0xC573, 0xC573, 0xCDD4, 0x732B,
    0x4A27, 0xCDB4, 0xC573, 0xC573, 0xDD50, 0xF58F, 0xED8F, 0xF58F, 0xF58F, 0xED6F, 0xF5F2, 0xFF9D,
    0xFF9D, 0xFFBD, 0xFF9D, 0xFF9D, 0xFF9D, 0xFFDF, 0xFFFF, 0xFFFF, 0xFF9D, 0xF697, 0xED6E, 0xF58F,
    0xF58F, 0xF58F, 0xF58F, 0xF56F, 0xCD52, 0xC593, 0xC573, 0xCD72, 0xF4CC, 0xF4AC, 0xF4AC, 0xF4AC,
    0xF4AC, 0xF48B, 0xF550, 0xFFFF, 0xFFFF, 0xFFBE, 0xF4CD, 0xF48B, 0xF48B, 0xF4AC, 0xFF9D, 0xFFFF,
    0xFFFF, 0xF550, 0xF48B, 0xF4AC, 0xF4AC, 0xF4AC, 0xFCAC, 0xE4EE, 0xC593, 0xC573, 0xCDD4, 0x734B,
    0x41E5, 0xCDB4, 0xC573, 0xC573, 0xCD72, 0xF58F, 0xED8F, 0xF58F, 0xF58F, 0xF58F, 0xF58F, 0xF58F,
    0xF58F, 0xF58F, 0xF58F, 0xF590, 0xED6E, 0xFF1A, 0xFFFF, 0xFF9D, 0xF590, 0xF58F, 0xF58F, 0xF58F,
    0xF58F, 0xF58F, 0xF58F, 0xF56F, 0xCD52, 0xC593, 0xC573, 0xCD72, 0xF4CC, 0xF4AC, 0xF4AC, 0xF4AC,
    0xF4AC, 0xF4AC, 0xF4AC, 0xFF9D, 0xFFFF, 0xFFFF, 0xFEF9, 0xFD50, 0xFD50, 0xFEB8, 0xFFFF, 0xFFFF,
    0xFF9D, 0xF4AC, 0xF4AC, 0xF4AC, 0xF4AC, 0xF4AC, 0xFCAC, 0xD530, 0xBD94, 0xC573, 0xCDD4, 0x6B09,
    0x0000, 0xC572, 0xC593, 0xC573, 0xC573, 0xED6F, 0xF58F, 0xF58F, 0xF58F, 0xF58F, 0xF58F, 0xF58F,
    0xF58F, 0xF58F, 0xF58F, 0xF58F, 0xED4E, 0xFF3B, 0xFFFF, 0xFFBE, 0xF58F, 0xF58F, 0xF58F, 0xF58F,
    0xF58F, 0xF58F, 0xF58F, 0xF56F, 0xCD52, 0xC593, 0xC573, 0xCD72, 0xF4CC, 0xF4AC, 0xF4AC, 0xF4AC,
    0xF4AC, 0xF4AC, 0xF48B, 0xFD91, 0xFFDF, 0xFFFF, 0xFFFF, 0xFFFF, 0xFFFF, 0xFFFF, 0xFFFF, 0xFFDE,
    0xFD91, 0xF48B, 0xF4AC, 0xF4AC, 0xF4AC, 0xF4AC, 0xF4CD, 0xC573, 0xC573, 0xC573, 0xCDB4, 0x4A06,
    0x0000, 0xA48F, 0xCDB4, 0xC573, 0xC593, 0xD551, 0xF56F, 0xED8F, 0xF58F, 0xF58F, 0xF58F, 0xF58F,
    0xF58F, 0xF58F, 0xF58F, 0xF58F, 0xED6F, 0xF697, 0xFF3A, 0xFED8, 0xF58F, 0xF58F, 0xF58F, 0xF58F,
    0xF58F, 0xF58F, 0xF58F, 0xF56F, 0xCD52, 0xC593, 0xC573, 0xCD72, 0xF4CC, 0xF4AC, 0xF4AC, 0xF4AC,
    0xF4AC, 0xF4AC, 0xF4AC, 0xF48B, 0xF52F, 0xFE76, 0xFF1A, 0xFF7C, 0xFF5C, 0xFF1A, 0xFE56, 0xF50E,
    0xF48B, 0xF4AC, 0xF4AC, 0xF4AC, 0xF4AC, 0xFCAC, 0xDD30, 0xBD94, 0xC573, 0xC593, 0xBD52, 0x0000,
    0x0000, 0x62A8, 0xD5F5, 0xBD73, 0xC593, 0xC573, 0xDD50, 0xF58F, 0xED8F, 0xF58F, 0xF58F, 0xF58F,
    0xF58F, 0xF58F, 0xF58F, 0xF58F, 0xF58F, 0xED6F, 0xED6E, 0xED6E, 0xF58F, 0xF58F, 0xF58F, 0xF58F,
    0xF58F, 0xF58F, 0xF58F, 0xF56F, 0xCD52, 0xC593, 0xC573, 0xCD72, 0xF4CC, 0xF4AC, 0xF4AC, 0xF4AC,
    0xF4AC, 0xF4AC, 0xF4AC, 0xF4AC, 0xF48B, 0xF46B, 0xF48B, 0xF4AC, 0xF4AC, 0xF48B, 0xF46B, 0xF48C,
    0xF4AC, 0xF4AC, 0xF4AC, 0xF4AC, 0xFCAC, 0xECEE, 0xC593, 0xC573, 0xC573, 0xD5D4, 0x83AC, 0x0000,
    0x0000, 0x0000, 0xBD52, 0xC593, 0xC573, 0xC573, 0xC573, 0xE570, 0xF58F, 0xED8F, 0xF58F, 0xF58F,
    0xF58F, 0xF58F, 0xF58F, 0xF58F, 0xF58F, 0xF58F, 0xF58F, 0xF58F, 0xF58F, 0xF58F, 0xF58F, 0xF58F,
    0xF58F, 0xF58F, 0xF58F, 0xF56F, 0xCD52, 0xC593, 0xC573, 0xCD72, 0xF4CC, 0xF4AC, 0xF4AC, 0xF4AC,
    0xF4AC, 0xF4AC, 0xF4AC, 0xF4AC, 0xF4AC, 0xF4CC, 0xF4AC, 0xF4AC, 0xF4AC, 0xF4AC, 0xF4CC, 0xF4AC,
    0xF4AC, 0xF4AC, 0xF4AC, 0xFCAC, 0xECCD, 0xC573, 0xC573, 0xC573, 0xC573, 0xCDD4, 0x2943, 0x0000,
    0x0000, 0x0000, 0x5A88, 0xD5F5, 0xBD53, 0xC573, 0xC573, 0xC573, 0xE550, 0xF58F, 0xF58F, 0xED8F,
    0xED8F, 0xF58F, 0xF58F, 0xF58F, 0xF58F, 0xF58F, 0xF58F, 0xF58F, 0xF58F, 0xF58F, 0xF58F, 0xF58F,
    0xF58F, 0xF58F, 0xF58F, 0xF56F, 0xCD52, 0xC593, 0xC573, 0xCD72, 0xF4CC, 0xF4AC, 0xF4AC, 0xF4AC,
    0xF4AC, 0xF4AC, 0xF4AC, 0xF4AC, 0xF4AC, 0xF4AC, 0xF4AC, 0xF4AC, 0xF4AC, 0xF4AC, 0xF4AC, 0xF4AC,
    0xF4AC, 0xF4AC, 0xFCAC, 0xECEE, 0xC573, 0xC593, 0xC573, 0xBD53, 0xD5F5, 0x83AC, 0x0000, 0x0000,
    0x0000, 0x0000, 0x0000, 0x942D, 0xD5F5, 0xBD53, 0xC573, 0xC593, 0xC573, 0xD551, 0xED6F, 0xF58F,
    0xF58F, 0xF58F, 0xF58F, 0xF58F, 0xF58F, 0xF58F, 0xF58F, 0xF58F, 0xF58F, 0xF58F, 0xF58F, 0xF58F,
    0xF58F, 0xF58F, 0xF58F, 0xF58F, 0xD551, 0xC593, 0xC573, 0xCD72, 0xF4AC, 0xF4AC, 0xF4AC, 0xF4AC,
    0xF4AC, 0xF4AC, 0xF4AC, 0xF4AC, 0xF4AC, 0xF4AC, 0xF4AC, 0xF4AC, 0xF4AC, 0xF4AC, 0xFCAC, 0xFCAC,
    0xFCAC, 0xF4CD, 0xDD30, 0xC593, 0xC573, 0xC573, 0xBD73, 0xCDB4, 0xB511, 0x0000, 0x0000, 0x0000,
    0x0000, 0x0000, 0x0000, 0x0000, 0xA48F, 0xD5D5, 0xBD53, 0xC573, 0xC573, 0xC573, 0xC573, 0xD571,
    0xE550, 0xED6F, 0xED6F, 0xED6F, 0xED6F, 0xED6F, 0xED6F, 0xED6F, 0xED6F, 0xED6F, 0xED6F, 0xED6F,
    0xED6F, 0xED6F, 0xED6F, 0xED4F, 0xC572, 0xC593, 0xC573, 0xC573, 0xE4EE, 0xF4AC, 0xF4CC, 0xF4CC,
    0xF4CC, 0xF4CC, 0xF4CC, 0xF4CC, 0xF4CC, 0xF4CC, 0xF4CC, 0xF4CC, 0xF4CC, 0xF4CD, 0xECCD, 0xE50E,
    0xD530, 0xC573, 0xBD94, 0xC573, 0xC573, 0xBD53, 0xCDB4, 0xBD32, 0x0000, 0x0000, 0x0000, 0x0000,
    0x0000, 0x0000, 0x0000, 0x0000, 0x0000, 0x942E, 0xD5F5, 0xC593, 0xBD73, 0xC573, 0xC573, 0xC573,
    0xC573, 0xC573, 0xC552, 0xCD52, 0xCD72, 0xCD72, 0xCD72, 0xCD72, 0xCD72, 0xCD72, 0xCD72, 0xCD72,
    0xCD72, 0xCD72, 0xCD52, 0xC573, 0xC573, 0xC573, 0xC573, 0xC573, 0xC573, 0xCD72, 0xCD72, 0xCD72,
    0xCD72, 0xCD72, 0xCD72, 0xCD72, 0xCD72, 0xCD72, 0xCD72, 0xCD72, 0xCD72, 0xC573, 0xC573, 0xC593,
    0xBD94, 0xC573, 0xC573, 0xC573, 0xC573, 0xD5F5, 0xACD0, 0x0000, 0x0000, 0x0000, 0x0000, 0x0000,
    0x0000, 0x0000, 0x0000, 0x0000, 0x0000, 0x0000, 0x62C9, 0xBD52, 0xD5F5, 0xCDB4, 0xC573, 0xC573,
    0xC573, 0xC573, 0xC573, 0xC573, 0xC573, 0xC573, 0xC573, 0xC573, 0xC573, 0xC573, 0xC573, 0xC573,
    0xC573, 0xC573, 0xC573, 0xC573, 0xC573, 0xC573, 0xC573, 0xC573, 0xC573, 0xBD73, 0xBD73, 0xBD73,
    0xBD73, 0xBD73, 0xBD73, 0xBD73, 0xBD73, 0xBD73, 0xBD73, 0xBD73, 0xBD73, 0xC573, 0xC573, 0xC573,
    0xC573, 0xC573, 0xCD94, 0xD5F5, 0xC593, 0x7B6B, 0x0000, 0x0000, 0x0000, 0x0000, 0x0000, 0x0000,
    0x0000, 0x0000, 0x0000, 0x0000, 0x0000, 0x0000, 0x0000, 0x0000, 0x6AE9, 0xACB0, 0xC593, 0xCDB4,
    0xCDD4, 0xCDD4, 0xCDD4, 0xCDD4, 0xCDD4, 0xCDD4, 0xCDD4, 0xCDD4, 0xCDD4, 0xCDD4, 0xCDD4, 0xCDD4,
    0xCDD4, 0xCDD4, 0xCDD4, 0xCDD4, 0xCDD4, 0xCDD4, 0xCDD4, 0xCDD4, 0xCDD4, 0xCDD4, 0xCDD4, 0xCDD4,
    0xCDD4, 0xCDD4, 0xCDD4, 0xCDD4, 0xCDD4, 0xCDD4, 0xCDD4, 0xCDD4, 0xCDD4, 0xCDD4, 0xCDD4, 0xCDD4,
    0xCDD4, 0xCD93, 0xB4F0, 0x7B4B, 0x0000, 0x0000, 0x0000, 0x0000, 0x0000, 0x0000, 0x0000, 0x0000,
    0x0000, 0x0000, 0x0000, 0x0000, 0x0000, 0x0000, 0x0000, 0x0000, 0x0000, 0x0000, 0x2943, 0x4A26,
    0x5A88, 0x5268, 0x5268, 0x5268, 0x5268, 0x5268, 0x5268, 0x5268, 0x5268, 0x5268, 0x5268, 0x5268,
    0x5268, 0x5268, 0x5268, 0x5268, 0x5268, 0x5268, 0x5268, 0x5268, 0x5268, 0x5268, 0x5268, 0x5268,
    0x5268, 0x5268, 0x5268, 0x5268, 0x5268, 0x5268, 0x5268, 0x5268, 0x5268, 0x5268, 0x5268, 0x5A68,
    0x5247, 0x3164, 0x0000, 0x0000, 0x0000, 0x0000, 0x0000, 0x0000, 0x0000, 0x0000, 0x0000, 0x0000
  },
  { // 帧 6
    0x0000, 0x0000, 0x0000, 0x0000, 0x0000, 0x0000, 0x0000, 0x0000, 0x0000, 0x0000, 0x0000, 0x0000,
    0x0000, 0x0000, 0x39E7, 0x52AA, 0x632C, 0x73AE, 0x8430, 0x8C51, 0x8C51, 0x8C71, 0x8C71, 0x8C71,
    0x8C71, 0x8C71, 0x8C71, 0x8C71, 0x8C71, 0x8C71, 0x8C71, 0x8C71, 0x8C71, 0x8C71, 0x8C71, 0x8C71,
    0x8C51, 0x8C51, 0x8C51, 0x8C51, 0x8C51, 0x7BEF, 0x6B6D, 0x630C, 0x4A89, 0x39C7, 0x0000, 0x0000,
    0x0000, 0x0000, 0x0000, 0x0000, 0x0000, 0x0000, 0x0000, 0x0000, 0x0000, 0x0000, 0x0000, 0x0000,
    0x0000, 0x0000, 0x0000, 0x0000, 0x0000, 0x0000, 0x0000, 0x0000, 0x0000, 0x0000, 0x630C, 0xAD55,
    0xDEDB, 0xF7BE, 0xFFFF, 0xFFFF, 0xFFFF, 0xFFFF, 0xFFFF, 0xFFFF, 0xFFFF, 0xFFFF, 0xFFFF, 0xFFFF,
    0xFFFF, 0xFFFF, 0xFFFF, 0xFFFF, 0xFFFF, 0xFFFF, 0xFFFF, 0xFFFF, 0xFFFF, 0xFFFF, 0xFFFF, 0xFFFF,
    0xFFFF, 0xFFFF, 0xFFFF, 0xFFFF, 0xFFFF, 0xFFFF, 0xFFFF, 0xFFFF, 0xFFFF, 0xFFFF, 0xEF9D, 0xCE79,
    0x9492, 0x4208, 0x0000, 0x0000, 0x0000, 0x0000, 0x0000, 0x0000, 0x0000, 0x0000, 0x0000, 0x0000,
    0x0000, 0x0000, 0x0000, 0x0000, 0x0000, 0x0000, 0x0000, 0x0000, 0x7BEF, 0xEF5D, 0xFFFF, 0xFFFF,
    0xFFFF, 0xFFFF, 0xFFFF, 0xFFFF, 0xFFFF, 0xFFFF, 0xFFFF, 0xFFFF, 0xFFFF, 0xFFFF, 0xFFFF, 0xFFFF,
    0xFFFF, 0xFFFF, 0xFFFF, 0xFFFF, 0xFFFF, 0xFFFF, 0xFFFF, 0xFFFF, 0xFFFF, 0xFFFF, 0xFFFF, 0xFFFF,
    0xFFFF, 0xFFFF, 0xFFFF, 0xFFFF, 0xFFFF, 0xFFFF, 0xFFFF, 0xFFFF, 0xFFFF, 0xFFFF, 0xFFFF, 0xFFFF,
    0xFFFF, 0xFFFF, 0xCE59, 0x528A, 0x0000, 0x0000, 0x0000, 0x0000, 0x0000, 0x0000, 0x0000, 0x0000,
    0x0000, 0x0000, 0x0000, 0x0000, 0x0000, 0x0000, 0x39C7, 0xD6BA, 0xFFFF, 0xFFFF, 0xFFFF, 0xFFFF,
    0xFFFF, 0xFFFF, 0xFFFF, 0xFFFF, 0xFFFF, 0xFFFF, 0xFFFF, 0xFFFF, 0xFFFF, 0xFFFF, 0xFFFF, 0xFFFF,
    0xFFFF, 0xFFFF, 0xFFFF, 0xFFFF, 0xFFFF, 0xFFFF, 0xFFFF, 0xFFFF, 0xFFFF, 0xFFFF, 0xFFFF, 0xFFFF,
    0xFFFF, 0xFFFF, 0xFFFF, 0xFFFF, 0xFFFF, 0xFFFF, 0xFFFF, 0xFFFF, 0xFFFF, 0xFFFF, 0xFFFF, 0xFFFF,
    0xFFDF, 0xFFFF, 0xFFFF, 0xFFFF, 0xAD55, 0x0000, 0x0000, 0x0000, 0x0000, 0x0000, 0x0000, 0x0000,
    0x0000, 0x0000, 0x0000, 0x0000, 0x0000, 0x5AEB, 0xFFDF, 0xFFFF, 0xFFDF, 0xFFFF, 0xFFFF, 0xFFFF,
    0xFFFF, 0xFFFF, 0xFFFF, 0xFFFF, 0xFFFF, 0xFFFF, 0xFFFF, 0xFFFF, 0xFFFF, 0xFFFF, 0xFFFF, 0xFFFF,
    0xFFFF, 0xFFFF, 0xFFFF, 0xFFFF, 0xFFFF, 0xFFFF, 0xFFFF, 0xFFFF, 0xFFFF, 0xFFFF, 0xFFFF, 0xFFFF,
    0xFFFF, 0xFFFF, 0xFFFF, 0xFFFF, 0xFFFF, 0xFFFF, 0xFFFF, 0xFFFF, 0xFFFF, 0xFFFF, 0xFFFF, 0xFFFF,
    0xFFFF, 0xFFFF, 0xFFFF, 0xFFFF, 0xFFFF, 0xDEDB, 0x2945, 0x0000, 0x0000, 0x0000, 0x0000, 0x0000,
    0x0000, 0x0000, 0x0000, 0x0000, 0x5AEB, 0xFFFF, 0xFFFF, 0xFFFF, 0xFFFF, 0xFFFF, 0xFFFF, 0xFFFF,
    0xFFFF, 0xFFFF, 0xFFFF, 0xFFFF, 0xFFFF, 0xFFFF, 0xFFFF, 0xFFFF, 0xFFFF, 0xFFFF, 0xFFFF, 0xFFFF,
    0xFFFF, 0xFFFF, 0xFFFF, 0xFFFF, 0xFFFF, 0xFFFF, 0xFFFF, 0xFFFF, 0xFFFF, 0xFFFF, 0xFFFF, 0xFFFF,
    0xFFFF, 0xFFFF, 0xFFFF, 0xFFFF, 0xFFFF, 0xFFFF, 0xFFFF, 0xFFFF, 0xFFFF, 0xFFFF, 0xFFFF, 0xFFFF,
    0xFFFF, 0xFFFF, 0xFFFF, 0xFFFF, 0xFFDF, 0xFFFF, 0xE73C, 0x0000, 0x0000, 0x0000, 0x0000, 0x0000,
    0x0000, 0x0000, 0x0000, 0x39C7, 0xFFFF, 0xFFFF, 0xFFFF, 0xFFFF, 0xFFFF, 0xFFFF, 0xFFFF, 0xFFFF,
    0xFFFF, 0xFFFF, 0xFFFF, 0xFFFF, 0xFFFF, 0xFFFF, 0xFFFF, 0xFFFF, 0xFFFF, 0xFFFF, 0xFFFF, 0xFFFF,
    0xFFFF, 0xFFFF, 0xFFFF, 0xFFFF, 0xFFFF, 0xFFFF, 0xFFFF, 0xFFFF, 0xFFFF, 0xFFFF, 0xFFFF, 0xFFFF,
    0xFFFF, 0xFFFF, 0xFFFF, 0xFFFF, 0xFFFF, 0xFFFF, 0xFFFF, 0xFFFF, 0xFFFF, 0xFFFF, 0xFFFF, 0xFFFF,
    0xFFFF, 0xFFFF, 0xFFFF, 0xFFFF, 0xFFFF, 0xFFDF, 0xFFFF, 0xD6BA, 0x0000, 0x0000, 0x0000, 0x0000,
    0x0000, 0x0000, 0x0000, 0xDEFB, 0xFFFF, 0xFFFF, 0xFFFF, 0xFFFF, 0xFFFF, 0xFFFF, 0xFFFF, 0xFFFF,
    0xFFFF, 0xFFFF, 0xFFFF, 0xFFFF, 0xFFFF, 0xFFFF, 0xFFFF, 0xFFFF, 0xFFFF, 0xFFFF, 0xFFFF, 0xFFFF,
    0xFFFF, 0xFFFF, 0xFFFF, 0xFFFF, 0xFFFF, 0xFFFF, 0xFFFF, 0xFFFF, 0xFFFF, 0xFFFF, 0xFFFF, 0xFFFF,
    0xFFFF, 0xFFFF, 0xFFFF, 0xFFFF, 0xFFFF, 0xFFFF, 0xFFFF, 0xFFFF, 0xFFFF, 0xFFFF, 0xFFFF, 0xFFFF,
    0xFFFF, 0xFFFF, 0xFFFF, 0xFFFF, 0xFFFF, 0xFFFF, 0xFFDF, 0xFFFF, 0x9CD3, 0x0000, 0x0000, 0x0000,
    0x0000, 0x0000, 0x8410, 0xFFFF, 0xFFDF, 0xFFFF, 0xFFFF, 0xFFFF, 0xFFFF, 0xFFFF, 0xFFFF, 0xFFFF,
    0xFFFF, 0xFFFF, 0xFFFF, 0xFFFF, 0xFFFF, 0xFFFF, 0xFFFF, 0xFFFF, 0xFFFF, 0xFFFF, 0xFFFF, 0xFFFF,
    0xFFFF, 0xFFFF, 0xFFFF, 0xFFFF, 0xFFFF, 0xFFFF, 0xFFFF, 0xFFFF, 0xFFFF, 0xFFFF, 0xFFFF, 0xFFFF,
    0xFFFF, 0xFFFF, 0xFFFF, 0xFFFF, 0xFFFF, 0xFFFF, 0xFFFF, 0xFFFF, 0xFFFF, 0xFFFF, 0xFFFF, 0xFFFF,
    0xFFFF, 0xFFFF, 0xFFFF, 0xFFFF, 0xFFFF, 0xFFFF, 0xFFFF, 0xFFDF, 0xFFFF, 0x39C7, 0x0000, 0x0000,
    0x0000, 0x0000, 0xEF7D, 0xFFFF, 0xFFFF, 0xFFFF, 0xFFFF, 0xFFFF, 0xFFFF, 0xFFFF, 0xFFFF, 0xFFFF,
    0xFFFF, 0xFFFF, 0xFFFF, 0xFFFF, 0xFFFF, 0xFFFF, 0xFFFF, 0xFFFF, 0xFFFF, 0xFFFF, 0xFFFF, 0xFFFF,
    0xFFFF, 0xFFFF, 0xFFFF, 0xFFFF, 0xFFFF, 0xFFFF, 0xFFFF, 0xFFFF, 0xFFFF, 0xFFFF, 0xFFFF, 0xFFFF,
    0xFFFF, 0xFFFF, 0xFFFF, 0xFFFF, 0xFFFF, 0xFFFF, 0xFFFF, 0xFFFF, 0xFFFF, 0xFFFF, 0xFFFF, 0xFFFF,
    0xFFFF, 0xFFFF, 0xFFFF, 0xFFFF, 0xFFFF, 0xFFFF, 0xFFFF, 0xFFFF, 0xFFFF, 0xBDD7, 0x0000, 0x0000,
    0x0000, 0x630C, 0xFFFF, 0xFFFF, 0xFFFF, 0xFFFF, 0xFFFF, 0xFFFF, 0xFFFF, 0xFFFF, 0xFFFF, 0xFFFF,
    0xFFFF, 0xFFFF, 0xFFFF, 0xFFFF, 0xFFFF, 0xFFFF, 0xFFFF, 0xFFFF, 0xFFFF, 0xFFFF, 0xFFFF, 0xFFFF,
    0xFFFF, 0xFFFF, 0xFFFF, 0xFFFF, 0xFFFF, 0xFFFF, 0xFFFF, 0xFFFF, 0xFFFF, 0xFFFF, 0xFFFF, 0xFFFF,
    0xFFFF, 0xFFFF, 0xFFFF, 0xFFFF, 0xFFFF, 0xFFFF, 0xFFFF, 0xFFFF, 0xFFFF, 0xFFFF, 0xFFFF, 0xFFFF,
    0xFFFF, 0xFFFF, 0xFFFF, 0xFFFF, 0xFFFF, 0xFFFF, 0xFFFF, 0xFFFF, 0xFFFF, 0xFFFF, 0x0000, 0x0000,
    0x0000, 0xAD75, 0xFFFF, 0xFFDF, 0xFFFF, 0xFFFF, 0xFFFF, 0xFFFF, 0xFFFF, 0xFFFF, 0xFFFF, 0xFFFF,
    0xFFFF, 0xFFFF, 0xFFFF, 0xFFFF, 0xFFFF, 0xEF5D, 0xD6BA, 0xF7BE, 0xFFFF, 0xFFFF, 0xFFFF, 0xFFFF,
    0xFFFF, 0xFFFF, 0xFFFF, 0xFFFF, 0xFFFF, 0xFFFF, 0xFFFF, 0xFFFF, 0xFFFF, 0xFFFF, 0xFFFF, 0xFFFF,
    0xFFFF, 0xFFFF, 0xFFFF, 0xFFFF, 0xFFFF, 0xFFFF, 0xFFFF, 0xFFFF, 0xFFFF, 0xFFFF, 0xFFFF, 0xFFFF,
    0xFFFF, 0xFFFF, 0xFFFF, 0xFFFF, 0xFFFF, 0xFFFF, 0xFFFF, 0xFFFF, 0xFFDF, 0xFFFF, 0x6B6D, 0x0000,
    0x0000, 0xDEFB, 0xFFFF, 0xFFFF, 0xFFFF, 0xFFFF, 0xFFFF, 0xFFFF, 0xFFFF, 0xFFFF, 0xFFFF, 0xFFFF,
    0xFFFF, 0xFFFF, 0xFFFF, 0xFFFF, 0xFFDF, 0x4228, 0x0000, 0x738E, 0xFFFF, 0xFFFF, 0xFFFF, 0xFFFF,
    0xFFFF, 0xFFFF, 0xFFFF, 0xFFFF, 0xFFFF, 0xFFFF, 0xFFFF, 0xFFFF, 0xFFFF, 0xFFFF, 0xFFFF, 0xFFFF,
    0xFFFF, 0xFFFF, 0xFFFF, 0xFFFF, 0xFFFF, 0xFFFF, 0xFFFF, 0xFFFF, 0xFFFF, 0xFFFF, 0xFFFF, 0xFFFF,
    0xFFFF, 0xFFFF, 0xFFFF, 0xFFFF, 0xFFFF, 0xFFFF, 0xFFFF, 0xFFFF, 0xFFDF, 0xFFFF, 0xAD55, 0x0000,
    0x0000, 0xF7BE, 0xFFFF, 0xFFFF, 0xFFFF, 0xFFFF, 0xFFFF, 0xFFFF, 0xFFFF, 0xFFFF, 0xFFFF, 0xFFFF,
    0xFFFF, 0xFFFF, 0xFFFF, 0xFFFF, 0xFFDF, 0x31A6, 0x0000, 0x5AEB, 0xFFFF, 0xFFFF, 0xFFFF, 0xFFFF,
    0xFFFF, 0xFFFF, 0xFFFF, 0xFFFF, 0xFFFF, 0xFFFF, 0xFFFF, 0xFFFF, 0xFFFF, 0xFFFF, 0xFFFF, 0xFFFF,
    0xFFFF, 0xFFFF, 0xFFFF, 0xFFFF, 0xFFFF, 0xFFFF, 0xFFFF, 0xFFFF, 0xFFFF, 0xFFFF, 0xFFFF, 0xFFFF,
    0xFFFF, 0xFFFF, 0xFFFF, 0xFFFF, 0xFFFF, 0xFFFF, 0xFFFF, 0xFFFF, 0xFFFF, 0xFFFF, 0xCE9A, 0x0000,
    0x39E7, 0xFFFF, 0xFFFF, 0xFFFF, 0xFFFF, 0xFFFF, 0xFFFF, 0xFFFF, 0xFFFF, 0xFFFF, 0xFFFF, 0xFFFF,
    0xFFFF, 0xFFFF, 0xFFFF, 0xFFFF, 0xFFDF, 0x39E7, 0x0000, 0x630C, 0xFFFF, 0xFFFF, 0xFFFF, 0xFFFF,
    0xFFFF, 0xFFFF, 0xFFFF, 0xFFFF, 0xFFFF, 0xFFFF, 0xFFFF, 0xFFFF, 0xFFFF, 0xFFFF, 0xFFFF, 0xFFFF,
    0xFFFF, 0xFFFF, 0xFFFF, 0xFFFF, 0xFFFF, 0xFFFF, 0xFFFF, 0xFFFF, 0xFFFF, 0xFFFF, 0xFFFF, 0xFFFF,
    0xFFFF, 0xFFFF, 0xFFFF, 0xFFFF, 0xFFFF, 0xFFFF, 0xFFFF, 0xFFFF, 0xFFFF, 0xFFFF, 0xE73C, 0x0000,
    0x528A, 0xFFFF, 0xFFFF, 0xFFFF, 0xFFFF, 0xFFFF, 0xFFFF, 0xFFFF, 0xFFFF, 0xFFFF, 0xFFFF, 0xFFFF,
    0xFFFF, 0xFFFF, 0xFFFF, 0xFFFF, 0xFFDF, 0x39C7, 0x0000, 0x630C, 0xFFFF, 0xFFFF, 0xFFFF, 0xFFFF,
    0xFFFF, 0xFFFF, 0xFFFF, 0xFFFF, 0xFFFF, 0xFFFF, 0xFFFF, 0xFFFF, 0xFFFF, 0xFFFF, 0xFFFF, 0xFFFF,
    0xFFFF, 0xFFFF, 0xFFFF, 0xFFFF, 0xFFFF, 0xFFFF, 0xFFFF, 0xFFFF, 0xFFFF, 0xFFFF, 0xFFFF, 0xFFFF,
    0xFFFF, 0xFFFF, 0xFFFF, 0xFFFF, 0xFFFF, 0xFFFF, 0xFFFF, 0xFFFF, 0xFFFF, 0xFFFF, 0xF7BE, 0x0000,
    0x630C, 0xFFFF, 0xFFFF, 0xFFFF, 0xFFFF, 0xFFFF, 0xFFFF, 0xFFFF, 0xFFFF, 0xFFFF, 0xFFFF, 0xFFFF,
    0xFFFF, 0xFFFF, 0xFFFF, 0xFFFF, 0xFFDF, 0x39C7, 0x0000, 0x630C, 0xFFFF, 0xFFDF, 0xFFFF, 0xFFFF,
    0xFFFF, 0xFFFF, 0xFFFF, 0xFFFF, 0xFFFF, 0xFFFF, 0xFFFF, 0xFFFF, 0xFFFF, 0xFFFF, 0xFFFF, 0xFFFF,
    0xFFFF, 0xFFFF, 0xFFFF, 0xFFFF, 0xFFFF, 0xFFFF, 0xFFFF, 0xFFFF, 0xFFFF, 0xFFFF, 0xFFFF, 0xFFFF,
    0xFFFF, 0xFFFF, 0xFFFF, 0xFFFF, 0xFFFF, 0xFFFF, 0xFFFF, 0xFFFF, 0xFFFF, 0xFFFF, 0xFFFF, 0x2985,
    0x6B6D, 0xFFFF, 0xFFFF, 0xFFFF, 0xFFFF, 0xFFFF, 0xFFFF, 0xFFFF, 0xFFFF, 0xFFFF, 0xFFFF, 0xF79E,
    0x5AAA, 0x39E7, 0x4208, 0x4208, 0x4208, 0x0000, 0x0000, 0x2945, 0x4208, 0x4208, 0x4228, 0x39C7,
    0x6B4D, 0xFFFF, 0xFFFF, 0xFFFF, 0xFFFF, 0xFFFF, 0xFFFF, 0xFFFF, 0xFFFF, 0xFFFF, 0xE71C, 0x4A69,
    0x4A49, 0x4A49, 0x4A49, 0x4A49, 0x4A49, 0x4A49, 0x4A49, 0x4A49, 0x4A49, 0x4A49, 0x39E7, 0x9492,
    0xFFFF, 0xFFFF, 0xFFFF, 0xFFFF, 0xFFFF, 0xFFFF, 0xFFFF, 0xFFFF, 0xFFFF, 0xFFFF, 0xFFFF, 0x39E7,
    0x7BCF, 0xFFFF, 0xFFFF, 0xFFFF, 0xFFFF, 0xFFFF, 0xFFFF, 0xFFFF, 0xFFFF, 0xFFFF, 0xFFFF, 0xE71C,
    0x0000, 0x0000, 0x0000, 0x0000, 0x0000, 0x0000, 0x0000, 0x0000, 0x0000, 0x0000, 0x0000, 0x0000,
    0x0000, 0xFFDF, 0xFFFF, 0xFFFF, 0xFFFF, 0xFFFF, 0xFFFF, 0xFFFF, 0xFFFF, 0xFFFF, 0xBDD7, 0x0000,
    0x0000, 0x0000, 0x0000, 0x0000, 0x0000, 0x0000, 0x0000, 0x0000, 0x0000, 0x0000, 0x0000, 0x4228,
    0xFFFF, 0xFFFF, 0xFFFF, 0xFFFF, 0xFFFF, 0xFFFF, 0xFFFF, 0xFFFF, 0xFFFF, 0xFFFF, 0xFFFF, 0x4228,
    0x7BEF, 0xFFFF, 0xFFFF, 0xFFFF, 0xFFFF, 0xFFFF, 0xFFFF, 0xFFFF, 0xFFFF, 0xFFFF, 0xFFFF, 0xF7BE,
    0x630B, 0x4228, 0x4A69, 0x4A49, 0x4A49, 0x0000, 0x0000, 0x2965, 0x4A69, 0x4A49, 0x4A69, 0x4228,
    0x73AE, 0xFFFF, 0xFFFF, 0xFFFF, 0xFFFF, 0xFFFF, 0xFFFF, 0xFFFF, 0xFFFF, 0xFFFF, 0xDEFB, 0x4A49,
    0x4A49, 0x4A49, 0x4A49, 0x4A49, 0x4A49, 0x4A49, 0x4A49, 0x4A49, 0x4A49, 0x4A69, 0x39E7, 0x94B2,
    0xFFFF, 0xFFFF, 0xFFFF, 0xFFFF, 0xFFFF, 0xFFFF, 0xFFFF, 0xFFFF, 0xFFFF, 0xFFFF, 0xFFFF, 0x4A49,
    0x7C10, 0xFFFF, 0xFFFF, 0xFFFF, 0xFFFF, 0xFFFF, 0xFFFF, 0xFFFF, 0xFFFF, 0xFFFF, 0xFFFF, 0xFFFF,
    0xFFFF, 0xFFFF, 0xFFFF, 0xFFFF, 0xFFFF, 0x39C7, 0x0000, 0x632C, 0xFFFF, 0xFFFF, 0xFFFF, 0xFFFF,
    0xFFFF, 0xFFFF, 0xFFFF, 0xFFFF, 0xFFFF, 0xFFFF, 0xFFFF, 0xFFFF, 0xFFFF, 0xFFFF, 0xFFFF, 0xFFFF,
    0xFFFF, 0xFFFF, 0xFFFF, 0xFFFF, 0xFFFF, 0xFFFF, 0xFFFF, 0xFFFF, 0xFFFF, 0xFFFF, 0xFFFF, 0xFFFF,
    0xFFFF, 0xFFFF, 0xFFFF, 0xFFFF, 0xFFFF, 0xFFFF, 0xFFFF, 0xFFFF, 0xFFFF, 0xFFFF, 0xFFFF, 0x4A49,
    0x7C0F, 0xFFFF, 0xFFFF, 0xFFFF, 0xFFFF, 0xFFFF, 0xFFFF, 0xFFFF, 0xFFFF, 0xFFFF, 0xFFFF, 0xFFFF,
    0xFFFF, 0xFFFF, 0xFFFF, 0xFFFF, 0xF7DF, 0x39C7, 0x0000, 0x630C, 0xFFFF, 0xFFDF, 0xFFFF, 0xFFFF,
    0xFFFF, 0xFFFF, 0xFFFF, 0xFFFF, 0xFFFF, 0xFFFF, 0xFFFF, 0xFFFF, 0xFFFF, 0xFFFF, 0xFFFF, 0xFFFF,
    0xFFFF, 0xFFFF, 0xFFFF, 0xFFFF, 0xFFFF, 0xFFFF, 0xFFFF, 0xFFFF, 0xFFFF, 0xFFFF, 0xFFFF, 0xFFFF,
    0xFFFF, 0xFFFF, 0xFFFF, 0xFFFF, 0xFFFF, 0xFFFF, 0xFFFF, 0xFFFF, 0xFFFF, 0xFFFF, 0xFFFF, 0x4A69,
    0x7C10, 0xFFFF, 0xFFFF, 0xFFFF, 0xFFFF, 0xFFFF, 0xFFFF, 0xFFFF, 0xFFFF, 0xFFFF, 0xFFFF, 0xFFFF,
    0xFFFF, 0xFFFF, 0xFFFF, 0xFFFF, 0xFFDF, 0x39C7, 0x0000, 0x630C, 0xFFFF, 0xFFFF, 0xFFFF, 0xFFFF,
    0xFFFF, 0xFFFF, 0xFFFF, 0xFFFF, 0xFFFF, 0xFFFF, 0xFFFF, 0xFFFF, 0xFFFF, 0xFFFF, 0xFFFF, 0xFFFF,
    0xFFFF, 0xFFFF, 0xFFFF, 0xFFFF, 0xFFFF, 0xFFFF, 0xFFFF, 0xFFFF, 0xFFFF, 0xFFFF, 0xFFFF, 0xFFFF,
    0xFFFF, 0xFFFF, 0xFFFF, 0xFFFF, 0xFFFF, 0xFFFF, 0xFFFF, 0xFFFF, 0xFFFF, 0xFFFF, 0xFFFF, 0x4A49,
    0x7C10, 0xFFFF, 0xFFFF, 0xFFFF, 0xFFFF, 0xFFFF, 0xFFFF, 0xFFFF, 0xFFFF, 0xFFFF, 0xFFFF, 0xFFFF,
    0xFFFF, 0xFFFF, 0xFFFF, 0xFFFF, 0xF7DE, 0x31A6, 0x0000, 0x5AEB, 0xFFFF, 0xFFFF, 0xFFFF, 0xFFFF,
    0xFFFF, 0xFFFF, 0xFFFF, 0xFFFF, 0xFFFF, 0xFFFF, 0xFFFF, 0xFFFF, 0xFFFF, 0xFFFF, 0xFFFF, 0xFFFF,
    0xFFFF, 0xFFFF, 0xFFFF, 0xFFFF, 0xFFFF, 0xFFFF, 0xFFFF, 0xFFFF, 0xFFFF, 0xFFFF, 0xFFFF, 0xFFFF,
    0xFFFF, 0xFFFF, 0xFFFF, 0xFFFF, 0xFFFF, 0xFFFF, 0xFFFF, 0xFFFF, 0xFFFF, 0xFFFF, 0xFFFF, 0x4A49,
    0x8410, 0xFFFF, 0xFFFF, 0xFFFF, 0xFFFF, 0xFFFF, 0xFFFF, 0xFFFF, 0xFFFF, 0xFFFF, 0xFFFF, 0xFFFF,
    0xFFFF, 0xFFFF, 0xFFFF, 0xFFFF, 0xFFFF, 0x528A, 0x0000, 0x7BEF, 0xFFFF, 0xFFFF, 0xFFFF, 0xFFFF,
    0xFFFF, 0xFFFF, 0xFFFF, 0xFFFF, 0xFFFF, 0xFFFF, 0xFFFF, 0xFFFF, 0xFFFF, 0xFFFF, 0xFFFF, 0xFFFF,
    0xFFFF, 0xFFFF, 0xFFFF, 0xFFFF, 0xFFFF, 0xFFFF, 0xFFFF, 0xFFFF, 0xFFFF, 0xFFFF, 0xFFFF, 0xFFFF,
    0xFFFF, 0xFFFF, 0xFFFF, 0xFFFF, 0xFFFF, 0xFFFF, 0xFFFF, 0xFFFF, 0xFFFF, 0xFFFF, 0xFFFF, 0x4A49,
    0x8410, 0xFFFF, 0xFFFF, 0xFFFF, 0xFFFF, 0xFFFF, 0xFFFF, 0xFFFF, 0xFFFF, 0xFFFF, 0xFFFF, 0xFFFF,
    0xFFFF, 0xFFFF, 0xFFFF, 0xFFFF, 0xFFFF, 0xF7BE, 0xEF5D, 0xFFFF, 0xFFFF, 0xFFFF, 0xFFFF, 0xFFFF,
    0xFFFF, 0xFFFF, 0xFFFF, 0xFFFF, 0xFFFF, 0xFFFF, 0xFFFF, 0xFFFF, 0xFFFF, 0xFFFF, 0xFFFF, 0xFFFF,
    0xFFFF, 0xFFFF, 0xFFFF, 0xFFFF, 0xFFFF, 0xFFFF, 0xFFFF, 0xFFFF, 0xFFFF, 0xFFFF, 0xFFFF, 0xFFFF,
    0xFFFF, 0xFFFF, 0xFFFF, 0xFFFF, 0xFFFF, 0xFFFF, 0xFFFF, 0xFFFF, 0xFFFF, 0xFFFF, 0xFFFF, 0x4A49,
    0x8410, 0xFFFF, 0xFFFF, 0xFFFF, 0xFFFF, 0xFFFF, 0xFFFF, 0xFFFF, 0xFFFF, 0xFFFF, 0xFFFF, 0xFFFF,
    0xFFFF, 0xFFFF, 0xFFFF, 0xFFFF, 0xFFFF, 0xFFFF, 0xFFFF, 0xFFFF, 0xFFFF, 0xFFFF, 0xFFFF, 0xFFFF,
    0xFFFF, 0xFFFF, 0xFFFF, 0xFFFF, 0xFFFF, 0xFFFF, 0xFFFF, 0xFFFF, 0xFFFF, 0xFFFF, 0xFFFF, 0xFFFF,
    0xFFFF, 0xFFFF, 0xFFFF, 0xFFFF, 0xFFFF, 0xFFFF, 0xFFFF, 0xFFFF, 0xFFFF, 0xFFFF, 0xFFFF, 0xFFFF,
    0xFFFF, 0xFFFF, 0xFFFF, 0xFFFF, 0xFFFF, 0xFFFF, 0xFFFF, 0xFFFF, 0xFFFF, 0xFFFF, 0xFFFF, 0x4A49,
    0x8410, 0xFFFF, 0xFFFF, 0xFFFF, 0xFFFF, 0xFFFF, 0xFFFF, 0xFFFF, 0xFFFF, 0xFFFF, 0xFFFF, 0xFFFF,
    0xFFFF, 0xFFFF, 0xFFFF, 0xFFFF, 0xFFFF, 0xFFFF, 0xFFFF, 0xFFFF, 0xFFFF, 0xFFFF, 0xFFFF, 0xFFFF,
    0xFFFF, 0xFFFF, 0xFFFF, 0xFFFF, 0xFFFF, 0xFFFF, 0xFFFF, 0xFFFF, 0xFFFF, 0xFFFF, 0xFFFF, 0xFFFF,
    0xFFFF, 0xFFFF, 0xFFFF, 0xFFFF, 0xFFFF, 0xFFFF, 0xFFFF, 0xFFFF, 0xFFFF, 0xFFFF, 0xFFFF, 0xFFFF,
    0xFFFF, 0xFFFF, 0xFFFF, 0xFFFF, 0xFFFF, 0xFFFF, 0xFFFF, 0xFFFF, 0xFFFF, 0xFFFF, 0xFFFF, 0x4A69,
    0x8410, 0xFFFF, 0xFFFF, 0xFFFF, 0xFFFF, 0xFFFF, 0xFFFF, 0xFFFF, 0xFFFF, 0xFFFF, 0xFFFF, 0xFFFF,
    0xFFFF, 0xFFFF, 0xFFFF, 0xFFFF, 0xFFFF, 0xFFFF, 0xFFFF, 0xFFFF, 0xFFFF, 0xFFFF, 0xFFFF, 0xFFFF,
    0xFFFF, 0xFFFF, 0xFFFF, 0xFFFF, 0xFFFF, 0xFFFF, 0xFFFF, 0xFFFF, 0xFFFF, 0xFFFF, 0xFFFF, 0xFFFF,
    0xFFFF, 0xFFFF, 0xFFFF, 0xFFFF, 0xFFFF, 0xFFFF, 0xFFFF, 0xFFFF, 0xFFFF, 0xFFFF, 0xFFFF, 0xFFFF,
    0xFFFF, 0xFFFF, 0xFFFF, 0xFFFF, 0xFFFF, 0xFFFF, 0xFFFF, 0xFFFF, 0xFFFF, 0xFFFF, 0xFFFF, 0x4A69,
    0x8410, 0xFFFF, 0xFFFF, 0xFFFF, 0xFFFF, 0xFFFF, 0xFFFF, 0xFFFF, 0xFFFF, 0xFFFF, 0xFFFF, 0xFFFF,
    0xFFFF, 0xFFFF, 0xFFFF, 0xFFFF, 0xFFFF, 0xFFFF, 0xFFFF, 0xFFFF, 0xFFFF, 0xFFFF, 0xFFFF, 0xFFFF,
    0xFFFF, 0xFFFF, 0xFFFF, 0xFFFF, 0xFFFF, 0xFFFF, 0xFFFF, 0xFFFF, 0xFFFF, 0xFFFF, 0xFFFF, 0xFFFF,
    0xFFFF, 0xFFFF, 0xFFFF, 0xFFFF, 0xFFFF, 0xFFFF, 0xFFFF, 0xFFFF, 0xFFFF, 0xFFFF, 0xFFFF, 0xFFFF,
    0xFFFF, 0xFFFF, 0xFFFF, 0xFFFF, 0xFFFF, 0xFFFF, 0xFFFF, 0xFFFF, 0xFFFF, 0xFFFF, 0xFFFF, 0x4A69,
    0x8410, 0xFFFF, 0xFFFF, 0xFFFF, 0xFFFF, 0xFFFF, 0xFFFF, 0xFFFF, 0xFFFF, 0xFFFF, 0xFFFF, 0xFFFF,
    0xFFFF, 0xFFFF, 0xFFFF, 0xFFFF, 0xFFFF, 0xFFFF, 0xFFFF, 0xFFFF, 0xFFFF, 0xFFFF, 0xFFFF, 0xFFFF,
    0xFFFF, 0xFFFF, 0xFFFF, 0xFFFF, 0xFFFF, 0xFFFF, 0xFFFF, 0xFFFF, 0xFFFF, 0xFFFF, 0xFFFF, 0xFFFF,
    0xFFFF, 0xFFFF, 0xFFFF, 0xFFFF, 0xFFFF, 0xFFFF, 0xFFFF, 0xFFFF, 0xFFFF, 0xFFFF, 0xFFFF, 0xFFFF,
    0xFFFF, 0xFFFF, 0xFFFF, 0xFFFF, 0xFFFF, 0xFFFF, 0xFFFF, 0xFFFF, 0xFFFF, 0xFFFF, 0xFFFF, 0x4A69,
    0x8410, 0xFFFF, 0xFFFF, 0xFFFF, 0xFFFF, 0xFFFF, 0xFFFF, 0xFFFF, 0xFFFF, 0xFFFF, 0xFFFF, 0xFFFF,
    0xFFFF, 0xFFFF, 0xFFFF, 0xFFFF, 0xFFFF, 0xFFFF, 0xFFFF, 0xFFFF, 0xFFFF, 0xFFFF, 0xFFFF, 0xFFFF,
    0xFFFF, 0xFFFF, 0xFFFF, 0xFFFF, 0xFFFF, 0xFFFF, 0xFFFF, 0xFFFF, 0xFFFF, 0xFFFF, 0xFFDD, 0xEEB7,
    0xEDD3, 0xED91, 0xED50, 0xE52F, 0xE52F, 0xE50F, 0xE52F, 0xE52F, 0xED50, 0xEDB2, 0xEE35, 0xF75B,
    0xFFFF, 0xFFFF, 0xFFFF, 0xFFFF, 0xFFFF, 0xFFFF, 0xFFFF, 0xFFFF, 0xFFFF, 0xFFFF, 0xFFFF, 0x4A69,
    0x8410, 0xFFFF, 0xFFFF, 0xFFFF, 0xFFFF, 0xFFFF, 0xFFFF, 0xFFFF, 0xFFFF, 0xFFFF, 0xFFFF, 0xFFFF,
    0xFFFF, 0xFFFF, 0xFFFF, 0xFFFF, 0xFFFF, 0xFFFF, 0xFFFF, 0xFFFF, 0xFFFF, 0xFFFF, 0xFFFF, 0xFFFF,
    0xFFFF, 0xFFFF, 0xFFFF, 0xFFFF, 0xFFFF, 0xFFFF, 0xFFFF, 0xFFFF, 0xFFFF, 0xF6F8, 0xE48C, 0xE3A8,
    0xE3A7, 0xE3A8, 0xE3A8, 0xE3A8, 0xE3A8, 0xEBA8, 0xEBA8, 0xE3A8, 0xE3A8, 0xE3A8, 0xE3A8, 0xE3E9,
    0xED92, 0xFFDE, 0xFFFF, 0xFFFF, 0xFFFF, 0xFFFF, 0xFFFF, 0xFFFF, 0xFFFF, 0xFFFF, 0xFFFF, 0x4A69,
    0x8410, 0xFFFF, 0xFFFF, 0xFFFF, 0xFFFF, 0xFFFF, 0xFFFF, 0xFFFF, 0xFFFF, 0xFFFF, 0xFFFF, 0xFFFF,
    0xFFFF, 0xFFFF, 0xFFFF, 0xFFFF, 0xFFFF, 0xFFFF, 0xFFFF, 0xFFFF, 0xFFFF, 0xFFFF, 0xFFFF, 0xFFFF,
    0xFFFF, 0xFFFF, 0xFFFF, 0xFFFF, 0xFFFF, 0xFFFF, 0xFFFF, 0xFFFF, 0xEED8, 0xDBC9, 0xEBA8, 0xEBE9,
    0xEBE9, 0xEBE9, 0xEBE9, 0xEBE9, 0xEBE9, 0xEBE9, 0xEBE9, 0xEBE9, 0xEBE9, 0xEBE9, 0xEBE9, 0xEBE9,
    0xE387, 0xE4EF, 0xFFDE, 0xFFFF, 0xFFFF, 0xFFFF, 0xFFFF, 0xFFFF, 0xFFFF, 0xFFFF, 0xFFFF, 0x4A69,
    0x8410, 0xFFFF, 0xFFFF, 0xFFFF, 0xFFFF, 0xFFFF, 0xFFFF, 0xFFFF, 0xFFFF, 0xFFFF, 0xFFFF, 0xFFFF,
    0xFFFF, 0xFFFF, 0xFFFF, 0xFFFF, 0xFFFF, 0xFFFF, 0xFFFF, 0xFFFF, 0xFFFF, 0xFFFF, 0xFFFF, 0xFFFF,
    0xFFFF, 0xFFFF, 0xFFFF, 0xFFFF, 0xFFFF, 0xFFFF, 0xFFFF, 0xFFBD, 0xDC2A, 0xEBA7, 0xEBC9, 0xEBC8,
    0xEBC8, 0xEBC8, 0xEBC8, 0xEBC8, 0xE3C8, 0xE3C8, 0xE3C8, 0xE3E8, 0xEBC8, 0xEBC8, 0xEBE8, 0xEBE9,
    0xEBE9, 0xE367, 0xEDF4, 0xFFFF, 0xFFFF, 0xFFFF, 0xFFFF, 0xFFFF, 0xFFFF, 0xFFFF, 0xFFFF, 0x4A69,
    0x8410, 0xFFFF, 0xFFFF, 0xFFFF, 0xFFFF, 0xFFFF, 0xFFFF, 0xFFFF, 0xFFFF, 0xFFFF, 0xFFFF, 0xFFFF,
    0xFFFF, 0xE71C, 0xAD75, 0xFFFF, 0xFFFF, 0xFFFF, 0xFFFF, 0xFFFF, 0xFFFF, 0xFFFF, 0xA534, 0xF79E,
    0xFFFF, 0xFFFF, 0xFFFF, 0xFFFF, 0xFFFF, 0xFFFF, 0xFFFF, 0xEE35, 0xE367, 0xEBC8, 0xE3C8, 0xE3C8,
    0xE3C8, 0xEBC8, 0xE3C8, 0xE3C8, 0xE3C8, 0xE3C8, 0xE3C8, 0xE3C8, 0xEBC8, 0xEBC8, 0xEBC8, 0xEBC8,
    0xEBC8, 0xEBA8, 0xE42B, 0xFFBD, 0xFFFF, 0xFFFF, 0xFFFF, 0xFFFF, 0xFFFF, 0xFFFF, 0xFFFF, 0x4A69,
    0x8410, 0xFFFF, 0xFFFF, 0xFFFF, 0xFFFF, 0xFFFF, 0xFFFF, 0xFFFF, 0xFFFF, 0xFFFF, 0xFFFF, 0xFFFF,
    0xDEFB, 0x31A6, 0x0000, 0x9492, 0xFFFF, 0xFFDF, 0xFFFF, 0xFFFF, 0xFFFF, 0x73AE, 0x0000, 0x4A69,
    0xEF7D, 0xFFFF, 0xFFFF, 0xFFFF, 0xFFFF, 0xFFFF, 0xFFFF, 0xE530, 0xE366, 0xEBC8, 0xE3A8, 0xE3A8,
    0xE387, 0xE366, 0xE366, 0xE367, 0xE366, 0xE366, 0xE366, 0xE366, 0xE367, 0xE387, 0xEBA7, 0xEBC8,
    0xEBA8, 0xEBA8, 0xE3A8, 0xF719, 0xFFFF, 0xFFFF, 0xFFFF, 0xFFFF, 0xFFFF, 0xFFFF, 0xFFFF, 0x4A69,
    0x8410, 0xFFFF, 0xFFFF, 0xFFFF, 0xFFFF, 0xFFFF, 0xFFFF, 0xFFFF, 0xFFFF, 0xFFFF, 0xFFFF, 0xFFFF,
    0xCE79, 0x0000, 0x0000, 0x0000, 0x9492, 0xFFFF, 0xFFDF, 0xFFFF, 0x73AE, 0x0000, 0x0000, 0x0000,
    0xE73C, 0xFFFF, 0xFFFF, 0xFFFF, 0xFFFF, 0xFFFF, 0xFFFF, 0xE4AD, 0xE366, 0xEBA8, 0xE3A8, 0xE387,
    0xE4EE, 0xED71, 0xED70, 0xED71, 0xED71, 0xED70, 0xED70, 0xED70, 0xED70, 0xED70, 0xE42A, 0xE387,
    0xE3A8, 0xEBA8, 0xE367, 0xEE97, 0xFFFF, 0xFFFF, 0xFFFF, 0xFFFF, 0xFFFF, 0xFFFF, 0xFFFF, 0x4A49,
    0x8410, 0xFFFF, 0xFFFF, 0xFFFF, 0xFFFF, 0xFFFF, 0xFFFF, 0xFFFF, 0xFFFF, 0xFFFF, 0xFFFF, 0xFFFF,
    0xFFFF, 0xBDD7, 0x0000, 0x0000, 0x0000, 0x94B2, 0xFFFF, 0x73AE, 0x0000, 0x0000, 0x0000, 0xD69A,
    0xFFFF, 0xFFFF, 0xFFFF, 0xFFFF, 0xFFFF, 0xFFFF, 0xFFFE, 0xE46C, 0xE366, 0xEBA7, 0xEB87, 0xE3A8,
    0xF79B, 0xFFFF, 0xFFFF, 0xFFFF, 0xFFFF, 0xFFFF, 0xFFFF, 0xFFFF, 0xFFFF, 0xFFFF, 0xE591, 0xE346,
    0xE3A8, 0xEBA8, 0xE346, 0xEE55, 0xFFFF, 0xFFFF, 0xFFFF, 0xFFFF, 0xFFFF, 0xFFFF, 0xFFFF, 0x4A49,
    0x8410, 0xFFFF, 0xFFFF, 0xFFFF, 0xFFFF, 0xFFFF, 0xFFFF, 0xFFFF, 0xFFFF, 0xFFFF, 0xFFFF, 0xFFFF,
    0xFFFF, 0xFFFF, 0xB5B6, 0x0000, 0x0000, 0x0000, 0x4A69, 0x0000, 0x0000, 0x0000, 0xCE79, 0xFFFF,
    0xFFFF, 0xFFFF, 0xFFFF, 0xFFFF, 0xFFFF, 0xFFFF, 0xFFFE, 0xE44B, 0xE346, 0xE387, 0xEB87, 0xE387,
    0xEE96, 0xF75B, 0xF73A, 0xF73A, 0xF73A, 0xF73A, 0xF73A, 0xF75A, 0xF73A, 0xF75B, 0xE4EE, 0xE346,
    0xE387, 0xEB87, 0xE346, 0xEE35, 0xFFFF, 0xFFFF, 0xFFFF, 0xFFFF, 0xFFFF, 0xFFFF, 0xFFFF, 0x4A49,
    0x8410, 0xFFFF, 0xFFFF, 0xFFFF, 0xFFFF, 0xFFFF, 0xFFFF, 0xFFFF, 0xFFFF, 0xFFFF, 0xFFFF, 0xFFFF,
    0xFFFF, 0xFFDF, 0xFFFF, 0xB5B6, 0x0000, 0x0000, 0x0000, 0x0000, 0x2965, 0xCE59, 0xFFFF, 0xFFDF,
    0xFFFF, 0xFFFF, 0xFFFF, 0xFFFF, 0xFFFF, 0xFFFF, 0xFFFE, 0xDC4B, 0xE346, 0xE387, 0xE367, 0xE367,
    0xE387, 0xE3A8, 0xE3A8, 0xE3A8, 0xE3A7, 0xE387, 0xE387, 0xE3A8, 0xE3A8, 0xE3A8, 0xE387, 0xEB87,
    0xE367, 0xE387, 0xE325, 0xEE14, 0xFFFF, 0xFFFF, 0xFFFF, 0xFFFF, 0xFFFF, 0xFFFF, 0xFFFF, 0x4A49,
    0x7BEF, 0xFFFF, 0xFFFF, 0xFFFF, 0xFFFF, 0xFFFF, 0xFFFF, 0xFFFF, 0xFFFF, 0xFFFF, 0xFFFF, 0xFFFF,
    0xFFFF, 0xFFFF, 0xFFDF, 0xFFFF, 0x5AEB, 0x0000, 0x2945, 0x0000, 0x8430, 0xFFFF, 0xFFDF, 0xFFFF,
    0xFFFF, 0xFFFF, 0xFFFF, 0xFFFF, 0xFFFF, 0xFFFF, 0xFFFE, 0xDC2B, 0xE326, 0xE367, 0xE367, 0xE367,
    0xE346, 0xEB46, 0xEB46, 0xEB46, 0xE346, 0xE346, 0xE326, 0xE346, 0xE346, 0xE346, 0xEB66, 0xE367,
    0xE367, 0xEB87, 0xDB25, 0xEE14, 0xFFFF, 0xFFFF, 0xFFFF, 0xFFFF, 0xFFFF, 0xFFFF, 0xFFFF, 0x4208,
    0x6B8D, 0xFFFF, 0xFFFF, 0xFFFF, 0xFFFF, 0xFFFF, 0xFFFF, 0xFFFF, 0xFFFF, 0xFFFF, 0xFFFF, 0xFFFF,
    0xFFFF, 0xFFFF, 0xFFFF, 0x7BEF, 0x0000, 0x0000, 0x0000, 0x0000, 0x0000, 0xA534, 0xFFFF, 0xFFDF,
    0xFFFF, 0xFFFF, 0xFFFF, 0xFFFF, 0xFFFF, 0xFFFF, 0xFFFE, 0xDC2B, 0xE325, 0xE366, 0xE346, 0xE346,
    0xE3A8, 0xE3E9, 0xDBE9, 0xE3E9, 0xE3E9, 0xE3E9, 0xDBE9, 0xDBE9, 0xE3E9, 0xE3E9, 0xE367, 0xE366,
    0xE366, 0xE367, 0xE305, 0xEE14, 0xFFFF, 0xFFFF, 0xFFFF, 0xFFFF, 0xFFFF, 0xFFFF, 0xFFFF, 0x31A6,
    0x630C, 0xFFFF, 0xFFFF, 0xFFFF, 0xFFFF, 0xFFFF, 0xFFFF, 0xFFFF, 0xFFFF, 0xFFFF, 0xFFFF, 0xFFFF,
    0xFFFF, 0xFFFF, 0x8430, 0x0000, 0x0000, 0x2945, 0x7BEF, 0x0000, 0x0000, 0x0000, 0xA534, 0xFFFF,
    0xFFFF, 0xFFFF, 0xFFFF, 0xFFFF, 0xFFFF, 0xFFFF, 0xFFFE, 0xDC2B, 0xE305, 0xE346, 0xE346, 0xDB46,
    0xEED8, 0xFFBD, 0xFF9C, 0xFFBC, 0xFFBC, 0xFFBC, 0xFF9C, 0xFFBC, 0xFFBC, 0xFFBD, 0xE50F, 0xE305,
    0xE366, 0xE366, 0xDB05, 0xEE14, 0xFFFF, 0xFFFF, 0xFFFF, 0xFFFF, 0xFFFF, 0xFFFF, 0xFFDF, 0x2945,
    0x528A, 0xFFFF, 0xFFFF, 0xFFFF, 0xFFFF, 0xFFFF, 0xFFFF, 0xFFFF, 0xFFFF, 0xFFFF, 0xFFFF, 0xFFFF,
    0xFFFF, 0x8C51, 0x0000, 0x0000, 0x0000, 0xC618, 0xFFFF, 0x9CF3, 0x0000, 0x0000, 0x0000, 0xAD55,
    0xFFFF, 0xFFFF, 0xFFFF, 0xFFFF, 0xFFFF, 0xFFFF, 0xFFFE, 0xDC2B, 0xE2E5, 0xE346, 0xE326, 0xE346,
    0xF77A, 0xFFFF, 0xFFFF, 0xFFFF, 0xFFFF, 0xFFFF, 0xFFFF, 0xFFFF, 0xFFFF, 0xFFFF, 0xE550, 0xE2E4,
    0xE346, 0xE346, 0xDAE5, 0xEE35, 0xFFFF, 0xFFFF, 0xFFFF, 0xFFFF, 0xFFFF, 0xFFFF, 0xF79E, 0x0000,
    0x39C7, 0xFFFF, 0xFFFF, 0xFFFF, 0xFFFF, 0xFFFF, 0xFFFF, 0xFFFF, 0xFFFF, 0xFFFF, 0xFFFF, 0xFFFF,
    0xBDF7, 0x0000, 0x0000, 0x0000, 0xC618, 0xFFFF, 0xFFDF, 0xFFFF, 0xA4F3, 0x0000, 0x0000, 0x0000,
    0xE71C, 0xFFFF, 0xFFFF, 0xFFFF, 0xFFFF, 0xFFFF, 0xFFFF, 0xDC6C, 0xE2E4, 0xE346, 0xE326, 0xE326,
    0xE42A, 0xE4AC, 0xE48C, 0xE48C, 0xE48D, 0xE48D, 0xE48D, 0xE48D, 0xE48D, 0xE4AD, 0xE367, 0xE325,
    0xE326, 0xE326, 0xDAE5, 0xEE76, 0xFFFF, 0xFFFF, 0xFFFF, 0xFFFF, 0xFFFF, 0xFFFF, 0xE71C, 0x0000,
    0x0000, 0xF7BE, 0xFFFF, 0xFFFF, 0xFFFF, 0xFFFF, 0xFFFF, 0xFFFF, 0xFFFF, 0xFFFF, 0xFFFF, 0xFFFF,
    0xF79E, 0x630C, 0x0000, 0xC618, 0xFFFF, 0xFFDF, 0xFFFF, 0xFFDF, 0xFFFF, 0xA514, 0x0000, 0x8430,
    0xFFDF, 0xFFFF, 0xFFFF, 0xFFFF, 0xFFFF, 0xFFFF, 0xFFFF, 0xE4EF, 0xE2C4, 0xE326, 0xE326, 0xE326,
    0xE305, 0xE305, 0xE2E5, 0xE2E4, 0xE2E4, 0xE2E4, 0xE2E4, 0xE2E4, 0xE2E4, 0xE2E4, 0xE305, 0xE326,
    0xE326, 0xE326, 0xDB06, 0xF719, 0xFFFF, 0xFFFF, 0xFFFF, 0xFFFF, 0xFFFF, 0xFFFF, 0xCE59, 0x0000,
    0x0000, 0xDEDB, 0xFFFF, 0xFFFF, 0xFFFF, 0xFFFF, 0xFFFF, 0xFFFF, 0xFFFF, 0xFFFF, 0xFFFF, 0xFFFF,
    0xFFFF, 0xFFDF, 0xE71C, 0xFFFF, 0xFFFF, 0xFFFF, 0xFFFF, 0xFFFF, 0xFFFF, 0xFFFF, 0xDEFB, 0xFFFF,
    0xFFFF, 0xFFFF, 0xFFFF, 0xFFFF, 0xFFFF, 0xFFFF, 0xFFFF, 0xEE34, 0xDAC4, 0xEB26, 0xE305, 0xE305,
    0xE326, 0xE326, 0xE326, 0xE326, 0xE326, 0xE326, 0xE326, 0xE326, 0xE326, 0xE326, 0xE326, 0xE306,
    0xE326, 0xE2E5, 0xDBC9, 0xFFDD, 0xFFFF, 0xFFFF, 0xFFFF, 0xFFFF, 0xFFDF, 0xFFFF, 0xA514, 0x0000,
    0x0000, 0xA534, 0xFFFF, 0xFFDF, 0xFFFF, 0xFFFF, 0xFFFF, 0xFFFF, 0xFFFF, 0xFFFF, 0xFFFF, 0xFFFF,
    0xFFFF, 0xFFFF, 0xFFFF, 0xFFFF, 0xFFFF, 0xFFFF, 0xFFFF, 0xFFFF, 0xFFFF, 0xFFFF, 0xFFFF, 0xFFFF,
    0xFFFF, 0xFFFF, 0xFFFF, 0xFFFF, 0xFFFF, 0xFFFF, 0xFFFF, 0xFFBD, 0xDBA9, 0xE2C4, 0xEB26, 0xE305,
    0xE305, 0xE305, 0xE305, 0xE305, 0xE305, 0xE305, 0xE305, 0xE305, 0xE305, 0xE305, 0xE305, 0xE306,
    0xEB26, 0xDAA4, 0xEDF3, 0xFFFF, 0xFFFF, 0xFFFF, 0xFFFF, 0xFFFF, 0xFFDF, 0xFFFF, 0x632C, 0x0000,
    0x0000, 0x5ACB, 0xFFFF, 0xFFFF, 0xFFFF, 0xFFFF, 0xFFFF, 0xFFFF, 0xFFFF, 0xFFFF, 0xFFFF, 0xFFFF,
    0xFFFF, 0xFFFF, 0xFFFF, 0xFFFF, 0xFFFF, 0xFFFF, 0xFFFF, 0xFFFF, 0xFFFF, 0xFFFF, 0xFFFF, 0xFFFF,
    0xFFFF, 0xFFFF, 0xFFFF, 0xFFFF, 0xFFFF, 0xFFFF, 0xFFFF, 0xFFFF, 0xF6D8, 0xDB26, 0xE2C4, 0xE306,
    0xE326, 0xE306, 0xE306, 0xE306, 0xE306, 0xE326, 0xE306, 0xE306, 0xE306, 0xE306, 0xE326, 0xE2E5,
    0xDA83, 0xDCCE, 0xFFFE, 0xFFFF, 0xFFFF, 0xFFFF, 0xFFFF, 0xFFFF, 0xFFFF, 0xFFDF, 0x0000, 0x0000,
    0x0000, 0x0000, 0xEF5D, 0xFFFF, 0xFFFF, 0xFFFF, 0xFFFF, 0xFFFF, 0xFFFF, 0xFFFF, 0xFFFF, 0xFFFF,
    0xFFFF, 0xFFFF, 0xFFFF, 0xFFFF, 0xFFFF, 0xFFFF, 0xFFFF, 0xFFFF, 0xFFFF, 0xFFFF, 0xFFFF, 0xFFFF,
    0xFFFF, 0xFFFF, 0xFFFF, 0xFFFF, 0xFFFF, 0xFFFF, 0xFFFF, 0xFFFF, 0xFFFF, 0xF719, 0xDC2B, 0xDAC5,
    0xDAA4, 0xDAA4, 0xDAA4, 0xDAA4, 0xDAA4, 0xDAA4, 0xDAA4, 0xDAA4, 0xDA84, 0xDAA4, 0xDAC4, 0xDB46,
    0xE591, 0xFFFE, 0xFFFF, 0xFFFF, 0xFFFF, 0xFFFF, 0xFFFF, 0xFFDF, 0xFFFF, 0xAD75, 0x0000, 0x0000,
    0x0000, 0x0000, 0x73AE, 0xFFFF, 0xFFDF, 0xFFFF, 0xFFFF, 0xFFFF, 0xFFFF, 0xFFFF, 0xFFFF, 0xFFFF,
    0xFFFF, 0xFFFF, 0xFFFF, 0xFFFF, 0xFFFF, 0xFFFF, 0xFFFF, 0xFFFF, 0xFFFF, 0xFFFF, 0xFFFF, 0xFFFF,
    0xFFFF, 0xFFFF, 0xFFFF, 0xFFFF, 0xFFFF, 0xFFFF, 0xFFFF, 0xFFFF, 0xFFFF, 0xFFFF, 0xFFFE, 0xF6D8,
    0xE5B2, 0xE530, 0xE4EE, 0xDCCE, 0xE4CE, 0xDCCE, 0xDCCE, 0xE4CE, 0xE50F, 0xE571, 0xEE35, 0xF77B,
    0xFFFF, 0xFFFF, 0xFFFF, 0xFFFF, 0xFFFF, 0xFFFF, 0xFFFF, 0xFFFF, 0xFFFF, 0x31A6, 0x0000, 0x0000,
    0x0000, 0x0000, 0x0000, 0xD69A, 0xFFFF, 0xFFFF, 0xFFFF, 0xFFFF, 0xFFFF, 0xFFFF, 0xFFFF, 0xFFFF,
    0xFFFF, 0xFFFF, 0xFFFF, 0xFFFF, 0xFFFF, 0xFFFF, 0xFFFF, 0xFFFF, 0xFFFF, 0xFFFF, 0xFFFF, 0xFFFF,
    0xFFFF, 0xFFFF, 0xFFFF, 0xFFFF, 0xFFFF, 0xFFFF, 0xFFFF, 0xFFFF, 0xFFFF, 0xFFFF, 0xFFFF, 0xFFFF,
    0xFFFF, 0xFFFF, 0xFFFF, 0xFFFF, 0xFFFF, 0xFFFF, 0xFFFF, 0xFFFF, 0xFFFF, 0xFFFF, 0xFFFF, 0xFFFF,
    0xFFFF, 0xFFFF, 0xFFFF, 0xFFFF, 0xFFFF, 0xFFFF, 0xFFDF, 0xFFFF, 0x94B2, 0x0000, 0x0000, 0x0000,
    0x0000, 0x0000, 0x0000, 0x2965, 0xF7BE, 0xFFFF, 0xFFFF, 0xFFFF, 0xFFFF, 0xFFFF, 0xFFFF, 0xFFFF,
    0xFFFF, 0xFFFF, 0xFFFF, 0xFFFF, 0xFFFF, 0xFFFF, 0xFFFF, 0xFFFF, 0xFFFF, 0xFFFF, 0xFFFF, 0xFFFF,
    0xFFFF, 0xFFFF, 0xFFFF, 0xFFFF, 0xFFFF, 0xFFFF, 0xFFFF, 0xFFFF, 0xFFFF, 0xFFFF, 0xFFFF, 0xFFFF,
    0xFFFF, 0xFFFF, 0xFFFF, 0xFFFF, 0xFFFF, 0xFFFF, 0xFFFF, 0xFFFF, 0xFFFF, 0xFFFF, 0xFFFF, 0xFFFF,
    0xFFFF, 0xFFFF, 0xFFFF, 0xFFFF, 0xFFFF, 0xFFDF, 0xFFFF, 0xCE79, 0x0000, 0x0000, 0x0000, 0x0000,
    0x0000, 0x0000, 0x0000, 0x0000, 0x528A, 0xFFFF, 0xFFFF, 0xFFFF, 0xFFFF, 0xFFFF, 0xFFFF, 0xFFFF,
    0xFFFF, 0xFFFF, 0xFFFF, 0xFFFF, 0xFFFF, 0xFFFF, 0xFFFF, 0xFFFF, 0xFFFF, 0xFFFF, 0xFFFF, 0xFFFF,
    0xFFFF, 0xFFFF, 0xFFFF, 0xFFFF, 0xFFFF, 0xFFFF, 0xFFFF, 0xFFFF, 0xFFFF, 0xFFFF, 0xFFFF, 0xFFFF,
    0xFFFF, 0xFFFF, 0xFFFF, 0xFFFF, 0xFFFF, 0xFFFF, 0xFFFF, 0xFFFF, 0xFFFF, 0xFFFF, 0xFFFF, 0xFFFF,
    0xFFFF, 0xFFFF, 0xFFFF, 0xFFFF, 0xFFDF, 0xFFFF, 0xE71C, 0x0000, 0x0000, 0x0000, 0x0000, 0x0000,
    0x0000, 0x0000, 0x0000, 0x0000, 0x0000, 0x528A, 0xF7BE, 0xFFFF, 0xFFDF, 0xFFFF, 0xFFFF, 0xFFFF,
    0xFFFF, 0xFFFF, 0xFFFF, 0xFFFF, 0xFFFF, 0xFFFF, 0xFFFF, 0xFFFF, 0xFFFF, 0xFFFF, 0xFFFF, 0xFFFF,
    0xFFFF, 0xFFFF, 0xFFFF, 0xFFFF, 0xFFFF, 0xFFFF, 0xFFFF, 0xFFFF, 0xFFFF, 0xFFFF, 0xFFFF, 0xFFFF,
    0xFFFF, 0xFFFF, 0xFFFF, 0xFFFF, 0xFFFF, 0xFFFF, 0xFFFF, 0xFFFF, 0xFFFF, 0xFFFF, 0xFFFF, 0xFFFF,
    0xFFFF, 0xFFFF, 0xFFFF, 0xFFFF, 0xFFFF, 0xD6BA, 0x0000, 0x0000, 0x0000, 0x0000, 0x0000, 0x0000,
    0x0000, 0x0000, 0x0000, 0x0000, 0x0000, 0x0000, 0x3186, 0xCE79, 0xFFFF, 0xFFFF, 0xFFFF, 0xFFFF,
    0xFFFF, 0xFFFF, 0xFFFF, 0xFFFF, 0xFFFF, 0xFFFF, 0xFFFF, 0xFFFF, 0xFFFF, 0xFFFF, 0xFFFF, 0xFFFF,
    0xFFFF, 0xFFFF, 0xFFFF, 0xFFFF, 0xFFFF, 0xFFFF, 0xFFFF, 0xFFFF, 0xFFFF, 0xFFFF, 0xFFFF, 0xFFFF,
    0xFFFF, 0xFFFF, 0xFFFF, 0xFFFF, 0xFFFF, 0xFFFF, 0xFFFF, 0xFFFF, 0xFFFF, 0xFFFF, 0xFFFF, 0xFFFF,
    0xFFDF, 0xFFFF, 0xFFFF, 0xFFFF, 0xA534, 0x0000, 0x0000, 0x0000, 0x0000, 0x0000, 0x0000, 0x0000,
    0x0000, 0x0000, 0x0000, 0x0000, 0x0000, 0x0000, 0x0000, 0x0000, 0x7BCF, 0xE73C, 0xFFFF, 0xFFFF,
    0xFFFF, 0xFFFF, 0xFFFF, 0xFFFF, 0xFFFF, 0xFFFF, 0xFFFF, 0xFFFF, 0xFFFF, 0xFFFF, 0xFFFF, 0xFFFF,
    0xFFFF, 0xFFFF, 0xFFFF, 0xFFFF, 0xFFFF, 0xFFFF, 0xFFFF, 0xFFFF, 0xFFFF, 0xFFFF, 0xFFFF, 0xFFFF,
    0xFFFF, 0xFFFF, 0xFFFF, 0xFFFF, 0xFFFF, 0xFFFF, 0xFFFF, 0xFFFF, 0xFFFF, 0xFFFF, 0xFFFF, 0xFFFF,
    0xFFFF, 0xFFFF, 0xCE79, 0x528A, 0x0000, 0x0000, 0x0000, 0x0000, 0x0000, 0x0000, 0x0000, 0x0000,
    0x0000, 0x0000, 0x0000, 0x0000, 0x0000, 0x0000, 0x0000, 0x0000, 0x0000, 0x0000, 0x630B, 0xAD55,
    0xDEFB, 0xFFDF, 0xFFFF, 0xFFFF, 0xFFFF, 0xFFFF, 0xFFFF, 0xFFFF, 0xFFFF, 0xFFFF, 0xFFFF, 0xFFFF,
    0xFFFF, 0xFFFF, 0xFFFF, 0xFFFF, 0xFFFF, 0xFFFF, 0xFFFF, 0xFFFF, 0xFFFF, 0xFFFF, 0xFFFF, 0xFFFF,
    0xFFFF, 0xFFFF, 0xFFFF, 0xFFFF, 0xFFFF, 0xFFFF, 0xFFFF, 0xFFFF, 0xFFFF, 0xFFFF, 0xF7BE, 0xD69A,
    0x9CD2, 0x4A49, 0x0000, 0x0000, 0x0000, 0x0000, 0x0000, 0x0000, 0x0000, 0x0000, 0x0000, 0x0000,
    0x0000, 0x0000, 0x0000, 0x0000, 0x0000, 0x0000, 0x0000, 0x0000, 0x0000, 0x0000, 0x0000, 0x0000,
    0x0000, 0x2965, 0x4A69, 0x630C, 0x73AE, 0x8410, 0x8C91, 0x94B2, 0x94B2, 0x94B2, 0x94D2, 0x94D2,
    0x94D2, 0x94D2, 0x9CD2, 0x9CD3, 0x9CD3, 0x94B2, 0x94B2, 0x9CD2, 0x94B2, 0x9CB2, 0x94B2, 0x94B2,
    0x94D2, 0x94B2, 0x94B2, 0x94B2, 0x94B2, 0x8C51, 0x7BEF, 0x6B6D, 0x5ACB, 0x4208, 0x0000, 0x0000,
    0x0000, 0x0000, 0x0000, 0x0000, 0x0000, 0x0000, 0x0000, 0x0000, 0x0000, 0x0000, 0x0000, 0x0000
  },
  { // 帧 7
    0x0000, 0x0000, 0x0000, 0x0000, 0x0000, 0x0000, 0x0000, 0x0000, 0x0000, 0x0000, 0x0000, 0x0000,
    0x0000, 0x0000, 0x0000, 0x0000, 0x0000, 0x0000, 0x0000, 0x0000, 0x0000, 0x0000, 0x0000, 0x0000,
    0x0000, 0x0000, 0x0000, 0x0000, 0x1106, 0x1126, 0x1126, 0x1105, 0x0000, 0x0000, 0x0000, 0x0000,
    0x0000, 0x0000, 0x0000, 0x0000, 0x0000, 0x0000, 0x0000, 0x0000, 0x0000, 0x0000, 0x0000, 0x0000,
    0x0000, 0x0000, 0x0000, 0x0000, 0x0000, 0x0000, 0x0000, 0x0000, 0x0000, 0x0000, 0x0000, 0x0000,
    0x0000, 0x0000, 0x0000, 0x0000, 0x0000, 0x0000, 0x0000, 0x0000, 0x0000, 0x0000, 0x0000, 0x0000,
    0x0000, 0x0000, 0x0000, 0x0000, 0x0000, 0x0000, 0x0000, 0x0000, 0x0000, 0x0000, 0x1988, 0x228E,
    0x3353, 0x3BF7, 0x3C5A, 0x447B, 0x449C, 0x449C, 0x449C, 0x449B, 0x447B, 0x3C39, 0x33B5, 0x2AF1,
    0x1A0B, 0x1105, 0x0000, 0x0000, 0x0000, 0x0000, 0x0000, 0x0000, 0x0000, 0x0000, 0x0000, 0x0000,
    0x0000, 0x0000, 0x0000, 0x0000, 0x0000, 0x0000, 0x0000, 0x0000, 0x0000, 0x0000, 0x0000, 0x0000,
    0x0000, 0x0000, 0x0000, 0x0000, 0x0000, 0x0000, 0x0000, 0x0000, 0x0000, 0x0000, 0x0000, 0x0000,
    0x0000, 0x0000, 0x0000, 0x0000, 0x0000, 0x0000, 0x0000, 0x19CA, 0x3353, 0x445A, 0x44DD, 0x44DE,
    0x44BD, 0x44BD, 0x449C, 0x3C7C, 0x3C7C, 0x3C7B, 0x3C5B, 0x3C5B, 0x3C7B, 0x3C7C, 0x449C, 0x44BD,
    0x44BD, 0x447B, 0x3BF7, 0x2AD0, 0x1127, 0x0000, 0x0000, 0x0000, 0x0000, 0x0000, 0x0000, 0x0000,
    0x0000, 0x0000, 0x0000, 0x0000, 0x0000, 0x0000, 0x0000, 0x0000, 0x0000, 0x0000, 0x0000, 0x0000,
    0x0000, 0x0000, 0x0000, 0x0000, 0x0000, 0x0000, 0x0000, 0x0000, 0x0000, 0x0000, 0x0000, 0x0000,
    0x0000, 0x0000, 0x0000, 0x0000, 0x0000, 0x2A8F, 0x3C39, 0x44DD, 0x44BD, 0x3C7C, 0x3C5B, 0x3C5B,
    0x3C5B, 0x3C5B, 0x3C5B, 0x3C5B, 0x3C5B, 0x3C5B, 0x3C5A, 0x3C5A, 0x3C5A, 0x3C5A, 0x3C3A, 0x3C3A,
    0x3C39, 0x3C3A, 0x3C5B, 0x44BC, 0x449C, 0x33B5, 0x19CA, 0x0000, 0x0000, 0x0000, 0x0000, 0x0000,
    0x0000, 0x0000, 0x0000, 0x0000, 0x0000, 0x0000, 0x0000, 0x0000, 0x0000, 0x0000, 0x0000, 0x0000,
    0x0000, 0x0000, 0x0000, 0x0000, 0x0000, 0x0000, 0x0000, 0x0000, 0x0000, 0x0000, 0x0000, 0x0000,
    0x0000, 0x0000, 0x0000, 0x226E, 0x447B, 0x44DE, 0x449C, 0x3C5B, 0x3C5B, 0x3C5B, 0x3C5B, 0x3C5B,
    0x3C5B, 0x3C5B, 0x3C5A, 0x3C5A, 0x3C5B, 0x3C5B, 0x3C5B, 0x3C5A, 0x3C5A, 0x3C5A, 0x3C3A, 0x3C3A,
    0x3C3A, 0x3C3A, 0x3C3A, 0x3C1A, 0x3C3A, 0x449C, 0x44BD, 0x3BD7, 0x19A9, 0x0000, 0x0000, 0x0000,
    0x0000, 0x0000, 0x0000, 0x0000, 0x0000, 0x0000, 0x0000, 0x0000, 0x0000, 0x0000, 0x0000, 0x0000,
    0x0000, 0x0000, 0x0000, 0x0000, 0x0000, 0x0000, 0x0000, 0x0000, 0x0000, 0x0000, 0x0000, 0x0000,
    0x0000, 0x1988, 0x3C18, 0x44DE, 0x449C, 0x3C5B, 0x3C5B, 0x3C5B, 0x3C5B, 0x3C5B, 0x3C5B, 0x3C5B,
    0x3C5A, 0x3C5A, 0x3C5A, 0x3C5A, 0x3C5B, 0x3C5A, 0x3C5A, 0x3C5A, 0x3C5A, 0x3C3A, 0x3C3B, 0x3C3B,
    0x3C3A, 0x3C3A, 0x3C3A, 0x3C3A, 0x3C3A, 0x3C3A, 0x3C5A, 0x449C, 0x44DD, 0x3394, 0x0000, 0x0000,
    0x0000, 0x0000, 0x0000, 0x0000, 0x0000, 0x0000, 0x0000, 0x0000, 0x0000, 0x0000, 0x0000, 0x0000,
    0x0000, 0x0000, 0x0000, 0x0000, 0x0000, 0x0000, 0x0000, 0x0000, 0x0000, 0x0000, 0x0000, 0x0000,
    0x2AD0, 0x44DD, 0x449D, 0x3C5B, 0x3C5B, 0x3C5B, 0x3C5B, 0x3C5B, 0x3C5B, 0x3C5B, 0x3C5B, 0x3C5B,
    0x3C5B, 0x3C3B, 0x3C3B, 0x341A, 0x341A, 0x341A, 0x341A, 0x341A, 0x341A, 0x3C3A, 0x3C5B, 0x3C5B,
    0x3C5A, 0x3C3A, 0x3C3A, 0x3C3A, 0x3C3A, 0x3C3A, 0x3C5A, 0x3C5A, 0x3C5A, 0x44BD, 0x447B, 0x19CA,
    0x0000, 0x0000, 0x0000, 0x0000, 0x0000, 0x0000, 0x0000, 0x0000, 0x0000, 0x0000, 0x0000, 0x0000,
    0x0000, 0x0000, 0x0000, 0x0000, 0x0000, 0x0000, 0x0000, 0x0000, 0x0000, 0x0000, 0x0000, 0x3BB6,
    0x44FE, 0x3C7B, 0x3C5B, 0x3C5B, 0x3C5B, 0x3C5B, 0x3C5B, 0x3C5B, 0x3C5B, 0x3C5B, 0x343B, 0x2BFA,
    0x2BFA, 0x3C3A, 0x4C9A, 0x5CFB, 0x6D3B, 0x6D5C, 0x6D3C, 0x651B, 0x54BA, 0x445A, 0x341A, 0x2BFA,
    0x33FA, 0x3C3A, 0x3C5A, 0x3C3A, 0x3C3A, 0x3C3A, 0x3C3A, 0x3C5A, 0x3C3A, 0x3C3A, 0x3C7B, 0x44DD,
    0x2AD0, 0x0000, 0x0000, 0x0000, 0x0000, 0x0000, 0x0000, 0x0000, 0x0000, 0x0000, 0x0000, 0x0000,
    0x0000, 0x0000, 0x0000, 0x0000, 0x0000, 0x0000, 0x0000, 0x0000, 0x0000, 0x0000, 0x4459, 0x44DD,
    0x3C7B, 0x3C7B, 0x3C5B, 0x3C5B, 0x3C5B, 0x3C5B, 0x3C7B, 0x3C5B, 0x341A, 0x341A, 0x54BB, 0x85BC,
    0xB69D, 0xDF5E, 0xF7DF, 0xFFFF, 0xFFFF, 0xFFFF, 0xFFFF, 0xFFFF, 0xFFFF, 0xEF9E, 0xCEFD, 0x9E1C,
    0x6D1A, 0x3C39, 0x2BF9, 0x341A, 0x3C5A, 0x3C3A, 0x3C3A, 0x3C3B, 0x3C3A, 0x3C3A, 0x3C5A, 0x3C5A,
    0x44BD, 0x3353, 0x0000, 0x0000, 0x0000, 0x0000, 0x0000, 0x0000, 0x0000, 0x0000, 0x0000, 0x0000,
    0x0000, 0x0000, 0x0000, 0x0000, 0x0000, 0x0000, 0x0000, 0x0000, 0x0000, 0x447A, 0x44DD, 0x3C5B,
    0x3C7B, 0x3C5B, 0x3C5B, 0x3C5B, 0x3C5A, 0x3C5B, 0x341A, 0x341A, 0x6D3B, 0xBEDD, 0xF7DF, 0xFFFF,
    0xFFFF, 0xFFFF, 0xFFFF, 0xFFFF, 0xFFFF, 0xFFFF, 0xFFFF, 0xFFFF, 0xFFFF, 0xFFFF, 0xFFFF, 0xFFFF,
    0xFFFF, 0xDF7E, 0x9DFC, 0x4C9A, 0x2BF9, 0x341A, 0x3C3A, 0x3C3A, 0x3C3A, 0x3C3A, 0x3C3A, 0x3C3A,
    0x3C39, 0x44BD, 0x3374, 0x0000, 0x0000, 0x0000, 0x0000, 0x0000, 0x0000, 0x0000, 0x0000, 0x0000,
    0x0000, 0x0000, 0x0000, 0x0000, 0x0000, 0x0000, 0x0000, 0x0000, 0x4459, 0x44BD, 0x3C5B, 0x3C5B,
    0x3C5B, 0x3C5A, 0x3C5B, 0x3C5B, 0x3C3A, 0x33FA, 0x6D1B, 0xCF1E, 0xFFFF, 0xFFFF, 0xFFFF, 0xFFFF,
    0xFFFF, 0xFFFF, 0xFFFF, 0xFFFF, 0xFFFF, 0xFFFF, 0xFFFF, 0xFFFF, 0xFFFF, 0xFFFF, 0xFFFF, 0xFFFF,
    0xFFFF, 0xFFFF, 0xFFFF, 0xF7BF, 0xA63C, 0x445A, 0x2BFA, 0x3C3A, 0x3C3A, 0x3C3A, 0x3C3A, 0x3C3A,
    0x3C3A, 0x3C39, 0x44BD, 0x3333, 0x0000, 0x0000, 0x0000, 0x0000, 0x0000, 0x0000, 0x0000, 0x0000,
    0x0000, 0x0000, 0x0000, 0x0000, 0x0000, 0x0000, 0x0000, 0x3BF7, 0x44BD, 0x3C5B, 0x3C5B, 0x3C5A,
    0x3C5A, 0x3C5A, 0x3C5A, 0x341A, 0x445A, 0xAE9D, 0xFFFF, 0xFFFF, 0xFFFF, 0xFFFF, 0xFFFF, 0xFFFF,
    0xFFFF, 0xFFFF, 0xFFFF, 0xFFFF, 0xFFFF, 0xFFFF, 0xFFFF, 0xFFFF, 0xFFFF, 0xFFFF, 0xFFFF, 0xFFFF,
    0xFFFF, 0xFFFF, 0xFFFF, 0xFFFF, 0xFFFF, 0xEF9E, 0x7D7B, 0x2BFA, 0x3C3A, 0x3C3A, 0x3C3A, 0x3C3A,
    0x3C3A, 0x3C3A, 0x3C3A, 0x44BD, 0x2AB0, 0x0000, 0x0000, 0x0000, 0x0000, 0x0000, 0x0000, 0x0000,
    0x0000, 0x0000, 0x0000, 0x0000, 0x0000, 0x0000, 0x3332, 0x44FE, 0x3C5B, 0x3C7B, 0x3C5B, 0x3C5B,
    0x3C5B, 0x3C7B, 0x2C1A, 0x5CFB, 0xDF7E, 0xFFFF, 0xFFFF, 0xFFFF, 0xFFFF, 0xFFFF, 0xFFFF, 0xFFFF,
    0xFFFF, 0xFFFF, 0xFFFF, 0xE75D, 0xBEBC, 0xDF5E, 0xFFFF, 0xFFFF, 0xFFFF, 0xFFFF, 0xFFFF, 0xFFFF,
    0xFFFF, 0xFFFF, 0xFFFF, 0xFFFF, 0xFFFF, 0xFFFF, 0xFFFF, 0xAE7C, 0x3C1A, 0x343A, 0x3C3A, 0x3C3A,
    0x3C3A, 0x3C3A, 0x3C3A, 0x3C3A, 0x44DD, 0x19EB, 0x0000, 0x0000, 0x0000, 0x0000, 0x0000, 0x0000,
    0x0000, 0x0000, 0x0000, 0x0000, 0x0000, 0x21EB, 0x4D1E, 0x3C7C, 0x3C9C, 0x3C7C, 0x3C7B, 0x3C5B,
    0x3C5B, 0x2C1A, 0x755B, 0xF7DF, 0xFFFF, 0xFFFF, 0xFFFF, 0xFFFF, 0xFFFF, 0xFFFF, 0xFFFF, 0xFFFF,
    0xFFFF, 0xFFFF, 0xAE5B, 0x3C39, 0x343B, 0x3C3A, 0xAE5C, 0xFFFF, 0xFFFF, 0xFFFF, 0xFFFF, 0xFFFF,
    0xFFFF, 0xFFFF, 0xFFFF, 0xFFFF, 0xFFFF, 0xFFFF, 0xFFFF, 0xFFFF, 0xCEFD, 0x445A, 0x341A, 0x3C3A,
    0x3C3A, 0x3C3A, 0x3C3A, 0x3C3A, 0x3C5B, 0x447B, 0x1105, 0x0000, 0x0000, 0x0000, 0x0000, 0x0000,
    0x0000, 0x0000, 0x0000, 0x0000, 0x0000, 0x449B, 0x449C, 0x3C7C, 0x3C9C, 0x447C, 0x3C7B, 0x447B,
    0x2C1A, 0x757C, 0xFFFF, 0xFFFF, 0xFFFF, 0xFFFF, 0xFFFF, 0xFFFF, 0xFFFF, 0xFFFF, 0xFFFF, 0xFFFF,
    0xFFFF, 0xEF7E, 0x4459, 0x3C7C, 0x449C, 0x3C5C, 0x3C5A, 0xE77E, 0xFFFF, 0xFFFF, 0xFFFF, 0xFFFF,
    0xFFFF, 0xFFFF, 0xFFFF, 0xFFFF, 0xFFFF, 0xFFFF, 0xFFFF, 0xFFFF, 0xFFFF, 0xD73D, 0x4439, 0x341A,
    0x3C3A, 0x3C3A, 0x3C3A, 0x3C3A, 0x3C3A, 0x449C, 0x3394, 0x0000, 0x0000, 0x0000, 0x0000, 0x0000,
    0x0000, 0x0000, 0x0000, 0x0000, 0x3353, 0x44FE, 0x3C7B, 0x3C9C, 0x3C9C, 0x3C7B, 0x447B, 0x341A,
    0x651B, 0xFFFF, 0xFFFF, 0xFFFF, 0xFFFF, 0xFFFF, 0xFFFF, 0xFFFF, 0xFFFF, 0xFFFF, 0xFFFF, 0xFFFF,
    0xFFFF, 0xD71D, 0x3C5A, 0x447C, 0x447C, 0x447B, 0x343A, 0xCF1E, 0xFFFF, 0xFFFF, 0xFFFF, 0xFFFF,
    0xFFFF, 0xFFFF, 0xFFFF, 0xFFFF, 0xFFFF, 0xFFFF, 0xFFFF, 0xFFFF, 0xFFFF, 0xFFFF, 0xCF1D, 0x3C19,
    0x3C3B, 0x3C3A, 0x3C3A, 0x3C3A, 0x3C3A, 0x3C3A, 0x449C, 0x220B, 0x0000, 0x0000, 0x0000, 0x0000,
    0x0000, 0x0000, 0x0000, 0x1126, 0x44FD, 0x3C9C, 0x3C7C, 0x3C7C, 0x3C7C, 0x447B, 0x343B, 0x4C7A,
    0xEF9F, 0xFFFF, 0xFFFF, 0xFFFF, 0xFFFF, 0xFFFF, 0xFFFF, 0xFFFF, 0xFFFF, 0xFFFF, 0xFFFF, 0xFFFF,
    0xFFFF, 0xD71D, 0x3C3A, 0x447C, 0x447C, 0x3C7B, 0x3C3A, 0xD71E, 0xFFFF, 0xFFFF, 0xFFFF, 0xFFFF,
    0xFFFF, 0xFFFF, 0xFFFF, 0xFFFF, 0xFFFF, 0xFFFF, 0xFFFF, 0xFFFF, 0xFFFF, 0xFFFF, 0xFFFF, 0xB67C,
    0x2BF9, 0x3C5B, 0x3C3A, 0x3C3A, 0x3C3A, 0x3C3A, 0x3C7B, 0x3BF7, 0x0000, 0x0000, 0x0000, 0x0000,
    0x0000, 0x0000, 0x0000, 0x3394, 0x44DE, 0x3C7B, 0x3C7C, 0x447C, 0x3C7B, 0x3C5B, 0x33FA, 0xCEFD,
    0xFFFF, 0xFFFF, 0xFFFF, 0xFFFF, 0xFFFF, 0xFFFF, 0xFFFF, 0xFFFF, 0xFFFF, 0xFFFF, 0xFFFF, 0xFFFF,
    0xFFFF, 0xD71D, 0x3C5A, 0x447C, 0x447C, 0x447B, 0x3C3A, 0xD73E, 0xFFFF, 0xFFFF, 0xFFFF, 0xFFFF,
    0xFFFF, 0xFFFF, 0xFFFF, 0xFFFF, 0xFFFF, 0xFFFF, 0xFFFF, 0xFFFF, 0xFFFF, 0xFFFF, 0xFFFF, 0xFFFF,
    0x7D7A, 0x2BFA, 0x3C5B, 0x3C3A, 0x3C3A, 0x3C3A, 0x3C5A, 0x44DD, 0x222C, 0x0000, 0x0000, 0x0000,
    0x0000, 0x0000, 0x1105, 0x44DD, 0x3C7C, 0x447C, 0x447C, 0x447C, 0x447B, 0x2C1A, 0x859C, 0xFFFF,
    0xFFFF, 0xFFFF, 0xFFFF, 0xFFFF, 0xFFFF, 0xFFFF, 0xFFFF, 0xFFFF, 0xFFFF, 0xFFFF, 0xFFFF, 0xFFFF,
    0xFFFF, 0xD73D, 0x3C5A, 0x3C9C, 0x3C7C, 0x447B, 0x343A, 0xD71E, 0xFFFF, 0xFFFF, 0xFFFF, 0xFFFF,
    0xFFFF, 0xFFFF, 0xFFFF, 0xFFFF, 0xFFFF, 0xFFFF, 0xFFFF, 0xFFFF, 0xFFFF, 0xFFFF, 0xFFFF, 0xFFFF,
    0xEF9E, 0x4C79, 0x3C3B, 0x3C3A, 0x3C5A, 0x3C5A, 0x3C3A, 0x449C, 0x33D6, 0x0000, 0x0000, 0x0000,
    0x0000, 0x0000, 0x2AF1, 0x44FE, 0x3C7B, 0x447C, 0x3C7B, 0x3C7B, 0x3C5B, 0x447A, 0xEF9F, 0xFFFF,
    0xFFFF, 0xFFFF, 0xFFFF, 0xFFFF, 0xFFFF, 0xFFFF, 0xFFFF, 0xFFFF, 0xFFFF, 0xFFFF, 0xFFFF, 0xFFFF,
    0xFFFF, 0xD71D, 0x3C5A, 0x3C9C, 0x449C, 0x447C, 0x3C3B, 0xD73E, 0xFFFF, 0xFFFF, 0xFFFF, 0xFFFF,
    0xFFFF, 0xFFFF, 0xFFFF, 0xFFFF, 0xFFFF, 0xFFFF, 0xFFFF, 0xFFFF, 0xFFFF, 0xFFFF, 0xFFFF, 0xFFFF,
    0xFFFF, 0xAE5C, 0x2BF9, 0x3C5A, 0x3C3A, 0x3C5A, 0x3C5A, 0x3C5A, 0x449C, 0x19A9, 0x0000, 0x0000,
    0x0000, 0x0000, 0x445A, 0x44BD, 0x3C7B, 0x447C, 0x3C7B, 0x447B, 0x2BFA, 0x95FC, 0xFFFF, 0xFFFF,
    0xFFFF, 0xFFFF, 0xFFFF, 0xFFFF, 0xFFFF, 0xFFFF, 0xFFFF, 0xFFFF, 0xFFFF, 0xFFFF, 0xFFFF, 0xFFFF,
    0xFFFF, 0xD71D, 0x3C5A, 0x449C, 0x449C, 0x449C, 0x3C5B, 0xD73E, 0xFFFF, 0xFFFF, 0xFFFF, 0xFFFF,
    0xFFFF, 0xFFFF, 0xFFFF, 0xFFFF, 0xFFFF, 0xFFFF, 0xFFFF, 0xFFFF, 0xFFFF, 0xFFFF, 0xFFFF, 0xFFFF,
    0xFFFF, 0xF7DF, 0x5499, 0x341A, 0x3C3A, 0x3C3A, 0x3C3A, 0x3C3A, 0x3C9C, 0x2AF1, 0x0000, 0x0000,
    0x0000, 0x1988, 0x44FE, 0x3C7C, 0x3C7C, 0x3C7C, 0x3C7B, 0x3C5B, 0x445A, 0xE77E, 0xFFFF, 0xFFFF,
    0xFFFF, 0xFFFF, 0xFFFF, 0xFFFF, 0xFFFF, 0xFFFF, 0xFFFF, 0xFFFF, 0xFFFF, 0xFFFF, 0xFFFF, 0xFFFF,
    0xFFFF, 0xD71D, 0x3C5A, 0x447C, 0x447C, 0x447C, 0x3C3B, 0xD71E, 0xFFFF, 0xFFFF, 0xFFFF, 0xFFFF,
    0xFFFF, 0xFFFF, 0xFFFF, 0xFFFF, 0xFFFF, 0xFFFF, 0xFFFF, 0xFFFF, 0xFFFF, 0xFFFF, 0xFFFF, 0xFFFF,
    0xFFFF, 0xFFFF, 0xA61B, 0x2BD9, 0x3C3A, 0x3C3A, 0x3C3A, 0x3C3A, 0x3C5B, 0x3BF8, 0x0000, 0x0000,
    0x0000, 0x2AD0, 0x44FE, 0x3C7C, 0x3C7C, 0x3C7C, 0x447B, 0x341A, 0x7D5B, 0xFFFF, 0xFFFF, 0xFFFF,
    0xFFFF, 0xFFFF, 0xFFFF, 0xFFFF, 0xFFFF, 0xFFFF, 0xFFFF, 0xFFFF, 0xFFFF, 0xFFFF, 0xFFFF, 0xFFFF,
    0xFFFF, 0xD71D, 0x3C5B, 0x447C, 0x447C, 0x447C, 0x3C5B, 0xD71E, 0xFFFF, 0xFFFF, 0xFFFF, 0xFFFF,
    0xFFFF, 0xFFFF, 0xFFFF, 0xFFFF, 0xFFFF, 0xFFFF, 0xFFFF, 0xFFFF, 0xFFFF, 0xFFFF, 0xFFFF, 0xFFFF,
    0xFFFF, 0xFFFF, 0xE77E, 0x4439, 0x3C3A, 0x3C3A, 0x3C3A, 0x3C3A, 0x3C3A, 0x3C9B, 0x19A8, 0x0000,
    0x0000, 0x3BD6, 0x44DD, 0x3C7C, 0x3C7C, 0x3C7C, 0x447B, 0x2BFA, 0xB69D, 0xFFFF, 0xFFFF, 0xFFFF,
    0xFFFF, 0xFFFF, 0xFFFF, 0xFFFF, 0xFFFF, 0xFFFF, 0xFFFF, 0xFFFF, 0xFFFF, 0xFFFF, 0xFFFF, 0xFFFF,
    0xFFFF, 0xD71D, 0x3C5B, 0x449C, 0x449C, 0x449C, 0x3C5B, 0xD71E, 0xFFFF, 0xFFFF, 0xFFFF, 0xFFFF,
    0xFFFF, 0xFFFF, 0xFFFF, 0xFFFF, 0xFFFF, 0xFFFF, 0xFFFF, 0xFFFF, 0xFFFF, 0xFFFF, 0xFFFF, 0xFFFF,
    0xFFFF, 0xFFFF, 0xFFFF, 0x6D1A, 0x33F9, 0x3C5A, 0x3C5A, 0x3C3A, 0x3C39, 0x449C, 0x226E, 0x0000,
    0x0000, 0x447A, 0x449C, 0x3C7C, 0x3C7C, 0x3C9C, 0x3C7B, 0x445A, 0xE77E, 0xFFFF, 0xFFFF, 0xFFFF,
    0xFFFF, 0xFFFF, 0xFFFF, 0xFFFF, 0xFFFF, 0xFFFF, 0xFFFF, 0xFFFF, 0xFFFF, 0xFFFF, 0xFFFF, 0xFFFF,
    0xFFFF, 0xD71D, 0x3C5B, 0x449C, 0x449C, 0x449C, 0x3C5B, 0xD73E, 0xFFFF, 0xFFFF, 0xFFFF, 0xFFFF,
    0xFFFF, 0xFFFF, 0xFFFF, 0xFFFF, 0xFFFF, 0xFFFF, 0xFFFF, 0xFFFF, 0xFFFF, 0xFFFF, 0xFFFF, 0xFFFF,
    0xFFFF, 0xFFFF, 0xFFFF, 0xA61B, 0x2BD9, 0x3C5A, 0x3C5A, 0x3C3A, 0x3C39, 0x3C9C, 0x3333, 0x0000,
    0x1147, 0x44BD, 0x3C7C, 0x3C7C, 0x449C, 0x449C, 0x345B, 0x5CDB, 0xFFFF, 0xFFFF, 0xFFFF, 0xFFFF,
    0xFFFF, 0xFFFF, 0xFFFF, 0xFFFF, 0xFFFF, 0xFFFF, 0xFFFF, 0xFFFF, 0xFFFF, 0xFFFF, 0xFFFF, 0xFFFF,
    0xFFFF, 0xD73D, 0x3C5B, 0x449C, 0x449C, 0x449C, 0x3C5B, 0xD73E, 0xFFFF, 0xFFFF, 0xFFFF, 0xFFFF,
    0xFFFF, 0xFFFF, 0xFFFF, 0xFFFF, 0xFFFF, 0xFFFF, 0xFFFF, 0xFFFF, 0xFFFF, 0xFFFF, 0xFFFF, 0xFFFF,
    0xFFFF, 0xFFFF, 0xFFFF, 0xCEFD, 0x33F9, 0x3C3A, 0x3C3A, 0x3C3A, 0x3C3A, 0x3C7B, 0x33B6, 0x0000,
    0x19CB, 0x44DD, 0x3C7C, 0x3C9C, 0x449C, 0x449C, 0x343B, 0x7D7B, 0xFFFF, 0xFFFF, 0xFFFF, 0xFFFF,
    0xFFFF, 0xFFFF, 0xFFFF, 0xFFFF, 0xFFFF, 0xFFFF, 0xFFFF, 0xFFFF, 0xFFFF, 0xFFFF, 0xFFFF, 0xFFFF,
    0xFFFF, 0xD73D, 0x3C5B, 0x449C, 0x449C, 0x449C, 0x3C3B, 0xD73E, 0xFFFF, 0xFFFF, 0xFFFF, 0xFFFF,
    0xFFFF, 0xFFFF, 0xFFFF, 0xFFFF, 0xFFFF, 0xFFFF, 0xFFFF, 0xFFFF, 0xFFFF, 0xFFFF, 0xFFFF, 0xFFFF,
    0xFFFF, 0xFFFF, 0xFFFF, 0xE77E, 0x4439, 0x3C3A, 0x3C3A, 0x3C3A, 0x3C3A, 0x3C5A, 0x3C19, 0x0000,
    0x224E, 0x44BD, 0x3C7B, 0x3C7C, 0x449C, 0x449C, 0x341B, 0x9E1C, 0xFFFF, 0xFFFF, 0xFFFF, 0xFFFF,
    0xFFFF, 0xFFFF, 0xFFFF, 0xFFFF, 0xFFFF, 0xFFFF, 0xFFFF, 0xFFFF, 0xFFFF, 0xFFFF, 0xFFFF, 0xFFFF,
    0xFFFF, 0xD73D, 0x3C5B, 0x449C, 0x449C, 0x449C, 0x3C3B, 0xCF1E, 0xFFFF, 0xFFFF, 0xFFFF, 0xFFFF,
    0xFFFF, 0xFFFF, 0xFFFF, 0xFFFF, 0xFFFF, 0xFFFF, 0xFFFF, 0xFFFF, 0xFFFF, 0xFFFF, 0xFFFF, 0xFFFF,
    0xFFFF, 0xFFFF, 0xFFFF, 0xF7DF, 0x5479, 0x341A, 0x3C3A, 0x3C5A, 0x3C3A, 0x3C5A, 0x3C5A, 0x1946,
    0x2AB0, 0x44DD, 0x3C7B, 0x3C7C, 0x3C7B, 0x449C, 0x341B, 0xAE5D, 0xFFFF, 0xFFFF, 0xFFFF, 0xFFFF,
    0xFFFF, 0xFFFF, 0xFFFF, 0xFFFF, 0xFFFF, 0xFFFF, 0xFFFF, 0xFFFF, 0xFFFF, 0xFFFF, 0xFFFF, 0xFFFF,
    0xFFFF, 0xD73D, 0x3C5B, 0x449C, 0x449C, 0x449C, 0x3C3B, 0xD73D, 0xFFFF, 0xFFFF, 0xFFFF, 0xFFFF,
    0xFFFF, 0xFFFF, 0xFFFF, 0xFFFF, 0xFFFF, 0xFFFF, 0xFFFF, 0xFFFF, 0xFFFF, 0xFFFF, 0xFFFF, 0xFFFF,
    0xFFFF, 0xFFFF, 0xFFFF, 0xFFFF, 0x5CD9, 0x341A, 0x3C5B, 0x3C3A, 0x3C3A, 0x3C5A, 0x3C7A, 0x1968,
    0x2AF1, 0x44DD, 0x3C7B, 0x447C, 0x447B, 0x447B, 0x341A, 0xB67D, 0xFFFF, 0xFFFF, 0xFFFF, 0xFFFF,
    0xFFFF, 0xFFFF, 0xFFFF, 0xFFFF, 0xFFFF, 0xFFFF, 0xFFFF, 0xFFFF, 0xFFFF, 0xFFFF, 0xFFFF, 0xFFFF,
    0xFFFF, 0xD73D, 0x3C5B, 0x449C, 0x449C, 0x449C, 0x3C5B, 0x6D5B, 0x85BC, 0x7D9B, 0x7D9B, 0x7D9B,
    0x7D9B, 0x7D9B, 0x95FB, 0xEFBE, 0xFFFF, 0xFFFF, 0xFFFF, 0xFFFF, 0xFFFF, 0xFFFF, 0xFFFF, 0xFFFF,
    0xFFFF, 0xFFFF, 0xFFFF, 0xFFFF, 0x64F9, 0x341A, 0x3C5A, 0x3C3A, 0x3C3A, 0x3C5A, 0x3C7B, 0x1988,
    0x2AF1, 0x44DD, 0x3C7B, 0x3C7B, 0x447B, 0x447B, 0x341A, 0xB67D, 0xFFFF, 0xFFFF, 0xFFFF, 0xFFFF,
    0xFFFF, 0xFFFF, 0xFFFF, 0xFFFF, 0xFFFF, 0xFFFF, 0xFFFF, 0xFFFF, 0xFFFF, 0xFFFF, 0xFFFF, 0xFFFF,
    0xFFFF, 0xD71D, 0x3C3A, 0x449C, 0x449C, 0x449C, 0x3C9C, 0x345C, 0x345C, 0x345C, 0x345C, 0x345C,
    0x345C, 0x345C, 0x2C1B, 0x64FA, 0xF7DF, 0xFFFF, 0xFFFF, 0xFFFF, 0xFFFF, 0xFFFF, 0xFFFF, 0xFFFF,
    0xFFFF, 0xFFFF, 0xFFFF, 0xFFFF, 0x64D9, 0x341A, 0x3C3A, 0x3C3A, 0x3C3A, 0x3C3A, 0x3C7B, 0x1988,
    0x2AB0, 0x44DD, 0x3C7B, 0x3C7B, 0x447C, 0x449C, 0x341A, 0xA65C, 0xFFFF, 0xFFFF, 0xFFFF, 0xFFFF,
    0xFFFF, 0xFFFF, 0xFFFF, 0xFFFF, 0xFFFF, 0xFFFF, 0xFFFF, 0xFFFF, 0xFFFF, 0xFFFF, 0xFFFF, 0xFFFF,
    0xFFFF, 0xD6FD, 0x3C3A, 0x447C, 0x449C, 0x449C, 0x3C7C, 0x449C, 0x449C, 0x449C, 0x449C, 0x449C,
    0x449C, 0x449C, 0x449C, 0x343B, 0xBEBD, 0xFFFF, 0xFFFF, 0xFFFF, 0xFFFF, 0xFFFF, 0xFFFF, 0xFFFF,
    0xFFFF, 0xFFFF, 0xFFFF, 0xFFFF, 0x5CB9, 0x341A, 0x3C3A, 0x3C3A, 0x3C3A, 0x3C3A, 0x3C5A, 0x1967,
    0x226E, 0x44DD, 0x3C7B, 0x3C7B, 0x447C, 0x449C, 0x343B, 0x9DFC, 0xFFFF, 0xFFFF, 0xFFFF, 0xFFFF,
    0xFFFF, 0xFFFF, 0xFFFF, 0xFFFF, 0xFFFF, 0xFFFF, 0xFFFF, 0xFFFF, 0xFFFF, 0xFFFF, 0xFFFF, 0xFFFF,
    0xFFFF, 0xDF3D, 0x341A, 0x447C, 0x449C, 0x449C, 0x449C, 0x449C, 0x449C, 0x449C, 0x449C, 0x449C,
    0x449C, 0x449C, 0x449C, 0x341A, 0xC6DD, 0xFFFF, 0xFFFF, 0xFFFF, 0xFFFF, 0xFFFF, 0xFFFF, 0xFFFF,
    0xFFFF, 0xFFFF, 0xFFFF, 0xF7DE, 0x5499, 0x343B, 0x3C3A, 0x3C3A, 0x3C3A, 0x3C5A, 0x3C3A, 0x1926,
    0x19EB, 0x44DD, 0x3C7B, 0x447C, 0x3C7C, 0x449C, 0x343B, 0x7D7B, 0xFFFF, 0xFFFF, 0xFFFF, 0xFFFF,
    0xFFFF, 0xFFFF, 0xFFFF, 0xFFFF, 0xFFFF, 0xFFFF, 0xFFFF, 0xFFFF, 0xFFFF, 0xFFFF, 0xFFFF, 0xFFFF,
    0xFFFF, 0xFFFF, 0x7D7A, 0x2BFA, 0x343B, 0x343B, 0x343B, 0x343B, 0x343B, 0x343B, 0x343B, 0x343B,
    0x343B, 0x343B, 0x2C1B, 0x651B, 0xF7DF, 0xFFFF, 0xFFFF, 0xFFFF, 0xFFFF, 0xFFFF, 0xFFFF, 0xFFFF,
    0xFFFF, 0xFFFF, 0xFFFF, 0xE77E, 0x4439, 0x3C3A, 0x3C5A, 0x3C3A, 0x3C3A, 0x3C5B, 0x3BF8, 0x0000,
    0x1147, 0x44BC, 0x3C7C, 0x3C7C, 0x3C7C, 0x449C, 0x343B, 0x5CDB, 0xFFFF, 0xFFFF, 0xFFFF, 0xFFFF,
    0xFFFF, 0xFFFF, 0xFFFF, 0xFFFF, 0xFFFF, 0xFFFF, 0xFFFF, 0xFFFF, 0xFFFF, 0xFFFF, 0xFFFF, 0xFFFF,
    0xFFFF, 0xFFFF, 0xFFFF, 0xA65C, 0x7D7C, 0x7D9C, 0x7D9C, 0x85BC, 0x85BC, 0x7D9C, 0x7D9C, 0x7D9C,
    0x7D9C, 0x7D7C, 0x961D, 0xF7BF, 0xFFFF, 0xFFFF, 0xFFFF, 0xFFFF, 0xFFFF, 0xFFFF, 0xFFFF, 0xFFFF,
    0xFFFF, 0xFFFF, 0xFFFF, 0xCEDD, 0x3419, 0x3C5A, 0x3C5A, 0x3C5A, 0x3C3A, 0x3C7B, 0x33B6, 0x0000,
    0x0000, 0x447B, 0x449C, 0x3C7C, 0x3C7C, 0x447C, 0x3C5B, 0x445A, 0xE77E, 0xFFFF, 0xFFFF, 0xFFFF,
    0xFFFF, 0xFFFF, 0xFFFF, 0xFFFF, 0xFFFF, 0xFFFF, 0xFFFF, 0xFFFF, 0xFFFF, 0xFFFF, 0xFFFF, 0xFFFF,
    0xFFFF, 0xFFFF, 0xFFFF, 0xFFFF, 0xFFFF, 0xFFFF, 0xFFFF, 0xFFFF, 0xFFFF, 0xFFFF, 0xFFFF, 0xFFFF,
    0xFFFF, 0xFFFF, 0xFFFF, 0xFFFF, 0xFFFF, 0xFFFF, 0xFFFF, 0xFFFF, 0xFFFF, 0xFFFF, 0xFFFF, 0xFFFF,
    0xFFFF, 0xFFFF, 0xFFFF, 0x9DFB, 0x2BF9, 0x3C5A, 0x3C5A, 0x3C5A, 0x3C3A, 0x449C, 0x3333, 0x0000,
    0x0000, 0x3BF7, 0x44DD, 0x3C7B, 0x3C7C, 0x3C7C, 0x447B, 0x2BFA, 0xB67C, 0xFFFF, 0xFFFF, 0xFFFF,
    0xFFFF, 0xFFFF, 0xFFFF, 0xFFFF, 0xFFFF, 0xFFFF, 0xFFFF, 0xFFFF, 0xFFFF, 0xFFFF, 0xFFFF, 0xFFFF,
    0xFFFF, 0xFFFF, 0xFFFF, 0xFFFF, 0xFFFF, 0xFFFF, 0xFFFF, 0xFFFF, 0xFFFF, 0xFFFF, 0xFFFF, 0xFFFF,
    0xFFFF, 0xFFFF, 0xFFFF, 0xFFFF, 0xFFFF, 0xFFFF, 0xFFFF, 0xFFFF, 0xFFFF, 0xFFFF, 0xFFFF, 0xFFFF,
    0xFFFF, 0xFFFF, 0xFFFF, 0x6CFA, 0x341A, 0x3C5A, 0x3C5A, 0x3C5A, 0x3C3A, 0x44BC, 0x226E, 0x0000,
    0x0000, 0x2AF1, 0x44FE, 0x3C7B, 0x3C7C, 0x3C7C, 0x447B, 0x341A, 0x755B, 0xFFFF, 0xFFFF, 0xFFFF,
    0xFFFF, 0xFFFF, 0xFFFF, 0xFFFF, 0xFFFF, 0xFFFF, 0xFFFF, 0xFFFF, 0xFFFF, 0xFFFF, 0xFFFF, 0xFFFF,
    0xFFFF, 0xFFFF, 0xFFFF, 0xFFFF, 0xFFFF, 0xFFFF, 0xFFFF, 0xFFFF, 0xFFFF, 0xFFFF, 0xFFFF, 0xFFFF,
    0xFFFF, 0xFFFF, 0xFFFF, 0xFFFF, 0xFFFF, 0xFFFF, 0xFFFF, 0xFFFF, 0xFFFF, 0xFFFF, 0xFFFF, 0xFFFF,
    0xFFFF, 0xFFFF, 0xE75D, 0x3C39, 0x3C3A, 0x3C3A, 0x3C5B, 0x3C5A, 0x3C5A, 0x449C, 0x1988, 0x0000,
    0x0000, 0x1989, 0x44FE, 0x3C7B, 0x447C, 0x3C7C, 0x3C7B, 0x3C5B, 0x445A, 0xE77E, 0xFFFF, 0xFFFF,
    0xFFFF, 0xFFFF, 0xFFFF, 0xFFFF, 0xFFFF, 0xFFFF, 0xFFFF, 0xFFFF, 0xFFFF, 0xFFFF, 0xFFFF, 0xFFFF,
    0xFFFF, 0xFFFF, 0xFFFF, 0xFFFF, 0xFFFF, 0xFFFF, 0xFFFF, 0xFFFF, 0xFFFF, 0xFFFF, 0xFFFF, 0xFFFF,
    0xFFFF, 0xFFFF, 0xFFFF, 0xFFFF, 0xFFFF, 0xFFFF, 0xFFFF, 0xFFFF, 0xFFFF, 0xFFFF, 0xFFFF, 0xFFFF,
    0xFFFF, 0xFFFF, 0x9DFB, 0x2BF9, 0x3C3A, 0x3C3B, 0x3C3A, 0x3C5A, 0x3C7B, 0x3C18, 0x0000, 0x0000,
    0x0000, 0x0000, 0x445A, 0x449C, 0x3C7B, 0x447B, 0x3C7C, 0x447C, 0x2C1B, 0x95DC, 0xFFFF, 0xFFFF,
    0xFFFF, 0xFFFF, 0xFFFF, 0xFFFF, 0xFFFF, 0xFFFF, 0xFFFF, 0xFFFF, 0xFFFF, 0xFFFF, 0xFFFF, 0xFFFF,
    0xFFFF, 0xFFFF, 0xFFFF, 0xFFFF, 0xFFFF, 0xFFFF, 0xFFFF, 0xFFFF, 0xFFFF, 0xFFFF, 0xFFFF, 0xFFFF,
    0xFFFF, 0xFFFF, 0xFFFF, 0xFFFF, 0xFFFF, 0xFFFF, 0xFFFF, 0xFFFF, 0xFFFF, 0xFFFF, 0xFFFF, 0xFFFF,
    0xFFFF, 0xF7BE, 0x4C79, 0x341A, 0x3C3A, 0x3C3B, 0x3C3A, 0x3C3A, 0x449C, 0x2AF2, 0x0000, 0x0000,
    0x0000, 0x0000, 0x2B12, 0x44FE, 0x3C7B, 0x3C7C, 0x3C7C, 0x447C, 0x3C5B, 0x445A, 0xEF9E, 0xFFFF,
    0xFFFF, 0xFFFF, 0xFFFF, 0xFFFF, 0xFFFF, 0xFFFF, 0xFFFF, 0xFFFF, 0xFFFF, 0xFFFF, 0xFFFF, 0xFFFF,
    0xFFFF, 0xFFFF, 0xFFFF, 0xFFFF, 0xFFFF, 0xFFFF, 0xFFFF, 0xFFFF, 0xFFFF, 0xFFFF, 0xFFFF, 0xFFFF,
    0xFFFF, 0xFFFF, 0xFFFF, 0xFFFF, 0xFFFF, 0xFFFF, 0xFFFF, 0xFFFF, 0xFFFF, 0xFFFF, 0xFFFF, 0xFFFF,
    0xFFFF, 0xA61B, 0x2BF9, 0x3C5A, 0x3C5A, 0x3C3B, 0x3C3B, 0x3C3A, 0x3C7B, 0x19A9, 0x0000, 0x0000,
    0x0000, 0x0000, 0x1127, 0x44DD, 0x3C7B, 0x3C7C, 0x3C7C, 0x3C7C, 0x447C, 0x341A, 0x857B, 0xFFFF,
    0xFFFF, 0xFFFF, 0xFFFF, 0xFFFF, 0xFFFF, 0xFFFF, 0xFFFF, 0xFFFF, 0xFFFF, 0xFFFF, 0xFFFF, 0xFFFF,
    0xFFFF, 0xFFFF, 0xFFFF, 0xFFFF, 0xFFFF, 0xFFFF, 0xFFFF, 0xFFFF, 0xFFFF, 0xFFFF, 0xFFFF, 0xFFFF,
    0xFFFF, 0xFFFF, 0xFFFF, 0xFFFF, 0xFFFF, 0xFFFF, 0xFFFF, 0xFFFF, 0xFFFF, 0xFFFF, 0xFFFF, 0xFFFF,
    0xE77E, 0x4459, 0x3C3B, 0x3C5A, 0x3C3A, 0x3C3A, 0x3C3A, 0x3C5B, 0x3396, 0x0000, 0x0000, 0x0000,
    0x0000, 0x0000, 0x0000, 0x3395, 0x44DD, 0x3C7B, 0x3C7C, 0x3C9C, 0x447C, 0x447B, 0x343A, 0xC6DD,
    0xFFFF, 0xFFFF, 0xFFFF, 0xFFFF, 0xFFFF, 0xFFFF, 0xFFFF, 0xFFFF, 0xFFFF, 0xFFFF, 0xFFFF, 0xFFFF,
    0xFFFF, 0xFFFF, 0xFFFF, 0xFFFF, 0xFFFF, 0xFFFF, 0xFFFF, 0xFFFF, 0xFFFF, 0xFFFF, 0xFFFF, 0xFFFF,
    0xFFFF, 0xFFFF, 0xFFFF, 0xFFFF, 0xFFFF, 0xFFFF, 0xFFFF, 0xFFFF, 0xFFFF, 0xFFFF, 0xFFFF, 0xFFFF,
    0x7519, 0x2BFA, 0x3C5A, 0x3C5A, 0x3C3A, 0x3C3A, 0x3C3A, 0x3C9C, 0x220B, 0x0000, 0x0000, 0x0000,
    0x0000, 0x0000, 0x0000, 0x1148, 0x44DD, 0x3C7C, 0x449C, 0x3C9C, 0x3C9C, 0x449C, 0x3C7C, 0x4C9A,
    0xEF9E, 0xFFFF, 0xFFFF, 0xFFFF, 0xFFFF, 0xFFFF, 0xFFFF, 0xFFFF, 0xFFFF, 0xFFFF, 0xFFFF, 0xFFFF,
    0xFFFF, 0xFFFF, 0xFFFF, 0xFFFF, 0xFFFF, 0xFFFF, 0xFFFF, 0xFFFF, 0xFFFF, 0xFFFF, 0xFFFF, 0xFFFF,
    0xFFFF, 0xFFFF, 0xFFFF, 0xFFFF, 0xFFFF, 0xFFFF, 0xFFFF, 0xFFFF, 0xFFFF, 0xFFFF, 0xFFFF, 0xAE1B,
    0x2BF9, 0x3C5B, 0x3C5A, 0x3C5A, 0x3C3A, 0x3C3A, 0x3C5B, 0x33B7, 0x0000, 0x0000, 0x0000, 0x0000,
    0x0000, 0x0000, 0x0000, 0x0000, 0x3375, 0x44DE, 0x3C7B, 0x3C9C, 0x3C7C, 0x3C9C, 0x449C, 0x345B,
    0x64FA, 0xF7DF, 0xFFFF, 0xFFFF, 0xFFFF, 0xFFFF, 0xFFFF, 0xFFFF, 0xFFFF, 0xFFFF, 0xFFFF, 0xFFFF,
    0xFFFF, 0xFFFF, 0xFFFF, 0xFFFF, 0xFFFF, 0xFFFF, 0xFFFF, 0xFFFF, 0xFFFF, 0xFFFF, 0xFFFF, 0xFFFF,
    0xFFFF, 0xFFFF, 0xFFFF, 0xFFFF, 0xFFFF, 0xFFFF, 0xFFFF, 0xFFFF, 0xFFFF, 0xFFFF, 0xC6DC, 0x33F9,
    0x3C3A, 0x3C3A, 0x3C5A, 0x3C3A, 0x3C3A, 0x3C3A, 0x3C9C, 0x21EB, 0x0000, 0x0000, 0x0000, 0x0000,
    0x0000, 0x0000, 0x0000, 0x0000, 0x0000, 0x44BC, 0x449C, 0x449C, 0x449C, 0x449C, 0x3C9C, 0x449C,
    0x343B, 0x6D3B, 0xFFDF, 0xFFFF, 0xFFFF, 0xFFFF, 0xFFFF, 0xFFFF, 0xFFFF, 0xFFFF, 0xFFFF, 0xFFFF,
    0xFFFF, 0xFFFF, 0xFFFF, 0xFFFF, 0xFFFF, 0xFFFF, 0xFFFF, 0xFFFF, 0xFFFF, 0xFFFF, 0xFFFF, 0xFFFF,
    0xFFFF, 0xFFFF, 0xFFFF, 0xFFFF, 0xFFFF, 0xFFFF, 0xFFFF, 0xFFFF, 0xFFFF, 0xCEFC, 0x3C18, 0x3C3B,
    0x3C5A, 0x3C3A, 0x3C3A, 0x3C3A, 0x3C3A, 0x3C9C, 0x3354, 0x0000, 0x0000, 0x0000, 0x0000, 0x0000,
    0x0000, 0x0000, 0x0000, 0x0000, 0x0000, 0x222D, 0x4D1E, 0x3C7B, 0x3C9C, 0x3C9C, 0x3C9C, 0x3C7C,
    0x449C, 0x343B, 0x6D1A, 0xF7BE, 0xFFFF, 0xFFFF, 0xFFFF, 0xFFFF, 0xFFFF, 0xFFFF, 0xFFFF, 0xFFFF,
    0xFFFF, 0xFFFF, 0xFFFF, 0xFFFF, 0xFFFF, 0xFFFF, 0xFFFF, 0xFFFF, 0xFFFF, 0xFFFF, 0xFFFF, 0xFFFF,
    0xFFFF, 0xFFFF, 0xFFFF, 0xFFFF, 0xFFFF, 0xFFFF, 0xFFFF, 0xFFFF, 0xC6BC, 0x3C19, 0x343A, 0x3C3A,
    0x3C3A, 0x3C3A, 0x3C3A, 0x3C3A, 0x3C5A, 0x3C3A, 0x1905, 0x0000, 0x0000, 0x0000, 0x0000, 0x0000,
    0x0000, 0x0000, 0x0000, 0x0000, 0x0000, 0x0000, 0x3374, 0x44FE, 0x3C7B, 0x3C9C, 0x3C7C, 0x3C7C,
    0x3C7C, 0x449C, 0x343B, 0x5CBA, 0xDF3D, 0xFFFF, 0xFFFF, 0xFFFF, 0xFFFF, 0xFFFF, 0xFFFF, 0xFFFF,
    0xFFFF, 0xFFFF, 0xFFFF, 0xFFFF, 0xFFFF, 0xFFFF, 0xFFFF, 0xFFFF, 0xFFFF, 0xFFFF, 0xFFFF, 0xFFFF,
    0xFFFF, 0xFFFF, 0xFFFF, 0xFFFF, 0xFFFF, 0xFFFF, 0xFFFF, 0xAE3B, 0x3419, 0x3C3B, 0x3C3A, 0x3C3A,
    0x3C3A, 0x3C5A, 0x3C5A, 0x3C5A, 0x3C9C, 0x21EB, 0x0000, 0x0000, 0x0000, 0x0000, 0x0000, 0x0000,
    0x0000, 0x0000, 0x0000, 0x0000, 0x0000, 0x0000, 0x0000, 0x3C19, 0x44DE, 0x3C7B, 0x3C9C, 0x3C7C,
    0x3C7C, 0x447B, 0x447C, 0x345B, 0x445A, 0xA63C, 0xFFFF, 0xFFFF, 0xFFFF, 0xFFFF, 0xFFFF, 0xFFFF,
    0xFFFF, 0xFFFF, 0xFFFF, 0xFFFF, 0xFFFF, 0xFFFF, 0xFFFF, 0xFFFF, 0xFFFF, 0xFFFF, 0xFFFF, 0xFFFF,
    0xFFFF, 0xFFFF, 0xFFFF, 0xFFFF, 0xFFFF, 0xE77E, 0x7D5A, 0x33FA, 0x3C5B, 0x3C3A, 0x3C3A, 0x3C3A,
    0x3C3A, 0x3C5A, 0x3C5A, 0x44BC, 0x2AB0, 0x0000, 0x0000, 0x0000, 0x0000, 0x0000, 0x0000, 0x0000,
    0x0000, 0x0000, 0x0000, 0x0000, 0x0000, 0x0000, 0x0000, 0x0000, 0x447B, 0x44DD, 0x3C9C, 0x449C,
    0x3C9C, 0x447C, 0x447C, 0x447C, 0x3C5B, 0x341A, 0x64FA, 0xC6DD, 0xFFFF, 0xFFFF, 0xFFFF, 0xFFFF,
    0xFFFF, 0xFFFF, 0xFFFF, 0xFFFF, 0xFFFF, 0xFFFF, 0xFFFF, 0xFFFF, 0xFFFF, 0xFFFF, 0xFFFF, 0xFFFF,
    0xFFFF, 0xFFFF, 0xFFFF, 0xF7BE, 0xA61B, 0x4459, 0x341A, 0x3C5B, 0x3C3A, 0x3C3A, 0x3C3A, 0x3C3A,
    0x3C3A, 0x3C3A, 0x44BC, 0x2B12, 0x0000, 0x0000, 0x0000, 0x0000, 0x0000, 0x0000, 0x0000, 0x0000,
    0x0000, 0x0000, 0x0000, 0x0000, 0x0000, 0x0000, 0x0000, 0x0000, 0x08E5, 0x449B, 0x44DD, 0x449C,
    0x449C, 0x449C, 0x447C, 0x447C, 0x447C, 0x449C, 0x343B, 0x341A, 0x6D1A, 0xBE9C, 0xF7BE, 0xFFFF,
    0xFFFF, 0xFFFF, 0xFFFF, 0xFFFF, 0xFFFF, 0xFFFF, 0xFFFF, 0xFFFF, 0xFFFF, 0xFFFF, 0xFFFF, 0xFFFF,
    0xFFFF, 0xE75E, 0x9DFB, 0x5499, 0x2BFA, 0x3C3A, 0x3C5A, 0x3C5A, 0x3C3A, 0x3C3A, 0x3C3A, 0x3C3A,
    0x3C3A, 0x449C, 0x3333, 0x0000, 0x0000, 0x0000, 0x0000, 0x0000, 0x0000, 0x0000, 0x0000, 0x0000,
    0x0000, 0x0000, 0x0000, 0x0000, 0x0000, 0x0000, 0x0000, 0x0000, 0x0000, 0x08E5, 0x447A, 0x44FE,
    0x3C7B, 0x449C, 0x447C, 0x447C, 0x447C, 0x447C, 0x447C, 0x447C, 0x343B, 0x341A, 0x4C9A, 0x7D7B,
    0xB67C, 0xD73D, 0xF7BE, 0xFFFF, 0xFFFF, 0xFFFF, 0xFFFF, 0xFFFF, 0xFFDF, 0xEF9E, 0xCEFD, 0xA61B,
    0x6D1A, 0x4439, 0x2C1A, 0x343B, 0x3C5A, 0x3C5A, 0x3C3A, 0x3C3A, 0x3C3A, 0x3C5A, 0x3C3A, 0x3C3A,
    0x449C, 0x2B12, 0x0000, 0x0000, 0x0000, 0x0000, 0x0000, 0x0000, 0x0000, 0x0000, 0x0000, 0x0000,
    0x0000, 0x0000, 0x0000, 0x0000, 0x0000, 0x0000, 0x0000, 0x0000, 0x0000, 0x0000, 0x0000, 0x3BF8,
    0x451E, 0x3C7C, 0x3C7B, 0x447C, 0x3C7B, 0x447C, 0x447C, 0x3C7C, 0x447C, 0x447B, 0x3C5B, 0x341B,
    0x341A, 0x3C5B, 0x4C9B, 0x5CDB, 0x6D3B, 0x755B, 0x6D3B, 0x651A, 0x54BA, 0x447A, 0x3C3A, 0x2C1A,
    0x341A, 0x3C5A, 0x3C5B, 0x3C5B, 0x3C5A, 0x3C3A, 0x3C3A, 0x3C3A, 0x3C3A, 0x3C3A, 0x3C5A, 0x449C,
    0x2AB0, 0x0000, 0x0000, 0x0000, 0x0000, 0x0000, 0x0000, 0x0000, 0x0000, 0x0000, 0x0000, 0x0000,
    0x0000, 0x0000, 0x0000, 0x0000, 0x0000, 0x0000, 0x0000, 0x0000, 0x0000, 0x0000, 0x0000, 0x0000,
    0x2B12, 0x44FE, 0x449C, 0x3C5B, 0x3C7B, 0x447C, 0x3C7C, 0x3C9C, 0x447C, 0x3C7B, 0x3C7B, 0x447B,
    0x447C, 0x447C, 0x3C7C, 0x3C5C, 0x345C, 0x345B, 0x345B, 0x343B, 0x3C5B, 0x3C7B, 0x447B, 0x447B,
    0x3C5A, 0x3C5A, 0x3C5A, 0x3C5A, 0x3C5A, 0x3C5A, 0x3C3A, 0x3C3A, 0x3C3A, 0x3C9C, 0x3C5A, 0x220B,
    0x0000, 0x0000, 0x0000, 0x0000, 0x0000, 0x0000, 0x0000, 0x0000, 0x0000, 0x0000, 0x0000, 0x0000,
    0x0000, 0x0000, 0x0000, 0x0000, 0x0000, 0x0000, 0x0000, 0x0000, 0x0000, 0x0000, 0x0000, 0x0000,
    0x0000, 0x19EB, 0x3C39, 0x44DE, 0x449C, 0x3C5B, 0x447B, 0x3C7C, 0x447C, 0x447C, 0x3C7B, 0x3C7B,
    0x3C7B, 0x447C, 0x447C, 0x449C, 0x449C, 0x449C, 0x447C, 0x447B, 0x447B, 0x3C7B, 0x3C7B, 0x3C5A,
    0x3C5A, 0x3C5A, 0x3C3A, 0x3C3A, 0x3C3A, 0x3C3A, 0x3C3A, 0x3C7B, 0x3C9C, 0x3354, 0x1926, 0x0000,
    0x0000, 0x0000, 0x0000, 0x0000, 0x0000, 0x0000, 0x0000, 0x0000, 0x0000, 0x0000, 0x0000, 0x0000,
    0x0000, 0x0000, 0x0000, 0x0000, 0x0000, 0x0000, 0x0000, 0x0000, 0x0000, 0x0000, 0x0000, 0x0000,
    0x0000, 0x0000, 0x0000, 0x2AD0, 0x3C7B, 0x44DE, 0x449C, 0x3C7B, 0x447B, 0x3C7C, 0x447C, 0x447C,
    0x3C7B, 0x3C7B, 0x447B, 0x3C7B, 0x3C7C, 0x3C7B, 0x3C7B, 0x3C7B, 0x3C5B, 0x3C5A, 0x3C5A, 0x3C3A,
    0x3C3A, 0x3C5A, 0x3C3A, 0x3C3A, 0x3C3A, 0x3C7B, 0x449C, 0x33D7, 0x21EB, 0x0000, 0x0000, 0x0000,
    0x0000, 0x0000, 0x0000, 0x0000, 0x0000, 0x0000, 0x0000, 0x0000, 0x0000, 0x0000, 0x0000, 0x0000,
    0x0000, 0x0000, 0x0000, 0x0000, 0x0000, 0x0000, 0x0000, 0x0000, 0x0000, 0x0000, 0x0000, 0x0000,
    0x0000, 0x0000, 0x0000, 0x0000, 0x1925, 0x2AB0, 0x3C39, 0x44DD, 0x44BD, 0x3C9C, 0x3C7B, 0x3C7B,
    0x447B, 0x3C7B, 0x3C7B, 0x3C7B, 0x447C, 0x3C5B, 0x3C5B, 0x3C5A, 0x3C5A, 0x3C3A, 0x3C3A, 0x3C3A,
    0x3C3A, 0x3C5A, 0x3C7B, 0x449C, 0x3C7B, 0x33B6, 0x220C, 0x0000, 0x0000, 0x0000, 0x0000, 0x0000,
    0x0000, 0x0000, 0x0000, 0x0000, 0x0000, 0x0000, 0x0000, 0x0000, 0x0000, 0x0000, 0x0000, 0x0000,
    0x0000, 0x0000, 0x0000, 0x0000, 0x0000, 0x0000, 0x0000, 0x0000, 0x0000, 0x0000, 0x0000, 0x0000,
    0x0000, 0x0000, 0x0000, 0x0000, 0x0000, 0x0000, 0x0000, 0x222C, 0x3395, 0x3C7B, 0x44DD, 0x44DE,
    0x44BD, 0x449C, 0x449C, 0x447C, 0x3C7B, 0x3C5B, 0x3C3A, 0x3C3A, 0x3C5B, 0x3C5B, 0x3C5B, 0x3C7C,
    0x44BD, 0x449C, 0x3C19, 0x2B12, 0x19A9, 0x0000, 0x0000, 0x0000, 0x0000, 0x0000, 0x0000, 0x0000,
    0x0000, 0x0000, 0x0000, 0x0000, 0x0000, 0x0000, 0x0000, 0x0000, 0x0000, 0x0000, 0x0000, 0x0000,
    0x0000, 0x0000, 0x0000, 0x0000, 0x0000, 0x0000, 0x0000, 0x0000, 0x0000, 0x0000, 0x0000, 0x0000,
    0x0000, 0x0000, 0x0000, 0x0000, 0x0000, 0x0000, 0x0000, 0x0000, 0x0000, 0x10E5, 0x21CA, 0x2AB0,
    0x3375, 0x3BF8, 0x3C5A, 0x3C7B, 0x3C7C, 0x3C5B, 0x3C5B, 0x3C5B, 0x3C3A, 0x3C19, 0x33B7, 0x2B33,
    0x226E, 0x1988, 0x0000, 0x0000, 0x0000, 0x0000, 0x0000, 0x0000, 0x0000, 0x0000, 0x0000, 0x0000,
    0x0000, 0x0000, 0x0000, 0x0000, 0x0000, 0x0000, 0x0000, 0x0000, 0x0000, 0x0000, 0x0000, 0x0000,
    0x0000, 0x0000, 0x0000, 0x0000, 0x0000, 0x0000, 0x0000, 0x0000, 0x0000, 0x0000, 0x0000, 0x0000,
    0x0000, 0x0000, 0x0000, 0x0000, 0x0000, 0x0000, 0x0000, 0x0000, 0x0000, 0x0000, 0x0000, 0x0000,
    0x0000, 0x0000, 0x2166, 0x21A9, 0x21EA, 0x29EB, 0x21EB, 0x21CA, 0x2188, 0x2146, 0x0000, 0x0000,
    0x0000, 0x0000, 0x0000, 0x0000, 0x0000, 0x0000, 0x0000, 0x0000, 0x0000, 0x0000, 0x0000, 0x0000,
    0x0000, 0x0000, 0x0000, 0x0000, 0x0000, 0x0000, 0x0000, 0x0000, 0x0000, 0x0000, 0x0000, 0x0000
  },
  { // 帧 8
    0x0000, 0x0000, 0x0000, 0x0000, 0x0000, 0x0000, 0x0000, 0x0000, 0x0000, 0x0000, 0x0000, 0x0000,
    0x0000, 0x0000, 0x0000, 0x0000, 0x0000, 0x0000, 0x0000, 0x0000, 0x0000, 0x0000, 0x0000, 0x0000,
    0x0000, 0x0000, 0x0000, 0x0000, 0x0000, 0x0000, 0x0000, 0x0000, 0x0000, 0x0000, 0x0000, 0x0000,
    0x0000, 0x0000, 0x0000, 0x0000, 0x0000, 0x0000, 0x0000, 0x0000, 0x0000, 0x0000, 0x0000, 0x0000,
    0x0000, 0x0000, 0x0000, 0x0000, 0x0000, 0x0000, 0x0000, 0x0000, 0x0000, 0x0000, 0x0000, 0x0000,
    0x0000, 0x0000, 0x0000, 0x0000, 0x0000, 0x0000, 0x0000, 0x0000, 0x0000, 0x0000, 0x0000, 0x0000,
    0x0000, 0x0000, 0x2945, 0xA534, 0x7BEF, 0x0000, 0x0000, 0x0000, 0x0000, 0x0000, 0x0000, 0x0000,
    0x0000, 0x0000, 0x0000, 0x0000, 0x0000, 0x0000, 0x0000, 0x0000, 0x0000, 0x0000, 0x0000, 0x0000,
    0x0000, 0x0000, 0x0000, 0x0000, 0x0000, 0x0000, 0x0000, 0x0000, 0x9CF3, 0x94B2, 0x0000, 0x0000,
    0x0000, 0x0000, 0x0000, 0x0000, 0x0000, 0x0000, 0x0000, 0x0000, 0x0000, 0x0000, 0x0000, 0x0000,
    0x0000, 0x0000, 0x0000, 0x0000, 0x0000, 0x0000, 0x0000, 0x0000, 0x0000, 0x0000, 0x0000, 0x0000,
    0x0000, 0x0000, 0xC638, 0xFFFF, 0xFFFF, 0x528A, 0x0000, 0x0000, 0x0000, 0x0000, 0x0000, 0x0000,
    0x0000, 0x0000, 0x0000, 0x0000, 0x0000, 0x0000, 0x0000, 0x0000, 0x0000, 0x0000, 0x0000, 0x0000,
    0x0000, 0x0000, 0x0000, 0x0000, 0x0000, 0x0000, 0x0000, 0x9CD3, 0xFFFF, 0xFFFF, 0x8C51, 0x0000,
    0x0000, 0x0000, 0x0000, 0x0000, 0x0000, 0x0000, 0x0000, 0x0000, 0x0000, 0x0000, 0x0000, 0x0000,
    0x0000, 0x0000, 0x0000, 0x0000, 0x0000, 0x0000, 0x0000, 0x0000, 0x0000, 0x0000, 0x0000, 0x0000,
    0x0000, 0x0000, 0xD6BA, 0xFFDF, 0xFFFF, 0x6B4D, 0x0000, 0x0000, 0x0000, 0x0000, 0x0000, 0x0000,
    0x0000, 0x0000, 0x0000, 0x0000, 0x0000, 0x0000, 0x0000, 0x0000, 0x0000, 0x0000, 0x0000, 0x0000,
    0x0000, 0x0000, 0x0000, 0x0000, 0x0000, 0x0000, 0x0000, 0xAD75, 0xFFDF, 0xFFDF, 0x9CF3, 0x0000,
    0x0000, 0x0000, 0x0000, 0x0000, 0x0000, 0x0000, 0x0000, 0x0000, 0x0000, 0x0000, 0x0000, 0x0000,
    0x0000, 0x0000, 0x0000, 0x0000, 0x0000, 0x0000, 0x0000, 0x0000, 0x0000, 0x0000, 0x0000, 0x0000,
    0x0000, 0x0000, 0xD69A, 0xFFFF, 0xFFFF, 0x632C, 0x0000, 0x0000, 0x0000, 0x0000, 0x0000, 0x0000,
    0x0000, 0x0000, 0x0000, 0x0000, 0x0000, 0x0000, 0x0000, 0x0000, 0x0000, 0x0000, 0x0000, 0x0000,
    0x0000, 0x0000, 0x0000, 0x0000, 0x0000, 0x0000, 0x0000, 0xAD55, 0xFFFF, 0xFFFF, 0x9CD3, 0x0000,
    0x0000, 0x0000, 0x0000, 0x0000, 0x0000, 0x0000, 0x0000, 0x0000, 0x0000, 0x0000, 0x0000, 0x0000,
    0x0000, 0x0000, 0x0000, 0x0000, 0x0000, 0x0000, 0x0000, 0x0000, 0x0000, 0x738D, 0xB5B6, 0xDEDB,
    0xB5B6, 0x0000, 0xD69A, 0xFFFF, 0xFFFF, 0x5ACB, 0x2965, 0xDEFB, 0xDEFB, 0xDEFB, 0xDEFB, 0xDEFB,
    0xDEFB, 0xDEFB, 0xDEFB, 0xDEFB, 0xDEFB, 0xDEFC, 0xE71C, 0xDEFB, 0xDEFB, 0xDEFB, 0xDEFB, 0xDEFB,
    0xDEFB, 0xDEFB, 0xDEFB, 0xDEFB, 0xDEFB, 0xD6BA, 0x0000, 0xA534, 0xFFFF, 0xFFFF, 0x9492, 0x0000,
    0xDEFB, 0xD69A, 0xA534, 0x5ACB, 0x0000, 0x0000, 0x0000, 0x0000, 0x0000, 0x0000, 0x0000, 0x0000,
    0x0000, 0x0000, 0x0000, 0x0000, 0x0000, 0x0000, 0x0000, 0x6B6D, 0xEF5D, 0xFFFF, 0xFFFF, 0xFFFF,
    0xDEDB, 0x0000, 0xD699, 0xFFFF, 0xFFFF, 0x52AA, 0x39A7, 0xFFFF, 0xFFFF, 0xFFFF, 0xFFFF, 0xFFFF,
    0xFFFF, 0xFFFF, 0xFFFF, 0xFFFF, 0xFFFF, 0xFFFF, 0xFFFF, 0xFFFF, 0xFFFF, 0xFFFF, 0xFFFF, 0xFFFF,
    0xFFFF, 0xFFFF, 0xFFFF, 0xFFFF, 0xFFFF, 0xFFDF, 0x0000, 0xA534, 0xFFFF, 0xFFFF, 0x9492, 0x0000,
    0xFFFF, 0xFFFF, 0xFFFF, 0xFFFF, 0xD6BA, 0x4228, 0x0000, 0x0000, 0x0000, 0x0000, 0x0000, 0x0000,
    0x0000, 0x0000, 0x0000, 0x0000, 0x0000, 0x0000, 0x9CF3, 0xFFFF, 0xFFFF, 0xFFDF, 0xFFDF, 0xFFFF,
    0xCE79, 0x0000, 0xD6BA, 0xFFDF, 0xFFFF, 0x5AEB, 0x3186, 0xFFFF, 0xFFDF, 0xFFFF, 0xFFFF, 0xFFFF,
    0xFFFF, 0xFFFF, 0xFFFF, 0xFFFF, 0xFFFF, 0xFFFF, 0xFFFF, 0xFFFF, 0xFFFF, 0xFFFF, 0xFFFF, 0xFFFF,
    0xFFFF, 0xFFFF, 0xFFFF, 0xFFFF, 0xFFFF, 0xF79E, 0x0000, 0xAD75, 0xFFDF, 0xFFFF, 0x9CD3, 0x0000,
    0xFFDF, 0xFFFF, 0xFFDF, 0xFFDF, 0xFFFF, 0xFFFF, 0x6B6D, 0x0000, 0x0000, 0x0000, 0x0000, 0x0000,
    0x0000, 0x0000, 0x0000, 0x0000, 0x0000, 0x9492, 0xFFFF, 0xFFDF, 0xFFFF, 0xFFFF, 0xFFFF, 0xFFFF,
    0xE71C, 0x0000, 0xAD75, 0xFFFF, 0xFFFF, 0x3186, 0x4228, 0xFFFF, 0xFFDF, 0xFFFF, 0xFFFF, 0xFFFF,
    0xFFFF, 0xFFFF, 0xFFFF, 0xFFFF, 0xFFFF, 0xFFFF, 0xFFFF, 0xFFFF, 0xFFFF, 0xFFFF, 0xFFFF, 0xFFFF,
    0xFFFF, 0xFFFF, 0xFFFF, 0xFFFF, 0xFFFF, 0xFFDF, 0x0000, 0x7BCF, 0xFFFF, 0xFFFF, 0x6B4D, 0x0000,
    0xFFFF, 0xFFFF, 0xFFFF, 0xFFFF, 0xFFFF, 0xFFFF, 0xFFFF, 0x52AA, 0x0000, 0x0000, 0x0000, 0x0000,
    0x0000, 0x0000, 0x0000, 0x0000, 0x4208, 0xFFFF, 0xFFDF, 0xFFFF, 0xFFFF, 0xFFFF, 0xFFFF, 0xFFFF,
    0xFFFF, 0x5ACB, 0x0000, 0x6B6D, 0x4208, 0x0000, 0xC618, 0xFFFF, 0xFFFF, 0xFFFF, 0xFFFF, 0xFFFF,
    0xFFFF, 0xFFFF, 0xFFFF, 0xFFFF, 0xFFFF, 0xFFFF, 0xFFFF, 0xFFFF, 0xFFFF, 0xFFFF, 0xFFFF, 0xFFFF,
    0xFFFF, 0xFFFF, 0xFFFF, 0xFFFF, 0xFFFF, 0xFFFF, 0x8410, 0x0000, 0x5AEB, 0x5ACB, 0x0000, 0x94B2,
    0xFFFF, 0xFFFF, 0xFFFF, 0xFFFF, 0xFFFF, 0xFFFF, 0xFFFF, 0xEF7D, 0x0000, 0x0000, 0x0000, 0x0000,
    0x0000, 0x0000, 0x0000, 0x0000, 0xC618, 0xFFFF, 0xFFFF, 0xFFFF, 0xFFFF, 0xFFFF, 0xFFFF, 0xFFFF,
    0xFFFF, 0xFFDF, 0x8410, 0x2945, 0x4208, 0xC617, 0xFFFF, 0xFFFF, 0xFFFF, 0xFFFF, 0xFFFF, 0xFFFF,
    0xFFFF, 0xFFFF, 0xFFFF, 0xFFFF, 0xFFFF, 0xFFFF, 0xFFFF, 0xFFFF, 0xFFFF, 0xFFFF, 0xFFFF, 0xFFFF,
    0xFFFF, 0xFFFF, 0xFFFF, 0xFFFF, 0xFFFF, 0xFFFF, 0xFFFF, 0x94B2, 0x2965, 0x31A6, 0xA534, 0xFFFF,
    0xFFFF, 0xFFFF, 0xFFFF, 0xFFFF, 0xFFFF, 0xFFFF, 0xFFDF, 0xFFFF, 0x8C71, 0x0000, 0x0000, 0x0000,
    0x0000, 0x0000, 0x0000, 0x2945, 0xFFFF, 0xFFFF, 0xFFFF, 0xFFFF, 0xFFFF, 0xFFFF, 0xFFFF, 0xFFFF,
    0xFFFF, 0xFFFF, 0xFFFF, 0xFFFF, 0xFFFF, 0xFFFF, 0xFFFF, 0xFFFF, 0xFFFF, 0xFFFF, 0xFFFF, 0xFFFF,
    0xFFFF, 0xFFFF, 0xFFFF, 0xFFFF, 0xFFFF, 0xFFFF, 0xFFFF, 0xFFFF, 0xFFFF, 0xFFFF, 0xFFFF, 0xFFFF,
    0xFFFF, 0xFFFF, 0xFFFF, 0xFFFF, 0xFFFF, 0xFFFF, 0xFFFF, 0xFFFF, 0xFFFF, 0xFFFF, 0xFFFF, 0xFFFF,
    0xFFFF, 0xFFFF, 0xFFFF, 0xFFFF, 0xFFFF, 0xFFFF, 0xFFFF, 0xFFFF, 0xE71B, 0x0000, 0x0000, 0x0000,
    0x0000, 0x0000, 0x0000, 0x5AEB, 0xFFFF, 0xFFDF, 0xFFFF, 0xFFFF, 0xFFFF, 0xFFFF, 0xFFFF, 0xFFFF,
    0xFFFF, 0xFFFF, 0xFFDF, 0xFFFF, 0xFFFF, 0xFFFF, 0xFFFF, 0xFFFF, 0xFFFF, 0xFFFF, 0xFFFF, 0xFFFF,
    0xFFFF, 0xFFFF, 0xFFFF, 0xFFFF, 0xFFFF, 0xFFFF, 0xFFFF, 0xFFFF, 0xFFFF, 0xFFFF, 0xFFFF, 0xFFFF,
    0xFFFF, 0xFFFF, 0xFFFF, 0xFFFF, 0xFFFF, 0xFFFF, 0xFFFF, 0xFFFF, 0xFFFF, 0xFFFF, 0xFFFF, 0xFFFF,
    0xFFFF, 0xFFFF, 0xFFFF, 0xFFFF, 0xFFFF, 0xFFFF, 0xFFFF, 0xFFFF, 0xFFFF, 0x2945, 0x0000, 0x0000,
    0x0000, 0x0000, 0x0000, 0x73AE, 0xFFFF, 0xFFDF, 0xFFFF, 0xFFFF, 0xFFFF, 0xFFFF, 0xFFFF, 0xFFFF,
    0xFFFF, 0xFFFF, 0xFFFF, 0xFFFF, 0xFFFF, 0xFFFF, 0xFFFF, 0xFFFF, 0xFFFF, 0xFFFF, 0xFFFF, 0xFFFF,
    0xFFFF, 0xFFFF, 0xFFFF, 0xFFFF, 0xFFFF, 0xFFFF, 0xFFFF, 0xFFFF, 0xFFFF, 0xFFFF, 0xFFFF, 0xFFFF,
    0xFFFF, 0xFFFF, 0xFFFF, 0xFFFF, 0xFFFF, 0xFFFF, 0xFFFF, 0xFFFF, 0xFFFF, 0xFFFF, 0xFFFF, 0xFFFF,
    0xFFFF, 0xFFFF, 0xFFFF, 0xFFFF, 0xFFFF, 0xFFFF, 0xFFFF, 0xFFFF, 0xFFFF, 0x39E7, 0x0000, 0x0000,
    0x0000, 0x0000, 0x0000, 0x73AE, 0xFFFF, 0xFFDF, 0xFFFF, 0xFFFF, 0xFFFF, 0xFFFF, 0xFFFF, 0xFFDF,
    0xFFDF, 0xFFDF, 0xFFDF, 0xFFDF, 0xFFDF, 0xFFDF, 0xFFDF, 0xFFDF, 0xFFDF, 0xFFDF, 0xFFDF, 0xFFDF,
    0xFFDF, 0xFFDF, 0xFFDF, 0xFFDF, 0xFFDF, 0xFFDF, 0xFFDF, 0xFFDF, 0xFFDF, 0xFFDF, 0xFFDF, 0xFFDF,
    0xFFDF, 0xFFDF, 0xFFDF, 0xFFDF, 0xFFDF, 0xFFDF, 0xFFDF, 0xFFDF, 0xFFDF, 0xFFDF, 0xFFDF, 0xFFDF,
    0xFFDF, 0xFFDF, 0xFFFF, 0xFFFF, 0xFFFF, 0xFFFF, 0xFFFF, 0xFFFF, 0xFFFF, 0x39E7, 0x0000, 0x0000,
    0x0000, 0x0000, 0x0000, 0x7BCE, 0xFFFF, 0xFFDF, 0xFFFF, 0xFFFF, 0xFFFF, 0xFFFF, 0xFFFF, 0xFFFF,
    0xFFFF, 0xFFFF, 0xFFFF, 0xFFFF, 0xFFFF, 0xFFFF, 0xFFFF, 0xFFFF, 0xFFFF, 0xFFFF, 0xFFFF, 0xFFFF,
    0xFFFF, 0xFFFF, 0xFFFF, 0xFFFF, 0xFFFF, 0xFFFF, 0xFFFF, 0xFFFF, 0xFFFF, 0xFFFF, 0xFFFF, 0xFFFF,
    0xFFFF, 0xFFFF, 0xFFFF, 0xFFFF, 0xFFFF, 0xFFFF, 0xFFFF, 0xFFFF, 0xFFFF, 0xFFFF, 0xFFFF, 0xFFFF,
    0xFFFF, 0xFFFF, 0xFFFF, 0xFFFF, 0xFFFF, 0xFFFF, 0xFFFF, 0xFFFF, 0xFFFF, 0x39E7, 0x0000, 0x0000,
    0x0000, 0x0000, 0x0000, 0x73AE, 0xFFFF, 0xFFDF, 0xFFFF, 0xFFFF, 0xFFFF, 0xFFFF, 0xD69A, 0xA514,
    0x9CD3, 0x9CD3, 0x94B2, 0x9CD2, 0x9CD2, 0x94D2, 0x94B2, 0x9CD2, 0x9CD2, 0x9CD3, 0x9CD3, 0x9CD3,
    0x9CD3, 0x9CD2, 0x9CD3, 0x9CD3, 0x9CD3, 0x9CD3, 0x9CD3, 0x9CD2, 0x9CD2, 0x9CD3, 0x9CD3, 0x9CD2,
    0x9CD2, 0x94D2, 0x94B2, 0x9CD2, 0x9CD3, 0x9CD3, 0x9CD2, 0x9CD3, 0x9CD3, 0x9CD3, 0x9CD3, 0x9CD3,
    0x9CD3, 0xAD55, 0xE71C, 0xFFFF, 0xFFFF, 0xFFFF, 0xFFFF, 0xFFFF, 0xFFFF, 0x39E7, 0x0000, 0x0000,
    0x0000, 0x0000, 0x0000, 0x73AE, 0xFFFF, 0xFFDF, 0xFFFF, 0xFFFF, 0xEF5D, 0x528A, 0x0000, 0x0000,
    0x0000, 0x0000, 0x0000, 0x0000, 0x0000, 0x0000, 0x0000, 0x0000, 0x0000, 0x0000, 0x0000, 0x0000,
    0x0000, 0x0000, 0x0000, 0x0000, 0x0000, 0x0000, 0x0000, 0x0000, 0x0000, 0x0000, 0x0000, 0x0000,
    0x0000, 0x0000, 0x0000, 0x0000, 0x0000, 0x0000, 0x0000, 0x0000, 0x0000, 0x0000, 0x0000, 0x0000,
    0x0000, 0x0000, 0x0000, 0x73AE, 0xFFFF, 0xFFFF, 0xFFFF, 0xFFFF, 0xFFFF, 0x39E7, 0x0000, 0x0000,
    0x0000, 0x0000, 0x0000, 0x73AE, 0xFFFF, 0xFFDF, 0xFFFF, 0xF79E, 0x2965, 0x0000, 0x0000, 0x0000,
    0x0000, 0x0000, 0x0000, 0x0000, 0x0000, 0x0000, 0x0000, 0x0000, 0x0000, 0x0000, 0x0000, 0x0000,
    0x0000, 0x0000, 0x0000, 0x0000, 0x0000, 0x0000, 0x0000, 0x0000, 0x0000, 0x0000, 0x0000, 0x0000,
    0x0000, 0x0000, 0x0000, 0x0000, 0x0000, 0x0000, 0x0000, 0x0000, 0x0000, 0x0000, 0x0000, 0x0000,
    0x0000, 0x0000, 0x0000, 0x0000, 0x630C, 0xFFFF, 0xFFFF, 0xFFFF, 0xFFFF, 0x39E7, 0x0000, 0x0000,
    0x0000, 0x0000, 0x0000, 0x7BCE, 0xFFFF, 0xF7BE, 0xFFFF, 0x73AE, 0x0000, 0x0000, 0x0000, 0x0000,
    0x0000, 0x0000, 0x0000, 0x0000, 0x0000, 0x0000, 0x0000, 0x0000, 0x0000, 0x0000, 0x0000, 0x0000,
    0x0000, 0x0000, 0x0000, 0x0000, 0x0000, 0x0000, 0x0000, 0x0000, 0x0000, 0x0000, 0x0000, 0x0000,
    0x0000, 0x0000, 0x0000, 0x0000, 0x0000, 0x0000, 0x0000, 0x0000, 0x0000, 0x0000, 0x0000, 0x0000,
    0x0000, 0x0000, 0x0000, 0x0000, 0x0000, 0xB5B6, 0xFFFF, 0xFFDF, 0xFFFF, 0x39E7, 0x0000, 0x0000,
    0x0000, 0x0000, 0x0000, 0x7BCF, 0xFFFF, 0xFFFF, 0xFFDF, 0x0000, 0x0000, 0x0000, 0x0000, 0x0000,
    0x0000, 0x0000, 0x0000, 0x0000, 0x0000, 0x0000, 0x0000, 0x0000, 0x0000, 0x0000, 0x0000, 0x0000,
    0x0000, 0x0000, 0x0000, 0x0000, 0x0000, 0x0000, 0x0000, 0x0000, 0x0000, 0x0000, 0x0000, 0x0000,
    0x0000, 0x0000, 0x0000, 0x0000, 0x0000, 0x0000, 0x0000, 0x0000, 0x0000, 0x0000, 0x0000, 0x0000,
    0x0000, 0x0000, 0x0000, 0x0000, 0x0000, 0x52AA, 0xFFFF, 0xFFDF, 0xFFFF, 0x39E7, 0x0000, 0x0000,
    0x0000, 0x0000, 0x0000, 0x7BCE, 0xFFFF, 0xFFFF, 0xE73C, 0x0000, 0x0000, 0x0000, 0x0000, 0x0000,
    0x0000, 0x0000, 0x0000, 0x0000, 0x0000, 0x0000, 0x0000, 0x0000, 0x0000, 0x0000, 0x0000, 0x0000,
    0x0000, 0x0000, 0x0000, 0x0000, 0x0000, 0x0000, 0x0000, 0x0000, 0x0000, 0x0000, 0x0000, 0x0000,
    0x0000, 0x0000, 0x0000, 0x0000, 0x0000, 0x0000, 0x0000, 0x0000, 0x0000, 0x0000, 0x0000, 0x0000,
    0x0000, 0x0000, 0x0000, 0x0000, 0x0000, 0x39C7, 0xFFFF, 0xFFFF, 0xFFFF, 0x39E7, 0x0000, 0x0000,
    0x0000, 0x0000, 0x0000, 0x7BCE, 0xFFFF, 0xFFFF, 0xE71C, 0x0000, 0x0000, 0x0000, 0x0000, 0x0000,
    0x0000, 0x8C71, 0xAD75, 0xAD75, 0xAD75, 0xAD75, 0xAD75, 0xAD75, 0x738E, 0x0000, 0x0000, 0x0000,
    0x0000, 0x0000, 0x4A69, 0xAD75, 0xAD75, 0xAD75, 0xAD75, 0xAD75, 0xAD75, 0xA514, 0x0000, 0x0000,
    0x0000, 0x0000, 0x0000, 0x0000, 0x9492, 0xAD75, 0xAD75, 0xAD75, 0xAD75, 0xAD55, 0xAD75, 0x738E,
    0x0000, 0x0000, 0x0000, 0x0000, 0x0000, 0x31A6, 0xFFFF, 0xFFFF, 0xFFFF, 0x39E7, 0x0000, 0x0000,
    0x0000, 0x0000, 0x0000, 0x7BCF, 0xFFFF, 0xFFFF, 0xE71C, 0x0000, 0x0000, 0x0000, 0x0000, 0x0000,
    0x4228, 0xFFFF, 0xFFFF, 0xFFFF, 0xFFFF, 0xFFFF, 0xFFFF, 0xFFFF, 0xFFFF, 0x0000, 0x0000, 0x0000,
    0x0000, 0x0000, 0xD69A, 0xFFFF, 0xFFFF, 0xFFFF, 0xFFFF, 0xFFFF, 0xFFFF, 0xFFFF, 0x8C71, 0x0000,
    0x0000, 0x0000, 0x0000, 0x4A69, 0xFFFF, 0xFFFF, 0xFFFF, 0xFFFF, 0xFFFF, 0xFFFF, 0xFFFF, 0xFFFF,
    0x0000, 0x0000, 0x0000, 0x0000, 0x0000, 0x31A6, 0xFFFF, 0xFFFF, 0xFFFF, 0x39E7, 0x0000, 0x0000,
    0x0000, 0x0000, 0x0000, 0x7BCF, 0xFFFF, 0xFFFF, 0xE71C, 0x0000, 0x0000, 0x0000, 0x0000, 0x0000,
    0x4A49, 0xFFDF, 0xFFDF, 0xFFFF, 0xFFDF, 0xFFDF, 0xFFDF, 0xFFFF, 0xF7BE, 0x0000, 0x0000, 0x0000,
    0x0000, 0x0000, 0xCE59, 0xFFDF, 0xFFDF, 0xFFFF, 0xFFFF, 0xFFDF, 0xFFDF, 0xFFDF, 0x8C71, 0x0000,
    0x0000, 0x0000, 0x0000, 0x5289, 0xFFDF, 0xFFDF, 0xFFFF, 0xFFFF, 0xFFDF, 0xFFDF, 0xFFDF, 0xF7BE,
    0x0000, 0x0000, 0x0000, 0x0000, 0x0000, 0x31A6, 0xFFFF, 0xFFFF, 0xFFFF, 0x39E7, 0x0000, 0x0000,
    0x0000, 0x0000, 0x0000, 0x7BCF, 0xFFFF, 0xFFFF, 0xE71C, 0x0000, 0x0000, 0x0000, 0x0000, 0x0000,
    0x4A49, 0xFFFF, 0xFFDF, 0xFFFF, 0xFFFF, 0xFFFF, 0xFFFF, 0xFFFF, 0xF7BE, 0x0000, 0x0000, 0x0000,
    0x0000, 0x0000, 0xCE59, 0xFFFF, 0xFFDF, 0xFFFF, 0xFFFF, 0xFFFF, 0xFFDF, 0xFFFF, 0x8C71, 0x0000,
    0x0000, 0x0000, 0x0000, 0x4A69, 0xFFFF, 0xFFDF, 0xFFFF, 0xFFFF, 0xFFFF, 0xFFFF, 0xFFFF, 0xF7BE,
    0x0000, 0x0000, 0x0000, 0x0000, 0x0000, 0x3186, 0xFFFF, 0xFFFF, 0xFFFF, 0x39E7, 0x0000, 0x0000,
    0x0000, 0x0000, 0x0000, 0x7BCF, 0xFFFF, 0xFFFF, 0xE71C, 0x0000, 0x0000, 0x0000, 0x0000, 0x0000,
    0x528A, 0xFFFF, 0xFFFF, 0xFFFF, 0xFFFF, 0xFFFF, 0xFFFF, 0xFFFF, 0xFFFF, 0x0000, 0x0000, 0x0000,
    0x0000, 0x0000, 0xD6BA, 0xFFFF, 0xFFFF, 0xFFFF, 0xFFFF, 0xFFFF, 0xFFFF, 0xFFFF, 0x94B2, 0x0000,
    0x0000, 0x0000, 0x0000, 0x528A, 0xFFFF, 0xFFFF, 0xFFFF, 0xFFFF, 0xFFFF, 0xFFFF, 0xFFFF, 0xFFFF,
    0x0000, 0x0000, 0x0000, 0x0000, 0x0000, 0x31A6, 0xFFFF, 0xFFFF, 0xFFFF, 0x39E7, 0x0000, 0x0000,
    0x0000, 0x0000, 0x0000, 0x7BCF, 0xFFFF, 0xFFFF, 0xE71C, 0x0000, 0x0000, 0x0000, 0x0000, 0x0000,
    0x0000, 0xDEDB, 0xF79E, 0xF79E, 0xF79E, 0xF79E, 0xF79E, 0xF79E, 0xBDF7, 0x0000, 0x0000, 0x0000,
    0x0000, 0x0000, 0x8C51, 0xF79E, 0xEF7D, 0xF79E, 0xF79E, 0xF79E, 0xEF7D, 0xEF5D, 0x4A69, 0x0000,
    0x0000, 0x0000, 0x0000, 0x0000, 0xDEDB, 0xF79E, 0xF79E, 0xF79E, 0xF79E, 0xF79E, 0xF79E, 0xBDF7,
    0x0000, 0x0000, 0x0000, 0x0000, 0x0000, 0x31A6, 0xFFFF, 0xFFFF, 0xFFFF, 0x39E7, 0x0000, 0x0000,
    0x0000, 0x0000, 0x0000, 0x7BCF, 0xFFFF, 0xFFFF, 0xE71C, 0x0000, 0x0000, 0x0000, 0x0000, 0x0000,
    0x0000, 0x0000, 0x0000, 0x0000, 0x0000, 0x0000, 0x0000, 0x0000, 0x0000, 0x0000, 0x0000, 0x0000,
    0x0000, 0x0000, 0x0000, 0x0000, 0x0000, 0x0000, 0x0000, 0x0000, 0x0000, 0x0000, 0x0000, 0x0000,
    0x0000, 0x0000, 0x0000, 0x0000, 0x0000, 0x0000, 0x0000, 0x0000, 0x0000, 0x0000, 0x0000, 0x0000,
    0x0000, 0x0000, 0x0000, 0x0000, 0x0000, 0x31A6, 0xFFFF, 0xFFFF, 0xFFFF, 0x39E7, 0x0000, 0x0000,
    0x0000, 0x0000, 0x0000, 0x7BCF, 0xFFFF, 0xFFFF, 0xE71C, 0x0000, 0x0000, 0x0000, 0x0000, 0x0000,
    0x0000, 0x0000, 0x0000, 0x0000, 0x0000, 0x0000, 0x0000, 0x0000, 0x0000, 0x0000, 0x0000, 0x0000,
    0x0000, 0x0000, 0x0000, 0x0000, 0x0000, 0x0000, 0x0000, 0x0000, 0x0000, 0x0000, 0x0000, 0x0000,
    0x0000, 0x0000, 0x0000, 0x0000, 0x0000, 0x0000, 0x0000, 0x0000, 0x0000, 0x0000, 0x0000, 0x0000,
    0x0000, 0x0000, 0x0000, 0x0000, 0x0000, 0x31A6, 0xFFFF, 0xFFFF, 0xFFFF, 0x39E7, 0x0000, 0x0000,
    0x0000, 0x0000, 0x0000, 0x7BCF, 0xFFFF, 0xFFFF, 0xE71C, 0x0000, 0x0000, 0x0000, 0x0000, 0x0000,
    0x0000, 0x0000, 0x0000, 0x0000, 0x0000, 0x0000, 0x0000, 0x0000, 0x0000, 0x0000, 0x0000, 0x0000,
    0x0000, 0x0000, 0x0000, 0x0000, 0x0000, 0x0000, 0x0000, 0x0000, 0x0000, 0x0000, 0x0000, 0x0000,
    0x0000, 0x0000, 0x0000, 0x0000, 0x0000, 0x0000, 0x0000, 0x0000, 0x0000, 0x0000, 0x0000, 0x0000,
    0x0000, 0x0000, 0x0000, 0x0000, 0x0000, 0x31A6, 0xFFFF, 0xFFFF, 0xFFFF, 0x39E7, 0x0000, 0x0000,
    0x0000, 0x0000, 0x0000, 0x7BCF, 0xFFFF, 0xFFFF, 0xE73C, 0x0000, 0x0000, 0x0000, 0x0000, 0x0000,
    0x0000, 0x0000, 0x0000, 0x0000, 0x0000, 0x0000, 0x0000, 0x0000, 0x0000, 0x0000, 0x0000, 0x0000,
    0x0000, 0x0000, 0x0000, 0x0000, 0x0000, 0x0000, 0x0000, 0x0000, 0x0000, 0x0000, 0x0000, 0x0000,
    0x0000, 0x0000, 0x0000, 0x0000, 0x0000, 0x0000, 0x0000, 0x0000, 0x0000, 0x0000, 0x0000, 0x0000,
    0x0000, 0x0000, 0x0000, 0x0000, 0x0000, 0x31A6, 0xFFFF, 0xFFFF, 0xFFFF, 0x39E7, 0x0000, 0x0000,
    0x0000, 0x0000, 0x0000, 0x7BCF, 0xFFFF, 0xFFFF, 0xE71C, 0x0000, 0x0000, 0x0000, 0x0000, 0x0000,
    0x0000, 0xE73C, 0xFFDF, 0xFFDF, 0xFFDF, 0xFFDF, 0xFFDF, 0xFFDF, 0xC638, 0x0000, 0x0000, 0x0000,
    0x0000, 0x0000, 0x94B2, 0xFFDF, 0xF7BE, 0xFFDF, 0xFFDF, 0xFFDF, 0xF7BE, 0xF79E, 0x5ACB, 0x0000,
    0x0000, 0x0000, 0x0000, 0x2945, 0xE73C, 0xFFDF, 0xFFDF, 0xFFDF, 0xFFDF, 0xFFDF, 0xFFDF, 0xC638,
    0x0000, 0x0000, 0x0000, 0x0000, 0x0000, 0x31A6, 0xFFFF, 0xFFFF, 0xFFFF, 0x39E7, 0x0000, 0x0000,
    0x0000, 0x0000, 0x0000, 0x7BCF, 0xFFFF, 0xFFFF, 0xE71C, 0x0000, 0x0000, 0x0000, 0x0000, 0x0000,
    0x5289, 0xFFFF, 0xFFFF, 0xFFFF, 0xFFFF, 0xFFFF, 0xFFFF, 0xFFFF, 0xFFFF, 0x0000, 0x0000, 0x0000,
    0x0000, 0x0000, 0xD6BA, 0xFFFF, 0xFFFF, 0xFFFF, 0xFFFF, 0xFFFF, 0xFFFF, 0xFFFF, 0x94B2, 0x0000,
    0x0000, 0x0000, 0x0000, 0x52AA, 0xFFFF, 0xFFFF, 0xFFFF, 0xFFFF, 0xFFFF, 0xFFFF, 0xFFFF, 0xFFFF,
    0x0000, 0x0000, 0x0000, 0x0000, 0x0000, 0x31A6, 0xFFFF, 0xFFFF, 0xFFFF, 0x39E7, 0x0000, 0x0000,
    0x0000, 0x0000, 0x0000, 0x7BCF, 0xFFFF, 0xFFFF, 0xE73C, 0x0000, 0x0000, 0x0000, 0x0000, 0x0000,
    0x4A49, 0xFFFF, 0xFFDF, 0xFFFF, 0xFFFF, 0xFFFF, 0xFFFF, 0xFFFF, 0xF7BE, 0x0000, 0x0000, 0x0000,
    0x0000, 0x0000, 0xCE59, 0xFFFF, 0xFFFF, 0xFFFF, 0xFFFF, 0xFFFF, 0xFFDF, 0xFFFF, 0x8C71, 0x0000,
    0x0000, 0x0000, 0x0000, 0x528A, 0xFFFF, 0xFFDF, 0xFFFF, 0xFFFF, 0xFFFF, 0xFFFF, 0xFFFF, 0xF7BE,
    0x0000, 0x0000, 0x0000, 0x0000, 0x0000, 0x31A6, 0xFFFF, 0xFFFF, 0xFFFF, 0x39E7, 0x0000, 0x0000,
    0x0000, 0x0000, 0x0000, 0x7BCF, 0xFFFF, 0xFFFF, 0xE73C, 0x0000, 0x0000, 0x0000, 0x0000, 0x0000,
    0x4A69, 0xFFDF, 0xFFDF, 0xFFDF, 0xFFDF, 0xFFDF, 0xFFDF, 0xFFDF, 0xF7BE, 0x0000, 0x0000, 0x0000,
    0x0000, 0x0000, 0xCE59, 0xFFDF, 0xFFDF, 0xFFDF, 0xFFDF, 0xFFDF, 0xF7BE, 0xFFDF, 0x9492, 0x0000,
    0x0000, 0x0000, 0x0000, 0x528A, 0xFFDF, 0xFFDF, 0xFFDF, 0xFFDF, 0xFFDF, 0xFFDF, 0xFFDF, 0xF7BE,
    0x0000, 0x0000, 0x0000, 0x0000, 0x0000, 0x31A6, 0xFFFF, 0xFFFF, 0xFFFF, 0x39E7, 0x0000, 0x0000,
    0x0000, 0x0000, 0x0000, 0x7BCF, 0xFFFF, 0xFFFF, 0xE73C, 0x0000, 0x0000, 0x0000, 0x0000, 0x0000,
    0x4228, 0xFFFF, 0xFFFF, 0xFFFF, 0xFFFF, 0xFFFF, 0xFFFF, 0xFFFF, 0xFFFF, 0x0000, 0x0000, 0x0000,
    0x0000, 0x0000, 0xCE79, 0xFFFF, 0xFFFF, 0xFFFF, 0xFFFF, 0xFFFF, 0xFFFF, 0xFFFF, 0x8C51, 0x0000,
    0x0000, 0x0000, 0x0000, 0x4A69, 0xFFFF, 0xFFFF, 0xFFFF, 0xFFFF, 0xFFFF, 0xFFFF, 0xFFFF, 0xFFFF,
    0x0000, 0x0000, 0x0000, 0x0000, 0x0000, 0x31A6, 0xFFFF, 0xFFFF, 0xFFFF, 0x39E7, 0x0000, 0x0000,
    0x0000, 0x0000, 0x0000, 0x7BCF, 0xFFFF, 0xFFFF, 0xE73C, 0x0000, 0x0000, 0x0000, 0x0000, 0x0000,
    0x0000, 0x8430, 0xAD54, 0xA534, 0xAD55, 0xA534, 0xA534, 0xAD55, 0x6B6D, 0x0000, 0x0000, 0x0000,
    0x0000, 0x0000, 0x4228, 0xA534, 0xA534, 0xA534, 0xA534, 0xA534, 0xAD34, 0x9CD3, 0x0000, 0x0000,
    0x0000, 0x0000, 0x0000, 0x0000, 0x8C51, 0xAD55, 0xA534, 0xA534, 0xA534, 0xA534, 0xA534, 0x6B4D,
    0x0000, 0x0000, 0x0000, 0x0000, 0x0000, 0x31A6, 0xFFFF, 0xFFFF, 0xFFFF, 0x39E7, 0x0000, 0x0000,
    0x0000, 0x0000, 0x0000, 0x7BCF, 0xFFFF, 0xFFFF, 0xE71C, 0x0000, 0x0000, 0x0000, 0x0000, 0x0000,
    0x0000, 0x0000, 0x0000, 0x0000, 0x0000, 0x0000, 0x0000, 0x0000, 0x0000, 0x0000, 0x0000, 0x0000,
    0x0000, 0x0000, 0x0000, 0x0000, 0x0000, 0x0000, 0x0000, 0x0000, 0x0000, 0x0000, 0x0000, 0x0000,
    0x0000, 0x0000, 0x0000, 0x0000, 0x0000, 0x0000, 0x0000, 0x0000, 0x0000, 0x0000, 0x0000, 0x0000,
    0x0000, 0x0000, 0x0000, 0x0000, 0x0000, 0x31A6, 0xFFFF, 0xFFFF, 0xFFFF, 0x39E7, 0x0000, 0x0000,
    0x0000, 0x0000, 0x0000, 0x7BCF, 0xFFFF, 0xFFFF, 0xE73C, 0x0000, 0x0000, 0x0000, 0x0000, 0x0000,
    0x0000, 0x0000, 0x0000, 0x0000, 0x0000, 0x0000, 0x0000, 0x0000, 0x0000, 0x0000, 0x0000, 0x0000,
    0x0000, 0x0000, 0x0000, 0x0000, 0x0000, 0x0000, 0x0000, 0x0000, 0x0000, 0x0000, 0x0000, 0x0000,
    0x0000, 0x0000, 0x0000, 0x0000, 0x0000, 0x0000, 0x0000, 0x0000, 0x0000, 0x0000, 0x0000, 0x0000,
    0x0000, 0x0000, 0x0000, 0x0000, 0x0000, 0x31A6, 0xFFFF, 0xFFFF, 0xFFFF, 0x39E7, 0x0000, 0x0000,
    0x0000, 0x0000, 0x0000, 0x7BCF, 0xFFFF, 0xFFFF, 0xE71C, 0x0000, 0x0000, 0x0000, 0x0000, 0x0000,
    0x0000, 0x0000, 0x0000, 0x0000, 0x0000, 0x0000, 0x0000, 0x0000, 0x0000, 0x0000, 0x0000, 0x0000,
    0x0000, 0x0000, 0x0000, 0x0000, 0x0000, 0x0000, 0x0000, 0x0000, 0x0000, 0x0000, 0x0000, 0x0000,
    0x0000, 0x0000, 0x0000, 0x0000, 0x0000, 0x0000, 0x0000, 0x0000, 0x0000, 0x0000, 0x0000, 0x0000,
    0x0000, 0x0000, 0x0000, 0x0000, 0x0000, 0x31A6, 0xFFFF, 0xFFFF, 0xFFFF, 0x39E7, 0x0000, 0x0000,
    0x0000, 0x0000, 0x0000, 0x7BCF, 0xFFFF, 0xFFFF, 0xE71C, 0x0000, 0x0000, 0x0000, 0x0000, 0x0000,
    0x0000, 0x630C, 0x8410, 0x7BEF, 0x7BEF, 0x7BEF, 0x7BEF, 0x7BEF, 0x4208, 0x0000, 0x0000, 0x0000,
    0x0000, 0x0000, 0x2965, 0x7BCF, 0x7BEF, 0x7BEF, 0x7BEF, 0x7BEF, 0x7BEF, 0x738E, 0x0000, 0x0000,
    0x0000, 0x0000, 0x0000, 0x0000, 0x0000, 0x0000, 0x0000, 0x0000, 0x0000, 0x0000, 0x0000, 0x0000,
    0x0000, 0x0000, 0x0000, 0x0000, 0x0000, 0x31A6, 0xFFFF, 0xFFFF, 0xFFFF, 0x39E7, 0x0000, 0x0000,
    0x0000, 0x0000, 0x0000, 0x7BCF, 0xFFFF, 0xFFFF, 0xE73C, 0x0000, 0x0000, 0x0000, 0x0000, 0x0000,
    0x39E7, 0xFFFF, 0xFFFF, 0xFFFF, 0xFFFF, 0xFFFF, 0xFFFF, 0xFFFF, 0xF7BE, 0x0000, 0x0000, 0x0000,
    0x0000, 0x0000, 0xCE58, 0xFFFF, 0xFFFF, 0xFFFF, 0xFFFF, 0xFFFF, 0xFFFF, 0xFFFF, 0x8410, 0x0000,
    0x0000, 0x0000, 0x0000, 0x0000, 0x0000, 0x0000, 0x0000, 0x0000, 0x0000, 0x0000, 0x0000, 0x0000,
    0x0000, 0x0000, 0x0000, 0x0000, 0x0000, 0x31A6, 0xFFFF, 0xFFFF, 0xFFFF, 0x39E7, 0x0000, 0x0000,
    0x0000, 0x0000, 0x0000, 0x7BCF, 0xFFFF, 0xFFFF, 0xE71C, 0x0000, 0x0000, 0x0000, 0x0000, 0x0000,
    0x4A69, 0xFFFF, 0xFFDF, 0xFFDF, 0xFFDF, 0xFFDF, 0xFFDF, 0xFFDF, 0xF7BE, 0x0000, 0x0000, 0x0000,
    0x0000, 0x0000, 0xCE79, 0xFFDF, 0xFFDF, 0xFFDF, 0xFFDF, 0xFFDF, 0xF7BE, 0xFFDF, 0x8C71, 0x0000,
    0x0000, 0x0000, 0x0000, 0x0000, 0x0000, 0x0000, 0x0000, 0x0000, 0x0000, 0x0000, 0x0000, 0x0000,
    0x0000, 0x0000, 0x0000, 0x0000, 0x0000, 0x31A6, 0xFFFF, 0xFFFF, 0xFFFF, 0x39E7, 0x0000, 0x0000,
    0x0000, 0x0000, 0x0000, 0x7BCF, 0xFFFF, 0xFFFF, 0xE71C, 0x0000, 0x0000, 0x0000, 0x0000, 0x0000,
    0x4A49, 0xFFFF, 0xFFFF, 0xFFFF, 0xFFFF, 0xFFFF, 0xFFFF, 0xFFFF, 0xF7BE, 0x0000, 0x0000, 0x0000,
    0x0000, 0x0000, 0xCE79, 0xFFFF, 0xFFFF, 0xFFFF, 0xFFFF, 0xFFFF, 0xFFDF, 0xFFFF, 0x8C51, 0x0000,
    0x0000, 0x0000, 0x0000, 0x0000, 0x0000, 0x0000, 0x0000, 0x0000, 0x0000, 0x0000, 0x0000, 0x0000,
    0x0000, 0x0000, 0x0000, 0x0000, 0x0000, 0x31A6, 0xFFFF, 0xFFFF, 0xFFFF, 0x39E7, 0x0000, 0x0000,
    0x0000, 0x0000, 0x0000, 0x7BCF, 0xFFFF, 0xFFFF, 0xE73C, 0x0000, 0x0000, 0x0000, 0x0000, 0x0000,
    0x528A, 0xFFFF, 0xFFDF, 0xFFFF, 0xFFFF, 0xFFFF, 0xFFFF, 0xFFFF, 0xFFDF, 0x0000, 0x0000, 0x0000,
    0x0000, 0x0000, 0xD6BA, 0xFFFF, 0xFFDF, 0xFFFF, 0xFFFF, 0xFFFF, 0xFFDF, 0xFFFF, 0x9492, 0x0000,
    0x0000, 0x0000, 0x0000, 0x0000, 0x0000, 0x0000, 0x0000, 0x0000, 0x0000, 0x0000, 0x0000, 0x0000,
    0x0000, 0x0000, 0x0000, 0x0000, 0x0000, 0x3186, 0xFFFF, 0xFFFF, 0xFFFF, 0x39E7, 0x0000, 0x0000,
    0x0000, 0x0000, 0x0000, 0x7BCF, 0xFFFF, 0xFFFF, 0xE71C, 0x0000, 0x0000, 0x0000, 0x0000, 0x0000,
    0x2965, 0xFFDF, 0xFFFF, 0xFFFF, 0xFFFF, 0xFFFF, 0xFFFF, 0xFFFF, 0xDEFB, 0x0000, 0x0000, 0x0000,
    0x0000, 0x0000, 0xAD55, 0xFFFF, 0xFFFF, 0xFFFF, 0xFFFF, 0xFFFF, 0xFFFF, 0xFFFF, 0x630C, 0x0000,
    0x0000, 0x0000, 0x0000, 0x0000, 0x0000, 0x0000, 0x0000, 0x0000, 0x0000, 0x0000, 0x0000, 0x0000,
    0x0000, 0x0000, 0x0000, 0x0000, 0x0000, 0x31A6, 0xFFFF, 0xFFFF, 0xFFFF, 0x39E7, 0x0000, 0x0000,
    0x0000, 0x0000, 0x0000, 0x7BCF, 0xFFFF, 0xFFFF, 0xE71C, 0x0000, 0x0000, 0x0000, 0x0000, 0x0000,
    0x0000, 0x2944, 0x4208, 0x41E7, 0x4208, 0x4208, 0x39E7, 0x4208, 0x0000, 0x0000, 0x0000, 0x0000,
    0x0000, 0x0000, 0x0000, 0x39E7, 0x39E7, 0x39E7, 0x39E7, 0x39E7, 0x4208, 0x31A6, 0x0000, 0x0000,
    0x0000, 0x0000, 0x0000, 0x0000, 0x0000, 0x0000, 0x0000, 0x0000, 0x0000, 0x0000, 0x0000, 0x0000,
    0x0000, 0x0000, 0x0000, 0x0000, 0x0000, 0x31A6, 0xFFFF, 0xFFFF, 0xFFFF, 0x39E7, 0x0000, 0x0000,
    0x0000, 0x0000, 0x0000, 0x73AE, 0xFFFF, 0xFFFF, 0xEF5D, 0x0000, 0x0000, 0x0000, 0x0000, 0x0000,
    0x0000, 0x0000, 0x0000, 0x0000, 0x0000, 0x0000, 0x0000, 0x0000, 0x0000, 0x0000, 0x0000, 0x0000,
    0x0000, 0x0000, 0x0000, 0x0000, 0x0000, 0x0000, 0x0000, 0x0000, 0x0000, 0x0000, 0x0000, 0x0000,
    0x0000, 0x0000, 0x0000, 0x0000, 0x0000, 0x0000, 0x0000, 0x0000, 0x0000, 0x0000, 0x0000, 0x0000,
    0x0000, 0x0000, 0x0000, 0x0000, 0x0000, 0x39C7, 0xFFFF, 0xFFFF, 0xFFFF, 0x39C7, 0x0000, 0x0000,
    0x0000, 0x0000, 0x0000, 0x5AEB, 0xFFFF, 0xFFDF, 0xFFFF, 0x3186, 0x0000, 0x0000, 0x0000, 0x0000,
    0x0000, 0x0000, 0x0000, 0x0000, 0x0000, 0x0000, 0x0000, 0x0000, 0x0000, 0x0000, 0x0000, 0x0000,
    0x0000, 0x0000, 0x0000, 0x0000, 0x0000, 0x0000, 0x0000, 0x0000, 0x0000, 0x0000, 0x0000, 0x0000,
    0x0000, 0x0000, 0x0000, 0x0000, 0x0000, 0x0000, 0x0000, 0x0000, 0x0000, 0x0000, 0x0000, 0x0000,
    0x0000, 0x0000, 0x0000, 0x0000, 0x0000, 0x6B4D, 0xFFFF, 0xFFFF, 0xFFDF, 0x0000, 0x0000, 0x0000,
    0x0000, 0x0000, 0x0000, 0x0000, 0xFFFF, 0xFFDF, 0xFFFF, 0xA514, 0x0000, 0x0000, 0x0000, 0x0000,
    0x0000, 0x0000, 0x0000, 0x0000, 0x0000, 0x0000, 0x0000, 0x0000, 0x0000, 0x0000, 0x0000, 0x0000,
    0x0000, 0x0000, 0x0000, 0x0000, 0x0000, 0x0000, 0x0000, 0x0000, 0x0000, 0x0000, 0x0000, 0x0000,
    0x0000, 0x0000, 0x0000, 0x0000, 0x0000, 0x0000, 0x0000, 0x0000, 0x0000, 0x0000, 0x0000, 0x0000,
    0x0000, 0x0000, 0x0000, 0x0000, 0x0000, 0xD6BA, 0xFFFF, 0xFFFF, 0xD6BA, 0x0000, 0x0000, 0x0000,
    0x0000, 0x0000, 0x0000, 0x0000, 0xBE17, 0xFFFF, 0xFFDF, 0xFFFF, 0x632C, 0x0000, 0x0000, 0x0000,
    0x0000, 0x0000, 0x0000, 0x0000, 0x0000, 0x0000, 0x0000, 0x0000, 0x0000, 0x0000, 0x0000, 0x0000,
    0x0000, 0x0000, 0x0000, 0x0000, 0x0000, 0x0000, 0x0000, 0x0000, 0x0000, 0x0000, 0x0000, 0x0000,
    0x0000, 0x0000, 0x0000, 0x0000, 0x0000, 0x0000, 0x0000, 0x0000, 0x0000, 0x0000, 0x0000, 0x0000,
    0x0000, 0x0000, 0x0000, 0x0000, 0x9CF3, 0xFFFF, 0xFFDF, 0xFFFF, 0x7BCF, 0x0000, 0x0000, 0x0000,
    0x0000, 0x0000, 0x0000, 0x0000, 0x39C7, 0xFFFF, 0xFFDF, 0xFFFF, 0xFFFF, 0x9492, 0x0000, 0x0000,
    0x0000, 0x0000, 0x0000, 0x0000, 0x0000, 0x0000, 0x0000, 0x0000, 0x0000, 0x0000, 0x0000, 0x0000,
    0x0000, 0x0000, 0x0000, 0x0000, 0x0000, 0x0000, 0x0000, 0x0000, 0x0000, 0x0000, 0x0000, 0x0000,
    0x0000, 0x0000, 0x0000, 0x0000, 0x0000, 0x0000, 0x0000, 0x0000, 0x0000, 0x0000, 0x0000, 0x0000,
    0x0000, 0x0000, 0x31A6, 0xB5B6, 0xFFFF, 0xFFDF, 0xFFFF, 0xE73C, 0x0000, 0x0000, 0x0000, 0x0000,
    0x0000, 0x0000, 0x0000, 0x0000, 0x0000, 0x8410, 0xFFFF, 0xFFDF, 0xFFFF, 0xFFFF, 0xF7BE, 0xCE79,
    0xC618, 0xC618, 0xC618, 0xC618, 0xC618, 0xC618, 0xC618, 0xC618, 0xC618, 0xC618, 0xC618, 0xC618,
    0xC618, 0xC618, 0xC618, 0xC618, 0xC618, 0xBDF8, 0xC618, 0xC618, 0xC618, 0xC618, 0xC618, 0xC618,
    0xC618, 0xC618, 0xC618, 0xC618, 0xC618, 0xBDF7, 0xC618, 0xBDF7, 0xC618, 0xC618, 0xC618, 0xC618,
    0xC618, 0xDEDB, 0xFFFF, 0xFFFF, 0xFFDF, 0xFFFF, 0xFFFF, 0x4228, 0x0000, 0x0000, 0x0000, 0x0000,
    0x0000, 0x0000, 0x0000, 0x0000, 0x0000, 0x0000, 0x8C71, 0xFFFF, 0xFFFF, 0xFFDF, 0xFFFF, 0xFFFF,
    0xFFFF, 0xFFFF, 0xFFFF, 0xFFFF, 0xFFFF, 0xFFFF, 0xFFFF, 0xFFFF, 0xFFFF, 0xFFFF, 0xFFFF, 0xFFFF,
    0xFFFF, 0xFFFF, 0xFFFF, 0xFFFF, 0xFFFF, 0xFFFF, 0xFFFF, 0xFFFF, 0xFFFF, 0xFFFF, 0xFFFF, 0xFFFF,
    0xFFFF, 0xFFFF, 0xFFFF, 0xFFFF, 0xFFFF, 0xFFFF, 0xFFFF, 0xFFFF, 0xFFFF, 0xFFFF, 0xFFFF, 0xFFFF,
    0xFFFF, 0xFFFF, 0xFFDF, 0xFFDF, 0xFFFF, 0xFFDF, 0x5ACB, 0x0000, 0x0000, 0x0000, 0x0000, 0x0000,
    0x0000, 0x0000, 0x0000, 0x0000, 0x0000, 0x0000, 0x0000, 0x52AA, 0xDEDB, 0xFFFF, 0xFFFF, 0xFFFF,
    0xFFFF, 0xFFFF, 0xFFFF, 0xFFFF, 0xFFFF, 0xFFFF, 0xFFFF, 0xFFFF, 0xFFFF, 0xFFFF, 0xFFFF, 0xFFFF,
    0xFFFF, 0xFFFF, 0xFFFF, 0xFFFF, 0xFFFF, 0xFFFF, 0xFFFF, 0xFFFF, 0xFFFF, 0xFFFF, 0xFFFF, 0xFFFF,
    0xFFFF, 0xFFFF, 0xFFFF, 0xFFFF, 0xFFFF, 0xFFFF, 0xFFFF, 0xFFFF, 0xFFFF, 0xFFFF, 0xFFFF, 0xFFFF,
    0xFFFF, 0xFFFF, 0xFFFF, 0xFFFF, 0xBDF7, 0x31A6, 0x0000, 0x0000, 0x0000, 0x0000, 0x0000, 0x0000,
    0x0000, 0x0000, 0x0000, 0x0000, 0x0000, 0x0000, 0x0000, 0x0000, 0x0000, 0x52AA, 0x94B2, 0xBDD6,
    0xBDF7, 0xC618, 0xBE17, 0xC618, 0xBDF7, 0xBDF7, 0xC617, 0xC618, 0xC618, 0xC618, 0xC618, 0xC618,
    0xC618, 0xC618, 0xC618, 0xBDF7, 0xC618, 0xBDF7, 0xC5F7, 0xC618, 0xC618, 0xC618, 0xC618, 0xC618,
    0xC618, 0xC618, 0xC618, 0xC618, 0xC618, 0xC618, 0xC618, 0xC618, 0xC618, 0xC618, 0xC618, 0xC618,
    0xC618, 0xB5B6, 0x8C51, 0x39E7, 0x0000, 0x0000, 0x0000, 0x0000, 0x0000, 0x0000, 0x0000, 0x0000,
    0x0000, 0x0000, 0x0000, 0x0000, 0x0000, 0x0000, 0x0000, 0x0000, 0x0000, 0x0000, 0x0000, 0x0000,
    0x0000, 0x0000, 0x0000, 0x0000, 0x0000, 0x0000, 0x0000, 0x0000, 0x0000, 0x0000, 0x0000, 0x0000,
    0x0000, 0x0000, 0x0000, 0x0000, 0x0000, 0x0000, 0x0000, 0x0000, 0x0000, 0x0000, 0x0000, 0x0000,
    0x0000, 0x0000, 0x0000, 0x0000, 0x0000, 0x0000, 0x0000, 0x0000, 0x0000, 0x0000, 0x0000, 0x0000,
    0x0000, 0x0000, 0x0000, 0x0000, 0x0000, 0x0000, 0x0000, 0x0000, 0x0000, 0x0000, 0x0000, 0x0000,
    0x0000, 0x0000, 0x0000, 0x0000, 0x0000, 0x0000, 0x0000, 0x0000, 0x0000, 0x0000, 0x0000, 0x0000,
    0x0000, 0x0000, 0x0000, 0x0000, 0x0000, 0x0000, 0x0000, 0x0000, 0x0000, 0x0000, 0x0000, 0x0000,
    0x0000, 0x0000, 0x0000, 0x0000, 0x0000, 0x0000, 0x0000, 0x0000, 0x0000, 0x0000, 0x0000, 0x0000,
    0x0000, 0x0000, 0x0000, 0x0000, 0x0000, 0x0000, 0x0000, 0x0000, 0x0000, 0x0000, 0x0000, 0x0000,
    0x0000, 0x0000, 0x0000, 0x0000, 0x0000, 0x0000, 0x0000, 0x0000, 0x0000, 0x0000, 0x0000, 0x0000,
    0x0000, 0x0000, 0x0000, 0x0000, 0x0000, 0x0000, 0x0000, 0x0000, 0x0000, 0x0000, 0x0000, 0x0000,
    0x0000, 0x0000, 0x0000, 0x0000, 0x0000, 0x0000, 0x0000, 0x0000, 0x0000, 0x0000, 0x0000, 0x0000,
    0x0000, 0x0000, 0x0000, 0x0000, 0x0000, 0x0000, 0x0000, 0x0000, 0x0000, 0x0000, 0x0000, 0x0000,
    0x0000, 0x0000, 0x0000, 0x0000, 0x0000, 0x0000, 0x0000, 0x0000, 0x0000, 0x0000, 0x0000, 0x0000,
    0x0000, 0x0000, 0x0000, 0x0000, 0x0000, 0x0000, 0x0000, 0x0000, 0x0000, 0x0000, 0x0000, 0x0000
  },
  { // 帧 9
    0x0000, 0x0000, 0x0000, 0x0000, 0x0000, 0x0000, 0x0000, 0x0000, 0x0000, 0x0000, 0x0000, 0x0000,
    0x0000, 0x0000, 0x0000, 0x0000, 0x0000, 0x0000, 0x0000, 0x0000, 0x0000, 0x0000, 0x28C1, 0x51A2,
    0x8AA4, 0xB385, 0xCC06, 0xDC66, 0xECC7, 0xECC7, 0xECC7, 0xECA7, 0xDC66, 0xCC26, 0xAB65, 0x8284,
    0x51A2, 0x0000, 0x0000, 0x0000, 0x0000, 0x0000, 0x0000, 0x0000, 0x0000, 0x0000, 0x0000, 0x0000,
    0x0000, 0x0000, 0x0000, 0x0000, 0x0000, 0x0000, 0x0000, 0x0000, 0x0000, 0x0000, 0x0000, 0x0000,
    0x0000, 0x0000, 0x0000, 0x0000, 0x0000, 0x0000, 0x0000, 0x0000, 0x0000, 0x0000, 0x0000, 0x0000,
    0x0000, 0x0000, 0x0000, 0x0000, 0x0000, 0x0000, 0x0000, 0x3101, 0x8284, 0xBBC6, 0xE487, 0xF4C7,
    0xF4E7, 0xF4E7, 0xF4C7, 0xECC7, 0xECA7, 0xECA7, 0xECA7, 0xECC7, 0xF4C7, 0xF4C7, 0xF4E7, 0xFCE7,
    0xF4E7, 0xE487, 0xBBA5, 0x7A64, 0x3101, 0x0000, 0x0000, 0x0000, 0x0000, 0x0000, 0x0000, 0x0000,
    0x0000, 0x0000, 0x0000, 0x0000, 0x0000, 0x0000, 0x0000, 0x0000, 0x0000, 0x0000, 0x0000, 0x0000,
    0x0000, 0x0000, 0x0000, 0x0000, 0x0000, 0x0000, 0x0000, 0x0000, 0x0000, 0x0000, 0x0000, 0x0000,
    0x0000, 0x0000, 0x0000, 0x0000, 0x0000, 0x61E3, 0xBBC5, 0xF4C7, 0xFD07, 0xF4E7, 0xECC7, 0xECA7,
    0xE487, 0xECA7, 0xECA7, 0xECA7, 0xEC87, 0xEC87, 0xECA7, 0xECA7, 0xECA7, 0xECA7, 0xECA7, 0xECA7,
    0xECA7, 0xECA7, 0xF4E7, 0xFD07, 0xF4C7, 0xC3C6, 0x61E3, 0x0000, 0x0000, 0x0000, 0x0000, 0x0000,
    0x0000, 0x0000, 0x0000, 0x0000, 0x0000, 0x0000, 0x0000, 0x0000, 0x0000, 0x0000, 0x0000, 0x0000,
    0x0000, 0x0000, 0x0000, 0x0000, 0x0000, 0x0000, 0x0000, 0x0000, 0x0000, 0x0000, 0x0000, 0x0000,
    0x0000, 0x0000, 0x0000, 0x61E3, 0xCC26, 0xFD07, 0xF4E7, 0xECA7, 0xE487, 0xECA7, 0xECA7, 0xECA7,
    0xECA7, 0xECA7, 0xECC7, 0xECA7, 0xEC87, 0xECA7, 0xECA7, 0xECC7, 0xECA7, 0xECA7, 0xEC87, 0xECA7,
    0xECA7, 0xECA7, 0xECA7, 0xEC87, 0xECA7, 0xF4E7, 0xFD08, 0xD426, 0x61E3, 0x0000, 0x0000, 0x0000,
    0x0000, 0x0000, 0x0000, 0x0000, 0x0000, 0x0000, 0x0000, 0x0000, 0x0000, 0x0000, 0x0000, 0x0000,
    0x0000, 0x0000, 0x0000, 0x0000, 0x0000, 0x0000, 0x0000, 0x0000, 0x0000, 0x0000, 0x0000, 0x0000,
    0x0000, 0x3101, 0xBBC6, 0xFD07, 0xF4E7, 0xECA7, 0xECA7, 0xECA7, 0xECC7, 0xECA7, 0xEC87, 0xECA7,
    0xECA7, 0xECA7, 0xECC7, 0xECA7, 0xECA7, 0xECA7, 0xECA7, 0xECC7, 0xECC7, 0xECA7, 0xECA7, 0xECA7,
    0xECC7, 0xECC7, 0xECA7, 0xECA7, 0xECA7, 0xECA7, 0xECA7, 0xF4C7, 0xFD07, 0xC3E6, 0x3922, 0x0000,
    0x0000, 0x0000, 0x0000, 0x0000, 0x0000, 0x0000, 0x0000, 0x0000, 0x0000, 0x0000, 0x0000, 0x0000,
    0x0000, 0x0000, 0x0000, 0x0000, 0x0000, 0x0000, 0x0000, 0x0000, 0x0000, 0x0000, 0x0000, 0x0000,
    0x7263, 0xF4C7, 0xF4E7, 0xECA7, 0xECA7, 0xECA7, 0xECA7, 0xECC7, 0xECC7, 0xECA7, 0xECA7, 0xECA7,
    0xECA7, 0xECA7, 0xECA7, 0xECA7, 0xECC7, 0xECC7, 0xECC7, 0xECC7, 0xECC7, 0xECC7, 0xECA7, 0xECA7,
    0xECC7, 0xECC7, 0xECA7, 0xECA7, 0xECA7, 0xECA7, 0xECC7, 0xECA7, 0xECA7, 0xFD08, 0xF4E7, 0x7A64,
    0x0000, 0x0000, 0x0000, 0x0000, 0x0000, 0x0000, 0x0000, 0x0000, 0x0000, 0x0000, 0x0000, 0x0000,
    0x0000, 0x0000, 0x0000, 0x0000, 0x0000, 0x0000, 0x0000, 0x0000, 0x0000, 0x0000, 0x0000, 0xAB65,
    0xFD28, 0xECC7, 0xECA7, 0xECC7, 0xECC7, 0xECC7, 0xECA7, 0xECC7, 0xECC7, 0xECC7, 0xECC7, 0xECC7,
    0xECC7, 0xECA7, 0xECA7, 0xECC7, 0xECC7, 0xF4E7, 0xECC7, 0xECC7, 0xECC7, 0xECC7, 0xECC7, 0xECC7,
    0xECC7, 0xECE7, 0xECA7, 0xEC87, 0xEC87, 0xECA7, 0xECC7, 0xECC7, 0xECC7, 0xECA7, 0xECC7, 0xFD28,
    0xAB85, 0x0000, 0x0000, 0x0000, 0x0000, 0x0000, 0x0000, 0x0000, 0x0000, 0x0000, 0x0000, 0x0000,
    0x0000, 0x0000, 0x0000, 0x0000, 0x0000, 0x0000, 0x0000, 0x0000, 0x0000, 0x0000, 0xCC06, 0xFD28,
    0xECA7, 0xECC7, 0xECC7, 0xECC7, 0xECC7, 0xECC7, 0xECA7, 0xECA7, 0xECA7, 0xECC7, 0xECC7, 0xECC7,
    0xECC7, 0xECC7, 0xECC7, 0xECC7, 0xECC7, 0xECE7, 0xECE7, 0xECC7, 0xECC7, 0xECC7, 0xECE7, 0xECC7,
    0xECC7, 0xECC7, 0xECA7, 0xECA7, 0xECA7, 0xECC7, 0xECC7, 0xECC7, 0xECC7, 0xECC7, 0xECC7, 0xECA7,
    0xFD08, 0xD426, 0x0000, 0x0000, 0x0000, 0x0000, 0x0000, 0x0000, 0x0000, 0x0000, 0x0000, 0x0000,
    0x0000, 0x0000, 0x0000, 0x0000, 0x0000, 0x0000, 0x0000, 0x0000, 0x28C1, 0xDC46, 0xFD07, 0xECA7,
    0xECC7, 0xECC7, 0xECC7, 0xECC7, 0xECC7, 0xECA7, 0xECA7, 0xECA7, 0xECA7, 0xECC7, 0xECC7, 0xECC7,
    0xECA7, 0xECC7, 0xECC7, 0xECA7, 0xECC7, 0xECC7, 0xECC7, 0xECC7, 0xECC7, 0xECE7, 0xECE7, 0xECC7,
    0xECC7, 0xECA7, 0xECC7, 0xECC7, 0xECC7, 0xECC7, 0xECC7, 0xECC7, 0xECC7, 0xF4C7, 0xECC7, 0xECC7,
    0xECA7, 0xF507, 0xDC67, 0x28C1, 0x0000, 0x0000, 0x0000, 0x0000, 0x0000, 0x0000, 0x0000, 0x0000,
    0x0000, 0x0000, 0x0000, 0x0000, 0x0000, 0x0000, 0x0000, 0x0000, 0xDC46, 0xF4E7, 0xECC7, 0xECC7,
    0xECC7, 0xECC7, 0xECC7, 0xECC7, 0xECC7, 0xECA7, 0xECA7, 0xECC7, 0xECA7, 0xECC7, 0xECE7, 0xECC7,
    0xECE7, 0xECC7, 0xE4E9, 0xE52A, 0xE52A, 0xE54A, 0xE54A, 0xE54A, 0xE54A, 0xED08, 0xECE7, 0xECE7,
    0xECC7, 0xECA7, 0xECC7, 0xECC7, 0xECC7, 0xECC7, 0xECC7, 0xECC7, 0xECC7, 0xECC7, 0xECC7, 0xECC7,
    0xECC7, 0xECA7, 0xF4E7, 0xDC87, 0x0000, 0x0000, 0x0000, 0x0000, 0x0000, 0x0000, 0x0000, 0x0000,
    0x0000, 0x0000, 0x0000, 0x0000, 0x0000, 0x0000, 0x0000, 0xCC06, 0xFD07, 0xECC7, 0xECC7, 0xECC7,
    0xECC7, 0xECC7, 0xECC7, 0xECC7, 0xECA7, 0xECA7, 0xECC7, 0xECC7, 0xECA7, 0xECC7, 0xECC7, 0xECE7,
    0xECC7, 0xE58C, 0xF777, 0xFF99, 0xFFB8, 0xFFB9, 0xFFB9, 0xFFB9, 0xFFB9, 0xF6F3, 0xE4E8, 0xECC7,
    0xECC7, 0xECA7, 0xECA7, 0xECC7, 0xECC7, 0xECC7, 0xECC7, 0xECC7, 0xECC7, 0xECC7, 0xECC7, 0xECC7,
    0xECC7, 0xECA7, 0xECA7, 0xF4E7, 0xD426, 0x0000, 0x0000, 0x0000, 0x0000, 0x0000, 0x0000, 0x0000,
    0x0000, 0x0000, 0x0000, 0x0000, 0x0000, 0x0000, 0xAB65, 0xFD28, 0xECA7, 0xECC7, 0xECC7, 0xECC7,
    0xECC7, 0xECC7, 0xECC7, 0xECC7, 0xECA7, 0xECC7, 0xECC7, 0xECC7, 0xECA7, 0xECA7, 0xECC7, 0xECE7,
    0xE4A7, 0xF6F4, 0xFFFC, 0xFFDD, 0xFFDD, 0xFFDD, 0xFFDD, 0xFFDD, 0xFFDD, 0xFFFA, 0xEDCD, 0xE466,
    0xECC7, 0xECA7, 0xECA7, 0xECC7, 0xECC7, 0xECC7, 0xECC7, 0xECA7, 0xECC7, 0xECC7, 0xECC7, 0xECC7,
    0xECC7, 0xECA7, 0xECA7, 0xE487, 0xFCE7, 0xAB65, 0x0000, 0x0000, 0x0000, 0x0000, 0x0000, 0x0000,
    0x0000, 0x0000, 0x0000, 0x0000, 0x0000, 0x6A23, 0xFD28, 0xECC7, 0xECC7, 0xECC7, 0xECC7, 0xECC7,
    0xECC7, 0xECA7, 0xECC7, 0xECC7, 0xECC7, 0xECC7, 0xECC7, 0xECC7, 0xECA7, 0xECA7, 0xECA7, 0xF4E7,
    0xE4A7, 0xF737, 0xFFFE, 0xFFDE, 0xFFDF, 0xFFDE, 0xFFDF, 0xFFFF, 0xFFDE, 0xFFFC, 0xEDEE, 0xE466,
    0xECA7, 0xECA7, 0xECA7, 0xECC7, 0xECC7, 0xECA7, 0xECA7, 0xECA7, 0xECA7, 0xECC7, 0xECC7, 0xECC7,
    0xECA7, 0xECA7, 0xECA7, 0xECA7, 0xECA7, 0xFD28, 0x7243, 0x0000, 0x0000, 0x0000, 0x0000, 0x0000,
    0x0000, 0x0000, 0x0000, 0x0000, 0x28C1, 0xECA7, 0xECC7, 0xECC7, 0xECC7, 0xECC7, 0xECA7, 0xECC7,
    0xECC7, 0xECA7, 0xECA7, 0xECC7, 0xECC7, 0xECC7, 0xECC7, 0xECC7, 0xECA7, 0xECA7, 0xECA7, 0xF4C7,
    0xE4A7, 0xF737, 0xFFFE, 0xFFFF, 0xFFFF, 0xFFFF, 0xFFFF, 0xFFFF, 0xFFFF, 0xFFFD, 0xEE0E, 0xE486,
    0xECA7, 0xECA7, 0xECC7, 0xECC7, 0xECC7, 0xECA7, 0xECA7, 0xECC7, 0xECC7, 0xECC7, 0xECC7, 0xECC7,
    0xECC7, 0xECA7, 0xECA7, 0xECA7, 0xECC7, 0xECC7, 0xECC7, 0x30E1, 0x0000, 0x0000, 0x0000, 0x0000,
    0x0000, 0x0000, 0x0000, 0x0000, 0xAB85, 0xFD07, 0xECC7, 0xECC7, 0xECC7, 0xECC7, 0xECC7, 0xECC7,
    0xECA7, 0xECC7, 0xECC7, 0xECC7, 0xECA7, 0xECA7, 0xECC7, 0xECA7, 0xECA7, 0xECA7, 0xECC7, 0xF4C7,
    0xE4A7, 0xF737, 0xFFFF, 0xFFFF, 0xFFFF, 0xFFFF, 0xFFFF, 0xFFFF, 0xFFFF, 0xFFFD, 0xEE0F, 0xECA6,
    0xECA7, 0xECA7, 0xECC7, 0xECC7, 0xECC7, 0xECA7, 0xECA7, 0xECC7, 0xECC7, 0xECC7, 0xECC7, 0xECC7,
    0xECC7, 0xECA7, 0xECA7, 0xECA7, 0xECC7, 0xECC7, 0xF4E7, 0xBBA5, 0x0000, 0x0000, 0x0000, 0x0000,
    0x0000, 0x0000, 0x0000, 0x4982, 0xF508, 0xECA7, 0xECC7, 0xECA7, 0xECC7, 0xECE7, 0xECC7, 0xECC7,
    0xECC7, 0xECC7, 0xECC7, 0xECC7, 0xECA7, 0xECC7, 0xECC7, 0xECA7, 0xEC87, 0xECA7, 0xECC7, 0xECC7,
    0xE487, 0xF717, 0xFFFF, 0xFFFF, 0xFFFF, 0xFFFF, 0xFFDF, 0xFFFF, 0xFFFF, 0xFFFD, 0xEDEF, 0xEC86,
    0xECC7, 0xECC7, 0xECA7, 0xECA7, 0xECA7, 0xECA7, 0xECC7, 0xECC7, 0xECC7, 0xECC7, 0xECC7, 0xECC7,
    0xECC7, 0xECA7, 0xECA7, 0xECC7, 0xECC7, 0xECC7, 0xECA7, 0xFCE7, 0x51A2, 0x0000, 0x0000, 0x0000,
    0x0000, 0x0000, 0x0000, 0xBBC6, 0xF4E7, 0xECA7, 0xECC7, 0xECA7, 0xECA7, 0xECC7, 0xECC7, 0xECA7,
    0xECC7, 0xECC7, 0xECC7, 0xECC7, 0xECC7, 0xECC7, 0xECC7, 0xECC7, 0xECA7, 0xECC7, 0xECC7, 0xECA7,
    0xDC66, 0xF717, 0xFFFF, 0xFFFF, 0xFFFF, 0xFFFF, 0xFFFF, 0xFFDF, 0xFFFF, 0xFFFD, 0xEDEF, 0xE486,
    0xECC7, 0xECA7, 0xECA7, 0xECA7, 0xECA7, 0xECC7, 0xECC7, 0xECC7, 0xECA7, 0xECC7, 0xECC7, 0xECC7,
    0xECA7, 0xECC7, 0xECC7, 0xECC7, 0xECC7, 0xECC7, 0xECC7, 0xF4C7, 0xC3E6, 0x0000, 0x0000, 0x0000,
    0x0000, 0x0000, 0x4962, 0xF4E7, 0xECA7, 0xECC7, 0xECC7, 0xECA7, 0xECA7, 0xECC7, 0xECA7, 0xECC7,
    0xECC7, 0xECC7, 0xECC7, 0xECC7, 0xECA7, 0xECA7, 0xECA7, 0xECC7, 0xECC7, 0xECC7, 0xECC7, 0xF4C7,
    0xE487, 0xF716, 0xFFFE, 0xFFFF, 0xFFFF, 0xFFFF, 0xFFDF, 0xFFDF, 0xFFFF, 0xFFFD, 0xEDEF, 0xEC86,
    0xECC7, 0xECA7, 0xECC7, 0xECC7, 0xECA7, 0xECC7, 0xECC7, 0xECC7, 0xECC7, 0xECC7, 0xECC7, 0xECC7,
    0xECA7, 0xECA7, 0xECA7, 0xECA7, 0xECC7, 0xECC7, 0xECC7, 0xECC7, 0xF508, 0x51A2, 0x0000, 0x0000,
    0x0000, 0x0000, 0xAB65, 0xF4E7, 0xECA7, 0xECC7, 0xECC7, 0xECC7, 0xECA7, 0xECA7, 0xECC7, 0xECC7,
    0xECC7, 0xECA7, 0xECC7, 0xECC7, 0xECA7, 0xECA7, 0xECA7, 0xECC7, 0xECC7, 0xECC7, 0xECC7, 0xF4E7,
    0xE487, 0xF6F6, 0xFFFE, 0xFFFF, 0xFFFF, 0xFFFF, 0xFFFF, 0xFFFF, 0xFFFE, 0xFFFD, 0xE5EF, 0xEC86,
    0xECE7, 0xECC7, 0xECC7, 0xECA7, 0xECA7, 0xECA7, 0xECC7, 0xECC7, 0xECA7, 0xECA7, 0xECC7, 0xECC7,
    0xECA7, 0xECA7, 0xECA7, 0xECC7, 0xECC7, 0xECC7, 0xECC7, 0xECA7, 0xF507, 0xB3A5, 0x0000, 0x0000,
    0x0000, 0x0000, 0xECA7, 0xECA7, 0xECA7, 0xECC7, 0xECA7, 0xECA7, 0xECA7, 0xECA7, 0xECC7, 0xECC7,
    0xECC7, 0xECA7, 0xECC7, 0xECC7, 0xECC7, 0xECC7, 0xECC7, 0xECC7, 0xECC7, 0xECC7, 0xECC7, 0xF4E7,
    0xE4A7, 0xF716, 0xFFFE, 0xFFFF, 0xFFFF, 0xFFFF, 0xFFFF, 0xFFFF, 0xFFDE, 0xFFFD, 0xE5F0, 0xEC86,
    0xECE7, 0xECC7, 0xECC7, 0xECC7, 0xECA7, 0xECA7, 0xECA7, 0xECA7, 0xECA7, 0xECA7, 0xECA7, 0xECA7,
    0xECA7, 0xECA7, 0xECA7, 0xECC7, 0xECC7, 0xECC7, 0xECC7, 0xECC7, 0xECC7, 0xECC7, 0x28C1, 0x0000,
    0x0000, 0x6A23, 0xFCE8, 0xEC87, 0xECA7, 0xECA7, 0xECA7, 0xECA7, 0xECA7, 0xECA7, 0xECA7, 0xECC7,
    0xECC7, 0xECA7, 0xECA7, 0xECC7, 0xECC7, 0xECA7, 0xECC7, 0xECC7, 0xECC7, 0xECC7, 0xECE7, 0xF4E7,
    0xE4C7, 0xF716, 0xFFFE, 0xFFFF, 0xFFFF, 0xFFFF, 0xFFFF, 0xFFFF, 0xFFDE, 0xFFFD, 0xEDF0, 0xECA6,
    0xECE7, 0xECC7, 0xECC7, 0xECA7, 0xECA7, 0xECA7, 0xECA7, 0xECA7, 0xECC7, 0xECA7, 0xECA7, 0xECA7,
    0xECA7, 0xECC7, 0xECC7, 0xECC7, 0xECC7, 0xECC7, 0xECC7, 0xECC7, 0xECA7, 0xFD08, 0x7243, 0x0000,
    0x0000, 0xAB65, 0xF4E7, 0xECA7, 0xECC7, 0xECC7, 0xECA7, 0xECA7, 0xECA7, 0xECA7, 0xECA7, 0xECC7,
    0xECA7, 0xECA7, 0xECC7, 0xECC7, 0xECC7, 0xECC7, 0xECC7, 0xECC7, 0xECC7, 0xF4C7, 0xECE7, 0xF4E7,
    0xE4A7, 0xF6F6, 0xFFFE, 0xFFFF, 0xFFFF, 0xFFFF, 0xFFFF, 0xFFFF, 0xFFDE, 0xFFFD, 0xEE10, 0xECA6,
    0xECE7, 0xECC7, 0xECC7, 0xECC7, 0xECC7, 0xECA7, 0xECC7, 0xECC7, 0xECC7, 0xECC7, 0xECC7, 0xECA7,
    0xECC7, 0xECC7, 0xECC7, 0xECC7, 0xECC7, 0xECC7, 0xECC7, 0xECA7, 0xECA7, 0xFD08, 0xB3A5, 0x0000,
    0x0000, 0xDC66, 0xECC7, 0xECA7, 0xECA7, 0xECA7, 0xECA7, 0xECA7, 0xECC7, 0xECC7, 0xECC7, 0xECC7,
    0xECA7, 0xECC7, 0xECC7, 0xECC7, 0xECC7, 0xECC7, 0xECC7, 0xECC7, 0xECC7, 0xF4E7, 0xECE7, 0xF508,
    0xE4C7, 0xF716, 0xFFFE, 0xFFFF, 0xFFFF, 0xFFFF, 0xFFFF, 0xFFFF, 0xFFFF, 0xFFFD, 0xEDF0, 0xECA6,
    0xECE8, 0xECC7, 0xECE7, 0xECE7, 0xECC7, 0xECA7, 0xECC7, 0xECC7, 0xECC7, 0xECC7, 0xECC7, 0xECC7,
    0xECA7, 0xECC7, 0xECC7, 0xECC7, 0xECC7, 0xF4C7, 0xECC7, 0xECC7, 0xECC7, 0xF4C7, 0xE487, 0x0000,
    0x4962, 0xF4C7, 0xECA7, 0xECC7, 0xECA7, 0xECA7, 0xECA7, 0xECC7, 0xECC7, 0xECC7, 0xECC7, 0xECC7,
    0xECC7, 0xECC7, 0xECE7, 0xECE7, 0xECE7, 0xECC7, 0xECE7, 0xF4E7, 0xF4E7, 0xF4E8, 0xECE8, 0xF508,
    0xE4E7, 0xF737, 0xFFFE, 0xFFDF, 0xFFFF, 0xFFFF, 0xFFFF, 0xFFFF, 0xFFFF, 0xFFFD, 0xE60F, 0xECC6,
    0xF508, 0xECE7, 0xF508, 0xF4E7, 0xECE7, 0xECC7, 0xECC7, 0xECC7, 0xECC7, 0xECC7, 0xECC7, 0xECC7,
    0xECA7, 0xECC7, 0xECC7, 0xECC7, 0xECC7, 0xECC7, 0xECC7, 0xECC7, 0xECC7, 0xECA7, 0xF4E7, 0x4982,
    0x7A43, 0xF4C7, 0xECA7, 0xECC7, 0xECC7, 0xECC7, 0xECC7, 0xECC7, 0xECC7, 0xECC7, 0xECC7, 0xECC7,
    0xECC7, 0xECC7, 0xECE7, 0xECE7, 0xECE7, 0xF507, 0xECC7, 0xE4A6, 0xE4A7, 0xE4A7, 0xE4A7, 0xE4C7,
    0xDCA7, 0xF718, 0xFFFF, 0xFFDF, 0xFFFF, 0xFFDF, 0xFFFF, 0xFFFF, 0xFFDE, 0xFFFF, 0xE610, 0xDC85,
    0xE4C7, 0xE4A7, 0xE4A7, 0xE4C7, 0xECC6, 0xECE7, 0xECC7, 0xECC7, 0xECC7, 0xECC7, 0xECC7, 0xECC7,
    0xECC7, 0xECA7, 0xECC7, 0xECC7, 0xECA7, 0xECA7, 0xECA7, 0xECC7, 0xECC7, 0xECA7, 0xFCE7, 0x7A64,
    0xA325, 0xF4E7, 0xECC7, 0xECC7, 0xECA7, 0xECC7, 0xECC7, 0xECC7, 0xECA7, 0xECA7, 0xECA7, 0xECA7,
    0xECC7, 0xECC7, 0xECE7, 0xECE7, 0xECE7, 0xECE7, 0xE54A, 0xEEB3, 0xF6F5, 0xF6F5, 0xF6F6, 0xF717,
    0xEEF7, 0xFFBC, 0xFFFF, 0xFFFF, 0xFFFF, 0xFFFF, 0xFFFF, 0xFFDF, 0xFFFF, 0xFFFF, 0xF77A, 0xEEF5,
    0xEEF5, 0xEEF5, 0xEEF5, 0xF714, 0xEE30, 0xE4E7, 0xECE7, 0xECC7, 0xECC7, 0xECC7, 0xECC7, 0xECC7,
    0xECC7, 0xECC7, 0xECC7, 0xECC7, 0xECC7, 0xECA7, 0xECA7, 0xECC7, 0xF4C7, 0xECC7, 0xFD07, 0xA345,
    0xBBA5, 0xF4C7, 0xECA7, 0xECA7, 0xECA7, 0xECC7, 0xECC7, 0xECC7, 0xECA7, 0xECA7, 0xECA7, 0xECC7,
    0xECC7, 0xECC7, 0xECC7, 0xECE7, 0xECE7, 0xE4A7, 0xF6D3, 0xFFFB, 0xFFFC, 0xFFFD, 0xFFFE, 0xFFFE,
    0xFFFF, 0xFFFF, 0xFFFF, 0xFFFF, 0xFFFF, 0xFFFF, 0xFFFF, 0xFFDF, 0xFFFF, 0xFFFF, 0xFFFF, 0xFFFE,
    0xFFFE, 0xFFFD, 0xFFFD, 0xFFDC, 0xFFDA, 0xE5CE, 0xECA6, 0xECC7, 0xECC7, 0xECC7, 0xECC7, 0xECC7,
    0xECC7, 0xECC7, 0xECC7, 0xECC7, 0xECC7, 0xECC7, 0xECC7, 0xECC7, 0xECE7, 0xECC7, 0xF4E7, 0xBBC6,
    0xD406, 0xECC7, 0xECA7, 0xECA7, 0xECA7, 0xECA7, 0xECC7, 0xECA7, 0xECA7, 0xECC7, 0xECA7, 0xECA7,
    0xECC7, 0xF4C7, 0xECC7, 0xECC7, 0xECE7, 0xECA7, 0xF693, 0xFFFC, 0xFFDE, 0xFFDF, 0xFFFF, 0xFFFF,
    0xFFDF, 0xFFFF, 0xFFFF, 0xFFFF, 0xFFDF, 0xFFDF, 0xFFFF, 0xFFDF, 0xFFDF, 0xFFFF, 0xFFFF, 0xFFDF,
    0xFFDF, 0xFFDF, 0xFFDE, 0xFFDD, 0xFFBA, 0xE54B, 0xECA6, 0xECA7, 0xECC7, 0xF4C7, 0xECC7, 0xECC7,
    0xECA7, 0xECC7, 0xECC7, 0xECC7, 0xECC7, 0xECC7, 0xECC7, 0xECC7, 0xECC7, 0xECC7, 0xF4E7, 0xD426,
    0xDC46, 0xECA7, 0xECA7, 0xECA7, 0xECC7, 0xECC7, 0xECC7, 0xECC7, 0xECA7, 0xECC7, 0xECC7, 0xECC7,
    0xECC7, 0xECC7, 0xECC7, 0xECC7, 0xECE7, 0xECE7, 0xE4C8, 0xEEF6, 0xFFFE, 0xFFFE, 0xFFFF, 0xFFFF,
    0xFFDF, 0xFFFF, 0xFFFF, 0xFFFF, 0xFFDF, 0xFFDF, 0xFFFF, 0xFFFF, 0xFFFF, 0xFFFF, 0xFFFF, 0xFFFF,
    0xFFFF, 0xFFFF, 0xFFDE, 0xFFDC, 0xE5AE, 0xEC86, 0xF4C7, 0xECA7, 0xECC7, 0xF4C7, 0xECC7, 0xECC7,
    0xECA7, 0xECA7, 0xECA7, 0xECA7, 0xF4E7, 0xF4E7, 0xECC7, 0xECA7, 0xECA7, 0xECC7, 0xF4E7, 0xE487,
    0xE467, 0xECA7, 0xECA7, 0xECC7, 0xECC7, 0xECC7, 0xECC7, 0xECA7, 0xECA7, 0xECC7, 0xECC7, 0xECC7,
    0xECC7, 0xECC7, 0xF4C7, 0xECC7, 0xECC7, 0xECE8, 0xECE7, 0xDCC8, 0xF716, 0xFFFE, 0xFFDE, 0xFFFF,
    0xFFDF, 0xFFFF, 0xFFDF, 0xFFDF, 0xFFFF, 0xFFFF, 0xFFFF, 0xFFFF, 0xFFFF, 0xFFFF, 0xFFFF, 0xFFFF,
    0xFFFF, 0xFFDE, 0xFFFC, 0xE5AF, 0xE486, 0xECE8, 0xECC7, 0xECC7, 0xECC7, 0xECC7, 0xECE7, 0xECC7,
    0xECA7, 0xECA7, 0xECC7, 0xECA7, 0xECC7, 0xECC7, 0xECC7, 0xECC7, 0xECA7, 0xECC7, 0xECE7, 0xE4A7,
    0xECA7, 0xECC7, 0xECA7, 0xECA7, 0xECA7, 0xECA7, 0xECC7, 0xECA7, 0xECA7, 0xECA7, 0xECA7, 0xECC7,
    0xECC7, 0xECC7, 0xECC7, 0xECC7, 0xECC7, 0xECC7, 0xECE8, 0xECE7, 0xDCC8, 0xEEF7, 0xFFFE, 0xFFDE,
    0xFFFF, 0xFFFF, 0xFFFF, 0xFFFF, 0xFFFF, 0xFFFF, 0xFFFF, 0xFFFF, 0xFFFF, 0xFFFF, 0xFFFF, 0xFFFF,
    0xFFDE, 0xFFDD, 0xEE10, 0xE466, 0xF4E7, 0xECC7, 0xECA7, 0xECA7, 0xECC7, 0xECC7, 0xECC7, 0xECC7,
    0xECA7, 0xECA7, 0xECC7, 0xECC7, 0xECC7, 0xECA7, 0xECC7, 0xECC7, 0xECC7, 0xECC7, 0xF4E7, 0xECA7,
    0xE467, 0xECC7, 0xECC7, 0xECA7, 0xECA7, 0xECC7, 0xECA7, 0xECA7, 0xECA7, 0xECA7, 0xECA7, 0xECC7,
    0xECC7, 0xECC7, 0xECC7, 0xECA7, 0xECA7, 0xECC7, 0xECE7, 0xF508, 0xECC7, 0xDCA8, 0xEEF7, 0xFFFE,
    0xFFDE, 0xFFFF, 0xFFDF, 0xFFDF, 0xFFFF, 0xFFFF, 0xFFFF, 0xFFFF, 0xFFFF, 0xFFDF, 0xFFFF, 0xFFDE,
    0xFFFD, 0xEE31, 0xE486, 0xF4E7, 0xECC7, 0xECC7, 0xECC7, 0xECA7, 0xECA7, 0xECC7, 0xECC7, 0xECA7,
    0xECC7, 0xECC7, 0xECC7, 0xECC7, 0xECC7, 0xECC7, 0xECC7, 0xECC7, 0xECC7, 0xECC7, 0xF4C7, 0xE487,
    0xD406, 0xECA7, 0xEC87, 0xECA7, 0xECC7, 0xECC7, 0xECC7, 0xECA7, 0xECA7, 0xECA7, 0xECC7, 0xECC7,
    0xECC7, 0xECC7, 0xECA7, 0xECC7, 0xECC7, 0xECA7, 0xF4C7, 0xECC7, 0xF4E8, 0xECC7, 0xDCA8, 0xF718,
    0xFFFF, 0xFFDF, 0xFFFF, 0xFFDF, 0xFFDF, 0xFFFF, 0xFFFF, 0xFFFF, 0xFFFF, 0xFFFF, 0xFFDE, 0xFFFD,
    0xEE31, 0xE486, 0xECE8, 0xECE7, 0xECC7, 0xECC7, 0xECA7, 0xECA7, 0xECC7, 0xECC7, 0xECC7, 0xECA7,
    0xECC7, 0xECC7, 0xECC7, 0xECC7, 0xECA7, 0xECC7, 0xECC7, 0xECC7, 0xECC7, 0xECC7, 0xF4E7, 0xD446,
    0xBBA5, 0xECA7, 0xE487, 0xECA7, 0xECA7, 0xECC7, 0xECC7, 0xECA7, 0xECA7, 0xECA7, 0xECA7, 0xECA7,
    0xECA7, 0xECC7, 0xECA7, 0xECA7, 0xECC7, 0xECC7, 0xECC7, 0xECC7, 0xF4C7, 0xECE8, 0xECC7, 0xE4E8,
    0xF738, 0xFFFF, 0xFFFF, 0xFFFF, 0xFFFF, 0xFFDF, 0xFFFF, 0xFFFF, 0xFFFF, 0xFFFE, 0xFFFE, 0xEE73,
    0xE4A6, 0xECC7, 0xECC7, 0xECC7, 0xF4E7, 0xECC7, 0xECA7, 0xECA7, 0xECC7, 0xECC7, 0xECA7, 0xECA7,
    0xECC7, 0xECA7, 0xECA7, 0xECA7, 0xECA7, 0xECC7, 0xECC7, 0xECC7, 0xECC7, 0xECC7, 0xF508, 0xBBC6,
    0xA324, 0xF4C7, 0xE487, 0xEC87, 0xECA7, 0xECC7, 0xECC7, 0xECA7, 0xECC7, 0xECA7, 0xECA7, 0xECA7,
    0xECA7, 0xECC7, 0xECC7, 0xECA7, 0xECA7, 0xECA7, 0xECC7, 0xECC7, 0xECC7, 0xECC7, 0xECE8, 0xECE7,
    0xE509, 0xF738, 0xFFFE, 0xFFDE, 0xFFFF, 0xFFDF, 0xFFFF, 0xFFFF, 0xFFFE, 0xFFFE, 0xF693, 0xECC7,
    0xF4C7, 0xECC7, 0xECC7, 0xECC7, 0xF4C7, 0xECC7, 0xECA7, 0xECC7, 0xECC7, 0xECA7, 0xECA7, 0xEC87,
    0xECA7, 0xECC7, 0xECC7, 0xECA7, 0xECA7, 0xECC7, 0xECC7, 0xECC7, 0xECC7, 0xECC7, 0xFD08, 0xA345,
    0x7A63, 0xF4E7, 0xE487, 0xEC87, 0xECA7, 0xECA7, 0xECC7, 0xECC7, 0xECC7, 0xECC7, 0xECA7, 0xECA7,
    0xECA7, 0xECA7, 0xECC7, 0xECA7, 0xECA7, 0xECC7, 0xECC7, 0xECC7, 0xECC7, 0xECC7, 0xECE7, 0xED08,
    0xECE7, 0xE509, 0xF717, 0xFFFE, 0xFFDF, 0xFFFF, 0xFFFF, 0xFFDE, 0xFFFE, 0xEE94, 0xECC7, 0xF4E7,
    0xECC7, 0xECC7, 0xECC7, 0xECC7, 0xECA7, 0xECC7, 0xECC7, 0xECC7, 0xECC7, 0xECA7, 0xECA7, 0xECA7,
    0xECA7, 0xECC7, 0xECC7, 0xECC7, 0xECA7, 0xECA7, 0xECC7, 0xECC7, 0xECC7, 0xECA7, 0xFD07, 0x7A64,
    0x4962, 0xF4C7, 0xE487, 0xECA7, 0xECA7, 0xECC7, 0xECC7, 0xECA7, 0xECA7, 0xECC7, 0xECA7, 0xECA7,
    0xECA7, 0xECA7, 0xECA7, 0xECA7, 0xECA7, 0xECC7, 0xECC7, 0xECC7, 0xF4C7, 0xECC7, 0xECE7, 0xECE7,
    0xED08, 0xECE7, 0xDCC9, 0xF738, 0xFFFE, 0xFFDE, 0xFFDE, 0xFFFE, 0xEE94, 0xE4A6, 0xF4E7, 0xECE7,
    0xECC7, 0xECC7, 0xECC7, 0xECC7, 0xECA7, 0xECC7, 0xECC7, 0xECA7, 0xECA7, 0xECA7, 0xECA7, 0xECA7,
    0xECA7, 0xECA7, 0xECA7, 0xECA7, 0xECA7, 0xECA7, 0xECA7, 0xECA7, 0xECA7, 0xECC7, 0xF4E7, 0x4982,
    0x0000, 0xDC46, 0xF4C7, 0xECA7, 0xECA7, 0xECC7, 0xECC7, 0xECA7, 0xECA7, 0xECA7, 0xECA7, 0xECC7,
    0xECA7, 0xECA7, 0xECA7, 0xECA7, 0xECA7, 0xECC7, 0xECC7, 0xECC7, 0xECC7, 0xECC7, 0xF4E7, 0xECE7,
    0xECE7, 0xED08, 0xECC7, 0xDCC9, 0xF738, 0xFFFD, 0xFFFD, 0xEED5, 0xE4C7, 0xECE7, 0xF508, 0xF4E7,
    0xECE7, 0xECC7, 0xECC7, 0xECC7, 0xECC7, 0xECC7, 0xECC7, 0xECA7, 0xECA7, 0xECA7, 0xECA7, 0xEC87,
    0xECA7, 0xECC7, 0xECA7, 0xECA7, 0xECA7, 0xECA7, 0xECA7, 0xECA7, 0xECC7, 0xF4E7, 0xDC67, 0x0000,
    0x0000, 0xB385, 0xFCE7, 0xEC87, 0xEC87, 0xECA7, 0xECC7, 0xECC7, 0xECA7, 0xECA7, 0xECA7, 0xECA7,
    0xECA7, 0xECA7, 0xECA7, 0xECA7, 0xECA7, 0xECC7, 0xECC7, 0xF4E7, 0xECC7, 0xECC7, 0xECE7, 0xECE7,
    0xF4E7, 0xF4E7, 0xF508, 0xECC7, 0xE509, 0xF715, 0xEE92, 0xE4C7, 0xECC7, 0xECE7, 0xF4E7, 0xF4E7,
    0xECE7, 0xECC7, 0xECE7, 0xECC7, 0xECC7, 0xECC7, 0xECC7, 0xECC7, 0xECC7, 0xECA7, 0xEC87, 0xECA7,
    0xECA7, 0xECA7, 0xECA7, 0xECA7, 0xECC7, 0xECA7, 0xECA7, 0xECA7, 0xECC7, 0xFD08, 0xB385, 0x0000,
    0x0000, 0x6A23, 0xFCE7, 0xE487, 0xEC87, 0xECA7, 0xECC7, 0xECC7, 0xECC7, 0xECA7, 0xECA7, 0xECC7,
    0xECA7, 0xECA7, 0xECC7, 0xECC7, 0xECC7, 0xECC7, 0xECC7, 0xECE7, 0xECE7, 0xECC7, 0xECE7, 0xECE7,
    0xECE8, 0xECE8, 0xECE8, 0xED08, 0xECE7, 0xE4E7, 0xECE7, 0xECE7, 0xECE7, 0xECE7, 0xECE7, 0xECE7,
    0xECE7, 0xECE8, 0xECE8, 0xECE7, 0xECE7, 0xECE7, 0xECE7, 0xECC7, 0xECA7, 0xEC87, 0xECA7, 0xECC7,
    0xECA7, 0xECA7, 0xECA7, 0xECA7, 0xECC7, 0xECA7, 0xECA7, 0xECC7, 0xECA7, 0xFD28, 0x7243, 0x0000,
    0x0000, 0x0000, 0xEC87, 0xEC87, 0xECA7, 0xECA7, 0xECA7, 0xECC7, 0xECA7, 0xECC7, 0xECC7, 0xECC7,
    0xECC7, 0xECC7, 0xECC7, 0xECC7, 0xECC7, 0xECC7, 0xECA7, 0xECA6, 0xECC7, 0xECC7, 0xECC6, 0xECC7,
    0xECE7, 0xECE7, 0xF4E7, 0xECE7, 0xECE7, 0xED07, 0xED07, 0xECE7, 0xECC7, 0xECC7, 0xECC6, 0xECC6,
    0xECC6, 0xECC7, 0xECC7, 0xECE7, 0xECE7, 0xECE7, 0xECE7, 0xECA7, 0xEC87, 0xEC87, 0xECA7, 0xECC7,
    0xECA7, 0xECA7, 0xECA7, 0xECC7, 0xECA7, 0xECA7, 0xECC7, 0xECC7, 0xECC7, 0xECC7, 0x28A1, 0x0000,
    0x0000, 0x0000, 0xAB65, 0xF4E7, 0xECA7, 0xECA7, 0xECC7, 0xECC7, 0xECC7, 0xECC7, 0xECC7, 0xECC7,
    0xECC7, 0xECC7, 0xECC7, 0xECC7, 0xECC7, 0xE4C7, 0xE529, 0xDD09, 0xE52A, 0xE54A, 0xE54A, 0xE54A,
    0xE54B, 0xE54B, 0xE52A, 0xE52A, 0xE52A, 0xE54A, 0xED4A, 0xE52A, 0xE50A, 0xE52A, 0xE54A, 0xE52A,
    0xE52A, 0xE52A, 0xE54A, 0xE54A, 0xE54A, 0xE56A, 0xE4C8, 0xE4A7, 0xECA7, 0xECA7, 0xECC7, 0xECC7,
    0xECA7, 0xECA7, 0xECC7, 0xECC7, 0xECA7, 0xECA7, 0xECC7, 0xECA7, 0xF507, 0xB385, 0x0000, 0x0000,
    0x0000, 0x0000, 0x4962, 0xF4E7, 0xECA7, 0xECC7, 0xECC7, 0xECC7, 0xECC7, 0xECC7, 0xECC7, 0xECA7,
    0xECC7, 0xECC7, 0xECC7, 0xECC7, 0xE4E8, 0xF6F4, 0xFFB8, 0xFFBA, 0xFFBA, 0xFF9A, 0xFFBA, 0xFFBB,
    0xFFBB, 0xFFBB, 0xFFBB, 0xFFBB, 0xFFBB, 0xFFBB, 0xFFBB, 0xFFBB, 0xFFBB, 0xFF9B, 0xFFBB, 0xFFBB,
    0xFFBB, 0xFFBB, 0xFF9A, 0xFF9A, 0xFFB9, 0xFFB8, 0xF714, 0xE4E8, 0xECA7, 0xECA7, 0xECC7, 0xECC7,
    0xECC7, 0xECA7, 0xECC7, 0xECC7, 0xECC7, 0xECA7, 0xECC7, 0xECC7, 0xF508, 0x5182, 0x0000, 0x0000,
    0x0000, 0x0000, 0x0000, 0xBBA6, 0xF4E7, 0xECA7, 0xECC7, 0xECC7, 0xECA7, 0xECC7, 0xECA7, 0xECA7,
    0xECC7, 0xECC7, 0xECC7, 0xEC86, 0xEDAD, 0xFFFB, 0xFFDD, 0xFFDE, 0xFFDE, 0xFFDE, 0xFFDE, 0xFFDE,
    0xFFFE, 0xFFFE, 0xFFFE, 0xFFFE, 0xFFDE, 0xFFDE, 0xFFFE, 0xFFFE, 0xFFDE, 0xFFDE, 0xFFFF, 0xFFFF,
    0xFFDE, 0xFFDE, 0xFFDE, 0xFFFE, 0xFFDE, 0xFFDD, 0xFFDA, 0xE5AC, 0xEC86, 0xECC7, 0xECC7, 0xECA7,
    0xECA7, 0xECA7, 0xECA7, 0xECC7, 0xECC7, 0xECC7, 0xECA7, 0xF4E7, 0xBBC6, 0x0000, 0x0000, 0x0000,
    0x0000, 0x0000, 0x0000, 0x4962, 0xF4E7, 0xE487, 0xECA7, 0xECC7, 0xECA7, 0xECA7, 0xECA7, 0xECA7,
    0xECC7, 0xECC7, 0xECC7, 0xECA6, 0xEDEE, 0xFFDC, 0xFFDE, 0xFFFF, 0xFFFF, 0xFFFF, 0xFFFF, 0xFFFF,
    0xFFFF, 0xFFFF, 0xFFFF, 0xFFFF, 0xFFFF, 0xFFDF, 0xFFFF, 0xFFFF, 0xFFFF, 0xFFFF, 0xFFFF, 0xFFFF,
    0xFFDF, 0xFFFF, 0xFFFF, 0xFFFF, 0xFFFF, 0xFFDE, 0xFFDB, 0xE5AD, 0xEC86, 0xECC7, 0xECA7, 0xECA7,
    0xECA7, 0xECC7, 0xECC7, 0xECC7, 0xECC7, 0xECC7, 0xECC7, 0xFCE8, 0x4982, 0x0000, 0x0000, 0x0000,
    0x0000, 0x0000, 0x0000, 0x0000, 0xA345, 0xFD07, 0xECA7, 0xECA7, 0xECA7, 0xECA7, 0xECA7, 0xECA7,
    0xECC7, 0xECC7, 0xECE7, 0xECA7, 0xEDEE, 0xFFDB, 0xFFDE, 0xFFFF, 0xFFFF, 0xFFDF, 0xFFFF, 0xFFFF,
    0xFFFF, 0xFFFF, 0xFFFF, 0xFFFF, 0xFFFF, 0xFFFF, 0xFFFF, 0xFFFF, 0xFFFF, 0xFFFF, 0xFFFF, 0xFFFF,
    0xFFDF, 0xFFDE, 0xFFDE, 0xFFDE, 0xFFFF, 0xFFDE, 0xFFDC, 0xE5AD, 0xE486, 0xECC7, 0xECC7, 0xECC7,
    0xECC7, 0xECC7, 0xECC7, 0xECC7, 0xECC7, 0xECC7, 0xFD28, 0xB385, 0x0000, 0x0000, 0x0000, 0x0000,
    0x0000, 0x0000, 0x0000, 0x0000, 0x0000, 0xE4A7, 0xECC7, 0xECA7, 0xECA7, 0xECA7, 0xECC7, 0xECA7,
    0xECC7, 0xECC7, 0xECC7, 0xECA7, 0xE58C, 0xFFDA, 0xFFDD, 0xFFFE, 0xFFFE, 0xFFFE, 0xFFFE, 0xFFFE,
    0xFFFF, 0xFFFF, 0xFFFF, 0xFFFE, 0xFFFE, 0xFFFE, 0xFFFE, 0xFFFE, 0xFFFE, 0xFFFE, 0xFFFE, 0xFFDE,
    0xFFDD, 0xFFDD, 0xFFDD, 0xFFDE, 0xFFDE, 0xFFDD, 0xFFDA, 0xE58B, 0xECA6, 0xECC7, 0xECC7, 0xECE7,
    0xECC7, 0xECC7, 0xECC7, 0xECC7, 0xECC7, 0xECC7, 0xECC7, 0x28C1, 0x0000, 0x0000, 0x0000, 0x0000,
    0x0000, 0x0000, 0x0000, 0x0000, 0x0000, 0x61E3, 0xFD08, 0xEC87, 0xECA7, 0xECC7, 0xECC7, 0xECC7,
    0xECC7, 0xECA7, 0xECA7, 0xECC7, 0xE4A7, 0xEE30, 0xFF58, 0xFF78, 0xFF79, 0xFF79, 0xFF79, 0xFF79,
    0xFF79, 0xFF79, 0xFF79, 0xFF78, 0xFF78, 0xFF79, 0xFF79, 0xFF78, 0xF758, 0xF758, 0xF758, 0xF758,
    0xF758, 0xF758, 0xFF58, 0xFF58, 0xFF58, 0xFF57, 0xEE70, 0xE4C7, 0xECE7, 0xECC7, 0xECC7, 0xECC7,
    0xECE7, 0xECC7, 0xECC7, 0xECC7, 0xECA7, 0xFD07, 0x6A03, 0x0000, 0x0000, 0x0000, 0x0000, 0x0000,
    0x0000, 0x0000, 0x0000, 0x0000, 0x0000, 0x0000, 0x92E4, 0xFD07, 0xE487, 0xECC7, 0xECA7, 0xECA7,
    0xECC7, 0xECA7, 0xEC87, 0xECC7, 0xECE7, 0xE486, 0xE4C8, 0xE509, 0xE509, 0xE509, 0xE4E8, 0xE4E8,
    0xE508, 0xE4E8, 0xE4E8, 0xE508, 0xE4E8, 0xE4E8, 0xE4E8, 0xE4E8, 0xE4E8, 0xE508, 0xE4E8, 0xE4E8,
    0xE508, 0xE4E8, 0xE4E8, 0xE4E8, 0xE4E8, 0xE4E8, 0xE4A7, 0xECC7, 0xECC7, 0xECC7, 0xECC7, 0xECC7,
    0xECC7, 0xECC7, 0xECC7, 0xECA7, 0xFD07, 0x9B25, 0x0000, 0x0000, 0x0000, 0x0000, 0x0000, 0x0000,
    0x0000, 0x0000, 0x0000, 0x0000, 0x0000, 0x0000, 0x0000, 0xB385, 0xFCE7, 0xE4A7, 0xECC7, 0xECA7,
    0xECA7, 0xECA7, 0xECA7, 0xECC7, 0xECE7, 0xECE7, 0xECC7, 0xECC7, 0xECC7, 0xECC7, 0xECA7, 0xECA7,
    0xECC7, 0xECC7, 0xECC7, 0xECA7, 0xECA7, 0xECC7, 0xECC7, 0xECC7, 0xECE7, 0xECC7, 0xECC7, 0xECC7,
    0xECC7, 0xECC7, 0xECC7, 0xECC7, 0xECA7, 0xECC7, 0xF4E7, 0xECC7, 0xECC7, 0xECC7, 0xECC7, 0xECC7,
    0xECA7, 0xECC7, 0xECA7, 0xFD07, 0xC3C6, 0x0000, 0x0000, 0x0000, 0x0000, 0x0000, 0x0000, 0x0000,
    0x0000, 0x0000, 0x0000, 0x0000, 0x0000, 0x0000, 0x0000, 0x0000, 0xCC06, 0xFCE7, 0xE487, 0xECC7,
    0xECA7, 0xECA7, 0xECA7, 0xECC7, 0xECE7, 0xECC7, 0xECC7, 0xECC7, 0xECC7, 0xECA7, 0xECA7, 0xECC7,
    0xECC7, 0xECC7, 0xECC7, 0xECC7, 0xECA7, 0xECA7, 0xECC7, 0xECE7, 0xECC7, 0xECC7, 0xECC7, 0xECA7,
    0xECA7, 0xECC7, 0xECC7, 0xECC7, 0xECC7, 0xECC7, 0xECC7, 0xECA7, 0xECA7, 0xECA7, 0xECC7, 0xECA7,
    0xECA7, 0xE4A7, 0xFD08, 0xCC06, 0x0000, 0x0000, 0x0000, 0x0000, 0x0000, 0x0000, 0x0000, 0x0000,
    0x0000, 0x0000, 0x0000, 0x0000, 0x0000, 0x0000, 0x0000, 0x0000, 0x0000, 0xC3E6, 0xFD07, 0xECA7,
    0xECC7, 0xECA7, 0xECA7, 0xECA7, 0xECC7, 0xECC7, 0xECC7, 0xECC7, 0xECA7, 0xEC87, 0xECA7, 0xECC7,
    0xECC7, 0xECC7, 0xECC7, 0xECC7, 0xECA7, 0xECA7, 0xECC7, 0xECC7, 0xECC7, 0xECA7, 0xECA7, 0xECA7,
    0xECA7, 0xECA7, 0xECC7, 0xECC7, 0xECE7, 0xECE7, 0xECC7, 0xECA7, 0xECA7, 0xECA7, 0xECA7, 0xECA7,
    0xE487, 0xFD07, 0xCC06, 0x0000, 0x0000, 0x0000, 0x0000, 0x0000, 0x0000, 0x0000, 0x0000, 0x0000,
    0x0000, 0x0000, 0x0000, 0x0000, 0x0000, 0x0000, 0x0000, 0x0000, 0x0000, 0x0000, 0xBBC6, 0xFD28,
    0xECA7, 0xECC7, 0xECA7, 0xECA7, 0xECA7, 0xECA7, 0xECA7, 0xECC7, 0xECC7, 0xECA7, 0xECA7, 0xECC7,
    0xECC7, 0xECC7, 0xECA7, 0xECC7, 0xECA7, 0xECC7, 0xECC7, 0xECC7, 0xECA7, 0xECA7, 0xECA7, 0xECA7,
    0xECA7, 0xECC7, 0xECC7, 0xECE7, 0xECE7, 0xECE7, 0xECC7, 0xECC7, 0xECA7, 0xECC7, 0xECA7, 0xECA7,
    0xFD08, 0xBBC6, 0x0000, 0x0000, 0x0000, 0x0000, 0x0000, 0x0000, 0x0000, 0x0000, 0x0000, 0x0000,
    0x0000, 0x0000, 0x0000, 0x0000, 0x0000, 0x0000, 0x0000, 0x0000, 0x0000, 0x0000, 0x0000, 0x9304,
    0xFD08, 0xF4C7, 0xECA7, 0xECA7, 0xECA7, 0xECA7, 0xECA7, 0xECA7, 0xECC7, 0xECA7, 0xECA7, 0xECA7,
    0xECC7, 0xECC7, 0xECA7, 0xECC7, 0xECA7, 0xECC7, 0xECC7, 0xECC7, 0xECA7, 0xECA7, 0xECA7, 0xECA7,
    0xECA7, 0xECC7, 0xECC7, 0xECC7, 0xECC7, 0xECC7, 0xECC7, 0xECC7, 0xECA7, 0xECA7, 0xECC7, 0xFD07,
    0x9B04, 0x0000, 0x0000, 0x0000, 0x0000, 0x0000, 0x0000, 0x0000, 0x0000, 0x0000, 0x0000, 0x0000,
    0x0000, 0x0000, 0x0000, 0x0000, 0x0000, 0x0000, 0x0000, 0x0000, 0x0000, 0x0000, 0x0000, 0x0000,
    0x59E3, 0xE4A7, 0xFCE7, 0xECA7, 0xECA7, 0xECC7, 0xECA7, 0xECC7, 0xECC7, 0xECA7, 0xECC7, 0xECC7,
    0xECC7, 0xECC7, 0xECA7, 0xECC7, 0xECA7, 0xECA7, 0xECC7, 0xECC7, 0xECC7, 0xECC7, 0xECC7, 0xECA7,
    0xECC7, 0xECC7, 0xECC7, 0xECC7, 0xECC7, 0xECC7, 0xECC7, 0xECA7, 0xEC87, 0xFCE7, 0xE487, 0x61E3,
    0x0000, 0x0000, 0x0000, 0x0000, 0x0000, 0x0000, 0x0000, 0x0000, 0x0000, 0x0000, 0x0000, 0x0000,
    0x0000, 0x0000, 0x0000, 0x0000, 0x0000, 0x0000, 0x0000, 0x0000, 0x0000, 0x0000, 0x0000, 0x0000,
    0x0000, 0x0000, 0xA325, 0xF4E7, 0xFD08, 0xECC7, 0xECA7, 0xECA7, 0xECC7, 0xECC7, 0xECC7, 0xECC7,
    0xECA7, 0xECC7, 0xECC7, 0xECC7, 0xECA7, 0xECA7, 0xECC7, 0xECC7, 0xECA7, 0xECC7, 0xECC7, 0xECC7,
    0xECC7, 0xECC7, 0xECC7, 0xECA7, 0xECA7, 0xECA7, 0xECA7, 0xF4E7, 0xF4C7, 0xA345, 0x0000, 0x0000,
    0x0000, 0x0000, 0x0000, 0x0000, 0x0000, 0x0000, 0x0000, 0x0000, 0x0000, 0x0000, 0x0000, 0x0000,
    0x0000, 0x0000, 0x0000, 0x0000, 0x0000, 0x0000, 0x0000, 0x0000, 0x0000, 0x0000, 0x0000, 0x0000,
    0x0000, 0x0000, 0x0000, 0x4162, 0xBBA5, 0xF4C7, 0xFCE7, 0xECA7, 0xECA7, 0xECA7, 0xECA7, 0xECC7,
    0xECA7, 0xECA7, 0xECC7, 0xECC7, 0xECC7, 0xECC7, 0xECC7, 0xECC7, 0xECC7, 0xECC7, 0xECC7, 0xECC7,
    0xECC7, 0xECA7, 0xECA7, 0xEC87, 0xECA7, 0xFCE7, 0xF4E7, 0xBBA5, 0x4962, 0x0000, 0x0000, 0x0000,
    0x0000, 0x0000, 0x0000, 0x0000, 0x0000, 0x0000, 0x0000, 0x0000, 0x0000, 0x0000, 0x0000, 0x0000,
    0x0000, 0x0000, 0x0000, 0x0000, 0x0000, 0x0000, 0x0000, 0x0000, 0x0000, 0x0000, 0x0000, 0x0000,
    0x0000, 0x0000, 0x0000, 0x0000, 0x0000, 0x4142, 0xA345, 0xECA7, 0xFD08, 0xFD07, 0xF4C7, 0xECA7,
    0xECA7, 0xECA7, 0xECA7, 0xECC7, 0xECC7, 0xECC7, 0xECC7, 0xECC7, 0xECC7, 0xECC7, 0xECC7, 0xECC7,
    0xECC7, 0xF4C7, 0xFCE7, 0xFCE7, 0xECA7, 0xAB65, 0x4962, 0x0000, 0x0000, 0x0000, 0x0000, 0x0000,
    0x0000, 0x0000, 0x0000, 0x0000, 0x0000, 0x0000, 0x0000, 0x0000, 0x0000, 0x0000, 0x0000, 0x0000,
    0x0000, 0x0000, 0x0000, 0x0000, 0x0000, 0x0000, 0x0000, 0x0000, 0x0000, 0x0000, 0x0000, 0x0000,
    0x0000, 0x0000, 0x0000, 0x0000, 0x0000, 0x0000, 0x0000, 0x0000, 0x6A23, 0xB385, 0xDC67, 0xF4C7,
    0xF4E7, 0xF4E7, 0xF4E7, 0xF4E7, 0xECC7, 0xECA7, 0xECC7, 0xECC7, 0xECC7, 0xF4E7, 0xFD07, 0xFD07,
    0xF4E7, 0xDC87, 0xB385, 0x6A23, 0x0000, 0x0000, 0x0000, 0x0000, 0x0000, 0x0000, 0x0000, 0x0000,
    0x0000, 0x0000, 0x0000, 0x0000, 0x0000, 0x0000, 0x0000, 0x0000, 0x0000, 0x0000, 0x0000, 0x0000,
    0x0000, 0x0000, 0x0000, 0x0000, 0x0000, 0x0000, 0x0000, 0x0000, 0x0000, 0x0000, 0x0000, 0x0000,
    0x0000, 0x0000, 0x0000, 0x0000, 0x0000, 0x0000, 0x0000, 0x0000, 0x0000, 0x0000, 0x0000, 0x4962,
    0x7A63, 0xA345, 0xC3E6, 0xD446, 0xE487, 0xECA7, 0xECA7, 0xE4A7, 0xD426, 0xBBC5, 0x9B25, 0x7A63,
    0x4982, 0x0000, 0x0000, 0x0000, 0x0000, 0x0000, 0x0000, 0x0000, 0x0000, 0x0000, 0x0000, 0x0000,
    0x0000, 0x0000, 0x0000, 0x0000, 0x0000, 0x0000, 0x0000, 0x0000, 0x0000, 0x0000, 0x0000, 0x0000
  },
  { // 帧 10
    0x0000, 0x0000, 0x0000, 0x0000, 0x0000, 0x0000, 0x0000, 0x0000, 0x0000, 0x0000, 0x31A6, 0x738E,
    0x6B6D, 0x6B6D, 0x6B6D, 0x6B6D, 0x6B6D, 0x6B6D, 0x6B6D, 0x6B6D, 0x6B6D, 0x6B6D, 0x6B6D, 0x6B6D,
    0x6B6D, 0x6B6D, 0x6B6D, 0x6B6D, 0x6B6D, 0x6B6D, 0x6B6D, 0x6B6D, 0x6B6D, 0x6B6D, 0x6B6D, 0x6B6D,
    0x6B6D, 0x6B6D, 0x6B6D, 0x6B6D, 0x6B6D, 0x6B6D, 0x6B6D, 0x6B6D, 0x6B6D, 0x6B6D, 0x6B6D, 0x6B6D,
    0x738E, 0x52AA, 0x0000, 0x0000, 0x0000, 0x0000, 0x0000, 0x0000, 0x0000, 0x0000, 0x0000, 0x0000,
    0x0000, 0x0000, 0x0000, 0x0000, 0x0000, 0x0000, 0x0000, 0x2945, 0x9492, 0xBDF7, 0xD69A, 0xF7BE,
    0xF79E, 0xF7BE, 0xF7BE, 0xF7BE, 0xF79E, 0xF79E, 0xF79E, 0xF79E, 0xF79E, 0xF79E, 0xF79E, 0xF79E,
    0xF79E, 0xF79E, 0xF79E, 0xF79E, 0xF79E, 0xF79E, 0xF79E, 0xF79E, 0xF79E, 0xF79E, 0xF79E, 0xF79E,
    0xF79E, 0xF79E, 0xF79E, 0xF79E, 0xF79E, 0xF79E, 0xF79E, 0xF79E, 0xF79E, 0xF79E, 0xF79E, 0xF79E,
    0xF7BF, 0xE73D, 0xBDF7, 0xBDD7, 0x528A, 0x0000, 0x0000, 0x0000, 0x0000, 0x0000, 0x0000, 0x0000,
    0x0000, 0x0000, 0x0000, 0x0000, 0x0000, 0x0000, 0x9CD3, 0xEF5D, 0xEF9E, 0xF7DF, 0xEF9E, 0xE75D,
    0xEF5D, 0xEF5D, 0xEF5D, 0xEF5D, 0xEF5D, 0xEF5D, 0xEF5D, 0xEF5D, 0xEF5D, 0xEF5D, 0xEF5D, 0xEF5D,
    0xEF5D, 0xEF5D, 0xEF5D, 0xEF5D, 0xEF5D, 0xEF5D, 0xEF5D, 0xEF5D, 0xEF5D, 0xEF5D, 0xEF5D, 0xEF5D,
    0xEF5D, 0xEF5D, 0xEF5D, 0xEF5D, 0xEF5D, 0xEF5D, 0xEF5D, 0xEF5D, 0xEF5D, 0xEF5D, 0xEF5D, 0xEF5D,
    0xE75D, 0xEF7E, 0xF7BF, 0xF7BF, 0xE73C, 0xD6BA, 0x4A89, 0x0000, 0x0000, 0x0000, 0x0000, 0x0000,
    0x0000, 0x0000, 0x0000, 0x0000, 0x39C7, 0xD6DB, 0xEF7D, 0xEF7D, 0xE75D, 0xE75D, 0xE73D, 0xE75D,
    0xEF5D, 0xEF5D, 0xEF5D, 0xEF5D, 0xEF5D, 0xEF5D, 0xEF5D, 0xEF5D, 0xEF5D, 0xEF5D, 0xEF5D, 0xEF5D,
    0xEF5D, 0xEF5D, 0xEF5D, 0xEF5D, 0xE75D, 0xE75D, 0xE75D, 0xE75D, 0xEF5D, 0xEF5D, 0xEF5D, 0xEF5D,
    0xEF5D, 0xEF5D, 0xEF5D, 0xEF5D, 0xEF5D, 0xEF5D, 0xEF5D, 0xEF5D, 0xEF7D, 0xE77D, 0xE77D, 0xEF7D,
    0xE75D, 0xE75D, 0xE75D, 0xE73D, 0xEF7D, 0xEF9E, 0xEF7D, 0x9492, 0x0000, 0x0000, 0x0000, 0x0000,
    0x0000, 0x0000, 0x0000, 0x39E7, 0xD6BB, 0xEF7E, 0xEF7E, 0xE75D, 0xE75D, 0xE75D, 0xE75D, 0xE75D,
    0xE75D, 0xE75D, 0xE75D, 0xE75D, 0xE75D, 0xE75D, 0xE75D, 0xE75D, 0xE75D, 0xE75D, 0xE75D, 0xE75D,
    0xEF7E, 0xE75D, 0xEF5D, 0xE75D, 0xE75D, 0xE75D, 0xE75D, 0xE75D, 0xE75D, 0xE73D, 0xE75D, 0xEF7D,
    0xE75D, 0xE75D, 0xE75D, 0xE75D, 0xE75D, 0xE75D, 0xE75D, 0xE75D, 0xE75D, 0xE75D, 0xE75D, 0xE75D,
    0xEF5E, 0xE75D, 0xE75D, 0xE75D, 0xE75D, 0xEF7D, 0xEF7D, 0xE75D, 0x94B2, 0x0000, 0x0000, 0x0000,
    0x0000, 0x0000, 0x2945, 0xBDF7, 0xEF9E, 0xE75D, 0xE75D, 0xE75D, 0xE75D, 0xE75D, 0xE75D, 0xE75D,
    0xE75D, 0xE75D, 0xE75D, 0xE75D, 0xE75D, 0xE75D, 0xE75D, 0xE75D, 0xE75D, 0xE75D, 0xE75D, 0xE75D,
    0xE75D, 0xE75D, 0xE77D, 0xF7BF, 0xF7BF, 0xF7BF, 0xF7BF, 0xF7BF, 0xF7BF, 0xF7BF, 0xE75D, 0xEF7D,
    0xE75D, 0xE75D, 0xE75D, 0xE75D, 0xE75D, 0xE75D, 0xE75D, 0xE75D, 0xE75D, 0xE75D, 0xE75D, 0xE75D,
    0xE75D, 0xE75D, 0xE75D, 0xE75D, 0xEF7E, 0xE75D, 0xE75D, 0xEF9E, 0xE73C, 0x738E, 0x0000, 0x0000,
    0x0000, 0x0000, 0x4A69, 0xF7BE, 0xE75D, 0xE75D, 0xEF7D, 0xEF7D, 0xE75D, 0xE75D, 0xE75D, 0xE75D,
    0xE75D, 0xE75D, 0xE75D, 0xE75D, 0xE75D, 0xE75D, 0xE75D, 0xE75D, 0xE75D, 0xE75D, 0xE75D, 0xE75D,
    0xE75D, 0xEF7E, 0xD6DB, 0xAD76, 0xAD76, 0xAD75, 0xAD75, 0xAD76, 0xA555, 0xBE18, 0xEF7E, 0xE73D,
    0xE75D, 0xE75D, 0xE75D, 0xE75D, 0xE75D, 0xE75D, 0xE75D, 0xE75D, 0xE75D, 0xE75D, 0xE75D, 0xE75D,
    0xE75D, 0xE75D, 0xE75D, 0xE75D, 0xE75D, 0xE75D, 0xE75D, 0xE73D, 0xFFDF, 0xB5B6, 0x0000, 0x0000,
    0x0000, 0x0000, 0xBDD7, 0xEF7D, 0xE75D, 0xEF7D, 0xE75D, 0xE75D, 0xE75D, 0xE75D, 0xE75D, 0xE75D,
    0xE75D, 0xE75D, 0xE75D, 0xE75D, 0xE75D, 0xE75D, 0xE75D, 0xE75D, 0xE75D, 0xE75D, 0xE75D, 0xE75D,
    0xE73D, 0xEF9E, 0xA535, 0x0000, 0x0000, 0x0000, 0x0000, 0x0000, 0x0000, 0x4A69, 0xE73C, 0xE75E,
    0xE75D, 0xE75D, 0xE75D, 0xE75D, 0xE75D, 0xEF7D, 0xE75D, 0xE75D, 0xE75D, 0xE75D, 0xEF7D, 0xE75D,
    0xE75D, 0xE75D, 0xE75D, 0xE75D, 0xE75D, 0xE75D, 0xE73D, 0xE75D, 0xE75D, 0xEF5D, 0x632C, 0x0000,
    0x0000, 0x0000, 0xD6DB, 0xEF7E, 0xE75D, 0xE75D, 0xE75D, 0xE75D, 0xE75D, 0xE75D, 0xE75D, 0xE75D,
    0xE73D, 0xE75D, 0xE75D, 0xE75D, 0xE75D, 0xE75D, 0xEF7D, 0xE75D, 0xE75D, 0xE75D, 0xE75D, 0xE73D,
    0xEF9E, 0x7BEF, 0x5ACA, 0xC618, 0xC618, 0xC618, 0xC618, 0xBDF7, 0xC639, 0x9CD2, 0x3A07, 0xCE59,
    0xEF7E, 0xE73D, 0xE75D, 0xE75D, 0xE75D, 0xE75D, 0xE75D, 0xE75D, 0xE75D, 0xE73D, 0xE75D, 0xE75D,
    0xE75D, 0xE75D, 0xE75D, 0xE75D, 0xE75D, 0xE75D, 0xE75D, 0xE75D, 0xE73D, 0xF7DF, 0x7BCF, 0x0000,
    0x0000, 0x73CF, 0xE75D, 0xE75D, 0xE75D, 0xE75D, 0xE75D, 0xE75D, 0xE75D, 0xE75D, 0xE75D, 0xE75D,
    0xE73D, 0xE73D, 0xE75D, 0xE75D, 0xE75D, 0xEF7D, 0xE75D, 0xE73D, 0xE75D, 0xE75D, 0xE75D, 0xE73D,
    0xF7BF, 0x5ACB, 0x39C6, 0xFFFF, 0xFFFF, 0xFFFF, 0xFFFF, 0xFFFF, 0xFFFF, 0xB595, 0x0000, 0xC638,
    0xEF9E, 0xE73D, 0xE75D, 0xE75D, 0xE75D, 0xE75D, 0xE75D, 0xE75D, 0xE75D, 0xE73D, 0xE73D, 0xE75D,
    0xE75D, 0xE73D, 0xE73D, 0xE75D, 0xE75D, 0xE75D, 0xE75D, 0xE75D, 0xE73D, 0xEF7E, 0xC618, 0x2965,
    0x0000, 0xB5B7, 0xF7BF, 0xE73D, 0xE75D, 0xE75D, 0xE75D, 0xE75D, 0xE75D, 0xE73D, 0xE75D, 0xE75D,
    0xE73D, 0xE73D, 0xE73D, 0xE75D, 0xE75D, 0xDF1C, 0xEF7E, 0xEF7E, 0xE73D, 0xE75D, 0xE73D, 0xE75D,
    0xD6BB, 0x39E7, 0x840F, 0xFFFF, 0xFFDF, 0xFFFF, 0xFFFF, 0xFFDF, 0xFFDF, 0xD6BA, 0x31A6, 0x8C51,
    0xEF7E, 0xE73D, 0xE73D, 0xE75D, 0xE73D, 0xEF7E, 0xE75D, 0xE73C, 0xEF7E, 0xE73D, 0xE73D, 0xE73D,
    0xE73D, 0xE73D, 0xE73D, 0xE73D, 0xE75D, 0xE75D, 0xE75D, 0xE75D, 0xE75D, 0xE73D, 0xF7BE, 0x4A69,
    0x0000, 0xAD96, 0xEF9E, 0xE73D, 0xE73D, 0xE73D, 0xE73D, 0xE73D, 0xE73D, 0xE73D, 0xE73D, 0xE73D,
    0xE75D, 0xE73D, 0xE75D, 0xD6DB, 0x4A6A, 0x2966, 0xA555, 0xDF1C, 0xEF7E, 0xE73D, 0xE75D, 0xF7DF,
    0xC639, 0x0000, 0xD699, 0xFFFF, 0xFFFF, 0xFFFF, 0xFFFF, 0xFFFF, 0xFFDF, 0xFFFF, 0x630B, 0x52AB,
    0xFFFF, 0xEF7E, 0xE75D, 0xE75D, 0xE75D, 0xCE9A, 0x632C, 0x2125, 0x9CF4, 0xF79E, 0xE73D, 0xE73D,
    0xE73D, 0xE73D, 0xE73D, 0xE73D, 0xE73D, 0xE73D, 0xE73D, 0xE73D, 0xE75D, 0xE73D, 0xEF7D, 0x4A49,
    0x0000, 0xAD96, 0xEF9E, 0xE73C, 0xE73D, 0xE73D, 0xE73D, 0xE73D, 0xE73D, 0xE73D, 0xE73D, 0xE75D,
    0xE73D, 0xEF7E, 0xDEFC, 0x39E7, 0x31A6, 0x7BCF, 0x0000, 0x6B6D, 0xDF1C, 0xEF7E, 0xD6DB, 0x9CF4,
    0x4229, 0x0000, 0xCE59, 0xFFFF, 0xFFFF, 0xFFFF, 0xFFFF, 0xFFFF, 0xFFDF, 0xFFFF, 0x5AEB, 0x0000,
    0x73AF, 0xC639, 0xE75D, 0xEF9E, 0xB5B6, 0x0000, 0x4A69, 0x6B4D, 0x0000, 0x9CF3, 0xF7BF, 0xDF3D,
    0xE73D, 0xE73D, 0xE73D, 0xE73D, 0xE73D, 0xE73D, 0xE73D, 0xE73D, 0xE73D, 0xE73D, 0xEF7E, 0x4A69,
    0x0000, 0xAD96, 0xEF9E, 0xE73C, 0xE73D, 0xE73D, 0xE73D, 0xE73D, 0xE73D, 0xE73D, 0xE73D, 0xE73D,
    0xE75D, 0xDEFB, 0x39E7, 0x31A6, 0xE73C, 0xFFFF, 0x9CD3, 0x3185, 0x3186, 0x8C71, 0x0000, 0x0000,
    0x52AA, 0x6B6D, 0xE73C, 0xFFFF, 0xFFFF, 0xFFFF, 0xFFFF, 0xFFFF, 0xFFFF, 0xFFFF, 0xA514, 0x5ACB,
    0x39E7, 0x0000, 0x632C, 0x6B6D, 0x0000, 0x632C, 0xD6BA, 0xFFFF, 0x8C70, 0x0000, 0x9D14, 0xEF9E,
    0xE73D, 0xE73D, 0xE73D, 0xE73D, 0xE73D, 0xE73D, 0xE73D, 0xE73D, 0xE73D, 0xE73D, 0xEF7E, 0x4A49,
    0x0000, 0xAD96, 0xEF9E, 0xDF3D, 0xE73D, 0xE73D, 0xE73D, 0xE73D, 0xE73D, 0xE73D, 0xE73C, 0xE75D,
    0xDEFC, 0x3A08, 0x2965, 0xE71B, 0xFFFF, 0xF7BE, 0xFFFF, 0xCE79, 0x632C, 0x0000, 0x73AE, 0xBDD7,
    0xFFFF, 0xFFFF, 0xFFFF, 0xFFFF, 0xFFFF, 0xFFFF, 0xFFFF, 0xFFFF, 0xFFFF, 0xFFFF, 0xFFFF, 0xFFFF,
    0xE71B, 0x9CD2, 0x39E6, 0x2965, 0xA514, 0xF7BE, 0xFFFF, 0xFFDF, 0xFFFF, 0x8C50, 0x0000, 0x9CF3,
    0xEF9E, 0xE73C, 0xE73D, 0xE75D, 0xE73D, 0xE73D, 0xE73D, 0xE73D, 0xE73D, 0xE73D, 0xEF7E, 0x4A49,
    0x0000, 0xAD96, 0xEF9E, 0xDF3D, 0xDF3D, 0xDF5D, 0xDF5D, 0xDF3D, 0xE73D, 0xE73C, 0xE73D, 0xDF1C,
    0x4A49, 0x2965, 0xE71B, 0xFFFF, 0xFFDE, 0xFFFF, 0xFFDE, 0xFFFF, 0xFFFF, 0xD6BA, 0xFFFF, 0xFFFF,
    0xFFFF, 0xFFFF, 0xFFFF, 0xFFFF, 0xFFFF, 0xFFFF, 0xFFFF, 0xFFFF, 0xFFFF, 0xFFFF, 0xFFFF, 0xFFDF,
    0xFFFF, 0xFFFF, 0xE73C, 0xDEFB, 0xFFFF, 0xFFFF, 0xFFDF, 0xFFFF, 0xFFFF, 0xFFFF, 0x8430, 0x0000,
    0xA555, 0xEF7E, 0xE73C, 0xE73D, 0xE75D, 0xE75D, 0xE75D, 0xE75D, 0xE73D, 0xE73D, 0xEF7E, 0x4A49,
    0x0000, 0xAD96, 0xEF9E, 0xDF1C, 0xDF3D, 0xDF3D, 0xDF3D, 0xDF3D, 0xE73C, 0xE73D, 0xE75D, 0x634D,
    0x2965, 0xDEFB, 0xFFFF, 0xFFDF, 0xFFFF, 0xFFFF, 0xFFFF, 0xFFFF, 0xFFFF, 0xFFFF, 0xFFFF, 0xFFFF,
    0xFFFF, 0xFFFF, 0xFFFF, 0xFFFF, 0xFFFF, 0xFFFF, 0xFFFF, 0xFFFF, 0xFFFF, 0xFFFF, 0xFFFF, 0xFFFF,
    0xFFFF, 0xFFDF, 0xFFFF, 0xFFFF, 0xFFFF, 0xFFFF, 0xFFFF, 0xFFFF, 0xFFDF, 0xFFDF, 0xFFFF, 0x73AE,
    0x0000, 0xC639, 0xEF7E, 0xDF1C, 0xDF3D, 0xE73D, 0xE73D, 0xDF3D, 0xDF3D, 0xDF1C, 0xEF7D, 0x4A49,
    0x0000, 0xAD96, 0xEF9E, 0xDF1C, 0xDF3C, 0xDF3C, 0xDF3C, 0xDF3C, 0xDF1C, 0xDF1C, 0xE75D, 0x3A08,
    0x4228, 0xFFDF, 0xFFDF, 0xFFDF, 0xFFFF, 0xFFFF, 0xFFFF, 0xFFFF, 0xFFFF, 0xFFFF, 0xFFFF, 0xFFFF,
    0xFFFF, 0xFFFF, 0xFFFF, 0xFFFF, 0xFFFF, 0xFFFF, 0xFFFF, 0xFFFF, 0xFFFF, 0xFFFF, 0xFFFF, 0xFFFF,
    0xFFFF, 0xFFFF, 0xFFFF, 0xFFFF, 0xFFFF, 0xFFFF, 0xFFFF, 0xFFFF, 0xFFFF, 0xFFDF, 0xFFFF, 0xA534,
    0x0000, 0xAD76, 0xEF7E, 0xDF1C, 0xDF3D, 0xDF3D, 0xDF3D, 0xDF3D, 0xDF1C, 0xDF1C, 0xEF7D, 0x4A49,
    0x0000, 0xAD96, 0xEF9E, 0xDF1C, 0xDF3C, 0xDF3C, 0xDF3C, 0xDF3C, 0xDF1C, 0xDF1C, 0xE73D, 0xB5B7,
    0x0000, 0x5AEB, 0xFFDF, 0xFFDE, 0xFFFF, 0xFFFF, 0xFFFF, 0xFFFF, 0xFFFF, 0xFFFF, 0xFFFF, 0xFFDF,
    0xFFDF, 0xFFDF, 0xFFDF, 0xFFDF, 0xFFDF, 0xFFDF, 0xFFDF, 0xFFDF, 0xFFDF, 0xFFDF, 0xF7BE, 0xFFDF,
    0xFFDF, 0xFFFF, 0xFFFF, 0xFFFF, 0xFFFF, 0xFFFF, 0xFFFF, 0xFFFF, 0xF7BE, 0xFFFF, 0xBDF7, 0x0000,
    0x634D, 0xDF1C, 0xE73D, 0xDF1C, 0xDF3C, 0xDF3D, 0xDF3D, 0xDF3D, 0xDF1C, 0xDF1C, 0xEF7D, 0x4A49,
    0x0000, 0xAD96, 0xEF9E, 0xDF1C, 0xDF1C, 0xDF1C, 0xDF1C, 0xDF1C, 0xDF1C, 0xE73C, 0xDF1C, 0xEF7E,
    0xA534, 0x0000, 0x9CD2, 0xFFFF, 0xFFDF, 0xFFDF, 0xFFFF, 0xFFFF, 0xFFFF, 0xFFFF, 0xFFDF, 0xFFFF,
    0xFFFF, 0xFFFF, 0xCE59, 0x39C7, 0x39C6, 0x39C7, 0x39C6, 0x39C7, 0x3186, 0x73AE, 0xFFFF, 0xFFFF,
    0xFFFF, 0xFFDF, 0xFFFF, 0xFFFF, 0xFFFF, 0xFFFF, 0xFFFF, 0xFFFF, 0xFFDF, 0xE71C, 0x31A6, 0x4229,
    0xDF1C, 0xE73D, 0xDEFC, 0xDF1C, 0xDF3C, 0xDF3C, 0xDF3C, 0xDF3C, 0xDF1C, 0xDF1C, 0xEF7D, 0x4A49,
    0x0000, 0xAD75, 0xEF7E, 0xDEFC, 0xDF1C, 0xDF1C, 0xDF1C, 0xDF1C, 0xDF1C, 0xDF1C, 0xDF1C, 0xD6FC,
    0xEF7E, 0x8C71, 0x0000, 0xBDF7, 0xFFFF, 0xFFDF, 0xFFFF, 0xFFFF, 0xFFFF, 0xFFDF, 0xFFDF, 0xEF7D,
    0xCE7A, 0x9492, 0x7BCF, 0x4A6A, 0x4A6A, 0x4A6A, 0x4A6A, 0x4A6A, 0x4A49, 0x632C, 0x8C51, 0xAD75,
    0xE71C, 0xF79E, 0xFFDF, 0xFFFF, 0xFFFF, 0xFFFF, 0xFFFF, 0xFFFF, 0xFFDF, 0x5289, 0x2965, 0xD6BB,
    0xDF3D, 0xDF1C, 0xDF1C, 0xDF1C, 0xDF1C, 0xDF1C, 0xDF1C, 0xDF1C, 0xDF1C, 0xDF1C, 0xEF5D, 0x4A49,
    0x0000, 0xAD75, 0xEF7E, 0xDEFC, 0xDF1C, 0xDF1C, 0xDF1C, 0xDF1C, 0xDF1C, 0xDF1C, 0xDF1C, 0xDF1C,
    0xDF1C, 0xA514, 0x0000, 0xB5B6, 0xFFFF, 0xFFDF, 0xFFFF, 0xFFFF, 0xFFFF, 0xF7BE, 0xFFFF, 0x8410,
    0x0000, 0x0000, 0x4A49, 0xD6BB, 0xD6BB, 0xD6BB, 0xD6BB, 0xCE9A, 0xDEFC, 0x9D14, 0x0000, 0x0000,
    0x2965, 0xEF5D, 0xFFFF, 0xFFDF, 0xFFFF, 0xFFFF, 0xFFFF, 0xFFFF, 0xFFDE, 0x5269, 0x5269, 0xD6FC,
    0xDF1C, 0xDF1C, 0xDF1C, 0xDF1C, 0xDF1C, 0xDF1C, 0xDF1C, 0xDF1C, 0xDEFC, 0xDEFC, 0xEF5D, 0x4A49,
    0x0000, 0xAD75, 0xEF7E, 0xDEFC, 0xDF1C, 0xDF1C, 0xDF1C, 0xDF1C, 0xDF1C, 0xD6FC, 0xD6FC, 0xDF1C,
    0xDF1C, 0x31A6, 0x632C, 0xFFFF, 0xFFDF, 0xFFFF, 0xFFFF, 0xFFDF, 0xFFFF, 0xFFDE, 0x8C50, 0x632C,
    0x7BCF, 0xAD96, 0xBDF8, 0xC639, 0xC659, 0xC659, 0xC659, 0xC639, 0xC639, 0xBE18, 0xBDF8, 0x94B3,
    0x634D, 0x6B6D, 0xC638, 0xFFFF, 0xFFDF, 0xFFFF, 0xFFFF, 0xFFDF, 0xFFFF, 0xD679, 0x0000, 0x9D14,
    0xE75D, 0xD6FB, 0xD6FC, 0xDF1C, 0xDF1C, 0xDF1C, 0xDF1C, 0xDF1C, 0xDEFC, 0xDEFC, 0xEF5D, 0x4A49,
    0x0000, 0xAD75, 0xEF7E, 0xDEFC, 0xD6FC, 0xDF1C, 0xD6FC, 0xD6FC, 0xDF1C, 0xDF3C, 0xDF3C, 0xE77E,
    0xDF1C, 0x2986, 0x7BCE, 0xFFFF, 0xFFDF, 0xFFFF, 0xFFFF, 0xFFFF, 0xF7BE, 0xD6BA, 0x0000, 0x6B6D,
    0xDF1C, 0xCE7A, 0xCE7A, 0xC639, 0xC639, 0xC639, 0xC639, 0xC639, 0xC65A, 0xC65A, 0xCE7A, 0xCEBA,
    0xCE59, 0x0000, 0x7BF0, 0xEF7D, 0xFFDF, 0xFFFF, 0xFFFF, 0xFFFF, 0xFFFF, 0xE6FB, 0x0000, 0x8C92,
    0xEFBF, 0xDF3C, 0xDF3C, 0xDF3C, 0xDF1C, 0xDF1C, 0xDF1C, 0xD6FC, 0xDEFC, 0xDEFC, 0xEF5D, 0x4A49,
    0x0000, 0xAD76, 0xE75D, 0xD6DB, 0xDEFC, 0xDF1C, 0xDEFC, 0xDEFC, 0xD6BB, 0xC679, 0xC639, 0x8C71,
    0x4A69, 0x2944, 0xDEFB, 0xFFDF, 0xFFDE, 0xFFFF, 0xFFDE, 0xFFFF, 0xBDB7, 0x2945, 0x9CF4, 0xC618,
    0xC639, 0xC639, 0xC639, 0xC639, 0xC659, 0xC659, 0xC659, 0xC659, 0xC659, 0xC659, 0xC659, 0xC639,
    0xC639, 0xBE18, 0x52AA, 0x52AA, 0xF7BE, 0xFFDF, 0xFFFF, 0xFFFF, 0xFFDF, 0xFFFF, 0x840F, 0x0000,
    0x73AF, 0xAD56, 0xCE7A, 0xCE7A, 0xDEFC, 0xD6FB, 0xDEFC, 0xDEFC, 0xDEFC, 0xDEFB, 0xEF5D, 0x4A69,
    0x0000, 0xAD76, 0xE75D, 0xD6FC, 0xDEFC, 0xDEDB, 0xDEFC, 0xEF7E, 0x9CF3, 0x0000, 0x0000, 0x31A6,
    0x39C7, 0x6B6D, 0xF7BE, 0xFFFF, 0xFFFF, 0xFFFF, 0xF7BE, 0xFFFF, 0xB596, 0x0000, 0xAD76, 0xD69B,
    0xC639, 0xC659, 0xC659, 0xC659, 0xC659, 0xC659, 0xC659, 0xC659, 0xC659, 0xC659, 0xC659, 0xC659,
    0xC659, 0xD6BB, 0x4229, 0x39C7, 0xFFFF, 0xFFFF, 0xFFFF, 0xFFDF, 0xFFDF, 0xFFFF, 0xB5B6, 0x39C7,
    0x39A7, 0x0000, 0x0000, 0x4228, 0xDF1C, 0xDF1C, 0xDEDB, 0xDEFC, 0xD6DC, 0xDEDB, 0xEF5D, 0x4A69,
    0x0000, 0xAD76, 0xE75D, 0xD6DB, 0xDEFC, 0xD6DB, 0xDEFC, 0x8451, 0x6B6D, 0x94B2, 0x94B2, 0xE71C,
    0xFFDE, 0xF7BE, 0xFFDF, 0xFFDF, 0xFFFF, 0xFFDF, 0xFFDF, 0xDEFB, 0x94B3, 0x39E7, 0xB596, 0xCE7A,
    0xC639, 0xC659, 0xC659, 0xC659, 0xC659, 0xC659, 0xC659, 0xC659, 0xC659, 0xC659, 0xC659, 0xC639,
    0xC639, 0xCE9A, 0x632D, 0x528A, 0xCE59, 0xF79E, 0xFFDF, 0xFFFF, 0xFFDF, 0xFFDF, 0xF79E, 0xDEFC,
    0xE73C, 0xAD35, 0x8410, 0x7BEF, 0x632C, 0xBE18, 0xDF1C, 0xD6DC, 0xD6DC, 0xDEDB, 0xEF5D, 0x4A69,
    0x0000, 0xAD76, 0xE75D, 0xD6DB, 0xD6DB, 0xD6BB, 0xE73D, 0x39E8, 0x5289, 0xFFFF, 0xFFFF, 0xFFFF,
    0xFFDF, 0xFFDE, 0xFFDF, 0xFFDE, 0xFFFF, 0xF7BE, 0xFFFF, 0x6B4C, 0x39C7, 0xC639, 0xC639, 0xC639,
    0xC659, 0xC659, 0xC659, 0xC659, 0xC659, 0xC659, 0xC659, 0xC659, 0xC659, 0xC659, 0xC659, 0xC639,
    0xC639, 0xC659, 0xCE7A, 0x8C51, 0x0000, 0xD69A, 0xFFFF, 0xFFDF, 0xFFDE, 0xFFDF, 0xEF7D, 0xDEFC,
    0xDEFC, 0xE73D, 0xF7BF, 0xB5B7, 0x0000, 0xA555, 0xE71C, 0xD6DB, 0xD6DC, 0xDEFB, 0xEF5D, 0x4A69,
    0x0000, 0xAD76, 0xE73D, 0xD6BB, 0xD6DB, 0xD6BB, 0xDF1C, 0x4228, 0x52AA, 0xFFFF, 0xF7BE, 0xFFDE,
    0xFFDF, 0xFFDF, 0xFFDF, 0xFFDF, 0xFFDF, 0xFFDE, 0xFFFF, 0x5AEB, 0x3186, 0xCE7A, 0xC659, 0xC639,
    0xC659, 0xC659, 0xC659, 0xC659, 0xC639, 0xC639, 0xC639, 0xC639, 0xC639, 0xC639, 0xC639, 0xC639,
    0xC639, 0xC639, 0xD6BB, 0x8C92, 0x0000, 0xD6BA, 0xFFFF, 0xFFDF, 0xFFFF, 0xF7BE, 0xE73D, 0xDEDC,
    0xDEFC, 0xD6DB, 0xE73D, 0xAD55, 0x0000, 0xAD76, 0xDF1C, 0xD6BB, 0xD6DB, 0xD6DB, 0xE75D, 0x4A69,
    0x0000, 0xAD76, 0xE73D, 0xD6BB, 0xD6DB, 0xD6BB, 0xDF1C, 0x4228, 0x52AA, 0xFFFF, 0xFFDE, 0xFFDF,
    0xFFDF, 0xFFDF, 0xFFDF, 0xFFDF, 0xFFDF, 0xFFDE, 0xFFFF, 0x630B, 0x31A6, 0xCE7A, 0xC65A, 0xC639,
    0xC659, 0xC659, 0xC659, 0xC659, 0xC639, 0xC639, 0xC639, 0xC639, 0xC639, 0xC639, 0xC639, 0xC639,
    0xC639, 0xC639, 0xCE9A, 0x8C72, 0x0000, 0xD6BA, 0xFFFF, 0xFFDE, 0xFFDF, 0xF7BE, 0xE73C, 0xDEFC,
    0xDEFC, 0xDEDB, 0xE75D, 0xAD76, 0x0000, 0xAD75, 0xDF1C, 0xD6BB, 0xD6DB, 0xD6BB, 0xE75D, 0x4A69,
    0x0000, 0xAD76, 0xE73D, 0xD6BB, 0xD6DB, 0xD6BB, 0xDF1C, 0x4228, 0x52AA, 0xFFFF, 0xFFDE, 0xFFDE,
    0xFFDF, 0xFFDF, 0xFFDF, 0xFFDF, 0xFFDE, 0xF7BE, 0xFFFF, 0x630B, 0x31A6, 0xCE7A, 0xC65A, 0xC639,
    0xC659, 0xC659, 0xC659, 0xC659, 0xC639, 0xC639, 0xC639, 0xC639, 0xC639, 0xC639, 0xC639, 0xC639,
    0xC639, 0xC639, 0xCE9A, 0x8C72, 0x0000, 0xD69A, 0xFFFF, 0xFFDE, 0xF7DE, 0xEF9E, 0xDF1C, 0xDEFC,
    0xDEFC, 0xDEDB, 0xE75D, 0xAD76, 0x0000, 0xAD75, 0xDF1C, 0xD6BB, 0xD6BB, 0xD6BB, 0xE73D, 0x4A69,
    0x0000, 0xAD76, 0xE73D, 0xD6BB, 0xD6DB, 0xD6BB, 0xDF1C, 0x4228, 0x52AA, 0xFFFF, 0xF7BE, 0xF7BE,
    0xF7BE, 0xF7BE, 0xFFDF, 0xFFDE, 0xFFDE, 0xF7BE, 0xFFFF, 0x5ACA, 0x2965, 0xCE9B, 0xC65A, 0xC639,
    0xC659, 0xC659, 0xC659, 0xC659, 0xC639, 0xC639, 0xC639, 0xC639, 0xC639, 0xC639, 0xC639, 0xC639,
    0xC639, 0xC639, 0xD6BB, 0x8C92, 0x0000, 0xCE79, 0xFFFF, 0xF7BE, 0xF7BE, 0xEF7D, 0xDEFB, 0xDEFC,
    0xDEFC, 0xDEDB, 0xE73D, 0xAD56, 0x0000, 0xAD76, 0xDF1C, 0xD6BB, 0xD6BB, 0xD6BB, 0xE73D, 0x4A49,
    0x0000, 0xAD75, 0xDF1C, 0xCE9B, 0xD6BB, 0xCE9B, 0xDF1C, 0x39E8, 0x52AA, 0xFFFF, 0xFFFF, 0xFFFF,
    0xFFFF, 0xFFDF, 0xFFDF, 0xF7BE, 0xFFDF, 0xF7BE, 0xFFDF, 0xB5B6, 0x73CE, 0x632C, 0xB5B7, 0xC65A,
    0xC639, 0xC639, 0xC639, 0xC639, 0xC639, 0xC639, 0xC639, 0xC639, 0xBE39, 0xBE39, 0xBE39, 0xBE39,
    0xBE39, 0xC65A, 0x8431, 0x630C, 0x94B2, 0xE73C, 0xFFDF, 0xF7BE, 0xF7BE, 0xE71C, 0xDF1C, 0xDEFC,
    0xDEFC, 0xE73D, 0xF7BF, 0xB597, 0x0000, 0xA556, 0xDF1C, 0xCE9B, 0xCE9B, 0xD69A, 0xE73D, 0x4A49,
    0x0000, 0xAD75, 0xDEFC, 0xCE9B, 0xD6BB, 0xD6BB, 0xD6DB, 0x94D3, 0x738E, 0x6B4D, 0x6B6D, 0xCE79,
    0xEF5D, 0xE73C, 0xF7BE, 0xFFDF, 0xFFDF, 0xF7BE, 0xF79E, 0xFFFF, 0xBDD6, 0x0000, 0xA514, 0xC65A,
    0xBE39, 0xC639, 0xC639, 0xC639, 0xBE39, 0xBE39, 0xBE39, 0xBE39, 0xBE39, 0xBE39, 0xBE39, 0xBE39,
    0xBE39, 0xCE7A, 0x4228, 0x39E7, 0xFFFF, 0xFFDF, 0xF7BE, 0xF7BE, 0xEF5D, 0xDEDB, 0xD6BB, 0xCE59,
    0xCE7A, 0x8C51, 0x5ACB, 0x634D, 0x73CF, 0xBE19, 0xD6DB, 0xD6BB, 0xCEBB, 0xD69A, 0xE73D, 0x4A49,
    0x0000, 0xAD75, 0xDEFC, 0xCE9B, 0xD6BB, 0xD6BB, 0xCE9B, 0xDF1D, 0x9D14, 0x2125, 0x2145, 0x2145,
    0x0000, 0x528A, 0xF79E, 0xFFDF, 0xF7BE, 0xFFDF, 0xF79E, 0xFFFF, 0xAD75, 0x0000, 0xAD76, 0xCE9A,
    0xBE39, 0xC639, 0xC639, 0xC639, 0xBE39, 0xBE39, 0xBE39, 0xBE39, 0xBE39, 0xBE39, 0xBE39, 0xBE39,
    0xBE19, 0xD6BB, 0x4A69, 0x39E7, 0xF7BE, 0xF7BE, 0xF7BE, 0xF7BE, 0xDEFC, 0xE73D, 0x94B3, 0x0000,
    0x0000, 0x0000, 0x0000, 0x52AA, 0xDEFC, 0xD6DB, 0xCE9B, 0xD6BB, 0xD6BB, 0xD69A, 0xE73D, 0x4A49,
    0x0000, 0xAD75, 0xDEFC, 0xCE9B, 0xD6BB, 0xCE9B, 0xCEBB, 0xD6BB, 0xD69A, 0xD6BB, 0xCE7A, 0xA535,
    0x632D, 0x2945, 0xCE79, 0xFFDF, 0xF7BE, 0xFFDF, 0xFFDF, 0xFFDF, 0xDEFB, 0x94B2, 0x5ACB, 0x8C72,
    0xC67A, 0xBE39, 0xBE39, 0xC63A, 0xBE39, 0xBE39, 0xBE39, 0xBE39, 0xBE39, 0xBE39, 0xBE39, 0xBE39,
    0xB5D8, 0x630C, 0x73AE, 0xB5D6, 0xF7BE, 0xFFDF, 0xFFDF, 0xEF5D, 0xDEDB, 0xDEFC, 0x632D, 0x3186,
    0x8C92, 0xB5D7, 0xD69B, 0xCE9A, 0xCE7A, 0xCE9B, 0xCE9B, 0xCE9B, 0xCE9B, 0xD69A, 0xE73D, 0x4A49,
    0x0000, 0xAD55, 0xDEFC, 0xCE7A, 0xCE9B, 0xCE9B, 0xCE9B, 0xCE9B, 0xCE9B, 0xCEBB, 0xCEBB, 0xDEFC,
    0xDEDC, 0x2965, 0x738D, 0xFFFF, 0xF7BE, 0xF7BE, 0xF7BE, 0xF7BE, 0xFFFF, 0xF7BE, 0x0000, 0x630C,
    0xDEFC, 0xCE7A, 0xC659, 0xC639, 0xBE19, 0xBE19, 0xBE19, 0xBE19, 0xBE19, 0xC639, 0xCE7B, 0xCE9B,
    0xBE18, 0x0000, 0x8C51, 0xFFFF, 0xF79E, 0xF7BE, 0xEF7E, 0xDEFC, 0xDF1C, 0xC618, 0x0000, 0x8C92,
    0xE75E, 0xD6DC, 0xCEBB, 0xCEBB, 0xCE9B, 0xCE9B, 0xCE9B, 0xCE9B, 0xCE9B, 0xCE7A, 0xE71C, 0x4A69,
    0x0000, 0xAD55, 0xDEDC, 0xCE7A, 0xCE9B, 0xCE9B, 0xCE9B, 0xCE9B, 0xCE9B, 0xCE9B, 0xCE9B, 0xCE9B,
    0xCE9B, 0x31A6, 0x634C, 0xFFFF, 0xF7BE, 0xF7BE, 0xF7BE, 0xF7BE, 0xFFDF, 0xEF7D, 0xA514, 0x6B6D,
    0x528A, 0x4A6A, 0x6B8E, 0xCE59, 0xC65A, 0xC65A, 0xC65A, 0xC65A, 0xCE7B, 0xA556, 0x52AB, 0x4A8A,
    0x5ACB, 0x8410, 0xCE59, 0xFFDF, 0xF79E, 0xEF9E, 0xDF1C, 0xDEDB, 0xDF1C, 0xB5B6, 0x0000, 0x9493,
    0xD6DC, 0xCE7A, 0xCE9B, 0xCE9B, 0xCE9B, 0xCE9B, 0xCE9B, 0xCE9B, 0xCE9B, 0xCE7A, 0xDF1C, 0x4A69,
    0x0000, 0xAD55, 0xDEDC, 0xCE7A, 0xCE9B, 0xCE9B, 0xCE9B, 0xCE9B, 0xCE9B, 0xCE9B, 0xCE9B, 0xCE9B,
    0xD6BB, 0x9CF3, 0x0000, 0xBDB6, 0xFFFF, 0xF7BE, 0xF7BE, 0xF7BE, 0xF7BE, 0xF7BE, 0xFFFF, 0x8C71,
    0x0000, 0x2945, 0x4A6A, 0xA514, 0xA535, 0xA535, 0xA535, 0x9D15, 0xA556, 0x8431, 0x2985, 0x2944,
    0x39E7, 0xEF5D, 0xFFFF, 0xF7BE, 0xEF7E, 0xE71C, 0xDEDB, 0xDEDC, 0xDEFC, 0x4208, 0x4A49, 0xCE9A,
    0xCE9B, 0xCE9B, 0xCE9B, 0xCE9B, 0xCE9B, 0xCE9B, 0xCE9B, 0xCE9B, 0xCE9B, 0xCE7A, 0xDF1C, 0x4A69,
    0x0000, 0xAD55, 0xDEDC, 0xC67A, 0xCE9B, 0xCE9B, 0xCE9B, 0xCE9B, 0xCE9B, 0xCE9B, 0xCE9A, 0xC67A,
    0xD6DC, 0x73AE, 0x0000, 0xBDF7, 0xFFFF, 0xF7BE, 0xF7BE, 0xFFDF, 0xFFDF, 0xFFDF, 0xF7BE, 0xEF7D,
    0xEF7D, 0xF7BE, 0xAD75, 0x0000, 0x0000, 0x0000, 0x0000, 0x0000, 0x0000, 0x5289, 0xEF5D, 0xEF7D,
    0xEF7D, 0xF79E, 0xF79E, 0xEF5D, 0xDEFC, 0xDEDB, 0xDEDB, 0xDEDC, 0xDEFC, 0x5AEB, 0x2945, 0xBDF8,
    0xD6BB, 0xCE7A, 0xCE9B, 0xCE9B, 0xCE9B, 0xCE9B, 0xCE9B, 0xCE9B, 0xCE9B, 0xCE7A, 0xDF1C, 0x4A69,
    0x0000, 0xA555, 0xD6DB, 0xC65A, 0xCE7A, 0xCE7A, 0xCE7A, 0xCE7A, 0xCE7A, 0xCE9B, 0xC67A, 0xD6DC,
    0x8410, 0x0000, 0x9CF4, 0xE75D, 0xE73C, 0xEF9E, 0xF7BE, 0xF7DF, 0xF7BE, 0xFFDE, 0xF7DE, 0xFFDE,
    0xFFDF, 0xFFFF, 0xE71C, 0xAD54, 0xAD54, 0xAD54, 0xAD34, 0xAD34, 0xA534, 0xBE17, 0xF7DE, 0xF7DE,
    0xF7BF, 0xEF9E, 0xE73D, 0xDEDB, 0xDEDB, 0xDEFC, 0xDEDB, 0xDEDB, 0xDF1C, 0xD6BB, 0x4208, 0x3186,
    0xC639, 0xD6BB, 0xC67A, 0xCE9B, 0xCE9B, 0xCE9B, 0xCE9B, 0xCE9B, 0xCE7B, 0xCE7A, 0xDF1C, 0x4A49,
    0x0000, 0xA555, 0xD6DB, 0xC65A, 0xC67A, 0xC67A, 0xC67A, 0xC67A, 0xC67A, 0xCE7A, 0xCE9B, 0x9D14,
    0x0000, 0x5AEC, 0xDF1C, 0xDEDB, 0xDEFB, 0xDF1C, 0xEF5D, 0xF79E, 0xF7BE, 0xF7BE, 0xF7DE, 0xF7DF,
    0xF7BE, 0xF79E, 0xF7BE, 0xFFFF, 0xFFFF, 0xFFFF, 0xFFFF, 0xFFFF, 0xFFFF, 0xFFFF, 0xF7DE, 0xF79E,
    0xEF5D, 0xE71C, 0xDEFC, 0xDEFC, 0xDEDB, 0xDEDB, 0xDEDB, 0xDEDB, 0xDEDB, 0xE73D, 0xAD76, 0x0000,
    0x5AEB, 0xCE7A, 0xCE7B, 0xC67A, 0xCE7A, 0xCE7A, 0xCE7A, 0xCE7A, 0xCE7B, 0xCE5A, 0xDF1C, 0x4A49,
    0x0000, 0xA555, 0xD6DB, 0xC65A, 0xC67A, 0xC67A, 0xC67A, 0xC67A, 0xC67A, 0xC67A, 0xCEBB, 0x31C8,
    0x3A08, 0xE71C, 0xDEDB, 0xDEDB, 0xDEFC, 0xDEDB, 0xDEDB, 0xE71C, 0xEF5D, 0xEF7D, 0xF79E, 0xF7DF,
    0xF7BE, 0xF7BE, 0xF7BE, 0xF7BE, 0xF79E, 0xF79E, 0xF79E, 0xF79E, 0xEF9E, 0xEF7E, 0xE73D, 0xDEFB,
    0xDEDB, 0xDEFC, 0xDEDB, 0xD6BB, 0xDEDB, 0xDEDB, 0xDEDB, 0xDEDB, 0xDEFC, 0xDEDB, 0xE73D, 0xA534,
    0x0000, 0x9CD4, 0xCE9B, 0xC65A, 0xC67A, 0xC67A, 0xC67A, 0xC67A, 0xCE7B, 0xCE5A, 0xDF1C, 0x4A49,
    0x0000, 0xA555, 0xD6DB, 0xC65A, 0xC67A, 0xC67A, 0xC67A, 0xC67A, 0xC67A, 0xC65A, 0xCE9B, 0x632D,
    0x2145, 0xBDD7, 0xE71C, 0xD6DB, 0xDEDB, 0xDEFC, 0xDEDC, 0xD6BB, 0xDEFC, 0xE73D, 0xE71C, 0xE73D,
    0xEF7D, 0xEF7D, 0xF79E, 0xEF7D, 0xEF7E, 0xEF7D, 0xEF5D, 0xE73C, 0xDEFC, 0xDEFC, 0xD6BB, 0xDEDB,
    0xDEDB, 0xD6DB, 0xDF1C, 0xE71C, 0xDEDB, 0xDEDB, 0xDEDB, 0xDEDC, 0xDEDB, 0xDEFC, 0xDEFC, 0x632C,
    0x0000, 0xAD97, 0xCE9B, 0xC65A, 0xC67A, 0xC67A, 0xC67A, 0xC67A, 0xCE7B, 0xCE5A, 0xDF1C, 0x4A49,
    0x0000, 0xA555, 0xD6BB, 0xC63A, 0xC65A, 0xC65A, 0xC65A, 0xC65A, 0xC67A, 0xC65A, 0xC67A, 0xC65A,
    0x4249, 0x0000, 0xBDD7, 0xE71D, 0xD6BB, 0xDEFC, 0xD6DB, 0xE73D, 0xCE9A, 0xA514, 0xD6DB, 0xE71C,
    0xDEDB, 0xDEFC, 0xDEDB, 0xDEFC, 0xDEFC, 0xDEFC, 0xDEDB, 0xDEDB, 0xDEDB, 0xDEFC, 0xDEDB, 0xDEDB,
    0xDF1C, 0xEF5D, 0xBDD7, 0xB596, 0xE73D, 0xDEDC, 0xDEFC, 0xDEDB, 0xDEDB, 0xDEFC, 0x630C, 0x0000,
    0x94D3, 0xCE9B, 0xC65A, 0xC65A, 0xC67A, 0xC65A, 0xC65A, 0xC65A, 0xC67A, 0xC65A, 0xDEFC, 0x4A49,
    0x0000, 0xA555, 0xD6BB, 0xC639, 0xC65A, 0xC65A, 0xC65A, 0xC65A, 0xC65A, 0xC65A, 0xC65A, 0xC67A,
    0xC619, 0x4208, 0x0000, 0xBDF8, 0xE73D, 0xD6BB, 0xE73D, 0xA514, 0x4208, 0x0000, 0x528A, 0x8C72,
    0xD6BB, 0xD6BB, 0xDEDB, 0xD6DB, 0xDEDB, 0xDEDB, 0xDEDB, 0xDEDB, 0xDEDB, 0xDEDB, 0xD6BB, 0xDEFC,
    0xBDD7, 0x6B6D, 0x0000, 0x0000, 0x73AF, 0xD6BB, 0xE73D, 0xDEDB, 0xE71C, 0x632D, 0x0000, 0x94B3,
    0xD6BB, 0xC65A, 0xC67A, 0xC67A, 0xC65A, 0xC65A, 0xC65A, 0xC65A, 0xC67A, 0xC65A, 0xDEFC, 0x4A49,
    0x0000, 0xA555, 0xD6BB, 0xC639, 0xC65A, 0xC65A, 0xC65A, 0xC65A, 0xC65A, 0xC65A, 0xC65A, 0xC639,
    0xC65A, 0xCE5A, 0x4229, 0x0000, 0xBE18, 0xE73D, 0x7BCF, 0x2945, 0x39E7, 0x8C51, 0x2986, 0x0000,
    0x2945, 0x39E8, 0xBDF8, 0xDEFC, 0xDEDB, 0xDEDB, 0xDEDB, 0xDEDB, 0xD6DB, 0xDEFC, 0x7BF0, 0x2966,
    0x0000, 0x0000, 0x632D, 0x73AF, 0x0000, 0x4A69, 0xB5B7, 0xEF7E, 0x6B4D, 0x0000, 0x94B3, 0xCE9B,
    0xBE39, 0xC67A, 0xC67A, 0xC65A, 0xC65A, 0xC65A, 0xC65A, 0xC65A, 0xC67A, 0xC65A, 0xDEFC, 0x4A49,
    0x0000, 0xA555, 0xD6BB, 0xC639, 0xC65A, 0xC65A, 0xC65A, 0xC65A, 0xC65A, 0xC65A, 0xC65A, 0xC65A,
    0xC659, 0xCE7B, 0xC63A, 0x3A08, 0x0000, 0x5ACB, 0x0000, 0x6B6E, 0xCE9A, 0xCE9A, 0xC65A, 0x94D4,
    0x52AB, 0x0000, 0xAD96, 0xE71C, 0xDEDB, 0xDEDB, 0xDEDB, 0xDEDB, 0xD6BB, 0xE73D, 0x4A8A, 0x0000,
    0x8431, 0xB5B7, 0xCE7A, 0xCE9A, 0xB596, 0x2965, 0x39E7, 0x4A69, 0x0000, 0x9492, 0xCEBB, 0xBE39,
    0xC65A, 0xC67A, 0xBE39, 0xC65A, 0xC67A, 0xC65A, 0xC65A, 0xC65A, 0xC67A, 0xC65A, 0xDEFC, 0x4A49,
    0x0000, 0xA555, 0xD6BB, 0xC639, 0xC65A, 0xC65A, 0xC65A, 0xC65A, 0xC65A, 0xC65A, 0xC65A, 0xC659,
    0xC659, 0xBE39, 0xC67A, 0xBE19, 0x52AB, 0x2986, 0x9D14, 0xC659, 0xC65A, 0xC639, 0xC65A, 0xD6DC,
    0xAD76, 0x0000, 0xB5B6, 0xE73D, 0xD6DB, 0xDEDB, 0xDEDB, 0xDEDB, 0xD6DB, 0xE73D, 0x528A, 0x4A49,
    0xDF1C, 0xC67A, 0xC65A, 0xC65A, 0xC65A, 0xBE39, 0x5B0D, 0x2966, 0x8CB3, 0xD6DB, 0xC65A, 0xC65A,
    0xC65A, 0xC65A, 0xC65A, 0xC65A, 0xC65A, 0xC65A, 0xC65A, 0xC65A, 0xC67A, 0xC659, 0xDEFC, 0x4A49,
    0x0000, 0xAD96, 0xD6DC, 0xBE19, 0xC65A, 0xC65A, 0xC65A, 0xC65A, 0xC65A, 0xC65A, 0xC65A, 0xC65A,
    0xC65A, 0xC65A, 0xC639, 0xC65A, 0xC67A, 0xC65A, 0xC65A, 0xC65A, 0xC639, 0xC65A, 0xC639, 0xC639,
    0xBE39, 0x3A08, 0x5ACB, 0xDEFB, 0xD6DB, 0xDEDB, 0xDEDB, 0xD6BB, 0xDEFC, 0xAD76, 0x0000, 0x8451,
    0xC67A, 0xC65A, 0xC65A, 0xC65A, 0xC65A, 0xC67A, 0xC67A, 0xC65A, 0xC67A, 0xBE39, 0xBE39, 0xC65A,
    0xC639, 0xC65A, 0xC65A, 0xC65A, 0xC65A, 0xC65A, 0xC65A, 0xC65A, 0xC63A, 0xC659, 0xE73C, 0x4A69,
    0x0000, 0x4A49, 0xC639, 0xC65A, 0xC639, 0xC65A, 0xC65A, 0xC65A, 0xC65A, 0xC65A, 0xC65A, 0xC65A,
    0xC65A, 0xC65A, 0xC65A, 0xBE39, 0xBE19, 0xC65A, 0xBE39, 0xC63A, 0xC65A, 0xC65A, 0xC65A, 0xBE39,
    0xCEBB, 0x4A69, 0x3186, 0xE73D, 0xE73D, 0xE73D, 0xE73D, 0xE73D, 0xF79E, 0xA4F4, 0x0000, 0xAD56,
    0xCE7A, 0xC659, 0xC65A, 0xC65A, 0xBE39, 0xC639, 0xC639, 0xBE39, 0xBE39, 0xC639, 0xC65A, 0xC639,
    0xC65A, 0xC65A, 0xC65A, 0xC65A, 0xC65A, 0xC65A, 0xC65A, 0xC65A, 0xBE39, 0xCE7A, 0x9492, 0x0000,
    0x0000, 0x0000, 0xBE19, 0xCE7A, 0xBE39, 0xC65A, 0xC65A, 0xC65A, 0xC65A, 0xC65A, 0xC65A, 0xC65A,
    0xC65A, 0xC65A, 0xC65A, 0xC65A, 0xC63A, 0xC63A, 0xC63A, 0xC63A, 0xC65A, 0xC65A, 0xC65A, 0xBE39,
    0xC67A, 0x6B6E, 0x4A69, 0xA514, 0xA514, 0x9CF4, 0x9D14, 0x9CF4, 0xA535, 0x8430, 0x4208, 0xAD76,
    0xC67A, 0xC639, 0xC65A, 0xC65A, 0xC65A, 0xBE39, 0xC639, 0xBE39, 0xC639, 0xC65A, 0xC639, 0xBE39,
    0xC65A, 0xC65A, 0xC65A, 0xC65A, 0xC65A, 0xC65A, 0xC65A, 0xC65A, 0xBE19, 0xDF1D, 0x738E, 0x0000,
    0x0000, 0x0000, 0x94D3, 0xCE7A, 0xC63A, 0xBE39, 0xBE39, 0xC63A, 0xC63A, 0xC63A, 0xC63A, 0xC63A,
    0xC63A, 0xC63A, 0xC63A, 0xBE3A, 0xBE39, 0xBE3A, 0xC63A, 0xC63A, 0xC63A, 0xC63A, 0xC63A, 0xBE39,
    0xBE19, 0xCE7A, 0x8C93, 0x0000, 0x0000, 0x0000, 0x0000, 0x0000, 0x0000, 0x4229, 0xC639, 0xC63A,
    0xBE3A, 0xBE3A, 0xBE3A, 0xBE3A, 0xBE39, 0xBE39, 0xC65A, 0xC639, 0xBE39, 0xBE3A, 0xC65A, 0xBE3A,
    0xC63A, 0xC63A, 0xC63A, 0xC63A, 0xC63A, 0xBE39, 0xBE39, 0xBE39, 0xC65A, 0xC659, 0x4A8A, 0x0000,
    0x0000, 0x0000, 0x39E7, 0xD6BB, 0xBE39, 0xBE39, 0xC65A, 0xBE3A, 0xBE39, 0xBE3A, 0xBE3A, 0xBE3A,
    0xBE3A, 0xBE3A, 0xBE3A, 0xBE3A, 0xBE3A, 0xBE3A, 0xBE3A, 0xBE3A, 0xBE3A, 0xBE3A, 0xBE3A, 0xBE3A,
    0xBE39, 0xC639, 0xB5D8, 0x9CF4, 0x9CD4, 0x9CD4, 0x9CD4, 0x9CD4, 0x94D4, 0xA535, 0xC65A, 0xC63A,
    0xBE3A, 0xBE3A, 0xBE3A, 0xBE3A, 0xBE39, 0xBE39, 0xBE39, 0xBE39, 0xBE3A, 0xBE3A, 0xBE3A, 0xBE3A,
    0xBE3A, 0xBE3A, 0xBE3A, 0xC63A, 0xBE39, 0xC63A, 0xBE3A, 0xBE19, 0xDEDC, 0x9CF4, 0x0000, 0x0000,
    0x0000, 0x0000, 0x0000, 0x9492, 0xD6DC, 0xBE19, 0xBE39, 0xC639, 0xBE3A, 0xBE3A, 0xBE3A, 0xBE3A,
    0xBE3A, 0xBE3A, 0xBE3A, 0xBE3A, 0xBE3A, 0xBE3A, 0xBE3A, 0xBE3A, 0xBE3A, 0xBE3A, 0xBE3A, 0xBE39,
    0xBE39, 0xC65A, 0xC65A, 0xC67A, 0xCE9A, 0xCE9A, 0xCE9A, 0xCE9B, 0xCE9B, 0xC67A, 0xC639, 0xBE39,
    0xC63A, 0xBE3A, 0xBE3A, 0xBE3A, 0xBE39, 0xBE39, 0xBE39, 0xBE39, 0xBE3A, 0xBE3A, 0xBE3A, 0xBE3A,
    0xBE3A, 0xBE3A, 0xBE3A, 0xBE3A, 0xBE3A, 0xBE39, 0xBE19, 0xCE9B, 0xC659, 0x4A49, 0x0000, 0x0000,
    0x0000, 0x0000, 0x0000, 0x2945, 0xAD76, 0xCEBB, 0xC659, 0xBE39, 0xBE39, 0xBE3A, 0xBE3A, 0xBE3A,
    0xBE3A, 0xBE3A, 0xBE3A, 0xBE3A, 0xBE3A, 0xBE3A, 0xBE3A, 0xBE3A, 0xBE3A, 0xBE3A, 0xBE3A, 0xBE3A,
    0xBE39, 0xBE39, 0xBE39, 0xBE39, 0xBE39, 0xBE39, 0xBE39, 0xBE39, 0xBE19, 0xBE39, 0xC639, 0xBE39,
    0xBE39, 0xBE3A, 0xBE3A, 0xBE3A, 0xBE39, 0xBE39, 0xBE39, 0xBE39, 0xBE3A, 0xBE3A, 0xBE3A, 0xBE3A,
    0xBE3A, 0xBE3A, 0xBE3A, 0xC63A, 0xBE39, 0xBE19, 0xCEBB, 0xCE7B, 0x6B6E, 0x0000, 0x0000, 0x0000,
    0x0000, 0x0000, 0x0000, 0x0000, 0x2125, 0xAD96, 0xCE9A, 0xCE9B, 0xC63A, 0xBE19, 0xBE39, 0xBE3A,
    0xBE39, 0xBE39, 0xBE39, 0xBE39, 0xBE39, 0xBE39, 0xBE39, 0xBE39, 0xBE39, 0xBE39, 0xBE39, 0xBE39,
    0xBE39, 0xBE39, 0xBE3A, 0xC63A, 0xC639, 0xC639, 0xC639, 0xC639, 0xC639, 0xC639, 0xBE39, 0xBE39,
    0xBE19, 0xBE39, 0xBE39, 0xBE39, 0xBE39, 0xBE39, 0xBE39, 0xBE39, 0xC639, 0xC639, 0xC639, 0xC639,
    0xBE39, 0xBE39, 0xBE19, 0xBE19, 0xCE7A, 0xD6BB, 0xCE7A, 0x6B8E, 0x0000, 0x0000, 0x0000, 0x0000,
    0x0000, 0x0000, 0x0000, 0x0000, 0x0000, 0x0000, 0x73AF, 0xBDD7, 0xD69B, 0xDEFD, 0xCE7B, 0xC63A,
    0xC659, 0xC659, 0xC659, 0xC659, 0xC65A, 0xC65A, 0xC65A, 0xC65A, 0xC659, 0xC659, 0xC659, 0xC659,
    0xC65A, 0xC65A, 0xC65A, 0xC65A, 0xC659, 0xC659, 0xC659, 0xC659, 0xC659, 0xC659, 0xC659, 0xC659,
    0xC65A, 0xC65A, 0xC65A, 0xC65A, 0xC659, 0xC659, 0xC659, 0xC659, 0xCE5A, 0xCE5A, 0xCE5A, 0xCE5A,
    0xC659, 0xCE5A, 0xD6BB, 0xDEDB, 0xC618, 0xA535, 0x31A7, 0x0000, 0x0000, 0x0000, 0x0000, 0x0000,
    0x0000, 0x0000, 0x0000, 0x0000, 0x0000, 0x0000, 0x0000, 0x0000, 0x632D, 0x8451, 0xAD56, 0xDEFC,
    0xD6BB, 0xD6DB, 0xD6DB, 0xD6DB, 0xD6BB, 0xD6DB, 0xD6DB, 0xD6BB, 0xD6BB, 0xD6BB, 0xD6BB, 0xD6BB,
    0xD6BB, 0xD6BB, 0xD6BB, 0xD6BB, 0xDEDB, 0xDEDB, 0xDEDB, 0xDEDB, 0xD6DB, 0xD6DB, 0xD6DB, 0xD6DB,
    0xD6BB, 0xD6DB, 0xD6DB, 0xD6BB, 0xD6BB, 0xD6BB, 0xD6BB, 0xD6BB, 0xD6DB, 0xD6DB, 0xD6DB, 0xD6BB,
    0xDEDC, 0xCE59, 0x8C92, 0x8410, 0x3186, 0x0000, 0x0000, 0x0000, 0x0000, 0x0000, 0x0000, 0x0000,
    0x0000, 0x0000, 0x0000, 0x0000, 0x0000, 0x0000, 0x0000, 0x0000, 0x0000, 0x0000, 0x0000, 0x4A69,
    0x4A49, 0x4A49, 0x4A49, 0x4A49, 0x4A69, 0x4A69, 0x4A69, 0x4A69, 0x4A6A, 0x4A6A, 0x4A6A, 0x4A6A,
    0x4A69, 0x4A69, 0x4A69, 0x4A69, 0x4A6A, 0x4A6A, 0x4A6A, 0x4A6A, 0x4A49, 0x4A49, 0x4A49, 0x4A49,
    0x4A69, 0x4A69, 0x4A69, 0x4A69, 0x4A6A, 0x4A6A, 0x4A6A, 0x4A6A, 0x4A6A, 0x4A6A, 0x4A6A, 0x4A6A,
    0x4A8A, 0x39C7, 0x0000, 0x0000, 0x0000, 0x0000, 0x0000, 0x0000, 0x0000, 0x0000, 0x0000, 0x0000
  }
};

#endif // PROCESSED_MENU_H