ISO-10303-21;
HEADER;
FILE_DESCRIPTION (( 'STEP AP214' ),
    '1' );
FILE_NAME ('Áã¼þ1.STEP',
    '2026-02-11T13:06:27',
    ( '123' ),
    ( '' ),
    'SwSTEP 2.0',
    'SolidWorks 2024',
    '' );
FILE_SCHEMA (( 'AUTOMOTIVE_DESIGN' ));
ENDSEC;

DATA;
#1 = EDGE_CURVE ( 'NONE', #2320, #2213, #454, .T. ) ;
#2 = EDGE_CURVE ( 'NONE', #1494, #1190, #2345, .T. ) ;
#3 = VERTEX_POINT ( 'NONE', #1609 ) ;
#4 = FACE_BOUND ( 'NONE', #2465, .T. ) ;
#5 = DIRECTION ( 'NONE',  ( 0.000000000000000000, -1.000000000000000000, 0.000000000000000000 ) ) ;
#6 = ORIENTED_EDGE ( 'NONE', *, *, #533, .T. ) ;
#7 = DIRECTION ( 'NONE',  ( 1.000000000000000000, -0.000000000000000000, 0.000000000000000000 ) ) ;
#8 = VERTEX_POINT ( 'NONE', #1246 ) ;
#9 = DIRECTION ( 'NONE',  ( 1.000000000000000000, 0.000000000000000000, 0.000000000000000000 ) ) ;
#10 = VECTOR ( 'NONE', #1657, 1000.000000000000000 ) ;
#11 = EDGE_LOOP ( 'NONE', ( #828, #30, #2170, #563 ) ) ;
#12 = CARTESIAN_POINT ( 'NONE',  ( -16.50000000000000000, -15.00000000000000178, 14.24999999999995381 ) ) ;
#13 = EDGE_LOOP ( 'NONE', ( #2363, #499, #2407, #1967 ) ) ;
#14 = FACE_OUTER_BOUND ( 'NONE', #1006, .T. ) ;
#15 = CARTESIAN_POINT ( 'NONE',  ( 9.999999999999994671, -15.00000000000000000, -13.49999999999999467 ) ) ;
#16 = ORIENTED_EDGE ( 'NONE', *, *, #886, .F. ) ;
#17 = DIRECTION ( 'NONE',  ( 1.000000000000000000, 0.000000000000000000, -0.000000000000000000 ) ) ;
#18 = VERTEX_POINT ( 'NONE', #83 ) ;
#19 = CARTESIAN_POINT ( 'NONE',  ( 16.50000000000000000, -5.799999999999998934, -2.000000000000000000 ) ) ;
#20 = ORIENTED_EDGE ( 'NONE', *, *, #886, .T. ) ;
#21 = FACE_OUTER_BOUND ( 'NONE', #2529, .T. ) ;
#22 = ORIENTED_EDGE ( 'NONE', *, *, #1943, .F. ) ;
#23 = FILL_AREA_STYLE_COLOUR ( '', #1357 ) ;
#24 = FACE_OUTER_BOUND ( 'NONE', #1676, .T. ) ;
#25 = DIRECTION ( 'NONE',  ( 0.000000000000000000, 0.000000000000000000, 1.000000000000000000 ) ) ;
#26 = EDGE_CURVE ( 'NONE', #2402, #751, #2211, .T. ) ;
#27 = FACE_OUTER_BOUND ( 'NONE', #198, .T. ) ;
#28 = CARTESIAN_POINT ( 'NONE',  ( -15.00000000000000178, -1.499999999999998224, -9.750000000000003553 ) ) ;
#29 = EDGE_CURVE ( 'NONE', #727, #304, #319, .T. ) ;
#30 = ORIENTED_EDGE ( 'NONE', *, *, #647, .F. ) ;
#31 = ADVANCED_FACE ( 'NONE', ( #27 ), #1066, .F. ) ;
#32 = DIRECTION ( 'NONE',  ( -1.000000000000000000, -0.000000000000000000, -0.000000000000000000 ) ) ;
#33 = AXIS2_PLACEMENT_3D ( 'NONE', #1737, #1950, #538 ) ;
#34 = ORIENTED_EDGE ( 'NONE', *, *, #1062, .F. ) ;
#35 = DIRECTION ( 'NONE',  ( 1.000000000000000000, -0.000000000000000000, -0.000000000000000000 ) ) ;
#36 = AXIS2_PLACEMENT_3D ( 'NONE', #1261, #837, #285 ) ;
#37 = ORIENTED_EDGE ( 'NONE', *, *, #1025, .F. ) ;
#38 = DIRECTION ( 'NONE',  ( 0.000000000000000000, -1.000000000000000000, -4.336808689942012806E-16 ) ) ;
#39 = LINE ( 'NONE', #622, #1759 ) ;
#40 = VECTOR ( 'NONE', #1359, 1000.000000000000000 ) ;
#41 = VECTOR ( 'NONE', #1081, 1000.000000000000000 ) ;
#42 = EDGE_LOOP ( 'NONE', ( #997, #531, #374, #430 ) ) ;
#43 = LINE ( 'NONE', #1834, #1239 ) ;
#44 = VECTOR ( 'NONE', #674, 1000.000000000000000 ) ;
#45 = EDGE_LOOP ( 'NONE', ( #251, #2164, #1333, #2084, #580, #2496, #797, #2291, #2047, #2341, #763, #550, #1051, #1320 ) ) ;
#46 = FACE_OUTER_BOUND ( 'NONE', #243, .T. ) ;
#47 = EDGE_CURVE ( 'NONE', #2266, #1692, #1648, .T. ) ;
#48 = ADVANCED_FACE ( 'NONE', ( #1127 ), #2060, .F. ) ;
#49 = ORIENTED_EDGE ( 'NONE', *, *, #213, .T. ) ;
#50 = CIRCLE ( 'NONE', #1507, 6.000000000000000000 ) ;
#51 = CARTESIAN_POINT ( 'NONE',  ( -10.00000000000000355, -15.00000000000000000, 16.50000000000000000 ) ) ;
#52 = EDGE_CURVE ( 'NONE', #170, #1365, #1492, .T. ) ;
#53 = ORIENTED_EDGE ( 'NONE', *, *, #1748, .F. ) ;
#54 = DIRECTION ( 'NONE',  ( 0.000000000000000000, -1.000000000000000000, 0.000000000000000000 ) ) ;
#55 = PLANE ( 'NONE',  #1021 ) ;
#56 = CARTESIAN_POINT ( 'NONE',  ( -15.00000000000000355, -9.000000000000000000, 11.50033428532089275 ) ) ;
#57 = ORIENTED_EDGE ( 'NONE', *, *, #874, .F. ) ;
#58 = LINE ( 'NONE', #1204, #2023 ) ;
#59 = ORIENTED_EDGE ( 'NONE', *, *, #335, .T. ) ;
#60 = DIRECTION ( 'NONE',  ( 0.000000000000000000, 0.000000000000000000, 1.000000000000000000 ) ) ;
#61 = CARTESIAN_POINT ( 'NONE',  ( -16.50000000000000000, -5.500000000000000000, -11.99999999999999645 ) ) ;
#62 = EDGE_CURVE ( 'NONE', #2454, #2013, #1884, .T. ) ;
#63 = ORIENTED_EDGE ( 'NONE', *, *, #1044, .T. ) ;
#64 = DIRECTION ( 'NONE',  ( 0.000000000000000000, 1.000000000000000000, 0.000000000000000000 ) ) ;
#65 = EDGE_CURVE ( 'NONE', #467, #1257, #1874, .T. ) ;
#66 = LINE ( 'NONE', #2388, #1039 ) ;
#67 = VERTEX_POINT ( 'NONE', #1674 ) ;
#68 = CARTESIAN_POINT ( 'NONE',  ( 10.50000000000000000, -15.00000000000000178, -17.75000000000000355 ) ) ;
#69 = DIRECTION ( 'NONE',  ( 0.000000000000000000, 1.000000000000000000, 0.000000000000000000 ) ) ;
#70 = ORIENTED_EDGE ( 'NONE', *, *, #943, .T. ) ;
#71 = DIRECTION ( 'NONE',  ( -0.000000000000000000, -1.000000000000000000, -0.000000000000000000 ) ) ;
#72 = DIRECTION ( 'NONE',  ( 1.000000000000000000, 0.000000000000000000, -0.000000000000000000 ) ) ;
#73 = AXIS2_PLACEMENT_3D ( 'NONE', #684, #513, #918 ) ;
#74 = VECTOR ( 'NONE', #967, 1000.000000000000000 ) ;
#75 = VERTEX_POINT ( 'NONE', #1702 ) ;
#76 = CIRCLE ( 'NONE', #526, 2.000000000000000000 ) ;
#77 = CARTESIAN_POINT ( 'NONE',  ( -11.45891610559597851, -2.500000000000000000, 18.53242237750208332 ) ) ;
#78 = FACE_OUTER_BOUND ( 'NONE', #1345, .T. ) ;
#79 = CARTESIAN_POINT ( 'NONE',  ( 10.49999999999997335, 0.000000000000000000, -18.72493718553310416 ) ) ;
#80 = AXIS2_PLACEMENT_3D ( 'NONE', #1927, #535, #1324 ) ;
#81 = EDGE_CURVE ( 'NONE', #1898, #1850, #1660, .T. ) ;
#82 = ORIENTED_EDGE ( 'NONE', *, *, #1865, .F. ) ;
#83 = CARTESIAN_POINT ( 'NONE',  ( 10.50000000000000000, 0.000000000000000000, -19.75000000000000355 ) ) ;
#84 = LINE ( 'NONE', #455, #1686 ) ;
#85 = CIRCLE ( 'NONE', #1722, 4.999999999999999112 ) ;
#86 = EDGE_CURVE ( 'NONE', #523, #2072, #924, .T. ) ;
#87 = ORIENTED_EDGE ( 'NONE', *, *, #996, .F. ) ;
#88 = DIRECTION ( 'NONE',  ( 0.000000000000000000, 0.000000000000000000, 1.000000000000000000 ) ) ;
#89 = CARTESIAN_POINT ( 'NONE',  ( -10.50000000000000000, -15.00000000000000178, -13.75000000000000178 ) ) ;
#90 = FACE_OUTER_BOUND ( 'NONE', #1004, .T. ) ;
#91 = DIRECTION ( 'NONE',  ( 0.000000000000000000, -1.000000000000000000, -4.336808689942013299E-16 ) ) ;
#92 = LINE ( 'NONE', #2079, #1694 ) ;
#93 = ORIENTED_EDGE ( 'NONE', *, *, #29, .T. ) ;
#94 = CARTESIAN_POINT ( 'NONE',  ( 16.50000000000000000, -7.799999999999998046, -2.044495525258383509E-15 ) ) ;
#95 = EDGE_CURVE ( 'NONE', #403, #950, #516, .T. ) ;
#96 = ORIENTED_EDGE ( 'NONE', *, *, #2330, .T. ) ;
#97 = LINE ( 'NONE', #1504, #780 ) ;
#98 = EDGE_CURVE ( 'NONE', #1483, #8, #1115, .T. ) ;
#99 = DIRECTION ( 'NONE',  ( 0.000000000000000000, -8.673617379884042375E-16, -1.000000000000000000 ) ) ;
#100 = TOROIDAL_SURFACE ( 'NONE', #380, 4.000000000000000000, 2.000000000000000000 ) ;
#101 = PLANE ( 'NONE',  #2323 ) ;
#102 = LINE ( 'NONE', #1915, #2178 ) ;
#103 = DIRECTION ( 'NONE',  ( -1.000000000000000000, 0.000000000000000000, -0.000000000000000000 ) ) ;
#104 = ORIENTED_EDGE ( 'NONE', *, *, #2126, .F. ) ;
#105 = CARTESIAN_POINT ( 'NONE',  ( -15.00000000000000000, -2.500000000000000000, 13.74999999999996625 ) ) ;
#106 = ORIENTED_EDGE ( 'NONE', *, *, #2162, .T. ) ;
#107 = CARTESIAN_POINT ( 'NONE',  ( 14.99999999999999645, -13.00000000000000000, 13.50000000000000178 ) ) ;
#108 = ADVANCED_FACE ( 'NONE', ( #1502 ), #496, .F. ) ;
#109 = EDGE_CURVE ( 'NONE', #2196, #1973, #293, .T. ) ;
#110 = CARTESIAN_POINT ( 'NONE',  ( -15.00000000000000000, 0.000000000000000000, 13.74999999999996625 ) ) ;
#111 = AXIS2_PLACEMENT_3D ( 'NONE', #1019, #1049, #1441 ) ;
#112 = CARTESIAN_POINT ( 'NONE',  ( 9.999999999999996447, -9.000000000000000000, -13.50000000000000000 ) ) ;
#113 = DIRECTION ( 'NONE',  ( -0.000000000000000000, 1.000000000000000000, -0.000000000000000000 ) ) ;
#114 = DIRECTION ( 'NONE',  ( 1.000000000000000000, 0.000000000000000000, -0.000000000000000000 ) ) ;
#115 = VECTOR ( 'NONE', #1224, 1000.000000000000000 ) ;
#116 = AXIS2_PLACEMENT_3D ( 'NONE', #2180, #1522, #1338 ) ;
#117 = ORIENTED_EDGE ( 'NONE', *, *, #1864, .T. ) ;
#118 = LINE ( 'NONE', #94, #700 ) ;
#119 = AXIS2_PLACEMENT_3D ( 'NONE', #89, #308, #879 ) ;
#120 = VECTOR ( 'NONE', #791, 1000.000000000000000 ) ;
#121 = ORIENTED_EDGE ( 'NONE', *, *, #960, .F. ) ;
#122 = DIRECTION ( 'NONE',  ( 0.000000000000000000, 0.000000000000000000, -1.000000000000000000 ) ) ;
#123 = CIRCLE ( 'NONE', #826, 4.999999999999999112 ) ;
#124 = ORIENTED_EDGE ( 'NONE', *, *, #109, .T. ) ;
#125 = PLANE ( 'NONE',  #1433 ) ;
#126 = EDGE_CURVE ( 'NONE', #1891, #1223, #118, .T. ) ;
#127 = CARTESIAN_POINT ( 'NONE',  ( -15.00000000000000178, 0.000000000000000000, -0.000000000000000000 ) ) ;
#128 = CARTESIAN_POINT ( 'NONE',  ( 0.000000000000000000, -7.799999999999999822, 10.00000000000000000 ) ) ;
#129 = ORIENTED_EDGE ( 'NONE', *, *, #1865, .T. ) ;
#130 = DIRECTION ( 'NONE',  ( 0.000000000000000000, 0.000000000000000000, -1.000000000000000000 ) ) ;
#131 = AXIS2_PLACEMENT_3D ( 'NONE', #128, #310, #114 ) ;
#132 = VERTEX_POINT ( 'NONE', #884 ) ;
#133 = PLANE ( 'NONE',  #1193 ) ;
#134 = ORIENTED_EDGE ( 'NONE', *, *, #47, .F. ) ;
#135 = FACE_OUTER_BOUND ( 'NONE', #1846, .T. ) ;
#136 = EDGE_LOOP ( 'NONE', ( #1945, #159, #2109, #331, #106, #117 ) ) ;
#137 = LINE ( 'NONE', #1698, #442 ) ;
#138 = DIRECTION ( 'NONE',  ( -0.8332869074031272749, 0.000000000000000000, -0.5528407817360545540 ) ) ;
#139 = VECTOR ( 'NONE', #2424, 1000.000000000000000 ) ;
#140 = EDGE_CURVE ( 'NONE', #2482, #155, #528, .T. ) ;
#141 = EDGE_CURVE ( 'NONE', #929, #842, #2300, .T. ) ;
#142 = ORIENTED_EDGE ( 'NONE', *, *, #231, .T. ) ;
#143 = CARTESIAN_POINT ( 'NONE',  ( -10.50000000000000000, -17.00000000000000000, -17.75000000000000711 ) ) ;
#144 = LINE ( 'NONE', #740, #1893 ) ;
#145 = VERTEX_POINT ( 'NONE', #2254 ) ;
#146 = CARTESIAN_POINT ( 'NONE',  ( -10.49999999999995737, 0.000000000000000000, 20.24999999999999645 ) ) ;
#147 = ORIENTED_EDGE ( 'NONE', *, *, #633, .F. ) ;
#148 = FACE_OUTER_BOUND ( 'NONE', #1998, .T. ) ;
#149 = CARTESIAN_POINT ( 'NONE',  ( -12.03964550972431091, -2.500000000000000444, 18.14713983567510169 ) ) ;
#150 = AXIS2_PLACEMENT_3D ( 'NONE', #1453, #434, #277 ) ;
#151 = EDGE_LOOP ( 'NONE', ( #440, #741, #1632, #2141 ) ) ;
#152 = DIRECTION ( 'NONE',  ( 0.000000000000000000, 2.168404344971008868E-16, 1.000000000000000000 ) ) ;
#153 = EDGE_CURVE ( 'NONE', #596, #1800, #1101, .T. ) ;
#154 = EDGE_CURVE ( 'NONE', #1663, #1425, #1230, .T. ) ;
#155 = VERTEX_POINT ( 'NONE', #2082 ) ;
#156 = CARTESIAN_POINT ( 'NONE',  ( -15.00000000000000000, -2.500000000000000000, -13.74999999999996270 ) ) ;
#157 = VECTOR ( 'NONE', #1531, 1000.000000000000000 ) ;
#158 = VECTOR ( 'NONE', #901, 1000.000000000000000 ) ;
#159 = ORIENTED_EDGE ( 'NONE', *, *, #472, .T. ) ;
#160 = LINE ( 'NONE', #1097, #260 ) ;
#161 = CARTESIAN_POINT ( 'NONE',  ( -13.00000000000000178, -13.00000000000000000, -13.49999999999999645 ) ) ;
#162 = AXIS2_PLACEMENT_3D ( 'NONE', #2393, #1813, #678 ) ;
#163 = DIRECTION ( 'NONE',  ( 0.8332869074031280521, 0.000000000000000000, -0.5528407817360535548 ) ) ;
#164 = CARTESIAN_POINT ( 'NONE',  ( -10.50000000000000000, 0.000000000000000000, -13.75000000000000178 ) ) ;
#165 = ORIENTED_EDGE ( 'NONE', *, *, #386, .F. ) ;
#166 = CARTESIAN_POINT ( 'NONE',  ( -15.00000000000000178, -1.499999999999999334, -1.734723475976806355E-16 ) ) ;
#167 = DIRECTION ( 'NONE',  ( 0.000000000000000000, -1.000000000000000000, -0.000000000000000000 ) ) ;
#168 = VERTEX_POINT ( 'NONE', #143 ) ;
#169 = CARTESIAN_POINT ( 'NONE',  ( 9.999999999999962697, -15.00000000000000000, -16.49999999999999289 ) ) ;
#170 = VERTEX_POINT ( 'NONE', #911 ) ;
#171 = EDGE_CURVE ( 'NONE', #403, #1129, #314, .T. ) ;
#172 = LINE ( 'NONE', #222, #637 ) ;
#173 = DIRECTION ( 'NONE',  ( -1.000000000000000000, -0.000000000000000000, -0.000000000000000000 ) ) ;
#174 = ORIENTED_EDGE ( 'NONE', *, *, #1371, .T. ) ;
#175 = LINE ( 'NONE', #2123, #1547 ) ;
#176 = CARTESIAN_POINT ( 'NONE',  ( -10.00000000000000355, -9.000000000000000000, 18.50000000000000000 ) ) ;
#177 = EDGE_LOOP ( 'NONE', ( #1755, #453, #2190, #723 ) ) ;
#178 = FACE_BOUND ( 'NONE', #1845, .T. ) ;
#179 = LINE ( 'NONE', #582, #1443 ) ;
#180 = ORIENTED_EDGE ( 'NONE', *, *, #275, .F. ) ;
#181 = DIRECTION ( 'NONE',  ( 0.000000000000000000, 0.000000000000000000, 1.000000000000000000 ) ) ;
#182 = ORIENTED_EDGE ( 'NONE', *, *, #2210, .T. ) ;
#183 = LINE ( 'NONE', #976, #2182 ) ;
#184 = EDGE_CURVE ( 'NONE', #1598, #1059, #935, .T. ) ;
#185 = ADVANCED_FACE ( 'NONE', ( #1457 ), #2267, .T. ) ;
#186 = CARTESIAN_POINT ( 'NONE',  ( -15.00000000000000000, -2.500000000000000000, 13.74999999999996625 ) ) ;
#187 = CARTESIAN_POINT ( 'NONE',  ( 12.03964550972428604, -2.500000000000000444, 18.14713983567511590 ) ) ;
#188 = ORIENTED_EDGE ( 'NONE', *, *, #2317, .F. ) ;
#189 = FACE_BOUND ( 'NONE', #2281, .T. ) ;
#190 = CARTESIAN_POINT ( 'NONE',  ( 10.50000000000000533, -9.000000000000000000, 14.24999999999999822 ) ) ;
#191 = AXIS2_PLACEMENT_3D ( 'NONE', #830, #1617, #1804 ) ;
#192 = ORIENTED_EDGE ( 'NONE', *, *, #1798, .T. ) ;
#193 = CARTESIAN_POINT ( 'NONE',  ( 14.99999999999999645, -7.799999999999999822, 0.000000000000000000 ) ) ;
#194 = VECTOR ( 'NONE', #2139, 1000.000000000000000 ) ;
#195 = ORIENTED_EDGE ( 'NONE', *, *, #1783, .F. ) ;
#196 = DIRECTION ( 'NONE',  ( 1.000000000000000000, 0.000000000000000000, 0.000000000000000000 ) ) ;
#197 = CARTESIAN_POINT ( 'NONE',  ( 16.50000000000000000, -7.799999999999998046, 6.000000000000000000 ) ) ;
#198 = EDGE_LOOP ( 'NONE', ( #802, #2215, #1587, #958, #866, #667 ) ) ;
#199 = PLANE ( 'NONE',  #1888 ) ;
#200 = ADVANCED_FACE ( 'NONE', ( #1367 ), #352, .F. ) ;
#201 = CARTESIAN_POINT ( 'NONE',  ( 15.00000000000000355, 0.000000000000000000, -13.74999999999996625 ) ) ;
#202 = VECTOR ( 'NONE', #1771, 1000.000000000000000 ) ;
#203 = VERTEX_POINT ( 'NONE', #2115 ) ;
#204 = DIRECTION ( 'NONE',  ( 0.000000000000000000, 1.000000000000000000, 0.000000000000000000 ) ) ;
#205 = CYLINDRICAL_SURFACE ( 'NONE', #1552, 1.999999999999998224 ) ;
#206 = DIRECTION ( 'NONE',  ( -0.000000000000000000, 1.000000000000000000, 0.000000000000000000 ) ) ;
#207 = ORIENTED_EDGE ( 'NONE', *, *, #2026, .T. ) ;
#208 = CARTESIAN_POINT ( 'NONE',  ( 10.00000000000000533, 0.000000000000000000, -13.75000000000000178 ) ) ;
#209 = VECTOR ( 'NONE', #228, 1000.000000000000000 ) ;
#210 = ORIENTED_EDGE ( 'NONE', *, *, #1700, .T. ) ;
#211 = ORIENTED_EDGE ( 'NONE', *, *, #1917, .T. ) ;
#212 = CARTESIAN_POINT ( 'NONE',  ( 10.50000000000000533, -9.000000000000000000, 14.24999999999999822 ) ) ;
#213 = EDGE_CURVE ( 'NONE', #2201, #2050, #565, .T. ) ;
#214 = ORIENTED_EDGE ( 'NONE', *, *, #1518, .F. ) ;
#215 = FACE_OUTER_BOUND ( 'NONE', #2278, .T. ) ;
#216 = DIRECTION ( 'NONE',  ( 1.000000000000000000, -0.000000000000000000, -0.000000000000000000 ) ) ;
#217 = ADVANCED_FACE ( 'NONE', ( #2157 ), #1939, .T. ) ;
#218 = EDGE_CURVE ( 'NONE', #1223, #2482, #1149, .T. ) ;
#219 = ORIENTED_EDGE ( 'NONE', *, *, #424, .F. ) ;
#220 = DIRECTION ( 'NONE',  ( 0.000000000000000000, -1.000000000000000000, 0.000000000000000000 ) ) ;
#221 = ORIENTED_EDGE ( 'NONE', *, *, #1268, .F. ) ;
#222 = CARTESIAN_POINT ( 'NONE',  ( 10.49999999999999645, -7.799999999999999822, 10.00000000000000000 ) ) ;
#223 = ORIENTED_EDGE ( 'NONE', *, *, #508, .F. ) ;
#224 = FACE_OUTER_BOUND ( 'NONE', #2288, .T. ) ;
#225 = ORIENTED_EDGE ( 'NONE', *, *, #2194, .T. ) ;
#226 = CARTESIAN_POINT ( 'NONE',  ( -10.00000000000000355, -13.00000000000000000, -18.49999999999999645 ) ) ;
#227 = DIRECTION ( 'NONE',  ( 0.000000000000000000, 0.000000000000000000, 1.000000000000000000 ) ) ;
#228 = DIRECTION ( 'NONE',  ( -0.000000000000000000, -1.156482317317871478E-16, 1.000000000000000000 ) ) ;
#229 = ORIENTED_EDGE ( 'NONE', *, *, #1450, .F. ) ;
#230 = CARTESIAN_POINT ( 'NONE',  ( -16.50000000000000000, -5.599999999999999645, 11.50033428532089275 ) ) ;
#231 = EDGE_CURVE ( 'NONE', #462, #18, #1712, .T. ) ;
#232 = ORIENTED_EDGE ( 'NONE', *, *, #794, .T. ) ;
#233 = CARTESIAN_POINT ( 'NONE',  ( 10.49999999999999467, -7.799999999999999822, -9.107298248878233301E-16 ) ) ;
#234 = VERTEX_POINT ( 'NONE', #1330 ) ;
#235 = CARTESIAN_POINT ( 'NONE',  ( 10.50000000000000000, -17.00000000000000000, -17.75000000000000000 ) ) ;
#236 = CIRCLE ( 'NONE', #944, 2.000000000000000000 ) ;
#237 = AXIS2_PLACEMENT_3D ( 'NONE', #2457, #1298, #2085 ) ;
#238 = ORIENTED_EDGE ( 'NONE', *, *, #726, .F. ) ;
#239 = LINE ( 'NONE', #1018, #968 ) ;
#240 = DIRECTION ( 'NONE',  ( -0.000000000000000000, 1.000000000000000000, -0.000000000000000000 ) ) ;
#241 = CARTESIAN_POINT ( 'NONE',  ( 16.50000000000000000, -7.799999999999999822, -6.000000000000000000 ) ) ;
#242 = STYLED_ITEM ( 'NONE', ( #1589 ), #2236 ) ;
#243 = EDGE_LOOP ( 'NONE', ( #1921, #134, #1360, #2031 ) ) ;
#244 = CARTESIAN_POINT ( 'NONE',  ( -36.00000000000000000, -3.500000000000002220, -9.750000000000003553 ) ) ;
#245 = ORIENTED_EDGE ( 'NONE', *, *, #2512, .T. ) ;
#246 = CYLINDRICAL_SURFACE ( 'NONE', #865, 2.000000000000000000 ) ;
#247 = EDGE_CURVE ( 'NONE', #8, #2320, #2322, .T. ) ;
#248 = ORIENTED_EDGE ( 'NONE', *, *, #2293, .F. ) ;
#249 = AXIS2_PLACEMENT_3D ( 'NONE', #1314, #525, #1897 ) ;
#250 = CARTESIAN_POINT ( 'NONE',  ( 16.50000000000000000, -15.00000000000000178, -13.75000000000000355 ) ) ;
#251 = ORIENTED_EDGE ( 'NONE', *, *, #595, .T. ) ;
#252 =( NAMED_UNIT ( * ) SI_UNIT ( $, .STERADIAN. ) SOLID_ANGLE_UNIT ( ) );
#253 = CARTESIAN_POINT ( 'NONE',  ( -10.00000000000000178, -15.00000000000000000, 13.50000000000000355 ) ) ;
#254 = DIRECTION ( 'NONE',  ( 0.000000000000000000, 0.000000000000000000, -1.000000000000000000 ) ) ;
#255 = ORIENTED_EDGE ( 'NONE', *, *, #1181, .F. ) ;
#256 = ORIENTED_EDGE ( 'NONE', *, *, #2, .T. ) ;
#257 = DIRECTION ( 'NONE',  ( 0.000000000000000000, -1.000000000000000000, 0.000000000000000000 ) ) ;
#258 = ORIENTED_EDGE ( 'NONE', *, *, #1045, .F. ) ;
#259 = CARTESIAN_POINT ( 'NONE',  ( -16.50000000000000000, -5.599999999999998757, 3.000334285320895855 ) ) ;
#260 = VECTOR ( 'NONE', #1254, 1000.000000000000000 ) ;
#261 = CARTESIAN_POINT ( 'NONE',  ( -10.50000000000000178, -17.00000000000000000, 14.24999999999999822 ) ) ;
#262 = ADVANCED_FACE ( 'NONE', ( #552 ), #971, .T. ) ;
#263 = ORIENTED_EDGE ( 'NONE', *, *, #598, .T. ) ;
#264 = DIRECTION ( 'NONE',  ( -1.239088197126292789E-16, -0.000000000000000000, -1.000000000000000000 ) ) ;
#265 = LINE ( 'NONE', #1061, #1716 ) ;
#266 = DIRECTION ( 'NONE',  ( 0.000000000000000000, 0.000000000000000000, 1.000000000000000000 ) ) ;
#267 = EDGE_CURVE ( 'NONE', #596, #1663, #1165, .T. ) ;
#268 = ORIENTED_EDGE ( 'NONE', *, *, #1463, .T. ) ;
#269 = DIRECTION ( 'NONE',  ( 0.000000000000000000, 0.000000000000000000, 1.000000000000000000 ) ) ;
#270 = CARTESIAN_POINT ( 'NONE',  ( 10.50000000000000000, -17.00000000000000000, -13.75000000000000355 ) ) ;
#271 = EDGE_LOOP ( 'NONE', ( #1383, #1541, #1770, #22 ) ) ;
#272 = CARTESIAN_POINT ( 'NONE',  ( 14.99999999999999645, -7.799999999999999822, -2.000000000000000000 ) ) ;
#273 = VECTOR ( 'NONE', #1243, 1000.000000000000000 ) ;
#274 = DIRECTION ( 'NONE',  ( 0.000000000000000000, -1.000000000000000000, 0.000000000000000000 ) ) ;
#275 = EDGE_CURVE ( 'NONE', #523, #1726, #2497, .T. ) ;
#276 = CARTESIAN_POINT ( 'NONE',  ( 15.00000000000000178, 0.000000000000000000, 13.74999999999995914 ) ) ;
#277 = DIRECTION ( 'NONE',  ( 1.000000000000000000, 0.000000000000000000, -7.806255641895625614E-15 ) ) ;
#278 = FACE_OUTER_BOUND ( 'NONE', #1706, .T. ) ;
#279 = VECTOR ( 'NONE', #629, 1000.000000000000000 ) ;
#280 = ORIENTED_EDGE ( 'NONE', *, *, #2500, .F. ) ;
#281 = CARTESIAN_POINT ( 'NONE',  ( -15.00000000000000178, -5.500000000000000000, -0.000000000000000000 ) ) ;
#282 = CARTESIAN_POINT ( 'NONE',  ( 15.00000000000000178, -2.500000000000000000, 13.74999999999995914 ) ) ;
#283 = VECTOR ( 'NONE', #761, 1000.000000000000000 ) ;
#284 = ORIENTED_EDGE ( 'NONE', *, *, #335, .F. ) ;
#285 = DIRECTION ( 'NONE',  ( 0.000000000000000000, 0.000000000000000000, 1.000000000000000000 ) ) ;
#286 = DIRECTION ( 'NONE',  ( 0.000000000000000000, 0.000000000000000000, 1.000000000000000000 ) ) ;
#287 = AXIS2_PLACEMENT_3D ( 'NONE', #423, #1406, #816 ) ;
#288 = CIRCLE ( 'NONE', #1734, 3.000000000000000888 ) ;
#289 = CARTESIAN_POINT ( 'NONE',  ( -15.00000000000000355, -9.000000000000000000, -11.99999999999999645 ) ) ;
#290 = DIRECTION ( 'NONE',  ( 0.000000000000000000, 0.000000000000000000, -1.000000000000000000 ) ) ;
#291 = PLANE ( 'NONE',  #1629 ) ;
#292 = ORIENTED_EDGE ( 'NONE', *, *, #2501, .T. ) ;
#293 = LINE ( 'NONE', #2463, #41 ) ;
#294 = EDGE_CURVE ( 'NONE', #1175, #1177, #1344, .T. ) ;
#295 = ADVANCED_FACE ( 'NONE', ( #1953 ), #792, .T. ) ;
#296 = ORIENTED_EDGE ( 'NONE', *, *, #1532, .F. ) ;
#297 = CARTESIAN_POINT ( 'NONE',  ( 14.99999999999999645, -7.799999999999999822, 6.000000000000000000 ) ) ;
#298 = CARTESIAN_POINT ( 'NONE',  ( 5.499999999999961808, -9.000000000000000000, -19.75000000000000711 ) ) ;
#299 = CARTESIAN_POINT ( 'NONE',  ( 14.50000000000000533, -17.00000000000000000, 14.24999999999996980 ) ) ;
#300 = CARTESIAN_POINT ( 'NONE',  ( 10.50000000000000533, 0.000000000000000000, 14.24999999999999822 ) ) ;
#301 = LINE ( 'NONE', #2089, #1248 ) ;
#302 = ORIENTED_EDGE ( 'NONE', *, *, #218, .F. ) ;
#303 = DIRECTION ( 'NONE',  ( 0.000000000000000000, 1.000000000000000000, 0.000000000000000000 ) ) ;
#304 = VERTEX_POINT ( 'NONE', #2169 ) ;
#305 = ADVANCED_FACE ( 'NONE', ( #1525 ), #2129, .T. ) ;
#306 = CARTESIAN_POINT ( 'NONE',  ( 10.50000000000000000, -9.000000000000000000, -19.75000000000000355 ) ) ;
#307 = ORIENTED_EDGE ( 'NONE', *, *, #2056, .T. ) ;
#308 = DIRECTION ( 'NONE',  ( -0.000000000000000000, 1.000000000000000000, -0.000000000000000000 ) ) ;
#309 = CARTESIAN_POINT ( 'NONE',  ( 5.499999999999961808, -9.000000000000000000, -19.75000000000000711 ) ) ;
#310 = DIRECTION ( 'NONE',  ( 0.000000000000000000, -0.000000000000000000, 1.000000000000000000 ) ) ;
#311 = VECTOR ( 'NONE', #1871, 1000.000000000000000 ) ;
#312 = AXIS2_PLACEMENT_3D ( 'NONE', #375, #744, #1777 ) ;
#313 = ORIENTED_EDGE ( 'NONE', *, *, #47, .T. ) ;
#314 = LINE ( 'NONE', #1899, #1854 ) ;
#315 = VECTOR ( 'NONE', #173, 1000.000000000000000 ) ;
#316 = VECTOR ( 'NONE', #2214, 1000.000000000000000 ) ;
#317 = ORIENTED_EDGE ( 'NONE', *, *, #840, .T. ) ;
#318 = CARTESIAN_POINT ( 'NONE',  ( -10.00000000000000000, -2.500000000000000000, 13.75000000000000178 ) ) ;
#319 = CIRCLE ( 'NONE', #661, 2.000000000000000000 ) ;
#320 =( GEOMETRIC_REPRESENTATION_CONTEXT ( 3 ) GLOBAL_UNCERTAINTY_ASSIGNED_CONTEXT ( ( #1228 ) ) GLOBAL_UNIT_ASSIGNED_CONTEXT ( ( #621, #2221, #252 ) ) REPRESENTATION_CONTEXT ( 'NONE', 'WORKASPACE' ) );
#321 = EDGE_CURVE ( 'NONE', #2213, #1483, #179, .T. ) ;
#322 = ORIENTED_EDGE ( 'NONE', *, *, #754, .T. ) ;
#323 = EDGE_CURVE ( 'NONE', #1701, #333, #1966, .T. ) ;
#324 = ADVANCED_FACE ( 'NONE', ( #1982 ), #2522, .T. ) ;
#325 = VECTOR ( 'NONE', #1754, 1000.000000000000000 ) ;
#326 = DIRECTION ( 'NONE',  ( 0.000000000000000000, 1.000000000000000000, 0.000000000000000000 ) ) ;
#327 = DIRECTION ( 'NONE',  ( -8.673617379884035472E-17, 0.000000000000000000, -1.000000000000000000 ) ) ;
#328 = VERTEX_POINT ( 'NONE', #540 ) ;
#329 = DIRECTION ( 'NONE',  ( -1.000000000000000000, -0.000000000000000000, -0.000000000000000000 ) ) ;
#330 = CARTESIAN_POINT ( 'NONE',  ( -36.00000000000000000, 0.000000000000000000, -9.750000000000003553 ) ) ;
#331 = ORIENTED_EDGE ( 'NONE', *, *, #851, .T. ) ;
#332 = CARTESIAN_POINT ( 'NONE',  ( -9.999999999999960920, -15.00000000000000000, -16.49999999999999289 ) ) ;
#333 = VERTEX_POINT ( 'NONE', #1050 ) ;
#334 = LINE ( 'NONE', #711, #2265 ) ;
#335 = EDGE_CURVE ( 'NONE', #2050, #1083, #1226, .T. ) ;
#336 = CARTESIAN_POINT ( 'NONE',  ( 16.50000000000000000, -5.799999999999998046, 10.00000000000000000 ) ) ;
#337 = VECTOR ( 'NONE', #2250, 1000.000000000000000 ) ;
#338 = EDGE_LOOP ( 'NONE', ( #1341, #1690, #1964, #883 ) ) ;
#339 = ADVANCED_FACE ( 'NONE', ( #1820 ), #2240, .F. ) ;
#340 = CARTESIAN_POINT ( 'NONE',  ( -36.00000000000000000, -5.500000000000000000, 0.000000000000000000 ) ) ;
#341 = ORIENTED_EDGE ( 'NONE', *, *, #2473, .T. ) ;
#342 = CARTESIAN_POINT ( 'NONE',  ( 14.99999999999999645, 0.000000000000000000, -6.000000000000000000 ) ) ;
#343 = VERTEX_POINT ( 'NONE', #1417 ) ;
#344 = LINE ( 'NONE', #1855, #2203 ) ;
#345 = DIRECTION ( 'NONE',  ( 0.000000000000000000, -1.000000000000000000, 0.000000000000000000 ) ) ;
#346 = ORIENTED_EDGE ( 'NONE', *, *, #1748, .T. ) ;
#347 = LINE ( 'NONE', #953, #2538 ) ;
#348 = DIRECTION ( 'NONE',  ( -5.782411586589337917E-16, 0.000000000000000000, 1.000000000000000000 ) ) ;
#349 = ADVANCED_FACE ( 'NONE', ( #805 ), #1627, .F. ) ;
#350 = ORIENTED_EDGE ( 'NONE', *, *, #2041, .F. ) ;
#351 = CARTESIAN_POINT ( 'NONE',  ( 14.99999999999999645, -5.800000000000000711, -6.000000000000000000 ) ) ;
#352 = PLANE ( 'NONE',  #706 ) ;
#353 = CIRCLE ( 'NONE', #2499, 2.000000000000000000 ) ;
#354 = ORIENTED_EDGE ( 'NONE', *, *, #2500, .T. ) ;
#355 = DIRECTION ( 'NONE',  ( 0.000000000000000000, -0.000000000000000000, -1.000000000000000000 ) ) ;
#356 = AXIS2_PLACEMENT_3D ( 'NONE', #261, #1057, #1642 ) ;
#357 = AXIS2_PLACEMENT_3D ( 'NONE', #2498, #519, #1887 ) ;
#358 = ORIENTED_EDGE ( 'NONE', *, *, #1461, .T. ) ;
#359 = CARTESIAN_POINT ( 'NONE',  ( 0.000000000000000000, 0.000000000000000000, 20.24999999999999645 ) ) ;
#360 = LINE ( 'NONE', #1972, #2427 ) ;
#361 = VECTOR ( 'NONE', #1796, 1000.000000000000000 ) ;
#362 = FACE_OUTER_BOUND ( 'NONE', #1235, .T. ) ;
#363 = DIRECTION ( 'NONE',  ( 0.000000000000000000, 0.000000000000000000, -1.000000000000000000 ) ) ;
#364 = ORIENTED_EDGE ( 'NONE', *, *, #65, .F. ) ;
#365 = CARTESIAN_POINT ( 'NONE',  ( 14.99999999999999645, 0.000000000000000000, 0.000000000000000000 ) ) ;
#366 = CARTESIAN_POINT ( 'NONE',  ( -16.50000000000000000, -9.000000000000001776, 5.249999999999994671 ) ) ;
#367 = VERTEX_POINT ( 'NONE', #56 ) ;
#368 = CARTESIAN_POINT ( 'NONE',  ( 14.99999999999999645, -7.799999999999999822, -9.999999999999998224 ) ) ;
#369 = EDGE_CURVE ( 'NONE', #1779, #2201, #2198, .T. ) ;
#370 = ADVANCED_FACE ( 'NONE', ( #2426 ), #2005, .T. ) ;
#371 = ORIENTED_EDGE ( 'NONE', *, *, #2125, .F. ) ;
#372 = DIRECTION ( 'NONE',  ( 0.000000000000000000, -1.000000000000000000, 0.000000000000000000 ) ) ;
#373 = LINE ( 'NONE', #1169, #402 ) ;
#374 = ORIENTED_EDGE ( 'NONE', *, *, #2290, .F. ) ;
#375 = CARTESIAN_POINT ( 'NONE',  ( 10.50000000000000000, 0.000000000000000000, -13.75000000000000355 ) ) ;
#376 = CARTESIAN_POINT ( 'NONE',  ( 9.999999999999960920, -19.00000000000000000, 18.50000000000000000 ) ) ;
#377 = ORIENTED_EDGE ( 'NONE', *, *, #1134, .F. ) ;
#378 = FACE_OUTER_BOUND ( 'NONE', #1102, .T. ) ;
#379 = CARTESIAN_POINT ( 'NONE',  ( 10.50000000000000000, 0.000000000000000000, -19.75000000000000355 ) ) ;
#380 = AXIS2_PLACEMENT_3D ( 'NONE', #1464, #489, #2261 ) ;
#381 = ORIENTED_EDGE ( 'NONE', *, *, #1307, .T. ) ;
#382 = CARTESIAN_POINT ( 'NONE',  ( 11.50778576856570190, -9.000000000000000000, 18.50000000000000355 ) ) ;
#383 = ADVANCED_FACE ( 'NONE', ( #607 ), #994, .F. ) ;
#384 = ORIENTED_EDGE ( 'NONE', *, *, #2351, .T. ) ;
#385 = LINE ( 'NONE', #1733, #987 ) ;
#386 = EDGE_CURVE ( 'NONE', #1828, #777, #831, .T. ) ;
#387 = VERTEX_POINT ( 'NONE', #2017 ) ;
#388 = LINE ( 'NONE', #577, #1110 ) ;
#389 = DIRECTION ( 'NONE',  ( -1.000000000000000000, 0.000000000000000000, 0.000000000000000000 ) ) ;
#390 = ORIENTED_EDGE ( 'NONE', *, *, #960, .T. ) ;
#391 = SURFACE_STYLE_FILL_AREA ( #1803 ) ;
#392 = DIRECTION ( 'NONE',  ( -1.000000000000000000, 0.000000000000000000, 1.239088197126292789E-16 ) ) ;
#393 = CARTESIAN_POINT ( 'NONE',  ( -11.50778576856570368, -2.999999999999999112, 18.50000000000000355 ) ) ;
#394 = VECTOR ( 'NONE', #1545, 1000.000000000000000 ) ;
#395 = ORIENTED_EDGE ( 'NONE', *, *, #681, .F. ) ;
#396 = LINE ( 'NONE', #2377, #1318 ) ;
#397 = VECTOR ( 'NONE', #547, 1000.000000000000000 ) ;
#398 = AXIS2_PLACEMENT_3D ( 'NONE', #604, #1949, #757 ) ;
#399 = ORIENTED_EDGE ( 'NONE', *, *, #1831, .T. ) ;
#400 = CARTESIAN_POINT ( 'NONE',  ( 5.499999999999961808, -9.000000000000000000, -19.75000000000000711 ) ) ;
#401 = EDGE_CURVE ( 'NONE', #648, #2532, #1391, .T. ) ;
#402 = VECTOR ( 'NONE', #1959, 1000.000000000000000 ) ;
#403 = VERTEX_POINT ( 'NONE', #241 ) ;
#404 = AXIS2_PLACEMENT_3D ( 'NONE', #1922, #585, #355 ) ;
#405 = CARTESIAN_POINT ( 'NONE',  ( -16.50000000000000000, -9.000000000000000000, -9.750000000000003553 ) ) ;
#406 = EDGE_CURVE ( 'NONE', #2201, #1375, #844, .T. ) ;
#407 = ADVANCED_FACE ( 'NONE', ( #1608 ), #1618, .T. ) ;
#408 = VECTOR ( 'NONE', #2477, 1000.000000000000000 ) ;
#409 = ORIENTED_EDGE ( 'NONE', *, *, #996, .T. ) ;
#410 = DIRECTION ( 'NONE',  ( -1.000000000000000000, 0.000000000000000000, 0.000000000000000000 ) ) ;
#411 = LINE ( 'NONE', #645, #2274 ) ;
#412 = CARTESIAN_POINT ( 'NONE',  ( 9.999999999999960920, -13.00000000000000000, -18.49999999999999645 ) ) ;
#413 = CARTESIAN_POINT ( 'NONE',  ( -36.00000000000000000, 0.000000000000000000, -11.99999999999999645 ) ) ;
#414 = ORIENTED_EDGE ( 'NONE', *, *, #95, .F. ) ;
#415 = AXIS2_PLACEMENT_3D ( 'NONE', #2461, #921, #493 ) ;
#416 = VERTEX_POINT ( 'NONE', #1009 ) ;
#417 = DIRECTION ( 'NONE',  ( 0.000000000000000000, 0.000000000000000000, 1.000000000000000000 ) ) ;
#418 = EDGE_CURVE ( 'NONE', #2117, #1114, #411, .T. ) ;
#419 = ADVANCED_FACE ( 'NONE', ( #2223, #451, #1244, #2046 ), #1202, .F. ) ;
#420 = ORIENTED_EDGE ( 'NONE', *, *, #1583, .F. ) ;
#421 = DIRECTION ( 'NONE',  ( 0.000000000000000000, 1.000000000000000000, 0.000000000000000000 ) ) ;
#422 = DIRECTION ( 'NONE',  ( -1.000000000000000000, 0.000000000000000000, 0.000000000000000000 ) ) ;
#423 = CARTESIAN_POINT ( 'NONE',  ( 21.99999999999999645, 0.000000000000000000, 10.00000000000000000 ) ) ;
#424 = EDGE_CURVE ( 'NONE', #972, #75, #66, .T. ) ;
#425 = ORIENTED_EDGE ( 'NONE', *, *, #948, .T. ) ;
#426 = FACE_OUTER_BOUND ( 'NONE', #1411, .T. ) ;
#427 = CIRCLE ( 'NONE', #2249, 2.000000000000001776 ) ;
#428 = ORIENTED_EDGE ( 'NONE', *, *, #977, .T. ) ;
#429 = CARTESIAN_POINT ( 'NONE',  ( -10.00000000000000355, -13.00000000000000000, -13.49999999999999645 ) ) ;
#430 = ORIENTED_EDGE ( 'NONE', *, *, #153, .F. ) ;
#431 = CARTESIAN_POINT ( 'NONE',  ( 10.49999999999999467, -9.000000000000000000, -9.107298248878233301E-16 ) ) ;
#432 = ORIENTED_EDGE ( 'NONE', *, *, #2432, .F. ) ;
#433 = DIRECTION ( 'NONE',  ( -0.000000000000000000, 1.000000000000000000, -0.000000000000000000 ) ) ;
#434 = DIRECTION ( 'NONE',  ( 7.806255641895639813E-15, 0.000000000000000000, 1.000000000000000000 ) ) ;
#435 = CARTESIAN_POINT ( 'NONE',  ( -10.00000000000000178, -13.00000000000000000, 13.50000000000000355 ) ) ;
#436 = EDGE_CURVE ( 'NONE', #1205, #1979, #288, .T. ) ;
#437 = DIRECTION ( 'NONE',  ( 0.000000000000000000, 1.000000000000000000, 0.000000000000000000 ) ) ;
#438 = CARTESIAN_POINT ( 'NONE',  ( 5.499999999999960920, -2.500000000000000000, -18.75000000000000355 ) ) ;
#439 = CIRCLE ( 'NONE', #608, 2.999999999999997335 ) ;
#440 = ORIENTED_EDGE ( 'NONE', *, *, #2122, .F. ) ;
#441 = DIRECTION ( 'NONE',  ( 0.000000000000000000, 1.000000000000000000, 0.000000000000000000 ) ) ;
#442 = VECTOR ( 'NONE', #2262, 1000.000000000000000 ) ;
#443 = AXIS2_PLACEMENT_3D ( 'NONE', #1389, #433, #2003 ) ;
#444 = ORIENTED_EDGE ( 'NONE', *, *, #696, .F. ) ;
#445 = DIRECTION ( 'NONE',  ( -0.000000000000000000, 0.000000000000000000, 1.000000000000000000 ) ) ;
#446 = AXIS2_PLACEMENT_3D ( 'NONE', #2052, #274, #1072 ) ;
#447 = AXIS2_PLACEMENT_3D ( 'NONE', #1056, #88, #1599 ) ;
#448 = ORIENTED_EDGE ( 'NONE', *, *, #2006, .F. ) ;
#449 = LINE ( 'NONE', #1242, #139 ) ;
#450 = CARTESIAN_POINT ( 'NONE',  ( -36.00000000000000000, -9.000000000000000000, -11.99999999999999645 ) ) ;
#451 = FACE_BOUND ( 'NONE', #1741, .T. ) ;
#452 = AXIS2_PLACEMENT_3D ( 'NONE', #796, #610, #2171 ) ;
#453 = ORIENTED_EDGE ( 'NONE', *, *, #681, .T. ) ;
#454 = LINE ( 'NONE', #1010, #1682 ) ;
#455 = CARTESIAN_POINT ( 'NONE',  ( 11.45891610559596607, -2.500000000000000000, 18.53242237750208332 ) ) ;
#456 = EDGE_CURVE ( 'NONE', #1223, #1519, #623, .T. ) ;
#457 = ORIENTED_EDGE ( 'NONE', *, *, #2458, .F. ) ;
#458 = ADVANCED_FACE ( 'NONE', ( #1857 ), #1076, .F. ) ;
#459 = LINE ( 'NONE', #2039, #1931 ) ;
#460 = EDGE_CURVE ( 'NONE', #1175, #1807, #92, .T. ) ;
#461 = CARTESIAN_POINT ( 'NONE',  ( 12.99999999999999645, -15.00000000000000000, -13.49999999999999467 ) ) ;
#462 = VERTEX_POINT ( 'NONE', #79 ) ;
#463 = CARTESIAN_POINT ( 'NONE',  ( 9.999999999999994671, -9.000000000000000000, -13.49999999999999467 ) ) ;
#464 = DIRECTION ( 'NONE',  ( 0.000000000000000000, 0.000000000000000000, -1.000000000000000000 ) ) ;
#465 = DIRECTION ( 'NONE',  ( 0.000000000000000000, -0.000000000000000000, -1.000000000000000000 ) ) ;
#466 = EDGE_LOOP ( 'NONE', ( #2179, #2404, #2311, #825 ) ) ;
#467 = VERTEX_POINT ( 'NONE', #1699 ) ;
#468 = PLANE ( 'NONE',  #991 ) ;
#469 = ORIENTED_EDGE ( 'NONE', *, *, #696, .T. ) ;
#470 = CYLINDRICAL_SURFACE ( 'NONE', #36, 6.000000000000002665 ) ;
#471 = ADVANCED_FACE ( 'NONE', ( #278 ), #2443, .F. ) ;
#472 = EDGE_CURVE ( 'NONE', #1358, #1306, #301, .T. ) ;
#473 = CARTESIAN_POINT ( 'NONE',  ( 21.99999999999999645, -7.799999999999998046, -2.000000000000000000 ) ) ;
#474 = ADVANCED_FACE ( 'NONE', ( #1099 ), #477, .T. ) ;
#475 = LINE ( 'NONE', #1265, #2485 ) ;
#476 = CARTESIAN_POINT ( 'NONE',  ( 15.00000000000000178, -2.500000000000000000, 13.74999999999995914 ) ) ;
#477 = PLANE ( 'NONE',  #131 ) ;
#478 = PRODUCT_DEFINITION_SHAPE ( 'NONE', 'NONE',  #2409 ) ;
#479 = ORIENTED_EDGE ( 'NONE', *, *, #1957, .T. ) ;
#480 = CARTESIAN_POINT ( 'NONE',  ( 21.99999999999999645, -7.799999999999997158, 10.00000000000000000 ) ) ;
#481 = CARTESIAN_POINT ( 'NONE',  ( 21.99999999999999645, -5.799999999999998934, -2.000000000000000000 ) ) ;
#482 = ORIENTED_EDGE ( 'NONE', *, *, #1631, .F. ) ;
#483 = CARTESIAN_POINT ( 'NONE',  ( -10.50000000000000178, -15.00000000000000178, 14.24999999999999822 ) ) ;
#484 = DIRECTION ( 'NONE',  ( 7.806255641895625614E-15, 0.000000000000000000, 1.000000000000000000 ) ) ;
#485 = EDGE_CURVE ( 'NONE', #813, #2064, #2484, .T. ) ;
#486 = AXIS2_PLACEMENT_3D ( 'NONE', #1762, #768, #1544 ) ;
#487 = AXIS2_PLACEMENT_3D ( 'NONE', #1124, #2113, #2104 ) ;
#488 = CIRCLE ( 'NONE', #80, 2.000000000000001776 ) ;
#489 = DIRECTION ( 'NONE',  ( -0.000000000000000000, 1.000000000000000000, -0.000000000000000000 ) ) ;
#490 = DIRECTION ( 'NONE',  ( 0.000000000000000000, 1.000000000000000000, 0.000000000000000000 ) ) ;
#491 = EDGE_CURVE ( 'NONE', #1126, #852, #1500, .T. ) ;
#492 = EDGE_CURVE ( 'NONE', #1935, #416, #1671, .T. ) ;
#493 = DIRECTION ( 'NONE',  ( 0.000000000000000000, 0.000000000000000000, 1.000000000000000000 ) ) ;
#494 = AXIS2_PLACEMENT_3D ( 'NONE', #429, #627, #1220 ) ;
#495 = ORIENTED_EDGE ( 'NONE', *, *, #1450, .T. ) ;
#496 = PLANE ( 'NONE',  #2022 ) ;
#497 = CIRCLE ( 'NONE', #494, 4.999999999999999112 ) ;
#498 = VECTOR ( 'NONE', #1862, 1000.000000000000000 ) ;
#499 = ORIENTED_EDGE ( 'NONE', *, *, #86, .F. ) ;
#500 = FACE_OUTER_BOUND ( 'NONE', #584, .T. ) ;
#501 = CARTESIAN_POINT ( 'NONE',  ( 21.99999999999999645, -8.673617379884049672E-15, -10.00000000000000711 ) ) ;
#502 = LINE ( 'NONE', #670, #337 ) ;
#503 = CARTESIAN_POINT ( 'NONE',  ( 10.49999999999996625, -9.000000000000000000, -18.47493718553310060 ) ) ;
#504 = CARTESIAN_POINT ( 'NONE',  ( -10.50000000000000533, -17.00000000000000000, 18.24999999999999645 ) ) ;
#505 = ADVANCED_FACE ( 'NONE', ( #1479 ), #1466, .T. ) ;
#506 = ORIENTED_EDGE ( 'NONE', *, *, #870, .T. ) ;
#507 = CARTESIAN_POINT ( 'NONE',  ( -16.50000000000000000, -9.000000000000000000, -6.499999999999995559 ) ) ;
#508 = EDGE_CURVE ( 'NONE', #145, #1107, #748, .T. ) ;
#509 = ORIENTED_EDGE ( 'NONE', *, *, #1889, .F. ) ;
#510 = PLANE ( 'NONE',  #237 ) ;
#511 = EDGE_LOOP ( 'NONE', ( #377, #818, #2462, #1861 ) ) ;
#512 = FACE_OUTER_BOUND ( 'NONE', #1708, .T. ) ;
#513 = DIRECTION ( 'NONE',  ( 0.000000000000000000, 1.000000000000000000, 0.000000000000000000 ) ) ;
#514 = DIRECTION ( 'NONE',  ( 0.8332869074031280521, 0.000000000000000000, -0.5528407817360534438 ) ) ;
#515 = ORIENTED_EDGE ( 'NONE', *, *, #218, .T. ) ;
#516 = LINE ( 'NONE', #724, #703 ) ;
#517 = EDGE_CURVE ( 'NONE', #1692, #2241, #869, .T. ) ;
#518 = ORIENTED_EDGE ( 'NONE', *, *, #824, .T. ) ;
#519 = DIRECTION ( 'NONE',  ( 0.000000000000000000, 1.000000000000000000, -0.000000000000000000 ) ) ;
#520 = EDGE_CURVE ( 'NONE', #1726, #2117, #1454, .T. ) ;
#521 = ORIENTED_EDGE ( 'NONE', *, *, #81, .T. ) ;
#522 = CARTESIAN_POINT ( 'NONE',  ( -10.49999999999997335, -15.00000000000000178, 18.24999999999999645 ) ) ;
#523 = VERTEX_POINT ( 'NONE', #1646 ) ;
#524 = DIRECTION ( 'NONE',  ( -1.000000000000000000, -0.000000000000000000, -0.000000000000000000 ) ) ;
#525 = DIRECTION ( 'NONE',  ( 0.000000000000000000, 1.000000000000000000, 1.156482317317871478E-16 ) ) ;
#526 = AXIS2_PLACEMENT_3D ( 'NONE', #2518, #2318, #1363 ) ;
#527 = ORIENTED_EDGE ( 'NONE', *, *, #1637, .F. ) ;
#528 = LINE ( 'NONE', #2289, #910 ) ;
#529 = TOROIDAL_SURFACE ( 'NONE', #119, 4.000000000000002665, 2.000000000000000000 ) ;
#530 = AXIS2_PLACEMENT_3D ( 'NONE', #764, #750, #181 ) ;
#531 = ORIENTED_EDGE ( 'NONE', *, *, #154, .T. ) ;
#532 = CARTESIAN_POINT ( 'NONE',  ( 5.499999999999960920, -9.000000000000000000, -18.75000000000000355 ) ) ;
#533 = EDGE_CURVE ( 'NONE', #1216, #1494, #50, .T. ) ;
#534 = ORIENTED_EDGE ( 'NONE', *, *, #52, .F. ) ;
#535 = DIRECTION ( 'NONE',  ( 1.000000000000000000, 0.000000000000000000, 0.000000000000000000 ) ) ;
#536 = VERTEX_POINT ( 'NONE', #2057 ) ;
#537 = CARTESIAN_POINT ( 'NONE',  ( -0.000000000000000000, -9.000000000000000000, -10.00000000000000000 ) ) ;
#538 = DIRECTION ( 'NONE',  ( 1.000000000000000000, 0.000000000000000000, 0.000000000000000000 ) ) ;
#539 = ORIENTED_EDGE ( 'NONE', *, *, #1713, .F. ) ;
#540 = CARTESIAN_POINT ( 'NONE',  ( 14.50000000000000000, -17.00000000000000000, -13.75000000000000355 ) ) ;
#541 = PLANE ( 'NONE',  #1150 ) ;
#542 = ORIENTED_EDGE ( 'NONE', *, *, #1382, .F. ) ;
#543 = LINE ( 'NONE', #1841, #759 ) ;
#544 = CARTESIAN_POINT ( 'NONE',  ( 14.99999999999999645, -5.799999999999998934, -2.000000000000000000 ) ) ;
#545 = ORIENTED_EDGE ( 'NONE', *, *, #1374, .T. ) ;
#546 = LINE ( 'NONE', #186, #2337 ) ;
#547 = DIRECTION ( 'NONE',  ( 0.000000000000000000, 1.000000000000000000, -0.000000000000000000 ) ) ;
#548 = ADVANCED_FACE ( 'NONE', ( #1281 ), #291, .F. ) ;
#549 = AXIS2_PLACEMENT_3D ( 'NONE', #463, #683, #905 ) ;
#550 = ORIENTED_EDGE ( 'NONE', *, *, #386, .T. ) ;
#551 = DIRECTION ( 'NONE',  ( 1.239088197126292789E-16, 0.000000000000000000, 1.000000000000000000 ) ) ;
#552 = FACE_OUTER_BOUND ( 'NONE', #1918, .T. ) ;
#553 = ADVANCED_BREP_SHAPE_REPRESENTATION ( '\X2\96f64ef6\X0\1', ( #2236, #1661 ), #1052 ) ;
#554 = ORIENTED_EDGE ( 'NONE', *, *, #1326, .F. ) ;
#555 = CARTESIAN_POINT ( 'NONE',  ( 3.262932252432566533E-15, -15.00000000000000178, -19.75000000000000355 ) ) ;
#556 = ORIENTED_EDGE ( 'NONE', *, *, #247, .F. ) ;
#557 = DIRECTION ( 'NONE',  ( 1.000000000000000000, 0.000000000000000000, 0.000000000000000000 ) ) ;
#558 = VERTEX_POINT ( 'NONE', #894 ) ;
#559 = LINE ( 'NONE', #2329, #1636 ) ;
#560 = CARTESIAN_POINT ( 'NONE',  ( 14.99999999999999645, -7.799999999999999822, 10.00000000000000000 ) ) ;
#561 = ADVANCED_FACE ( 'NONE', ( #2474 ), #1303, .F. ) ;
#562 = ADVANCED_FACE ( 'NONE', ( #1328 ), #2546, .F. ) ;
#563 = ORIENTED_EDGE ( 'NONE', *, *, #1125, .T. ) ;
#564 = CYLINDRICAL_SURFACE ( 'NONE', #618, 2.000000000000001776 ) ;
#565 = LINE ( 'NONE', #366, #1117 ) ;
#566 = EDGE_CURVE ( 'NONE', #1573, #1776, #2344, .T. ) ;
#567 = EDGE_LOOP ( 'NONE', ( #2376, #313, #1090, #2188, #1491, #1047 ) ) ;
#568 = DIRECTION ( 'NONE',  ( 2.659909329831101792E-14, -0.000000000000000000, -1.000000000000000000 ) ) ;
#569 = VECTOR ( 'NONE', #654, 1000.000000000000000 ) ;
#570 = VECTOR ( 'NONE', #568, 1000.000000000000000 ) ;
#571 = ORIENTED_EDGE ( 'NONE', *, *, #2472, .T. ) ;
#572 = LINE ( 'NONE', #601, #1418 ) ;
#573 = DIRECTION ( 'NONE',  ( 1.074737692180379652E-31, -1.000000000000000000, 8.673617379884042375E-16 ) ) ;
#574 = VECTOR ( 'NONE', #1795, 1000.000000000000000 ) ;
#575 = AXIS2_PLACEMENT_3D ( 'NONE', #1041, #2200, #873 ) ;
#576 = ORIENTED_EDGE ( 'NONE', *, *, #808, .F. ) ;
#577 = CARTESIAN_POINT ( 'NONE',  ( -16.50000000000000000, -9.000000000000000000, 14.24999999999995381 ) ) ;
#578 = LINE ( 'NONE', #376, #2299 ) ;
#579 = AXIS2_PLACEMENT_3D ( 'NONE', #747, #2362, #593 ) ;
#580 = ORIENTED_EDGE ( 'NONE', *, *, #1957, .F. ) ;
#581 = CARTESIAN_POINT ( 'NONE',  ( 16.50000000000000000, -9.000000000000000000, -2.044495525258383509E-15 ) ) ;
#582 = CARTESIAN_POINT ( 'NONE',  ( -15.00000000000000178, 0.000000000000000000, -6.499999999999995559 ) ) ;
#583 = EDGE_CURVE ( 'NONE', #2454, #688, #1392, .T. ) ;
#584 = EDGE_LOOP ( 'NONE', ( #225, #1951, #1948, #885 ) ) ;
#585 = DIRECTION ( 'NONE',  ( 0.000000000000000000, -1.000000000000000000, 0.000000000000000000 ) ) ;
#586 = EDGE_LOOP ( 'NONE', ( #1396, #876, #2218, #1832 ) ) ;
#587 = CARTESIAN_POINT ( 'NONE',  ( -15.00000000000000178, 0.000000000000000000, -9.750000000000003553 ) ) ;
#588 = ORIENTED_EDGE ( 'NONE', *, *, #1581, .T. ) ;
#589 = DIRECTION ( 'NONE',  ( 1.000000000000000000, -0.000000000000000000, 0.000000000000000000 ) ) ;
#590 = CARTESIAN_POINT ( 'NONE',  ( 16.50000000000000000, -5.799999999999998046, -2.738384915649106347E-15 ) ) ;
#591 = ORIENTED_EDGE ( 'NONE', *, *, #1565, .F. ) ;
#592 = DIRECTION ( 'NONE',  ( -0.000000000000000000, 1.000000000000000000, 0.000000000000000000 ) ) ;
#593 = DIRECTION ( 'NONE',  ( 0.000000000000000000, 0.000000000000000000, 1.000000000000000000 ) ) ;
#594 = AXIS2_PLACEMENT_3D ( 'NONE', #1687, #2077, #1290 ) ;
#595 = EDGE_CURVE ( 'NONE', #1425, #1194, #2359, .T. ) ;
#596 = VERTEX_POINT ( 'NONE', #336 ) ;
#597 = DIRECTION ( 'NONE',  ( 0.000000000000000000, 0.000000000000000000, 1.000000000000000000 ) ) ;
#598 = EDGE_CURVE ( 'NONE', #1779, #2183, #1764, .T. ) ;
#599 = EDGE_LOOP ( 'NONE', ( #1526, #848, #652, #350 ) ) ;
#600 = EDGE_CURVE ( 'NONE', #2360, #2013, #1916, .T. ) ;
#601 = CARTESIAN_POINT ( 'NONE',  ( 12.76420390868027255, -9.000000000000000000, 17.66643453701564326 ) ) ;
#602 = LINE ( 'NONE', #400, #1073 ) ;
#603 = ORIENTED_EDGE ( 'NONE', *, *, #2432, .T. ) ;
#604 = CARTESIAN_POINT ( 'NONE',  ( 14.99999999999999645, -9.000000000000000000, 0.000000000000000000 ) ) ;
#605 = VERTEX_POINT ( 'NONE', #1364 ) ;
#606 = CARTESIAN_POINT ( 'NONE',  ( 0.000000000000000000, 0.000000000000000000, 0.000000000000000000 ) ) ;
#607 = FACE_OUTER_BOUND ( 'NONE', #1717, .T. ) ;
#608 = AXIS2_PLACEMENT_3D ( 'NONE', #253, #1645, #2442 ) ;
#609 = ORIENTED_EDGE ( 'NONE', *, *, #633, .T. ) ;
#610 = DIRECTION ( 'NONE',  ( -0.000000000000000000, 1.000000000000000000, -0.000000000000000000 ) ) ;
#611 = VECTOR ( 'NONE', #721, 1000.000000000000000 ) ;
#612 = VECTOR ( 'NONE', #2153, 1000.000000000000000 ) ;
#613 = ORIENTED_EDGE ( 'NONE', *, *, #1351, .T. ) ;
#614 = CARTESIAN_POINT ( 'NONE',  ( -10.50000000000000000, -15.00000000000000178, -17.75000000000000711 ) ) ;
#615 = AXIS2_PLACEMENT_3D ( 'NONE', #1438, #2395, #812 ) ;
#616 = EDGE_CURVE ( 'NONE', #1055, #2000, #931, .T. ) ;
#617 = ORIENTED_EDGE ( 'NONE', *, *, #808, .T. ) ;
#618 = AXIS2_PLACEMENT_3D ( 'NONE', #1965, #410, #2533 ) ;
#619 = CARTESIAN_POINT ( 'NONE',  ( 21.99999999999999645, -7.799999999999998046, 6.000000000000000000 ) ) ;
#620 = ORIENTED_EDGE ( 'NONE', *, *, #171, .F. ) ;
#621 =( LENGTH_UNIT ( ) NAMED_UNIT ( * ) SI_UNIT ( .MILLI., .METRE. ) );
#622 = CARTESIAN_POINT ( 'NONE',  ( -15.00000000000000000, -2.500000000000000000, -13.74999999999996270 ) ) ;
#623 = LINE ( 'NONE', #1881, #1485 ) ;
#624 = ORIENTED_EDGE ( 'NONE', *, *, #2501, .F. ) ;
#625 = LINE ( 'NONE', #244, #1233 ) ;
#626 = ORIENTED_EDGE ( 'NONE', *, *, #456, .F. ) ;
#627 = DIRECTION ( 'NONE',  ( 0.000000000000000000, -1.000000000000000000, 0.000000000000000000 ) ) ;
#628 = ORIENTED_EDGE ( 'NONE', *, *, #961, .F. ) ;
#629 = DIRECTION ( 'NONE',  ( 0.000000000000000000, 0.000000000000000000, 1.000000000000000000 ) ) ;
#630 = EDGE_LOOP ( 'NONE', ( #1969, #1735, #192, #790 ) ) ;
#631 = CARTESIAN_POINT ( 'NONE',  ( -15.00000000000000178, -2.276824562219555762E-15, 5.249999999999997335 ) ) ;
#632 = CARTESIAN_POINT ( 'NONE',  ( 9.999999999999996447, -9.000000000000000000, 19.50033428532089275 ) ) ;
#633 = EDGE_CURVE ( 'NONE', #1423, #1455, #1710, .T. ) ;
#634 = DIRECTION ( 'NONE',  ( 0.000000000000000000, 1.000000000000000000, 0.000000000000000000 ) ) ;
#635 = ORIENTED_EDGE ( 'NONE', *, *, #1826, .F. ) ;
#636 = LINE ( 'NONE', #819, #2537 ) ;
#637 = VECTOR ( 'NONE', #1178, 1000.000000000000000 ) ;
#638 = ORIENTED_EDGE ( 'NONE', *, *, #436, .F. ) ;
#639 = LINE ( 'NONE', #877, #1683 ) ;
#640 = ORIENTED_EDGE ( 'NONE', *, *, #65, .T. ) ;
#641 = CARTESIAN_POINT ( 'NONE',  ( -11.50778576856570368, -9.000000000000000000, 18.50000000000000355 ) ) ;
#642 = ORIENTED_EDGE ( 'NONE', *, *, #923, .T. ) ;
#643 = CARTESIAN_POINT ( 'NONE',  ( 15.00000000000000355, -2.500000000000000000, -13.74999999999996625 ) ) ;
#644 = DIRECTION ( 'NONE',  ( 0.000000000000000000, -1.000000000000000000, 0.000000000000000000 ) ) ;
#645 = CARTESIAN_POINT ( 'NONE',  ( -36.00000000000000000, -5.599999999999998757, 11.50033428532089275 ) ) ;
#646 = EDGE_CURVE ( 'NONE', #1519, #2489, #2495, .T. ) ;
#647 = EDGE_CURVE ( 'NONE', #170, #2360, #734, .T. ) ;
#648 = VERTEX_POINT ( 'NONE', #1963 ) ;
#649 = ORIENTED_EDGE ( 'NONE', *, *, #492, .T. ) ;
#650 = CARTESIAN_POINT ( 'NONE',  ( -10.00000000000000355, -2.500000000000000444, -13.49999999999999645 ) ) ;
#651 = AXIS2_PLACEMENT_3D ( 'NONE', #2004, #2425, #671 ) ;
#652 = ORIENTED_EDGE ( 'NONE', *, *, #773, .F. ) ;
#653 = CARTESIAN_POINT ( 'NONE',  ( 16.50000000000000355, -9.000000000000000000, 14.24999999999995381 ) ) ;
#654 = DIRECTION ( 'NONE',  ( -0.000000000000000000, -1.000000000000000000, 0.000000000000000000 ) ) ;
#655 = VECTOR ( 'NONE', #1904, 1000.000000000000000 ) ;
#656 = VECTOR ( 'NONE', #778, 1000.000000000000000 ) ;
#657 = ORIENTED_EDGE ( 'NONE', *, *, #755, .T. ) ;
#658 = CARTESIAN_POINT ( 'NONE',  ( 12.99999999999999645, -13.00000000000000000, 0.000000000000000000 ) ) ;
#659 = DIRECTION ( 'NONE',  ( -1.000000000000000000, 0.000000000000000000, 3.469446951953625529E-16 ) ) ;
#660 = DIRECTION ( 'NONE',  ( 0.000000000000000000, 0.000000000000000000, 1.000000000000000000 ) ) ;
#661 = AXIS2_PLACEMENT_3D ( 'NONE', #2019, #1203, #2048 ) ;
#662 = VECTOR ( 'NONE', #257, 1000.000000000000000 ) ;
#663 = EDGE_LOOP ( 'NONE', ( #704, #6, #1245, #1238, #1380 ) ) ;
#664 = VERTEX_POINT ( 'NONE', #1132 ) ;
#665 = DIRECTION ( 'NONE',  ( 0.000000000000000000, 1.000000000000000000, -0.000000000000000000 ) ) ;
#666 = EDGE_CURVE ( 'NONE', #536, #3, #1071, .T. ) ;
#667 = ORIENTED_EDGE ( 'NONE', *, *, #583, .T. ) ;
#668 = CARTESIAN_POINT ( 'NONE',  ( 9.999999999999996447, -9.000000000000000000, 13.50000000000000000 ) ) ;
#669 = LINE ( 'NONE', #2216, #735 ) ;
#670 = CARTESIAN_POINT ( 'NONE',  ( -10.00000000000000355, -19.00000000000000000, 18.50000000000000000 ) ) ;
#671 = DIRECTION ( 'NONE',  ( 0.000000000000000000, 0.000000000000000000, 1.000000000000000000 ) ) ;
#672 = CARTESIAN_POINT ( 'NONE',  ( 14.99999999999999645, -8.673617379884049672E-15, -10.00000000000000711 ) ) ;
#673 = ORIENTED_EDGE ( 'NONE', *, *, #754, .F. ) ;
#674 = DIRECTION ( 'NONE',  ( -0.000000000000000000, -0.000000000000000000, 1.000000000000000000 ) ) ;
#675 = CARTESIAN_POINT ( 'NONE',  ( -15.00000000000000355, -9.000000000000000000, 13.49999999999996270 ) ) ;
#676 = ADVANCED_FACE ( 'NONE', ( #2124 ), #745, .T. ) ;
#677 = ORIENTED_EDGE ( 'NONE', *, *, #1268, .T. ) ;
#678 = DIRECTION ( 'NONE',  ( 0.000000000000000000, 0.000000000000000000, 1.000000000000000000 ) ) ;
#679 = CIRCLE ( 'NONE', #1572, 4.999999999999999112 ) ;
#680 = EDGE_CURVE ( 'NONE', #1353, #1987, #733, .T. ) ;
#681 = EDGE_CURVE ( 'NONE', #1954, #1114, #1512, .T. ) ;
#682 = CARTESIAN_POINT ( 'NONE',  ( -14.50000000000000000, -15.00000000000000178, -13.75000000000000355 ) ) ;
#683 = DIRECTION ( 'NONE',  ( 0.000000000000000000, 1.000000000000000000, 0.000000000000000000 ) ) ;
#684 = CARTESIAN_POINT ( 'NONE',  ( 10.50000000000000000, -9.000000000000000000, -13.75000000000000355 ) ) ;
#685 = DIRECTION ( 'NONE',  ( 0.000000000000000000, 0.000000000000000000, 1.000000000000000000 ) ) ;
#686 = EDGE_LOOP ( 'NONE', ( #129, #2105, #1730, #432 ) ) ;
#687 = DIRECTION ( 'NONE',  ( -3.469446951953625529E-16, 0.000000000000000000, -1.000000000000000000 ) ) ;
#688 = VERTEX_POINT ( 'NONE', #176 ) ;
#689 = CARTESIAN_POINT ( 'NONE',  ( 5.499999999999961808, 0.000000000000000000, -19.75000000000000355 ) ) ;
#690 = DIRECTION ( 'NONE',  ( -0.000000000000000000, 1.000000000000000000, -0.000000000000000000 ) ) ;
#691 = ADVANCED_FACE ( 'NONE', ( #1751 ), #2507, .T. ) ;
#692 = EDGE_CURVE ( 'NONE', #2149, #1306, #1340, .T. ) ;
#693 = VECTOR ( 'NONE', #1130, 1000.000000000000000 ) ;
#694 = DIRECTION ( 'NONE',  ( -1.000000000000000000, 0.000000000000000000, 0.000000000000000000 ) ) ;
#695 = DIRECTION ( 'NONE',  ( 0.000000000000000000, 1.000000000000000000, -0.000000000000000000 ) ) ;
#696 = EDGE_CURVE ( 'NONE', #1455, #777, #2519, .T. ) ;
#697 = CLOSED_SHELL ( 'NONE', ( #324, #262, #505, #1630, #1653, #1105, #1977, #419, #2397, #676, #1133, #31, #2144, #561, #1122, #2264, #1180, #1232, #295, #1778, #1665, #932, #1668, #407, #548, #1731, #1907, #185, #1956, #1477, #769, #471, #1827, #2176, #1844, #200, #2396, #305, #1209, #370, #1343, #1322, #1027, #1370, #2433, #2145, #1401, #1079, #474, #1295, #562, #48, #108, #900, #339, #349, #458, #949, #1838, #1685, #1960, #1662, #1251, #2246, #2230, #1568, #1650, #383, #1797, #1553, #1339, #1666, #217, #2415, #1894, #691, #1763, #1325, #1398 ) ) ;
#698 = VECTOR ( 'NONE', #1714, 1000.000000000000000 ) ;
#699 = EDGE_LOOP ( 'NONE', ( #2510, #809, #211, #2152, #909 ) ) ;
#700 = VECTOR ( 'NONE', #1910, 1000.000000000000000 ) ;
#701 = CARTESIAN_POINT ( 'NONE',  ( -13.00000000000000178, -15.00000000000000000, 13.49999999999996447 ) ) ;
#702 = AXIS2_PLACEMENT_3D ( 'NONE', #1792, #2184, #1625 ) ;
#703 = VECTOR ( 'NONE', #1468, 1000.000000000000000 ) ;
#704 = ORIENTED_EDGE ( 'NONE', *, *, #1697, .F. ) ;
#705 = CYLINDRICAL_SURFACE ( 'NONE', #908, 2.000000000000001776 ) ;
#706 = AXIS2_PLACEMENT_3D ( 'NONE', #762, #2534, #152 ) ;
#707 = AXIS2_PLACEMENT_3D ( 'NONE', #2034, #1578, #254 ) ;
#708 = ORIENTED_EDGE ( 'NONE', *, *, #275, .T. ) ;
#709 = DIRECTION ( 'NONE',  ( 1.000000000000000000, 0.000000000000000000, -0.000000000000000000 ) ) ;
#710 = FACE_OUTER_BOUND ( 'NONE', #2172, .T. ) ;
#711 = CARTESIAN_POINT ( 'NONE',  ( 21.99999999999999645, -5.800000000000000711, -6.000000000000000000 ) ) ;
#712 = CARTESIAN_POINT ( 'NONE',  ( 0.000000000000000000, -9.000000000000000000, 19.50033428532089275 ) ) ;
#713 = ORIENTED_EDGE ( 'NONE', *, *, #485, .T. ) ;
#714 = DIRECTION ( 'NONE',  ( 0.000000000000000000, 1.000000000000000000, 0.000000000000000000 ) ) ;
#715 = ORIENTED_EDGE ( 'NONE', *, *, #1125, .F. ) ;
#716 = CARTESIAN_POINT ( 'NONE',  ( 14.99999999999999645, -5.799999999999997158, 10.00000000000000000 ) ) ;
#717 = EDGE_LOOP ( 'NONE', ( #1147, #576, #37, #104 ) ) ;
#718 = VECTOR ( 'NONE', #1475, 1000.000000000000000 ) ;
#719 = CARTESIAN_POINT ( 'NONE',  ( 10.50000000000000000, -9.000000000000000000, -19.75000000000000355 ) ) ;
#720 = ORIENTED_EDGE ( 'NONE', *, *, #890, .F. ) ;
#721 = DIRECTION ( 'NONE',  ( 0.000000000000000000, 0.000000000000000000, -1.000000000000000000 ) ) ;
#722 = DIRECTION ( 'NONE',  ( 1.000000000000000000, 0.000000000000000000, 0.000000000000000000 ) ) ;
#723 = ORIENTED_EDGE ( 'NONE', *, *, #520, .F. ) ;
#724 = CARTESIAN_POINT ( 'NONE',  ( 16.50000000000000000, -9.000000000000000000, -6.000000000000000000 ) ) ;
#725 = EDGE_CURVE ( 'NONE', #727, #1055, #578, .T. ) ;
#726 = EDGE_CURVE ( 'NONE', #1425, #1833, #1377, .T. ) ;
#727 = VERTEX_POINT ( 'NONE', #1975 ) ;
#728 = DIRECTION ( 'NONE',  ( 0.000000000000000000, 0.000000000000000000, 1.000000000000000000 ) ) ;
#729 = ORIENTED_EDGE ( 'NONE', *, *, #1264, .F. ) ;
#730 = CARTESIAN_POINT ( 'NONE',  ( -10.00000000000000355, -2.500000000000000444, -18.49999999999999645 ) ) ;
#731 = VECTOR ( 'NONE', #2207, 1000.000000000000000 ) ;
#732 = DIRECTION ( 'NONE',  ( -1.239088197126292789E-16, -2.168404344971008128E-16, -1.000000000000000000 ) ) ;
#733 = LINE ( 'NONE', #2319, #1928 ) ;
#734 = CIRCLE ( 'NONE', #2181, 5.000000000000000888 ) ;
#735 = VECTOR ( 'NONE', #35, 1000.000000000000000 ) ;
#736 = ORIENTED_EDGE ( 'NONE', *, *, #1784, .F. ) ;
#737 = DIRECTION ( 'NONE',  ( 0.000000000000000000, 0.000000000000000000, 1.000000000000000000 ) ) ;
#738 = AXIS2_PLACEMENT_3D ( 'NONE', #501, #99, #2469 ) ;
#739 = AXIS2_PLACEMENT_3D ( 'NONE', #208, #1394, #597 ) ;
#740 = CARTESIAN_POINT ( 'NONE',  ( -10.00000000000000178, -9.000000000000000000, 19.50033428532089275 ) ) ;
#741 = ORIENTED_EDGE ( 'NONE', *, *, #2293, .T. ) ;
#742 = CARTESIAN_POINT ( 'NONE',  ( -9.999999999999968026, -9.000000000000000000, -18.50000000000000000 ) ) ;
#743 = VERTEX_POINT ( 'NONE', #201 ) ;
#744 = DIRECTION ( 'NONE',  ( 0.000000000000000000, 1.000000000000000000, -0.000000000000000000 ) ) ;
#745 = PLANE ( 'NONE',  #33 ) ;
#746 = ORIENTED_EDGE ( 'NONE', *, *, #154, .F. ) ;
#747 = CARTESIAN_POINT ( 'NONE',  ( -10.50000000000000178, -9.000000000000000000, 14.24999999999999822 ) ) ;
#748 = CIRCLE ( 'NONE', #1085, 5.999999999999998224 ) ;
#749 = ORIENTED_EDGE ( 'NONE', *, *, #140, .T. ) ;
#750 = DIRECTION ( 'NONE',  ( -0.000000000000000000, 1.000000000000000000, -0.000000000000000000 ) ) ;
#751 = VERTEX_POINT ( 'NONE', #1856 ) ;
#752 = DIRECTION ( 'NONE',  ( 0.000000000000000000, 0.000000000000000000, -1.000000000000000000 ) ) ;
#753 = CARTESIAN_POINT ( 'NONE',  ( -36.00000000000000000, 0.000000000000000000, -6.499999999999995559 ) ) ;
#754 = EDGE_CURVE ( 'NONE', #972, #1867, #2197, .T. ) ;
#755 = EDGE_CURVE ( 'NONE', #132, #462, #1405, .T. ) ;
#756 = ORIENTED_EDGE ( 'NONE', *, *, #323, .T. ) ;
#757 = DIRECTION ( 'NONE',  ( 0.000000000000000000, 0.000000000000000000, -1.000000000000000000 ) ) ;
#758 = DIRECTION ( 'NONE',  ( 1.000000000000000000, 0.000000000000000000, -8.673617379884035472E-17 ) ) ;
#759 = VECTOR ( 'NONE', #2514, 1000.000000000000000 ) ;
#760 = ORIENTED_EDGE ( 'NONE', *, *, #294, .T. ) ;
#761 = DIRECTION ( 'NONE',  ( 0.000000000000000000, -1.156482317317871478E-16, 1.000000000000000000 ) ) ;
#762 = CARTESIAN_POINT ( 'NONE',  ( 21.99999999999999645, -5.799999999999998046, 1.257674520083184749E-15 ) ) ;
#763 = ORIENTED_EDGE ( 'NONE', *, *, #2210, .F. ) ;
#764 = CARTESIAN_POINT ( 'NONE',  ( -10.50000000000000178, -15.00000000000000178, 14.24999999999999822 ) ) ;
#765 = ORIENTED_EDGE ( 'NONE', *, *, #323, .F. ) ;
#766 = CARTESIAN_POINT ( 'NONE',  ( -15.00000000000000178, -5.500000000000000000, -6.499999999999995559 ) ) ;
#767 = ORIENTED_EDGE ( 'NONE', *, *, #406, .T. ) ;
#768 = DIRECTION ( 'NONE',  ( 0.000000000000000000, 1.000000000000000000, 0.000000000000000000 ) ) ;
#769 = ADVANCED_FACE ( 'NONE', ( #78 ), #55, .F. ) ;
#770 = CARTESIAN_POINT ( 'NONE',  ( 21.99999999999999645, -5.799999999999997158, 6.000000000000000000 ) ) ;
#771 = EDGE_LOOP ( 'NONE', ( #2102, #49, #1310, #1486 ) ) ;
#772 = LINE ( 'NONE', #1937, #1934 ) ;
#773 = EDGE_CURVE ( 'NONE', #2444, #1107, #2091, .T. ) ;
#774 = DIRECTION ( 'NONE',  ( -1.000000000000000000, -0.000000000000000000, -0.000000000000000000 ) ) ;
#775 = VECTOR ( 'NONE', #1933, 1000.000000000000000 ) ;
#776 = VECTOR ( 'NONE', #1756, 1000.000000000000000 ) ;
#777 = VERTEX_POINT ( 'NONE', #1225 ) ;
#778 = DIRECTION ( 'NONE',  ( 2.659909329831101477E-14, 0.000000000000000000, -1.000000000000000000 ) ) ;
#779 = VECTOR ( 'NONE', #2193, 1000.000000000000000 ) ;
#780 = VECTOR ( 'NONE', #2303, 1000.000000000000000 ) ;
#781 = ORIENTED_EDGE ( 'NONE', *, *, #794, .F. ) ;
#782 = APPLICATION_PROTOCOL_DEFINITION ( 'draft international standard', 'automotive_design', 1998, #2195 ) ;
#783 = CYLINDRICAL_SURFACE ( 'NONE', #1352, 2.000000000000000000 ) ;
#784 = VECTOR ( 'NONE', #1176, 1000.000000000000000 ) ;
#785 = ORIENTED_EDGE ( 'NONE', *, *, #1, .T. ) ;
#786 = DIRECTION ( 'NONE',  ( -1.000000000000000000, 0.000000000000000000, -5.782411586589337917E-16 ) ) ;
#787 = DIRECTION ( 'NONE',  ( 1.000000000000000000, -0.000000000000000000, -0.000000000000000000 ) ) ;
#788 = AXIS2_PLACEMENT_3D ( 'NONE', #2312, #2334, #1919 ) ;
#789 = EDGE_CURVE ( 'NONE', #2013, #1284, #2174, .T. ) ;
#790 = ORIENTED_EDGE ( 'NONE', *, *, #920, .T. ) ;
#791 = DIRECTION ( 'NONE',  ( 1.239088197126292789E-16, 0.000000000000000000, 1.000000000000000000 ) ) ;
#792 = CYLINDRICAL_SURFACE ( 'NONE', #579, 5.999999999999998224 ) ;
#793 = EDGE_CURVE ( 'NONE', #1961, #1135, #39, .T. ) ;
#794 = EDGE_CURVE ( 'NONE', #416, #1430, #2387, .T. ) ;
#795 = ORIENTED_EDGE ( 'NONE', *, *, #2006, .T. ) ;
#796 = CARTESIAN_POINT ( 'NONE',  ( 9.999999999999996447, -15.00000000000000000, 13.50000000000000178 ) ) ;
#797 = ORIENTED_EDGE ( 'NONE', *, *, #2026, .F. ) ;
#798 = LINE ( 'NONE', #1570, #2406 ) ;
#799 = LINE ( 'NONE', #1745, #693 ) ;
#800 = ORIENTED_EDGE ( 'NONE', *, *, #1876, .F. ) ;
#801 = DIRECTION ( 'NONE',  ( 1.000000000000000000, 0.000000000000000000, 1.652117596168387756E-16 ) ) ;
#802 = ORIENTED_EDGE ( 'NONE', *, *, #2378, .F. ) ;
#803 = LINE ( 'NONE', #1576, #1456 ) ;
#804 = FACE_OUTER_BOUND ( 'NONE', #1388, .T. ) ;
#805 = FACE_OUTER_BOUND ( 'NONE', #151, .T. ) ;
#806 = ORIENTED_EDGE ( 'NONE', *, *, #1382, .T. ) ;
#807 = DIRECTION ( 'NONE',  ( 0.000000000000000000, 0.000000000000000000, -1.000000000000000000 ) ) ;
#808 = EDGE_CURVE ( 'NONE', #2196, #2411, #1427, .T. ) ;
#809 = ORIENTED_EDGE ( 'NONE', *, *, #2473, .F. ) ;
#810 = AXIS2_PLACEMENT_3D ( 'NONE', #614, #32, #1970 ) ;
#811 = ORIENTED_EDGE ( 'NONE', *, *, #1917, .F. ) ;
#812 = DIRECTION ( 'NONE',  ( 0.000000000000000000, -0.000000000000000000, -1.000000000000000000 ) ) ;
#813 = VERTEX_POINT ( 'NONE', #2054 ) ;
#814 = SURFACE_STYLE_USAGE ( .BOTH. , #1818 ) ;
#815 = PLANE ( 'NONE',  #988 ) ;
#816 = DIRECTION ( 'NONE',  ( -1.000000000000000000, 0.000000000000000000, -0.000000000000000000 ) ) ;
#817 = VECTOR ( 'NONE', #464, 1000.000000000000000 ) ;
#818 = ORIENTED_EDGE ( 'NONE', *, *, #1944, .T. ) ;
#819 = CARTESIAN_POINT ( 'NONE',  ( -12.03964550972431091, -9.000000000000000000, 18.14713983567510169 ) ) ;
#820 = VECTOR ( 'NONE', #940, 1000.000000000000000 ) ;
#821 = VERTEX_POINT ( 'NONE', #843 ) ;
#822 = DIRECTION ( 'NONE',  ( 0.000000000000000000, 0.000000000000000000, 1.000000000000000000 ) ) ;
#823 = TOROIDAL_SURFACE ( 'NONE', #2342, 3.999999999999998224, 2.000000000000000000 ) ;
#824 = EDGE_CURVE ( 'NONE', #1126, #145, #1387, .T. ) ;
#825 = ORIENTED_EDGE ( 'NONE', *, *, #1283, .F. ) ;
#826 = AXIS2_PLACEMENT_3D ( 'NONE', #650, #2037, #2227 ) ;
#827 = CARTESIAN_POINT ( 'NONE',  ( -11.50778576856570368, -2.999999999999999112, 18.50000000000001066 ) ) ;
#828 = ORIENTED_EDGE ( 'NONE', *, *, #845, .T. ) ;
#829 = CARTESIAN_POINT ( 'NONE',  ( 9.999999999999962697, -9.000000000000000000, -18.50000000000000000 ) ) ;
#830 = CARTESIAN_POINT ( 'NONE',  ( 9.999999999999996447, -13.00000000000000000, 13.50000000000000178 ) ) ;
#831 = LINE ( 'NONE', #1442, #1729 ) ;
#832 = AXIS2_PLACEMENT_3D ( 'NONE', #2375, #2414, #2186 ) ;
#833 = DIRECTION ( 'NONE',  ( -0.000000000000000000, -0.000000000000000000, 1.000000000000000000 ) ) ;
#834 = DIRECTION ( 'NONE',  ( 1.239088197126292789E-16, 0.000000000000000000, 1.000000000000000000 ) ) ;
#835 = VECTOR ( 'NONE', #1843, 1000.000000000000000 ) ;
#836 = ORIENTED_EDGE ( 'NONE', *, *, #2528, .F. ) ;
#837 = DIRECTION ( 'NONE',  ( 0.000000000000000000, 1.000000000000000000, 0.000000000000000000 ) ) ;
#838 = ORIENTED_EDGE ( 'NONE', *, *, #1063, .T. ) ;
#839 = CARTESIAN_POINT ( 'NONE',  ( -10.50000000000000533, -17.00000000000000000, -13.75000000000000355 ) ) ;
#840 = EDGE_CURVE ( 'NONE', #1867, #727, #899, .T. ) ;
#841 = EDGE_CURVE ( 'NONE', #1987, #168, #1715, .T. ) ;
#842 = VERTEX_POINT ( 'NONE', #2413 ) ;
#843 = CARTESIAN_POINT ( 'NONE',  ( 12.99999999999999645, -15.00000000000000000, 13.50000000000000178 ) ) ;
#844 = LINE ( 'NONE', #855, #1942 ) ;
#845 = EDGE_CURVE ( 'NONE', #2161, #2360, #854, .T. ) ;
#846 = ORIENTED_EDGE ( 'NONE', *, *, #692, .T. ) ;
#847 = CARTESIAN_POINT ( 'NONE',  ( 0.000000000000000000, -2.999999999999999112, 0.000000000000000000 ) ) ;
#848 = ORIENTED_EDGE ( 'NONE', *, *, #2347, .F. ) ;
#849 = CARTESIAN_POINT ( 'NONE',  ( -15.00000000000000178, -13.00000000000000000, 13.50000000000000355 ) ) ;
#850 = LINE ( 'NONE', #2421, #569 ) ;
#851 = EDGE_CURVE ( 'NONE', #2149, #648, #2222, .T. ) ;
#852 = VERTEX_POINT ( 'NONE', #2045 ) ;
#853 = CARTESIAN_POINT ( 'NONE',  ( 14.99999999999999645, -7.799999999999999822, 0.000000000000000000 ) ) ;
#854 = LINE ( 'NONE', #868, #1227 ) ;
#855 = CARTESIAN_POINT ( 'NONE',  ( -36.00000000000000000, -1.500000000000000000, 5.249999999999996447 ) ) ;
#856 = EDGE_CURVE ( 'NONE', #1219, #929, #2260, .T. ) ;
#857 = ORIENTED_EDGE ( 'NONE', *, *, #919, .F. ) ;
#858 = CARTESIAN_POINT ( 'NONE',  ( -10.00000000000000178, -9.000000000000000000, 13.50000000000000355 ) ) ;
#859 = DIRECTION ( 'NONE',  ( 0.000000000000000000, 0.000000000000000000, 1.000000000000000000 ) ) ;
#860 = ORIENTED_EDGE ( 'NONE', *, *, #491, .F. ) ;
#861 = CARTESIAN_POINT ( 'NONE',  ( 9.999999999999962697, -13.00000000000000000, -18.50000000000000000 ) ) ;
#862 = AXIS2_PLACEMENT_3D ( 'NONE', #2371, #786, #2506 ) ;
#863 = PLANE ( 'NONE',  #1680 ) ;
#864 = VECTOR ( 'NONE', #2515, 1000.000000000000000 ) ;
#865 = AXIS2_PLACEMENT_3D ( 'NONE', #1043, #1824, #60 ) ;
#866 = ORIENTED_EDGE ( 'NONE', *, *, #62, .F. ) ;
#867 = LINE ( 'NONE', #2120, #1335 ) ;
#868 = CARTESIAN_POINT ( 'NONE',  ( -11.45891610559597673, -2.500000000000000000, 18.53242237750208332 ) ) ;
#869 = LINE ( 'NONE', #1064, #835 ) ;
#870 = EDGE_CURVE ( 'NONE', #67, #2320, #2400, .T. ) ;
#871 = ORIENTED_EDGE ( 'NONE', *, *, #1478, .F. ) ;
#872 = CARTESIAN_POINT ( 'NONE',  ( 16.50000000000000000, 0.000000000000000000, -2.044495525258383509E-15 ) ) ;
#873 = DIRECTION ( 'NONE',  ( -0.8332869074031273859, 0.000000000000000000, -0.5528407817360544430 ) ) ;
#874 = EDGE_CURVE ( 'NONE', #842, #1249, #439, .T. ) ;
#875 = EDGE_CURVE ( 'NONE', #2326, #813, #1829, .T. ) ;
#876 = ORIENTED_EDGE ( 'NONE', *, *, #2347, .T. ) ;
#877 = CARTESIAN_POINT ( 'NONE',  ( 10.49999999999999467, -7.799999999999999822, -10.00000000000000000 ) ) ;
#878 = AXIS2_PLACEMENT_3D ( 'NONE', #1267, #2070, #685 ) ;
#879 = DIRECTION ( 'NONE',  ( 0.000000000000000000, 0.000000000000000000, 1.000000000000000000 ) ) ;
#880 = LINE ( 'NONE', #1870, #1095 ) ;
#881 = FACE_OUTER_BOUND ( 'NONE', #1069, .T. ) ;
#882 = CARTESIAN_POINT ( 'NONE',  ( 12.03964550972428604, 0.000000000000000000, 18.14713983567511590 ) ) ;
#883 = ORIENTED_EDGE ( 'NONE', *, *, #2029, .F. ) ;
#884 = CARTESIAN_POINT ( 'NONE',  ( 10.49999999999997335, -2.500000000000000000, -18.72493718553310416 ) ) ;
#885 = ORIENTED_EDGE ( 'NONE', *, *, #2516, .F. ) ;
#886 = EDGE_CURVE ( 'NONE', #467, #67, #1842, .T. ) ;
#887 = DIRECTION ( 'NONE',  ( 0.000000000000000000, -0.000000000000000000, -1.000000000000000000 ) ) ;
#888 = VECTOR ( 'NONE', #1426, 1000.000000000000000 ) ;
#889 = PRODUCT_DEFINITION_FORMATION_WITH_SPECIFIED_SOURCE ( 'ä»', '', #1858, .NOT_KNOWN. ) ;
#890 = EDGE_CURVE ( 'NONE', #727, #2526, #265, .T. ) ;
#891 = LINE ( 'NONE', #2273, #655 ) ;
#892 = LINE ( 'NONE', #2275, #718 ) ;
#893 = CARTESIAN_POINT ( 'NONE',  ( 9.999999999999996447, -2.500000000000000444, 13.50000000000000178 ) ) ;
#894 = CARTESIAN_POINT ( 'NONE',  ( 12.76420390868026544, -9.000000000000000000, 17.66643453701563971 ) ) ;
#895 = ORIENTED_EDGE ( 'NONE', *, *, #460, .T. ) ;
#896 = CARTESIAN_POINT ( 'NONE',  ( -12.76420390868027255, -9.000000000000000000, 17.66643453701564326 ) ) ;
#897 = ORIENTED_EDGE ( 'NONE', *, *, #491, .T. ) ;
#898 = DIRECTION ( 'NONE',  ( 1.000000000000000000, -0.000000000000000000, -0.000000000000000000 ) ) ;
#899 = CIRCLE ( 'NONE', #191, 5.000000000000000888 ) ;
#900 = ADVANCED_FACE ( 'NONE', ( #2494 ), #2309, .F. ) ;
#901 = DIRECTION ( 'NONE',  ( 0.000000000000000000, 1.000000000000000000, 0.000000000000000000 ) ) ;
#902 = CIRCLE ( 'NONE', #1554, 5.000000000000000888 ) ;
#903 = CIRCLE ( 'NONE', #1024, 4.999999999999997335 ) ;
#904 = CIRCLE ( 'NONE', #2224, 2.000000000000000000 ) ;
#905 = DIRECTION ( 'NONE',  ( 0.000000000000000000, 0.000000000000000000, 1.000000000000000000 ) ) ;
#906 = CARTESIAN_POINT ( 'NONE',  ( 14.99999999999999645, -13.00000000000000000, -13.49999999999999467 ) ) ;
#907 = DIRECTION ( 'NONE',  ( 1.000000000000000000, -0.000000000000000000, 0.000000000000000000 ) ) ;
#908 = AXIS2_PLACEMENT_3D ( 'NONE', #2108, #2118, #2282 ) ;
#909 = ORIENTED_EDGE ( 'NONE', *, *, #2024, .T. ) ;
#910 = VECTOR ( 'NONE', #303, 1000.000000000000000 ) ;
#911 = CARTESIAN_POINT ( 'NONE',  ( -15.00000000000000000, -2.500000000000000000, 13.74999999999996625 ) ) ;
#912 = PRESENTATION_LAYER_ASSIGNMENT (  '', '', ( #242 ) ) ;
#913 = VERTEX_POINT ( 'NONE', #503 ) ;
#914 = CARTESIAN_POINT ( 'NONE',  ( -15.00000000000000000, -2.500000000000000000, 13.74999999999996625 ) ) ;
#915 = VECTOR ( 'NONE', #5, 1000.000000000000000 ) ;
#916 = ORIENTED_EDGE ( 'NONE', *, *, #851, .F. ) ;
#917 = DIRECTION ( 'NONE',  ( -0.000000000000000000, 1.000000000000000000, -0.000000000000000000 ) ) ;
#918 = DIRECTION ( 'NONE',  ( 0.000000000000000000, 0.000000000000000000, 1.000000000000000000 ) ) ;
#919 = EDGE_CURVE ( 'NONE', #950, #1785, #1291, .T. ) ;
#920 = EDGE_CURVE ( 'NONE', #751, #343, #2058, .T. ) ;
#921 = DIRECTION ( 'NONE',  ( -0.000000000000000000, 1.000000000000000000, -0.000000000000000000 ) ) ;
#922 = ORIENTED_EDGE ( 'NONE', *, *, #977, .F. ) ;
#923 = EDGE_CURVE ( 'NONE', #2000, #558, #137, .T. ) ;
#924 = LINE ( 'NONE', #2488, #1936 ) ;
#925 = ORIENTED_EDGE ( 'NONE', *, *, #1078, .T. ) ;
#926 = DIRECTION ( 'NONE',  ( 0.000000000000000000, -1.000000000000000000, 0.000000000000000000 ) ) ;
#927 = ORIENTED_EDGE ( 'NONE', *, *, #2083, .F. ) ;
#928 = DIRECTION ( 'NONE',  ( 0.000000000000000000, -0.000000000000000000, 1.000000000000000000 ) ) ;
#929 = VERTEX_POINT ( 'NONE', #1880 ) ;
#930 = DIRECTION ( 'NONE',  ( -0.000000000000000000, -0.000000000000000000, -1.000000000000000000 ) ) ;
#931 = LINE ( 'NONE', #1350, #74 ) ;
#932 = ADVANCED_FACE ( 'NONE', ( #2112 ), #1499, .T. ) ;
#933 = EDGE_CURVE ( 'NONE', #467, #2213, #1302, .T. ) ;
#934 = EDGE_LOOP ( 'NONE', ( #1329, #1812, #1508, #221 ) ) ;
#935 = LINE ( 'NONE', #2445, #44 ) ;
#936 = LINE ( 'NONE', #2466, #1029 ) ;
#937 = EDGE_LOOP ( 'NONE', ( #539, #1958, #1882, #613 ) ) ;
#938 = CARTESIAN_POINT ( 'NONE',  ( 0.000000000000000000, -9.000000000000000000, 10.00000000000000000 ) ) ;
#939 = PLANE ( 'NONE',  #2381 ) ;
#940 = DIRECTION ( 'NONE',  ( 0.000000000000000000, -1.020425574104004246E-16, 1.000000000000000000 ) ) ;
#941 = ORIENTED_EDGE ( 'NONE', *, *, #1784, .T. ) ;
#942 = DIRECTION ( 'NONE',  ( 0.000000000000000000, -1.000000000000000000, 0.000000000000000000 ) ) ;
#943 = EDGE_CURVE ( 'NONE', #2266, #1358, #102, .T. ) ;
#944 = AXIS2_PLACEMENT_3D ( 'NONE', #952, #2356, #9 ) ;
#945 = CIRCLE ( 'NONE', #2228, 5.000000000000000888 ) ;
#946 = ORIENTED_EDGE ( 'NONE', *, *, #1601, .F. ) ;
#947 = PLANE ( 'NONE',  #1278 ) ;
#948 = EDGE_CURVE ( 'NONE', #1365, #1135, #2483, .T. ) ;
#949 = ADVANCED_FACE ( 'NONE', ( #881 ), #2471, .F. ) ;
#950 = VERTEX_POINT ( 'NONE', #1313 ) ;
#951 = CARTESIAN_POINT ( 'NONE',  ( 16.50000000000000000, 0.000000000000000000, -13.75000000000000355 ) ) ;
#952 = CARTESIAN_POINT ( 'NONE',  ( -13.00000000000000178, -13.00000000000000000, 13.50000000000000355 ) ) ;
#953 = CARTESIAN_POINT ( 'NONE',  ( -10.50000000000000533, -17.00000000000000000, -17.75000000000000355 ) ) ;
#954 = DIRECTION ( 'NONE',  ( 0.000000000000000000, 0.000000000000000000, 1.000000000000000000 ) ) ;
#955 = ORIENTED_EDGE ( 'NONE', *, *, #923, .F. ) ;
#956 = CARTESIAN_POINT ( 'NONE',  ( 12.03964550972428604, -2.999999999999999112, 18.14713983567511590 ) ) ;
#957 = CARTESIAN_POINT ( 'NONE',  ( 21.99999999999999645, 0.000000000000000000, 6.000000000000000000 ) ) ;
#958 = ORIENTED_EDGE ( 'NONE', *, *, #789, .F. ) ;
#959 = CARTESIAN_POINT ( 'NONE',  ( 14.99999999999999645, -5.800000000000001599, -10.00000000000000178 ) ) ;
#960 = EDGE_CURVE ( 'NONE', #950, #1672, #334, .T. ) ;
#961 = EDGE_CURVE ( 'NONE', #821, #1205, #1123, .T. ) ;
#962 = EDGE_LOOP ( 'NONE', ( #1207, #1550, #70, #371 ) ) ;
#963 = DIRECTION ( 'NONE',  ( 0.000000000000000000, 0.000000000000000000, -1.000000000000000000 ) ) ;
#964 = EDGE_CURVE ( 'NONE', #75, #234, #1511, .T. ) ;
#965 = ORIENTED_EDGE ( 'NONE', *, *, #1831, .F. ) ;
#966 = CARTESIAN_POINT ( 'NONE',  ( 12.03964550972428604, -9.000000000000000000, 18.14713983567511590 ) ) ;
#967 = DIRECTION ( 'NONE',  ( 1.000000000000000000, -0.000000000000000000, 0.000000000000000000 ) ) ;
#968 = VECTOR ( 'NONE', #54, 1000.000000000000000 ) ;
#969 = ORIENTED_EDGE ( 'NONE', *, *, #2071, .F. ) ;
#970 = CARTESIAN_POINT ( 'NONE',  ( 16.50000000000000000, -7.799999999999997158, 10.00000000000000000 ) ) ;
#971 = PLANE ( 'NONE',  #788 ) ;
#972 = VERTEX_POINT ( 'NONE', #906 ) ;
#973 = FACE_BOUND ( 'NONE', #1787, .T. ) ;
#974 = ORIENTED_EDGE ( 'NONE', *, *, #1549, .F. ) ;
#975 = LINE ( 'NONE', #1206, #1744 ) ;
#976 = CARTESIAN_POINT ( 'NONE',  ( 11.50778576856570368, -2.999999999999999112, 18.50000000000000355 ) ) ;
#977 = EDGE_CURVE ( 'NONE', #2315, #605, #1280, .T. ) ;
#978 = EDGE_LOOP ( 'NONE', ( #713, #1647, #2429, #280, #955, #974, #527, #2520 ) ) ;
#979 = CARTESIAN_POINT ( 'NONE',  ( 14.99999999999999645, -7.799999999999999822, -6.000000000000000000 ) ) ;
#980 = CARTESIAN_POINT ( 'NONE',  ( -10.00000000000000000, -2.500000000000000000, 13.75000000000000178 ) ) ;
#981 = AXIS2_PLACEMENT_3D ( 'NONE', #1819, #2033, #1266 ) ;
#982 = ORIENTED_EDGE ( 'NONE', *, *, #856, .F. ) ;
#983 = DIRECTION ( 'NONE',  ( -0.000000000000000000, 1.000000000000000000, -0.000000000000000000 ) ) ;
#984 = DIRECTION ( 'NONE',  ( -0.000000000000000000, 1.000000000000000000, -0.000000000000000000 ) ) ;
#985 = ORIENTED_EDGE ( 'NONE', *, *, #2410, .F. ) ;
#986 = CARTESIAN_POINT ( 'NONE',  ( -14.50000000000000178, -17.00000000000000000, -13.75000000000000178 ) ) ;
#987 = VECTOR ( 'NONE', #573, 1000.000000000000000 ) ;
#988 = AXIS2_PLACEMENT_3D ( 'NONE', #2333, #1952, #2349 ) ;
#989 = ORIENTED_EDGE ( 'NONE', *, *, #824, .F. ) ;
#990 = CARTESIAN_POINT ( 'NONE',  ( -14.99999999999999822, -2.500000000000000444, -13.49999999999999645 ) ) ;
#991 = AXIS2_PLACEMENT_3D ( 'NONE', #1259, #1997, #2446 ) ;
#992 = ORIENTED_EDGE ( 'NONE', *, *, #517, .F. ) ;
#993 = CARTESIAN_POINT ( 'NONE',  ( 21.99999999999999645, 0.000000000000000000, -6.000000000000000000 ) ) ;
#994 = TOROIDAL_SURFACE ( 'NONE', #2439, 2.999999999999999112, 2.000000000000000000 ) ;
#995 = EDGE_CURVE ( 'NONE', #1639, #145, #1688, .T. ) ;
#996 = EDGE_CURVE ( 'NONE', #1776, #1973, #1275, .T. ) ;
#997 = ORIENTED_EDGE ( 'NONE', *, *, #267, .T. ) ;
#998 = CARTESIAN_POINT ( 'NONE',  ( -10.00000000000000178, -13.00000000000000000, 13.50000000000000355 ) ) ;
#999 = CARTESIAN_POINT ( 'NONE',  ( 14.50000000000000178, -15.00000000000000178, -13.75000000000000711 ) ) ;
#1000 = DIRECTION ( 'NONE',  ( 0.000000000000000000, 1.000000000000000000, 0.000000000000000000 ) ) ;
#1001 = ORIENTED_EDGE ( 'NONE', *, *, #1637, .T. ) ;
#1002 = CARTESIAN_POINT ( 'NONE',  ( -15.00000000000000178, -5.599999999999998757, 3.000334285320895855 ) ) ;
#1003 = EDGE_LOOP ( 'NONE', ( #1543, #1260, #1118, #2513 ) ) ;
#1004 = EDGE_LOOP ( 'NONE', ( #992, #2370, #2107, #2242, #1445, #341 ) ) ;
#1005 = DIRECTION ( 'NONE',  ( 0.000000000000000000, 0.000000000000000000, 1.000000000000000000 ) ) ;
#1006 = EDGE_LOOP ( 'NONE', ( #715, #425, #635, #1031, #1885, #1241, #1448, #2226, #2011, #836, #1385, #2119, #1378, #2328, #2167, #946, #2206, #1501, #2478, #1695 ) ) ;
#1007 = LINE ( 'NONE', #853, #115 ) ;
#1008 = CARTESIAN_POINT ( 'NONE',  ( 16.50000000000000000, -5.799999999999997158, -2.044495525258383509E-15 ) ) ;
#1009 = CARTESIAN_POINT ( 'NONE',  ( 14.99999999999999645, -7.799999999999999822, -9.999999999999998224 ) ) ;
#1010 = CARTESIAN_POINT ( 'NONE',  ( -15.00000000000000355, -9.000000000000000000, 13.49999999999996270 ) ) ;
#1011 = LINE ( 'NONE', #675, #361 ) ;
#1012 = EDGE_CURVE ( 'NONE', #1353, #1059, #353, .T. ) ;
#1013 = ORIENTED_EDGE ( 'NONE', *, *, #1601, .T. ) ;
#1014 = DIRECTION ( 'NONE',  ( -1.000000000000000000, 0.000000000000000000, 0.000000000000000000 ) ) ;
#1015 = ORIENTED_EDGE ( 'NONE', *, *, #725, .T. ) ;
#1016 = FACE_OUTER_BOUND ( 'NONE', #2492, .T. ) ;
#1017 = VERTEX_POINT ( 'NONE', #309 ) ;
#1018 = CARTESIAN_POINT ( 'NONE',  ( 14.99999999999999645, 0.000000000000000000, 10.00000000000000000 ) ) ;
#1019 = CARTESIAN_POINT ( 'NONE',  ( -10.00000000000000355, -15.00000000000000000, -13.49999999999999645 ) ) ;
#1020 = CARTESIAN_POINT ( 'NONE',  ( -36.00000000000000000, -3.500000000000002220, 5.249999999999995559 ) ) ;
#1021 = AXIS2_PLACEMENT_3D ( 'NONE', #1255, #1626, #91 ) ;
#1022 = ORIENTED_EDGE ( 'NONE', *, *, #616, .F. ) ;
#1023 = DIRECTION ( 'NONE',  ( 0.000000000000000000, 1.000000000000000000, 0.000000000000000000 ) ) ;
#1024 = AXIS2_PLACEMENT_3D ( 'NONE', #1112, #326, #1896 ) ;
#1025 = EDGE_CURVE ( 'NONE', #1573, #2196, #903, .T. ) ;
#1026 = ORIENTED_EDGE ( 'NONE', *, *, #1989, .F. ) ;
#1027 = ADVANCED_FACE ( 'NONE', ( #1709 ), #939, .F. ) ;
#1028 = FACE_OUTER_BOUND ( 'NONE', #1003, .T. ) ;
#1029 = VECTOR ( 'NONE', #898, 1000.000000000000000 ) ;
#1030 = VECTOR ( 'NONE', #1294, 1000.000000000000000 ) ;
#1031 = ORIENTED_EDGE ( 'NONE', *, *, #1371, .F. ) ;
#1032 = VECTOR ( 'NONE', #2061, 1000.000000000000000 ) ;
#1033 = DIRECTION ( 'NONE',  ( 0.000000000000000000, 0.000000000000000000, -1.000000000000000000 ) ) ;
#1034 = ORIENTED_EDGE ( 'NONE', *, *, #86, .T. ) ;
#1035 = VECTOR ( 'NONE', #1724, 1000.000000000000000 ) ;
#1036 = CARTESIAN_POINT ( 'NONE',  ( 9.999999999999996447, -9.000000000000000000, 13.50000000000000178 ) ) ;
#1037 = DIRECTION ( 'NONE',  ( -1.000000000000000000, 0.000000000000000000, 0.000000000000000000 ) ) ;
#1038 = DIRECTION ( 'NONE',  ( 1.000000000000000000, -0.000000000000000000, -0.000000000000000000 ) ) ;
#1039 = VECTOR ( 'NONE', #1000, 1000.000000000000000 ) ;
#1040 = ORIENTED_EDGE ( 'NONE', *, *, #1505, .T. ) ;
#1041 = CARTESIAN_POINT ( 'NONE',  ( -12.03964550972431091, -9.000000000000000000, 18.14713983567510169 ) ) ;
#1042 = ORIENTED_EDGE ( 'NONE', *, *, #533, .F. ) ;
#1043 = CARTESIAN_POINT ( 'NONE',  ( 0.000000000000000000, -13.00000000000000000, -16.49999999999999289 ) ) ;
#1044 = EDGE_CURVE ( 'NONE', #1284, #170, #546, .T. ) ;
#1045 = EDGE_CURVE ( 'NONE', #168, #1190, #347, .T. ) ;
#1046 = CARTESIAN_POINT ( 'NONE',  ( -10.00000000000000355, -13.00000000000000000, 16.50000000000000000 ) ) ;
#1047 = ORIENTED_EDGE ( 'NONE', *, *, #472, .F. ) ;
#1048 = CYLINDRICAL_SURFACE ( 'NONE', #2366, 5.000000000000000888 ) ;
#1049 = DIRECTION ( 'NONE',  ( -0.000000000000000000, 1.000000000000000000, -0.000000000000000000 ) ) ;
#1050 = CARTESIAN_POINT ( 'NONE',  ( -15.00000000000000178, -13.00000000000000000, -13.49999999999999645 ) ) ;
#1051 = ORIENTED_EDGE ( 'NONE', *, *, #1214, .T. ) ;
#1052 =( GEOMETRIC_REPRESENTATION_CONTEXT ( 3 ) GLOBAL_UNCERTAINTY_ASSIGNED_CONTEXT ( ( #2135 ) ) GLOBAL_UNIT_ASSIGNED_CONTEXT ( ( #2173, #1788, #2380 ) ) REPRESENTATION_CONTEXT ( 'NONE', 'WORKASPACE' ) );
#1053 = ORIENTED_EDGE ( 'NONE', *, *, #680, .F. ) ;
#1054 = PLANE ( 'NONE',  #575 ) ;
#1055 = VERTEX_POINT ( 'NONE', #1574 ) ;
#1056 = CARTESIAN_POINT ( 'NONE',  ( -36.00000000000000000, 0.000000000000000000, 11.50033428532089275 ) ) ;
#1057 = DIRECTION ( 'NONE',  ( 0.000000000000000000, -1.000000000000000000, 0.000000000000000000 ) ) ;
#1058 = EDGE_CURVE ( 'NONE', #1182, #1779, #1720, .T. ) ;
#1059 = VERTEX_POINT ( 'NONE', #12 ) ;
#1060 = DIRECTION ( 'NONE',  ( 0.000000000000000000, 0.000000000000000000, 1.000000000000000000 ) ) ;
#1061 = CARTESIAN_POINT ( 'NONE',  ( -9.999999999999960920, -13.00000000000000000, 18.50000000000000355 ) ) ;
#1062 = EDGE_CURVE ( 'NONE', #2444, #1126, #1274, .T. ) ;
#1063 = EDGE_CURVE ( 'NONE', #536, #1898, #559, .T. ) ;
#1064 = CARTESIAN_POINT ( 'NONE',  ( 9.999999999999962697, -19.00000000000000000, -18.50000000000000000 ) ) ;
#1065 = ORIENTED_EDGE ( 'NONE', *, *, #1374, .F. ) ;
#1066 = CYLINDRICAL_SURFACE ( 'NONE', #1515, 4.999999999999999112 ) ;
#1067 = CARTESIAN_POINT ( 'NONE',  ( -15.00000000000000355, -9.000000000000000000, 3.000334285320895855 ) ) ;
#1068 = AXIS2_PLACEMENT_3D ( 'NONE', #2331, #758, #327 ) ;
#1069 = EDGE_LOOP ( 'NONE', ( #1738, #124, #87, #2036 ) ) ;
#1070 = CYLINDRICAL_SURFACE ( 'NONE', #162, 5.000000000000000888 ) ;
#1071 = CIRCLE ( 'NONE', #2384, 6.000000000000002665 ) ;
#1072 = DIRECTION ( 'NONE',  ( 0.000000000000000000, -0.000000000000000000, -1.000000000000000000 ) ) ;
#1073 = VECTOR ( 'NONE', #2175, 1000.000000000000000 ) ;
#1074 = FACE_OUTER_BOUND ( 'NONE', #2419, .T. ) ;
#1075 = CARTESIAN_POINT ( 'NONE',  ( 0.000000000000000000, -7.799999999999999822, -10.00000000000000000 ) ) ;
#1076 = CYLINDRICAL_SURFACE ( 'NONE', #415, 4.999999999999997335 ) ;
#1077 = VECTOR ( 'NONE', #714, 1000.000000000000000 ) ;
#1078 = EDGE_CURVE ( 'NONE', #1216, #328, #76, .T. ) ;
#1079 = ADVANCED_FACE ( 'NONE', ( #362 ), #1736, .F. ) ;
#1080 = ORIENTED_EDGE ( 'NONE', *, *, #294, .F. ) ;
#1081 = DIRECTION ( 'NONE',  ( 0.000000000000000000, 0.000000000000000000, -1.000000000000000000 ) ) ;
#1082 = LINE ( 'NONE', #631, #1810 ) ;
#1083 = VERTEX_POINT ( 'NONE', #1183 ) ;
#1084 = CARTESIAN_POINT ( 'NONE',  ( -16.50000000000000000, -9.000000000000000000, 11.50033428532089275 ) ) ;
#1085 = AXIS2_PLACEMENT_3D ( 'NONE', #2297, #1113, #266 ) ;
#1086 = LINE ( 'NONE', #1654, #1890 ) ;
#1087 = CARTESIAN_POINT ( 'NONE',  ( 21.99999999999999645, -7.799999999999999822, -10.00000000000000000 ) ) ;
#1088 = CARTESIAN_POINT ( 'NONE',  ( 0.000000000000000000, -15.00000000000000178, 20.24999999999999645 ) ) ;
#1089 = CARTESIAN_POINT ( 'NONE',  ( -36.00000000000000000, 0.000000000000000000, 3.000334285320895855 ) ) ;
#1090 = ORIENTED_EDGE ( 'NONE', *, *, #517, .T. ) ;
#1091 = DIRECTION ( 'NONE',  ( -1.000000000000000000, 0.000000000000000000, 3.469446951953625529E-16 ) ) ;
#1092 = ORIENTED_EDGE ( 'NONE', *, *, #2097, .T. ) ;
#1093 = FACE_OUTER_BOUND ( 'NONE', #2422, .T. ) ;
#1094 = EDGE_CURVE ( 'NONE', #2402, #18, #2304, .T. ) ;
#1095 = VECTOR ( 'NONE', #264, 1000.000000000000000 ) ;
#1096 = DIRECTION ( 'NONE',  ( -0.000000000000000000, 1.000000000000000000, -0.000000000000000000 ) ) ;
#1097 = CARTESIAN_POINT ( 'NONE',  ( -36.00000000000000000, -5.500000000000000000, -11.99999999999999645 ) ) ;
#1098 = CARTESIAN_POINT ( 'NONE',  ( 12.99999999999999467, -15.00000000000000000, -13.75000000000000355 ) ) ;
#1099 = FACE_OUTER_BOUND ( 'NONE', #2146, .T. ) ;
#1100 = ORIENTED_EDGE ( 'NONE', *, *, #1581, .F. ) ;
#1101 = LINE ( 'NONE', #2106, #2467 ) ;
#1102 = EDGE_LOOP ( 'NONE', ( #1199, #2007, #1459, #2480, #2132, #1789, #1407, #1914 ) ) ;
#1103 = CARTESIAN_POINT ( 'NONE',  ( -14.50000000000000355, -15.00000000000000178, -13.75000000000000178 ) ) ;
#1104 = VECTOR ( 'NONE', #2016, 1000.000000000000000 ) ;
#1105 = ADVANCED_FACE ( 'NONE', ( #1197, #148 ), #1161, .F. ) ;
#1106 = EDGE_CURVE ( 'NONE', #1177, #688, #175, .T. ) ;
#1107 = VERTEX_POINT ( 'NONE', #1143 ) ;
#1108 = FACE_OUTER_BOUND ( 'NONE', #2080, .T. ) ;
#1109 = AXIS2_PLACEMENT_3D ( 'NONE', #847, #1649, #2212 ) ;
#1110 = VECTOR ( 'NONE', #1962, 1000.000000000000000 ) ;
#1111 = VECTOR ( 'NONE', #1096, 1000.000000000000000 ) ;
#1112 = CARTESIAN_POINT ( 'NONE',  ( 10.00000000000000178, -2.500000000000000000, 13.74999999999999822 ) ) ;
#1113 = DIRECTION ( 'NONE',  ( -0.000000000000000000, 1.000000000000000000, -0.000000000000000000 ) ) ;
#1114 = VERTEX_POINT ( 'NONE', #1349 ) ;
#1115 = LINE ( 'NONE', #281, #1156 ) ;
#1116 = MECHANICAL_DESIGN_GEOMETRIC_PRESENTATION_REPRESENTATION (  '', ( #242 ), #320 ) ;
#1117 = VECTOR ( 'NONE', #1355, 1000.000000000000000 ) ;
#1118 = ORIENTED_EDGE ( 'NONE', *, *, #1713, .T. ) ;
#1119 = DIRECTION ( 'NONE',  ( -1.000000000000000000, 0.000000000000000000, -0.000000000000000000 ) ) ;
#1120 = ORIENTED_EDGE ( 'NONE', *, *, #1263, .T. ) ;
#1121 = PLANE ( 'NONE',  #1978 ) ;
#1122 = ADVANCED_FACE ( 'NONE', ( #2545 ), #199, .F. ) ;
#1123 = LINE ( 'NONE', #1098, #1679 ) ;
#1124 = CARTESIAN_POINT ( 'NONE',  ( -10.00000000000000355, -9.000000000000000000, 13.50000000000000000 ) ) ;
#1125 = EDGE_CURVE ( 'NONE', #1365, #2161, #2220, .T. ) ;
#1126 = VERTEX_POINT ( 'NONE', #2343 ) ;
#1127 = FACE_OUTER_BOUND ( 'NONE', #136, .T. ) ;
#1128 = PLANE ( 'NONE',  #1513 ) ;
#1129 = VERTEX_POINT ( 'NONE', #979 ) ;
#1130 = DIRECTION ( 'NONE',  ( -0.8332869074031272749, 0.000000000000000000, -0.5528407817360545540 ) ) ;
#1131 = DIRECTION ( 'NONE',  ( -0.000000000000000000, -1.000000000000000000, 0.000000000000000000 ) ) ;
#1132 = CARTESIAN_POINT ( 'NONE',  ( 16.50000000000000000, -7.799999999999999822, -10.00000000000000000 ) ) ;
#1133 = ADVANCED_FACE ( 'NONE', ( #1750 ), #1170, .F. ) ;
#1134 = EDGE_CURVE ( 'NONE', #1059, #1496, #388, .T. ) ;
#1135 = VERTEX_POINT ( 'NONE', #1560 ) ;
#1136 = CARTESIAN_POINT ( 'NONE',  ( 10.50000000000000533, -15.00000000000000178, 14.24999999999999822 ) ) ;
#1137 = ORIENTED_EDGE ( 'NONE', *, *, #2476, .T. ) ;
#1138 = LINE ( 'NONE', #342, #698 ) ;
#1139 = ORIENTED_EDGE ( 'NONE', *, *, #184, .F. ) ;
#1140 = CARTESIAN_POINT ( 'NONE',  ( -12.76420390868027432, -9.000000000000000000, 17.66643453701563615 ) ) ;
#1141 = DIRECTION ( 'NONE',  ( 2.659909329831101477E-14, 0.000000000000000000, -1.000000000000000000 ) ) ;
#1142 = ORIENTED_EDGE ( 'NONE', *, *, #1413, .F. ) ;
#1143 = CARTESIAN_POINT ( 'NONE',  ( 16.50000000000000355, -15.00000000000000178, 14.24999999999995381 ) ) ;
#1144 = DIRECTION ( 'NONE',  ( 0.000000000000000000, 1.000000000000000000, -0.000000000000000000 ) ) ;
#1145 = AXIS2_PLACEMENT_3D ( 'NONE', #212, #2408, #417 ) ;
#1146 = CIRCLE ( 'NONE', #1593, 2.000000000000000000 ) ;
#1147 = ORIENTED_EDGE ( 'NONE', *, *, #2229, .T. ) ;
#1148 = CARTESIAN_POINT ( 'NONE',  ( -10.49999999999995737, -15.00000000000000178, 20.24999999999999645 ) ) ;
#1149 = LINE ( 'NONE', #1516, #1814 ) ;
#1150 = AXIS2_PLACEMENT_3D ( 'NONE', #318, #1308, #887 ) ;
#1151 = EDGE_CURVE ( 'NONE', #1891, #1799, #2165, .T. ) ;
#1152 = EDGE_CURVE ( 'NONE', #1757, #367, #669, .T. ) ;
#1153 = VECTOR ( 'NONE', #1742, 1000.000000000000000 ) ;
#1154 = ORIENTED_EDGE ( 'NONE', *, *, #2486, .T. ) ;
#1155 = LINE ( 'NONE', #555, #40 ) ;
#1156 = VECTOR ( 'NONE', #130, 1000.000000000000000 ) ;
#1157 = EDGE_LOOP ( 'NONE', ( #2475, #1761, #736, #1752 ) ) ;
#1158 = CARTESIAN_POINT ( 'NONE',  ( -12.03964550972431091, -2.999999999999999112, 18.14713983567510169 ) ) ;
#1159 = AXIS2_PLACEMENT_3D ( 'NONE', #190, #206, #737 ) ;
#1160 = ORIENTED_EDGE ( 'NONE', *, *, #1214, .F. ) ;
#1161 = PLANE ( 'NONE',  #398 ) ;
#1162 = DIRECTION ( 'NONE',  ( 0.000000000000000000, 1.000000000000000000, -0.000000000000000000 ) ) ;
#1163 = ORIENTED_EDGE ( 'NONE', *, *, #1461, .F. ) ;
#1164 = DIRECTION ( 'NONE',  ( 0.8332869074031280521, 0.000000000000000000, -0.5528407817360534438 ) ) ;
#1165 = LINE ( 'NONE', #1551, #1772 ) ;
#1166 = ORIENTED_EDGE ( 'NONE', *, *, #647, .T. ) ;
#1167 = FACE_BOUND ( 'NONE', #2098, .T. ) ;
#1168 = EDGE_LOOP ( 'NONE', ( #640, #603, #1557, #2035 ) ) ;
#1169 = CARTESIAN_POINT ( 'NONE',  ( -16.50000000000000000, -3.500000000000002220, 0.000000000000000000 ) ) ;
#1170 = CYLINDRICAL_SURFACE ( 'NONE', #486, 4.999999999999999112 ) ;
#1171 = DIRECTION ( 'NONE',  ( 0.000000000000000000, 0.000000000000000000, -1.000000000000000000 ) ) ;
#1172 = ORIENTED_EDGE ( 'NONE', *, *, #1700, .F. ) ;
#1173 = LINE ( 'NONE', #166, #283 ) ;
#1174 = DIRECTION ( 'NONE',  ( 1.000000000000000000, 0.000000000000000000, -0.000000000000000000 ) ) ;
#1175 = VERTEX_POINT ( 'NONE', #827 ) ;
#1176 = DIRECTION ( 'NONE',  ( -5.782411586589338903E-16, -0.000000000000000000, 1.000000000000000000 ) ) ;
#1177 = VERTEX_POINT ( 'NONE', #641 ) ;
#1178 = DIRECTION ( 'NONE',  ( -0.000000000000000000, -1.000000000000000000, -0.000000000000000000 ) ) ;
#1179 = LINE ( 'NONE', #1774, #1596 ) ;
#1180 = ADVANCED_FACE ( 'NONE', ( #1603 ), #1623, .T. ) ;
#1181 = EDGE_CURVE ( 'NONE', #1205, #972, #1924, .T. ) ;
#1182 = VERTEX_POINT ( 'NONE', #1586 ) ;
#1183 = CARTESIAN_POINT ( 'NONE',  ( -15.00000000000000178, -3.500000000000002220, 5.249999999999995559 ) ) ;
#1184 = CARTESIAN_POINT ( 'NONE',  ( 0.000000000000000000, -7.799999999999999822, 10.00000000000000000 ) ) ;
#1185 = ORIENTED_EDGE ( 'NONE', *, *, #890, .T. ) ;
#1186 = DIRECTION ( 'NONE',  ( 0.000000000000000000, 0.000000000000000000, -1.000000000000000000 ) ) ;
#1187 = DIRECTION ( 'NONE',  ( 1.000000000000000000, 0.000000000000000000, 1.652117596168387756E-16 ) ) ;
#1188 = CARTESIAN_POINT ( 'NONE',  ( -15.00000000000000178, -13.00000000000000000, -13.49999999999996270 ) ) ;
#1189 = VECTOR ( 'NONE', #1988, 1000.000000000000000 ) ;
#1190 = VERTEX_POINT ( 'NONE', #235 ) ;
#1191 = LINE ( 'NONE', #2511, #2389 ) ;
#1192 = AXIS2_PLACEMENT_3D ( 'NONE', #1311, #690, #286 ) ;
#1193 = AXIS2_PLACEMENT_3D ( 'NONE', #330, #2313, #1911 ) ;
#1194 = VERTEX_POINT ( 'NONE', #1801 ) ;
#1195 = DIRECTION ( 'NONE',  ( -1.000000000000000000, 0.000000000000000000, 0.000000000000000000 ) ) ;
#1196 = VERTEX_POINT ( 'NONE', #61 ) ;
#1197 = FACE_BOUND ( 'NONE', #45, .T. ) ;
#1198 = AXIS2_PLACEMENT_3D ( 'NONE', #957, #2143, #1174 ) ;
#1199 = ORIENTED_EDGE ( 'NONE', *, *, #1449, .T. ) ;
#1200 = CARTESIAN_POINT ( 'NONE',  ( 16.50000000000000000, -7.799999999999999822, -2.044495525258383509E-15 ) ) ;
#1201 = PLANE ( 'NONE',  #1237 ) ;
#1202 = PLANE ( 'NONE',  #707 ) ;
#1203 = DIRECTION ( 'NONE',  ( 1.000000000000000000, 0.000000000000000000, 6.938893903907221278E-15 ) ) ;
#1204 = CARTESIAN_POINT ( 'NONE',  ( 14.50000000000000178, -17.00000000000000000, -13.75000000000000711 ) ) ;
#1205 = VERTEX_POINT ( 'NONE', #461 ) ;
#1206 = CARTESIAN_POINT ( 'NONE',  ( 21.99999999999999645, -5.800000000000001599, -10.00000000000000178 ) ) ;
#1207 = ORIENTED_EDGE ( 'NONE', *, *, #2040, .F. ) ;
#1208 = DIRECTION ( 'NONE',  ( 1.000000000000000000, 0.000000000000000000, 0.000000000000000000 ) ) ;
#1209 = ADVANCED_FACE ( 'NONE', ( #224 ), #1816, .T. ) ;
#1210 = EDGE_LOOP ( 'NONE', ( #292, #649, #2093, #1643 ) ) ;
#1211 = FACE_OUTER_BOUND ( 'NONE', #2502, .T. ) ;
#1212 = DIRECTION ( 'NONE',  ( 0.000000000000000000, 0.000000000000000000, 1.000000000000000000 ) ) ;
#1213 = CARTESIAN_POINT ( 'NONE',  ( 10.00000000000000533, -2.500000000000000000, -13.75000000000000178 ) ) ;
#1214 = EDGE_CURVE ( 'NONE', #777, #1800, #2205, .T. ) ;
#1215 = EDGE_CURVE ( 'NONE', #1423, #1828, #2383, .T. ) ;
#1216 = VERTEX_POINT ( 'NONE', #250 ) ;
#1217 = DIRECTION ( 'NONE',  ( -0.000000000000000000, -1.000000000000000000, 0.000000000000000000 ) ) ;
#1218 = EDGE_CURVE ( 'NONE', #605, #1711, #1400, .T. ) ;
#1219 = VERTEX_POINT ( 'NONE', #1837 ) ;
#1220 = DIRECTION ( 'NONE',  ( 1.040834085586084454E-15, 0.000000000000000000, 1.000000000000000000 ) ) ;
#1221 = ORIENTED_EDGE ( 'NONE', *, *, #2486, .F. ) ;
#1222 = FACE_OUTER_BOUND ( 'NONE', #1873, .T. ) ;
#1223 = VERTEX_POINT ( 'NONE', #1412 ) ;
#1224 = DIRECTION ( 'NONE',  ( 0.000000000000000000, 0.000000000000000000, -1.000000000000000000 ) ) ;
#1225 = CARTESIAN_POINT ( 'NONE',  ( 14.99999999999999645, -5.799999999999997158, 6.000000000000000000 ) ) ;
#1226 = LINE ( 'NONE', #1020, #1775 ) ;
#1227 = VECTOR ( 'NONE', #644, 1000.000000000000000 ) ;
#1228 = UNCERTAINTY_MEASURE_WITH_UNIT (LENGTH_MEASURE( 1.000000000000000082E-05 ), #621, 'distance_accuracy_value', 'NONE');
#1229 = AXIS2_PLACEMENT_3D ( 'NONE', #712, #1490, #2287 ) ;
#1230 = LINE ( 'NONE', #480, #1319 ) ;
#1231 = CARTESIAN_POINT ( 'NONE',  ( 9.999999999999994671, -2.500000000000000444, -13.49999999999999467 ) ) ;
#1232 = ADVANCED_FACE ( 'NONE', ( #1222 ), #2012, .F. ) ;
#1233 = VECTOR ( 'NONE', #2391, 1000.000000000000000 ) ;
#1234 = TOROIDAL_SURFACE ( 'NONE', #1192, 2.999999999999998224, 2.000000000000000000 ) ;
#1235 = EDGE_LOOP ( 'NONE', ( #521, #1316, #846, #1704, #1555, #545 ) ) ;
#1236 = FACE_OUTER_BOUND ( 'NONE', #934, .T. ) ;
#1237 = AXIS2_PLACEMENT_3D ( 'NONE', #1366, #592, #1354 ) ;
#1238 = ORIENTED_EDGE ( 'NONE', *, *, #1583, .T. ) ;
#1239 = VECTOR ( 'NONE', #69, 1000.000000000000000 ) ;
#1240 = DIRECTION ( 'NONE',  ( 8.673617379884035472E-17, 0.000000000000000000, 1.000000000000000000 ) ) ;
#1241 = ORIENTED_EDGE ( 'NONE', *, *, #1063, .F. ) ;
#1242 = CARTESIAN_POINT ( 'NONE',  ( 14.99999999999999645, -5.799999999999998046, 1.257674520083184749E-15 ) ) ;
#1243 = DIRECTION ( 'NONE',  ( 1.000000000000000000, -0.000000000000000000, -0.000000000000000000 ) ) ;
#1244 = FACE_OUTER_BOUND ( 'NONE', #937, .T. ) ;
#1245 = ORIENTED_EDGE ( 'NONE', *, *, #2410, .T. ) ;
#1246 = CARTESIAN_POINT ( 'NONE',  ( -15.00000000000000178, -5.500000000000000000, -11.99999999999999645 ) ) ;
#1247 = DIRECTION ( 'NONE',  ( 0.000000000000000000, 0.000000000000000000, 1.000000000000000000 ) ) ;
#1248 = VECTOR ( 'NONE', #722, 1000.000000000000000 ) ;
#1249 = VERTEX_POINT ( 'NONE', #51 ) ;
#1250 = DIRECTION ( 'NONE',  ( 0.000000000000000000, 1.000000000000000000, 0.000000000000000000 ) ) ;
#1251 = ADVANCED_FACE ( 'NONE', ( #1016 ), #863, .F. ) ;
#1252 = CARTESIAN_POINT ( 'NONE',  ( 0.000000000000000000, -9.000000000000000000, 20.24999999999999645 ) ) ;
#1253 = ORIENTED_EDGE ( 'NONE', *, *, #964, .F. ) ;
#1254 = DIRECTION ( 'NONE',  ( 1.000000000000000000, -0.000000000000000000, -0.000000000000000000 ) ) ;
#1255 = CARTESIAN_POINT ( 'NONE',  ( -36.00000000000000000, -2.276824562219555762E-15, 5.249999999999997335 ) ) ;
#1256 = DIRECTION ( 'NONE',  ( -0.000000000000000000, 1.000000000000000000, -0.000000000000000000 ) ) ;
#1257 = VERTEX_POINT ( 'NONE', #1614 ) ;
#1258 = DIRECTION ( 'NONE',  ( -1.000000000000000000, -0.000000000000000000, -0.000000000000000000 ) ) ;
#1259 = CARTESIAN_POINT ( 'NONE',  ( -36.00000000000000000, -3.500000000000002220, 0.000000000000000000 ) ) ;
#1260 = ORIENTED_EDGE ( 'NONE', *, *, #1296, .T. ) ;
#1261 = CARTESIAN_POINT ( 'NONE',  ( -10.50000000000000000, -9.000000000000000000, -13.75000000000000178 ) ) ;
#1262 = LINE ( 'NONE', #2258, #2385 ) ;
#1263 = EDGE_CURVE ( 'NONE', #821, #1867, #904, .T. ) ;
#1264 = EDGE_CURVE ( 'NONE', #2526, #1249, #1146, .T. ) ;
#1265 = CARTESIAN_POINT ( 'NONE',  ( 10.50000000000000000, -9.000000000000000000, -19.75000000000000355 ) ) ;
#1266 = DIRECTION ( 'NONE',  ( 0.000000000000000000, 0.000000000000000000, -1.000000000000000000 ) ) ;
#1267 = CARTESIAN_POINT ( 'NONE',  ( 10.50000000000000533, -9.000000000000000000, 14.24999999999999822 ) ) ;
#1268 = EDGE_CURVE ( 'NONE', #2117, #1757, #850, .T. ) ;
#1269 = ORIENTED_EDGE ( 'NONE', *, *, #2209, .F. ) ;
#1270 = DIRECTION ( 'NONE',  ( 1.000000000000000000, -0.000000000000000000, -0.000000000000000000 ) ) ;
#1271 = CARTESIAN_POINT ( 'NONE',  ( -16.50000000000000000, -1.500000000000000000, 5.249999999999996447 ) ) ;
#1272 = EDGE_LOOP ( 'NONE', ( #174, #2390, #916, #800 ) ) ;
#1273 = DIRECTION ( 'NONE',  ( -0.000000000000000000, 1.000000000000000000, -0.000000000000000000 ) ) ;
#1274 = CIRCLE ( 'NONE', #116, 3.999999999999996447 ) ;
#1275 = CIRCLE ( 'NONE', #1312, 5.000000000000000888 ) ;
#1276 = CARTESIAN_POINT ( 'NONE',  ( 5.499999999999960920, -2.500000000000000444, -18.49999999999999645 ) ) ;
#1277 = AXIS2_PLACEMENT_3D ( 'NONE', #753, #963, #2151 ) ;
#1278 = AXIS2_PLACEMENT_3D ( 'NONE', #2336, #7, #807 ) ;
#1279 = PLANE ( 'NONE',  #594 ) ;
#1280 = LINE ( 'NONE', #537, #2095 ) ;
#1281 = FACE_OUTER_BOUND ( 'NONE', #1594, .T. ) ;
#1282 = VECTOR ( 'NONE', #1317, 1000.000000000000000 ) ;
#1283 = EDGE_CURVE ( 'NONE', #852, #1353, #2340, .T. ) ;
#1284 = VERTEX_POINT ( 'NONE', #2001 ) ;
#1285 = CARTESIAN_POINT ( 'NONE',  ( 5.499999999999960920, 0.000000000000000000, -18.25000000000000355 ) ) ;
#1286 = AXIS2_PLACEMENT_3D ( 'NONE', #1805, #1830, #465 ) ;
#1287 = ORIENTED_EDGE ( 'NONE', *, *, #2, .F. ) ;
#1288 = FACE_OUTER_BOUND ( 'NONE', #2130, .T. ) ;
#1289 = DIRECTION ( 'NONE',  ( -1.000000000000000000, 0.000000000000000000, 7.806255641895624036E-15 ) ) ;
#1290 = DIRECTION ( 'NONE',  ( -1.000000000000000000, 0.000000000000000000, -0.000000000000000000 ) ) ;
#1291 = LINE ( 'NONE', #2078, #1309 ) ;
#1292 = DIRECTION ( 'NONE',  ( -0.000000000000000000, 1.000000000000000000, -0.000000000000000000 ) ) ;
#1293 = VERTEX_POINT ( 'NONE', #1790 ) ;
#1294 = DIRECTION ( 'NONE',  ( 0.000000000000000000, 0.000000000000000000, 1.000000000000000000 ) ) ;
#1295 = ADVANCED_FACE ( 'NONE', ( #21 ), #1472, .F. ) ;
#1296 = EDGE_CURVE ( 'NONE', #203, #1598, #2136, .T. ) ;
#1297 = ORIENTED_EDGE ( 'NONE', *, *, #598, .F. ) ;
#1298 = DIRECTION ( 'NONE',  ( 0.000000000000000000, 1.000000000000000000, 1.020425574104004246E-16 ) ) ;
#1299 = VECTOR ( 'NONE', #1014, 1000.000000000000000 ) ;
#1300 = ORIENTED_EDGE ( 'NONE', *, *, #2071, .T. ) ;
#1301 = DIRECTION ( 'NONE',  ( 0.000000000000000000, 1.000000000000000000, 0.000000000000000000 ) ) ;
#1302 = LINE ( 'NONE', #1906, #311 ) ;
#1303 = PLANE ( 'NONE',  #1229 ) ;
#1304 = ORIENTED_EDGE ( 'NONE', *, *, #1995, .T. ) ;
#1305 = DIRECTION ( 'NONE',  ( -1.000000000000000000, -0.000000000000000000, -0.000000000000000000 ) ) ;
#1306 = VERTEX_POINT ( 'NONE', #1276 ) ;
#1307 = EDGE_CURVE ( 'NONE', #913, #1925, #1262, .T. ) ;
#1308 = DIRECTION ( 'NONE',  ( 0.000000000000000000, -1.000000000000000000, 0.000000000000000000 ) ) ;
#1309 = VECTOR ( 'NONE', #732, 1000.000000000000000 ) ;
#1310 = ORIENTED_EDGE ( 'NONE', *, *, #1548, .T. ) ;
#1311 = CARTESIAN_POINT ( 'NONE',  ( -10.00000000000000355, -13.00000000000000000, -13.49999999999999645 ) ) ;
#1312 = AXIS2_PLACEMENT_3D ( 'NONE', #893, #2460, #2088 ) ;
#1313 = CARTESIAN_POINT ( 'NONE',  ( 16.50000000000000000, -5.800000000000000711, -6.000000000000000000 ) ) ;
#1314 = CARTESIAN_POINT ( 'NONE',  ( -36.00000000000000000, -1.499999999999999334, -1.734723475976806355E-16 ) ) ;
#1315 = VECTOR ( 'NONE', #1250, 1000.000000000000000 ) ;
#1316 = ORIENTED_EDGE ( 'NONE', *, *, #1876, .T. ) ;
#1317 = DIRECTION ( 'NONE',  ( 1.000000000000000000, 0.000000000000000000, 0.000000000000000000 ) ) ;
#1318 = VECTOR ( 'NONE', #2189, 1000.000000000000000 ) ;
#1319 = VECTOR ( 'NONE', #1305, 1000.000000000000000 ) ;
#1320 = ORIENTED_EDGE ( 'NONE', *, *, #2290, .T. ) ;
#1321 = DIRECTION ( 'NONE',  ( 0.000000000000000000, -1.000000000000000000, 0.000000000000000000 ) ) ;
#1322 = ADVANCED_FACE ( 'NONE', ( #1707 ), #1121, .F. ) ;
#1323 = EDGE_LOOP ( 'NONE', ( #609, #469, #165, #1940 ) ) ;
#1324 = DIRECTION ( 'NONE',  ( 0.000000000000000000, 0.000000000000000000, -1.000000000000000000 ) ) ;
#1325 = ADVANCED_FACE ( 'NONE', ( #2087 ), #529, .T. ) ;
#1326 = EDGE_CURVE ( 'NONE', #852, #1639, #2063, .T. ) ;
#1327 = DIRECTION ( 'NONE',  ( 0.000000000000000000, -0.000000000000000000, -1.000000000000000000 ) ) ;
#1328 = FACE_OUTER_BOUND ( 'NONE', #1157, .T. ) ;
#1329 = ORIENTED_EDGE ( 'NONE', *, *, #418, .T. ) ;
#1330 = CARTESIAN_POINT ( 'NONE',  ( 15.00000000000000355, -2.500000000000000000, -13.74999999999996625 ) ) ;
#1331 = ORIENTED_EDGE ( 'NONE', *, *, #1264, .T. ) ;
#1332 = LINE ( 'NONE', #914, #1983 ) ;
#1333 = ORIENTED_EDGE ( 'NONE', *, *, #1995, .F. ) ;
#1334 = DIRECTION ( 'NONE',  ( 0.000000000000000000, 1.000000000000000000, 0.000000000000000000 ) ) ;
#1335 = VECTOR ( 'NONE', #1644, 1000.000000000000000 ) ;
#1336 = DIRECTION ( 'NONE',  ( 1.000000000000000000, 0.000000000000000000, 0.000000000000000000 ) ) ;
#1337 = ORIENTED_EDGE ( 'NONE', *, *, #1151, .T. ) ;
#1338 = DIRECTION ( 'NONE',  ( 3.556183125752457699E-14, 0.000000000000000000, 1.000000000000000000 ) ) ;
#1339 = ADVANCED_FACE ( 'NONE', ( #135 ), #1234, .F. ) ;
#1340 = LINE ( 'NONE', #2531, #2491 ) ;
#1341 = ORIENTED_EDGE ( 'NONE', *, *, #29, .F. ) ;
#1342 = LINE ( 'NONE', #1008, #120 ) ;
#1343 = ADVANCED_FACE ( 'NONE', ( #1509 ), #1869, .F. ) ;
#1344 = LINE ( 'NONE', #393, #2437 ) ;
#1345 = EDGE_LOOP ( 'NONE', ( #767, #2043, #284, #1536 ) ) ;
#1346 = DIRECTION ( 'NONE',  ( -0.000000000000000000, -1.000000000000000000, -0.000000000000000000 ) ) ;
#1347 = ORIENTED_EDGE ( 'NONE', *, *, #2365, .T. ) ;
#1348 = DIRECTION ( 'NONE',  ( 0.000000000000000000, 1.000000000000000000, 0.000000000000000000 ) ) ;
#1349 = CARTESIAN_POINT ( 'NONE',  ( -15.00000000000000178, -5.599999999999998757, 11.50033428532089275 ) ) ;
#1350 = CARTESIAN_POINT ( 'NONE',  ( 0.000000000000000000, -9.000000000000000000, 18.50000000000000355 ) ) ;
#1351 = EDGE_CURVE ( 'NONE', #1496, #3, #891, .T. ) ;
#1352 = AXIS2_PLACEMENT_3D ( 'NONE', #1384, #2369, #1195 ) ;
#1353 = VERTEX_POINT ( 'NONE', #2099 ) ;
#1354 = DIRECTION ( 'NONE',  ( 0.000000000000000000, 0.000000000000000000, 1.000000000000000000 ) ) ;
#1355 = DIRECTION ( 'NONE',  ( 0.000000000000000000, -1.000000000000000000, -4.336808689942013299E-16 ) ) ;
#1356 = VECTOR ( 'NONE', #1793, 1000.000000000000000 ) ;
#1357 = COLOUR_RGB ( '',0.7921568627450980005, 0.8196078431372548767, 0.9333333333333333481 ) ;
#1358 = VERTEX_POINT ( 'NONE', #730 ) ;
#1359 = DIRECTION ( 'NONE',  ( -1.000000000000000000, -0.000000000000000000, -1.652117596168387756E-16 ) ) ;
#1360 = ORIENTED_EDGE ( 'NONE', *, *, #1505, .F. ) ;
#1361 = CARTESIAN_POINT ( 'NONE',  ( -10.00000000000000355, -13.00000000000000000, 18.50000000000000000 ) ) ;
#1362 = DIRECTION ( 'NONE',  ( 0.8332869074031272749, 0.000000000000000000, 0.5528407817360545540 ) ) ;
#1363 = DIRECTION ( 'NONE',  ( -1.000000000000000000, 0.000000000000000000, 0.000000000000000000 ) ) ;
#1364 = CARTESIAN_POINT ( 'NONE',  ( 10.49999999999999467, -9.000000000000000000, -10.00000000000000000 ) ) ;
#1365 = VERTEX_POINT ( 'NONE', #110 ) ;
#1366 = CARTESIAN_POINT ( 'NONE',  ( 10.50000000000000533, -9.000000000000000000, 14.24999999999999822 ) ) ;
#1367 = FACE_OUTER_BOUND ( 'NONE', #2199, .T. ) ;
#1368 = EDGE_LOOP ( 'NONE', ( #59, #1347, #1791, #2448 ) ) ;
#1369 = LINE ( 'NONE', #1727, #656 ) ;
#1370 = ADVANCED_FACE ( 'NONE', ( #1108 ), #1878, .F. ) ;
#1371 = EDGE_CURVE ( 'NONE', #1850, #2532, #1086, .T. ) ;
#1372 = ORIENTED_EDGE ( 'NONE', *, *, #2528, .T. ) ;
#1373 = CARTESIAN_POINT ( 'NONE',  ( 16.50000000000000000, -5.799999999999997158, 6.000000000000000000 ) ) ;
#1374 = EDGE_CURVE ( 'NONE', #1017, #1898, #1892, .T. ) ;
#1375 = VERTEX_POINT ( 'NONE', #2481 ) ;
#1376 = DIRECTION ( 'NONE',  ( 0.000000000000000000, 0.000000000000000000, -1.000000000000000000 ) ) ;
#1377 = LINE ( 'NONE', #1184, #1883 ) ;
#1378 = ORIENTED_EDGE ( 'NONE', *, *, #1094, .T. ) ;
#1379 = DIRECTION ( 'NONE',  ( 0.000000000000000000, 0.000000000000000000, 1.000000000000000000 ) ) ;
#1380 = ORIENTED_EDGE ( 'NONE', *, *, #1094, .F. ) ;
#1381 = LINE ( 'NONE', #368, #1546 ) ;
#1382 = EDGE_CURVE ( 'NONE', #1867, #1973, #1853, .T. ) ;
#1383 = ORIENTED_EDGE ( 'NONE', *, *, #2158, .T. ) ;
#1384 = CARTESIAN_POINT ( 'NONE',  ( -13.00000000000000178, -13.00000000000000000, -13.75000000000000355 ) ) ;
#1385 = ORIENTED_EDGE ( 'NONE', *, *, #920, .F. ) ;
#1386 = DIRECTION ( 'NONE',  ( -0.000000000000000000, -0.000000000000000000, 1.000000000000000000 ) ) ;
#1387 = CIRCLE ( 'NONE', #1673, 2.000000000000001776 ) ;
#1388 = EDGE_LOOP ( 'NONE', ( #93, #2059, #729, #720 ) ) ;
#1389 = CARTESIAN_POINT ( 'NONE',  ( 9.999999999999996447, -13.00000000000000000, 13.50000000000000178 ) ) ;
#1390 = DIRECTION ( 'NONE',  ( 0.000000000000000000, 1.000000000000000000, -0.000000000000000000 ) ) ;
#1391 = LINE ( 'NONE', #1782, #1604 ) ;
#1392 = CIRCLE ( 'NONE', #487, 4.999999999999999112 ) ;
#1393 = EDGE_LOOP ( 'NONE', ( #515, #749, #448, #626 ) ) ;
#1394 = DIRECTION ( 'NONE',  ( 0.000000000000000000, 1.000000000000000000, 0.000000000000000000 ) ) ;
#1395 = AXIS2_PLACEMENT_3D ( 'NONE', #606, #1390, #2128 ) ;
#1396 = ORIENTED_EDGE ( 'NONE', *, *, #1798, .F. ) ;
#1397 = CARTESIAN_POINT ( 'NONE',  ( 0.000000000000000000, 0.000000000000000000, 0.000000000000000000 ) ) ;
#1398 = ADVANCED_FACE ( 'NONE', ( #1487 ), #2295, .T. ) ;
#1399 = EDGE_LOOP ( 'NONE', ( #1996, #1991, #16, #2386 ) ) ;
#1400 = LINE ( 'NONE', #431, #1765 ) ;
#1401 = ADVANCED_FACE ( 'NONE', ( #512 ), #125, .F. ) ;
#1402 = EDGE_CURVE ( 'NONE', #1785, #664, #385, .T. ) ;
#1403 = ORIENTED_EDGE ( 'NONE', *, *, #1283, .T. ) ;
#1404 = FACE_OUTER_BOUND ( 'NONE', #338, .T. ) ;
#1405 = LINE ( 'NONE', #1416, #731 ) ;
#1406 = DIRECTION ( 'NONE',  ( 0.000000000000000000, 0.000000000000000000, -1.000000000000000000 ) ) ;
#1407 = ORIENTED_EDGE ( 'NONE', *, *, #961, .T. ) ;
#1408 = FACE_OUTER_BOUND ( 'NONE', #1469, .T. ) ;
#1409 = ORIENTED_EDGE ( 'NONE', *, *, #1181, .T. ) ;
#1410 = CARTESIAN_POINT ( 'NONE',  ( -16.50000000000000000, -1.499999999999998224, -9.750000000000003553 ) ) ;
#1411 = EDGE_LOOP ( 'NONE', ( #2283, #1559, #268, #1001 ) ) ;
#1412 = CARTESIAN_POINT ( 'NONE',  ( 16.50000000000000000, -7.799999999999998046, 2.000000000000000000 ) ) ;
#1413 = EDGE_CURVE ( 'NONE', #1114, #367, #360, .T. ) ;
#1414 = ORIENTED_EDGE ( 'NONE', *, *, #595, .F. ) ;
#1415 = CARTESIAN_POINT ( 'NONE',  ( -15.00000000000000355, -9.000000000000000000, -6.499999999999999112 ) ) ;
#1416 = CARTESIAN_POINT ( 'NONE',  ( 10.49999999999997335, -2.500000000000000000, -18.72493718553310416 ) ) ;
#1417 = CARTESIAN_POINT ( 'NONE',  ( 10.49999999999996092, 0.000000000000000000, 20.24999999999999645 ) ) ;
#1418 = VECTOR ( 'NONE', #2133, 1000.000000000000000 ) ;
#1419 = DIRECTION ( 'NONE',  ( 0.000000000000000000, 0.000000000000000000, 1.000000000000000000 ) ) ;
#1420 = DIRECTION ( 'NONE',  ( 0.000000000000000000, -1.000000000000000000, 0.000000000000000000 ) ) ;
#1421 = ORIENTED_EDGE ( 'NONE', *, *, #1432, .T. ) ;
#1422 = CARTESIAN_POINT ( 'NONE',  ( 10.49999999999999645, -9.000000000000000000, 10.00000000000000000 ) ) ;
#1423 = VERTEX_POINT ( 'NONE', #197 ) ;
#1424 = DIRECTION ( 'NONE',  ( 1.000000000000000000, 0.000000000000000000, 0.000000000000000000 ) ) ;
#1425 = VERTEX_POINT ( 'NONE', #1913 ) ;
#1426 = DIRECTION ( 'NONE',  ( -0.000000000000000000, 1.000000000000000000, -0.000000000000000000 ) ) ;
#1427 = LINE ( 'NONE', #476, #1104 ) ;
#1428 = DIRECTION ( 'NONE',  ( 1.000000000000000000, -0.000000000000000000, -0.000000000000000000 ) ) ;
#1429 = ORIENTED_EDGE ( 'NONE', *, *, #2447, .F. ) ;
#1430 = VERTEX_POINT ( 'NONE', #2163 ) ;
#1431 = CARTESIAN_POINT ( 'NONE',  ( -10.50000000000000178, 0.000000000000000000, 14.24999999999999822 ) ) ;
#1432 = EDGE_CURVE ( 'NONE', #1194, #1711, #1947, .T. ) ;
#1433 = AXIS2_PLACEMENT_3D ( 'NONE', #719, #1497, #1141 ) ;
#1434 = VERTEX_POINT ( 'NONE', #544 ) ;
#1435 = DIRECTION ( 'NONE',  ( 0.000000000000000000, 1.000000000000000000, 0.000000000000000000 ) ) ;
#1436 = VECTOR ( 'NONE', #1321, 1000.000000000000000 ) ;
#1437 = CIRCLE ( 'NONE', #702, 4.999999999999997335 ) ;
#1438 = CARTESIAN_POINT ( 'NONE',  ( 21.99999999999999645, -5.799999999999997158, 0.000000000000000000 ) ) ;
#1439 = VERTEX_POINT ( 'NONE', #990 ) ;
#1440 = DIRECTION ( 'NONE',  ( 1.000000000000000000, 0.000000000000000000, 0.000000000000000000 ) ) ;
#1441 = DIRECTION ( 'NONE',  ( 0.000000000000000000, 0.000000000000000000, 1.000000000000000000 ) ) ;
#1442 = CARTESIAN_POINT ( 'NONE',  ( 14.99999999999999645, -0.000000000000000000, 6.000000000000000000 ) ) ;
#1443 = VECTOR ( 'NONE', #1740, 1000.000000000000000 ) ;
#1444 = ORIENTED_EDGE ( 'NONE', *, *, #1218, .F. ) ;
#1445 = ORIENTED_EDGE ( 'NONE', *, *, #1307, .F. ) ;
#1446 = DIRECTION ( 'NONE',  ( 0.000000000000000000, 0.000000000000000000, -1.000000000000000000 ) ) ;
#1447 = PRODUCT_RELATED_PRODUCT_CATEGORY ( 'part', '', ( #1858 ) ) ;
#1448 = ORIENTED_EDGE ( 'NONE', *, *, #666, .T. ) ;
#1449 = EDGE_CURVE ( 'NONE', #1979, #1219, #2527, .T. ) ;
#1450 = EDGE_CURVE ( 'NONE', #1663, #1423, #2316, .T. ) ;
#1451 = DIRECTION ( 'NONE',  ( -1.000000000000000000, 0.000000000000000000, -0.000000000000000000 ) ) ;
#1452 = LINE ( 'NONE', #2044, #2116 ) ;
#1453 = CARTESIAN_POINT ( 'NONE',  ( 14.50000000000000533, -15.00000000000000178, 14.24999999999996980 ) ) ;
#1454 = LINE ( 'NONE', #2277, #2280 ) ;
#1455 = VERTEX_POINT ( 'NONE', #1373 ) ;
#1456 = VECTOR ( 'NONE', #421, 1000.000000000000000 ) ;
#1457 = FACE_OUTER_BOUND ( 'NONE', #686, .T. ) ;
#1458 = DIRECTION ( 'NONE',  ( -0.8332869074031272749, 0.000000000000000000, -0.5528407817360545540 ) ) ;
#1459 = ORIENTED_EDGE ( 'NONE', *, *, #141, .T. ) ;
#1460 = LINE ( 'NONE', #1851, #1315 ) ;
#1461 = EDGE_CURVE ( 'NONE', #1701, #842, #236, .T. ) ;
#1462 = DIRECTION ( 'NONE',  ( 0.000000000000000000, 0.000000000000000000, -1.000000000000000000 ) ) ;
#1463 = EDGE_CURVE ( 'NONE', #1579, #2326, #1179, .T. ) ;
#1464 = CARTESIAN_POINT ( 'NONE',  ( 10.50000000000000000, -15.00000000000000178, -13.75000000000000355 ) ) ;
#1465 = DIRECTION ( 'NONE',  ( 1.000000000000000000, -0.000000000000000000, -0.000000000000000000 ) ) ;
#1466 = PLANE ( 'NONE',  #878 ) ;
#1467 = VERTEX_POINT ( 'NONE', #146 ) ;
#1468 = DIRECTION ( 'NONE',  ( 0.000000000000000000, 1.000000000000000000, -0.000000000000000000 ) ) ;
#1469 = EDGE_LOOP ( 'NONE', ( #2301, #871, #965, #296, #760, #307, #2379, #1817 ) ) ;
#1470 = CARTESIAN_POINT ( 'NONE',  ( 11.50778576856570368, -2.999999999999999112, 18.50000000000000355 ) ) ;
#1471 = AXIS2_PLACEMENT_3D ( 'NONE', #2438, #445, #1424 ) ;
#1472 = PLANE ( 'NONE',  #2268 ) ;
#1473 = VECTOR ( 'NONE', #1612, 1000.000000000000000 ) ;
#1474 = AXIS2_PLACEMENT_3D ( 'NONE', #1431, #1217, #2049 ) ;
#1475 = DIRECTION ( 'NONE',  ( 1.000000000000000000, -0.000000000000000000, -0.000000000000000000 ) ) ;
#1476 = CARTESIAN_POINT ( 'NONE',  ( -10.00000000000000000, -2.500000000000000000, -13.74999999999999822 ) ) ;
#1477 = ADVANCED_FACE ( 'NONE', ( #1718 ), #2339, .T. ) ;
#1478 = EDGE_CURVE ( 'NONE', #387, #2161, #799, .T. ) ;
#1479 = FACE_OUTER_BOUND ( 'NONE', #2508, .T. ) ;
#1480 = AXIS2_PLACEMENT_3D ( 'NONE', #340, #167, #1538 ) ;
#1481 = EDGE_LOOP ( 'NONE', ( #1120, #673, #255, #628 ) ) ;
#1482 = DIRECTION ( 'NONE',  ( -1.000000000000000000, -0.000000000000000000, -0.000000000000000000 ) ) ;
#1483 = VERTEX_POINT ( 'NONE', #766 ) ;
#1484 = CARTESIAN_POINT ( 'NONE',  ( 5.499999999999960920, 0.000000000000000000, -18.75000000000000355 ) ) ;
#1485 = VECTOR ( 'NONE', #695, 1000.000000000000000 ) ;
#1486 = ORIENTED_EDGE ( 'NONE', *, *, #1058, .T. ) ;
#1487 = FACE_OUTER_BOUND ( 'NONE', #2487, .T. ) ;
#1488 = FACE_OUTER_BOUND ( 'NONE', #1393, .T. ) ;
#1489 = DIRECTION ( 'NONE',  ( -0.000000000000000000, -0.000000000000000000, -1.000000000000000000 ) ) ;
#1490 = DIRECTION ( 'NONE',  ( -0.000000000000000000, 0.000000000000000000, 1.000000000000000000 ) ) ;
#1491 = ORIENTED_EDGE ( 'NONE', *, *, #1684, .F. ) ;
#1492 = LINE ( 'NONE', #105, #408 ) ;
#1493 = EDGE_CURVE ( 'NONE', #2241, #1821, #2503, .T. ) ;
#1494 = VERTEX_POINT ( 'NONE', #1571 ) ;
#1495 = FACE_OUTER_BOUND ( 'NONE', #2332, .T. ) ;
#1496 = VERTEX_POINT ( 'NONE', #2121 ) ;
#1497 = DIRECTION ( 'NONE',  ( 1.000000000000000000, 0.000000000000000000, 2.659909329831101477E-14 ) ) ;
#1498 = ORIENTED_EDGE ( 'NONE', *, *, #95, .T. ) ;
#1499 = CYLINDRICAL_SURFACE ( 'NONE', #73, 6.000000000000000000 ) ;
#1500 = LINE ( 'NONE', #504, #10 ) ;
#1501 = ORIENTED_EDGE ( 'NONE', *, *, #485, .F. ) ;
#1502 = FACE_OUTER_BOUND ( 'NONE', #1272, .T. ) ;
#1503 = ORIENTED_EDGE ( 'NONE', *, *, #1106, .T. ) ;
#1504 = CARTESIAN_POINT ( 'NONE',  ( -16.50000000000000000, -5.500000000000000000, 0.000000000000000000 ) ) ;
#1505 = EDGE_CURVE ( 'NONE', #1219, #2266, #488, .T. ) ;
#1506 = EDGE_CURVE ( 'NONE', #333, #929, #1806, .T. ) ;
#1507 = AXIS2_PLACEMENT_3D ( 'NONE', #2252, #1292, #1689 ) ;
#1508 = ORIENTED_EDGE ( 'NONE', *, *, #1152, .F. ) ;
#1509 = FACE_OUTER_BOUND ( 'NONE', #1210, .T. ) ;
#1510 = VECTOR ( 'NONE', #1348, 1000.000000000000000 ) ;
#1511 = LINE ( 'NONE', #1656, #2014 ) ;
#1512 = LINE ( 'NONE', #2310, #820 ) ;
#1513 = AXIS2_PLACEMENT_3D ( 'NONE', #2094, #122, #1119 ) ;
#1514 = ORIENTED_EDGE ( 'NONE', *, *, #600, .T. ) ;
#1515 = AXIS2_PLACEMENT_3D ( 'NONE', #858, #437, #269 ) ;
#1516 = CARTESIAN_POINT ( 'NONE',  ( 21.99999999999999645, -7.799999999999998046, 2.000000000000000000 ) ) ;
#1517 = CARTESIAN_POINT ( 'NONE',  ( 10.49999999999999645, -7.799999999999999822, 10.00000000000000000 ) ) ;
#1518 = EDGE_CURVE ( 'NONE', #1293, #2183, #1558, .T. ) ;
#1519 = VERTEX_POINT ( 'NONE', #1542 ) ;
#1520 = DIRECTION ( 'NONE',  ( -1.000000000000000000, 0.000000000000000000, 0.000000000000000000 ) ) ;
#1521 = ORIENTED_EDGE ( 'NONE', *, *, #2041, .T. ) ;
#1522 = DIRECTION ( 'NONE',  ( 0.000000000000000000, -1.000000000000000000, 0.000000000000000000 ) ) ;
#1523 = DIRECTION ( 'NONE',  ( 0.000000000000000000, 0.000000000000000000, -1.000000000000000000 ) ) ;
#1524 = EDGE_LOOP ( 'NONE', ( #256, #258, #1221, #2524 ) ) ;
#1525 = FACE_OUTER_BOUND ( 'NONE', #1323, .T. ) ;
#1526 = ORIENTED_EDGE ( 'NONE', *, *, #1078, .F. ) ;
#1527 = FACE_BOUND ( 'NONE', #1840, .T. ) ;
#1528 = ORIENTED_EDGE ( 'NONE', *, *, #995, .F. ) ;
#1529 = DIRECTION ( 'NONE',  ( 0.000000000000000000, 0.000000000000000000, 1.000000000000000000 ) ) ;
#1530 = AXIS2_PLACEMENT_3D ( 'NONE', #112, #1732, #2470 ) ;
#1531 = DIRECTION ( 'NONE',  ( -1.000000000000000000, -0.000000000000000000, -0.000000000000000000 ) ) ;
#1532 = EDGE_CURVE ( 'NONE', #1175, #1579, #2134, .T. ) ;
#1533 = EDGE_LOOP ( 'NONE', ( #96, #506, #556, #457 ) ) ;
#1534 = DIRECTION ( 'NONE',  ( 0.000000000000000000, 1.000000000000000000, -0.000000000000000000 ) ) ;
#1535 = DIRECTION ( 'NONE',  ( -1.239088197126292789E-16, -2.168404344971008868E-16, -1.000000000000000000 ) ) ;
#1536 = ORIENTED_EDGE ( 'NONE', *, *, #213, .F. ) ;
#1537 = DIRECTION ( 'NONE',  ( 1.239088197126292789E-16, 0.000000000000000000, 1.000000000000000000 ) ) ;
#1538 = DIRECTION ( 'NONE',  ( 0.000000000000000000, 0.000000000000000000, -1.000000000000000000 ) ) ;
#1539 = ORIENTED_EDGE ( 'NONE', *, *, #1045, .T. ) ;
#1540 = FACE_OUTER_BOUND ( 'NONE', #2398, .T. ) ;
#1541 = ORIENTED_EDGE ( 'NONE', *, *, #964, .T. ) ;
#1542 = CARTESIAN_POINT ( 'NONE',  ( 16.50000000000000000, -5.799999999999998046, 2.000000000000000000 ) ) ;
#1543 = ORIENTED_EDGE ( 'NONE', *, *, #2148, .F. ) ;
#1544 = DIRECTION ( 'NONE',  ( 0.000000000000000000, 0.000000000000000000, 1.000000000000000000 ) ) ;
#1545 = DIRECTION ( 'NONE',  ( -1.000000000000000000, -0.000000000000000000, -0.000000000000000000 ) ) ;
#1546 = VECTOR ( 'NONE', #1346, 1000.000000000000000 ) ;
#1547 = VECTOR ( 'NONE', #589, 1000.000000000000000 ) ;
#1548 = EDGE_CURVE ( 'NONE', #2050, #1182, #373, .T. ) ;
#1549 = EDGE_CURVE ( 'NONE', #1807, #2000, #183, .T. ) ;
#1550 = ORIENTED_EDGE ( 'NONE', *, *, #1783, .T. ) ;
#1551 = CARTESIAN_POINT ( 'NONE',  ( 16.50000000000000000, -9.000000000000000000, 10.00000000000000000 ) ) ;
#1552 = AXIS2_PLACEMENT_3D ( 'NONE', #999, #551, #1781 ) ;
#1553 = ADVANCED_FACE ( 'NONE', ( #2541 ), #783, .F. ) ;
#1554 = AXIS2_PLACEMENT_3D ( 'NONE', #1231, #1634, #2020 ) ;
#1555 = ORIENTED_EDGE ( 'NONE', *, *, #2024, .F. ) ;
#1556 = LINE ( 'NONE', #2160, #784 ) ;
#1557 = ORIENTED_EDGE ( 'NONE', *, *, #321, .F. ) ;
#1558 = LINE ( 'NONE', #587, #1510 ) ;
#1559 = ORIENTED_EDGE ( 'NONE', *, *, #1532, .T. ) ;
#1560 = CARTESIAN_POINT ( 'NONE',  ( -15.00000000000000000, 0.000000000000000000, -13.74999999999996270 ) ) ;
#1561 = CARTESIAN_POINT ( 'NONE',  ( 16.50000000000000000, -9.000000000000000000, 6.000000000000000000 ) ) ;
#1562 = ORIENTED_EDGE ( 'NONE', *, *, #1518, .T. ) ;
#1563 = CARTESIAN_POINT ( 'NONE',  ( -10.00000000000000178, -2.999999999999999112, 19.50033428532089275 ) ) ;
#1564 = CARTESIAN_POINT ( 'NONE',  ( -15.00000000000000178, 0.000000000000000000, -11.99999999999999645 ) ) ;
#1565 = EDGE_CURVE ( 'NONE', #1912, #1017, #602, .T. ) ;
#1566 = ORIENTED_EDGE ( 'NONE', *, *, #1296, .F. ) ;
#1567 = PLANE ( 'NONE',  #404 ) ;
#1568 = ADVANCED_FACE ( 'NONE', ( #804 ), #564, .F. ) ;
#1569 = ORIENTED_EDGE ( 'NONE', *, *, #725, .F. ) ;
#1570 = CARTESIAN_POINT ( 'NONE',  ( 16.50000000000000000, -9.000000000000000000, -2.000000000000000000 ) ) ;
#1571 = CARTESIAN_POINT ( 'NONE',  ( 10.50000000000000000, -15.00000000000000178, -19.75000000000000355 ) ) ;
#1572 = AXIS2_PLACEMENT_3D ( 'NONE', #998, #2451, #1060 ) ;
#1573 = VERTEX_POINT ( 'NONE', #1577 ) ;
#1574 = CARTESIAN_POINT ( 'NONE',  ( 9.999999999999960920, -9.000000000000000000, 18.50000000000000000 ) ) ;
#1575 = ORIENTED_EDGE ( 'NONE', *, *, #2365, .F. ) ;
#1576 = CARTESIAN_POINT ( 'NONE',  ( 10.49999999999996092, -9.000000000000000000, 20.24999999999999645 ) ) ;
#1577 = CARTESIAN_POINT ( 'NONE',  ( 11.45891610559597673, -2.500000000000000000, 18.53242237750207977 ) ) ;
#1578 = DIRECTION ( 'NONE',  ( 1.000000000000000000, -0.000000000000000000, 0.000000000000000000 ) ) ;
#1579 = VERTEX_POINT ( 'NONE', #1563 ) ;
#1580 = LINE ( 'NONE', #2325, #1153 ) ;
#1581 = EDGE_CURVE ( 'NONE', #1455, #596, #1342, .T. ) ;
#1582 = ORIENTED_EDGE ( 'NONE', *, *, #2194, .F. ) ;
#1583 = EDGE_CURVE ( 'NONE', #1912, #18, #772, .T. ) ;
#1584 = VECTOR ( 'NONE', #227, 1000.000000000000000 ) ;
#1585 = ORIENTED_EDGE ( 'NONE', *, *, #2148, .T. ) ;
#1586 = CARTESIAN_POINT ( 'NONE',  ( -16.50000000000000000, -3.500000000000002220, -9.750000000000003553 ) ) ;
#1587 = ORIENTED_EDGE ( 'NONE', *, *, #2083, .T. ) ;
#1588 = AXIS2_PLACEMENT_3D ( 'NONE', #2530, #1534, #1376 ) ;
#1589 = PRESENTATION_STYLE_ASSIGNMENT (( #814 ) ) ;
#1590 = CARTESIAN_POINT ( 'NONE',  ( 10.49999999999996092, -15.00000000000000178, 18.24999999999999645 ) ) ;
#1591 = DIRECTION ( 'NONE',  ( -0.000000000000000000, 1.000000000000000000, -0.000000000000000000 ) ) ;
#1592 = VECTOR ( 'NONE', #1535, 1000.000000000000000 ) ;
#1593 = AXIS2_PLACEMENT_3D ( 'NONE', #1046, #72, #1825 ) ;
#1594 = EDGE_LOOP ( 'NONE', ( #1034, #210, #509, #180 ) ) ;
#1595 = LINE ( 'NONE', #1822, #2140 ) ;
#1596 = VECTOR ( 'NONE', #1336, 1000.000000000000000 ) ;
#1597 = VECTOR ( 'NONE', #2051, 1000.000000000000000 ) ;
#1598 = VERTEX_POINT ( 'NONE', #1767 ) ;
#1599 = DIRECTION ( 'NONE',  ( 1.000000000000000000, 0.000000000000000000, -0.000000000000000000 ) ) ;
#1600 = AXIS2_PLACEMENT_3D ( 'NONE', #2279, #2092, #2455 ) ;
#1601 = EDGE_CURVE ( 'NONE', #2411, #743, #2142, .T. ) ;
#1602 = ORIENTED_EDGE ( 'NONE', *, *, #1215, .T. ) ;
#1603 = FACE_OUTER_BOUND ( 'NONE', #630, .T. ) ;
#1604 = VECTOR ( 'NONE', #1256, 1000.000000000000000 ) ;
#1605 = ORIENTED_EDGE ( 'NONE', *, *, #680, .T. ) ;
#1606 = DIRECTION ( 'NONE',  ( 0.000000000000000000, 0.000000000000000000, 1.000000000000000000 ) ) ;
#1607 = CARTESIAN_POINT ( 'NONE',  ( 9.999999999999968026, -2.500000000000000000, -18.75000000000000355 ) ) ;
#1608 = FACE_OUTER_BOUND ( 'NONE', #13, .T. ) ;
#1609 = CARTESIAN_POINT ( 'NONE',  ( -16.50000000000000000, 0.000000000000000000, -13.75000000000000178 ) ) ;
#1610 = DIRECTION ( 'NONE',  ( 0.000000000000000000, 1.000000000000000000, 0.000000000000000000 ) ) ;
#1611 = ORIENTED_EDGE ( 'NONE', *, *, #126, .T. ) ;
#1612 = DIRECTION ( 'NONE',  ( 1.000000000000000000, 0.000000000000000000, 0.000000000000000000 ) ) ;
#1613 = ORIENTED_EDGE ( 'NONE', *, *, #1990, .T. ) ;
#1614 = CARTESIAN_POINT ( 'NONE',  ( -16.50000000000000000, -5.500000000000000000, -6.499999999999995559 ) ) ;
#1615 = ORIENTED_EDGE ( 'NONE', *, *, #406, .F. ) ;
#1616 = CYLINDRICAL_SURFACE ( 'NONE', #2468, 2.000000000000000000 ) ;
#1617 = DIRECTION ( 'NONE',  ( 0.000000000000000000, -1.000000000000000000, 0.000000000000000000 ) ) ;
#1618 = PLANE ( 'NONE',  #832 ) ;
#1619 = ORIENTED_EDGE ( 'NONE', *, *, #1432, .F. ) ;
#1620 = CARTESIAN_POINT ( 'NONE',  ( -16.50000000000000000, -3.500000000000002220, 5.249999999999995559 ) ) ;
#1621 = ORIENTED_EDGE ( 'NONE', *, *, #267, .F. ) ;
#1622 = LINE ( 'NONE', #2245, #2137 ) ;
#1623 = CYLINDRICAL_SURFACE ( 'NONE', #1145, 5.999999999999998224 ) ;
#1624 = ORIENTED_EDGE ( 'NONE', *, *, #2259, .T. ) ;
#1625 = DIRECTION ( 'NONE',  ( 0.000000000000000000, 0.000000000000000000, 1.000000000000000000 ) ) ;
#1626 = DIRECTION ( 'NONE',  ( 0.000000000000000000, -4.336808689942013299E-16, 1.000000000000000000 ) ) ;
#1627 = CYLINDRICAL_SURFACE ( 'NONE', #1860, 4.999999999999999112 ) ;
#1628 = VECTOR ( 'NONE', #659, 1000.000000000000000 ) ;
#1629 = AXIS2_PLACEMENT_3D ( 'NONE', #1089, #1872, #103 ) ;
#1630 = ADVANCED_FACE ( 'NONE', ( #2361 ), #1201, .T. ) ;
#1631 = EDGE_CURVE ( 'NONE', #2183, #1375, #1173, .T. ) ;
#1632 = ORIENTED_EDGE ( 'NONE', *, *, #1976, .T. ) ;
#1633 = ORIENTED_EDGE ( 'NONE', *, *, #2177, .T. ) ;
#1634 = DIRECTION ( 'NONE',  ( -0.000000000000000000, -1.000000000000000000, 0.000000000000000000 ) ) ;
#1635 = VECTOR ( 'NONE', #138, 1000.000000000000000 ) ;
#1636 = VECTOR ( 'NONE', #801, 1000.000000000000000 ) ;
#1637 = EDGE_CURVE ( 'NONE', #2326, #1807, #1993, .T. ) ;
#1638 = AXIS2_PLACEMENT_3D ( 'NONE', #1252, #1033, #1451 ) ;
#1639 = VERTEX_POINT ( 'NONE', #1148 ) ;
#1640 = DIRECTION ( 'NONE',  ( 0.000000000000000000, 0.000000000000000000, 1.000000000000000000 ) ) ;
#1641 = AXIS2_PLACEMENT_3D ( 'NONE', #1103, #2292, #1678 ) ;
#1642 = DIRECTION ( 'NONE',  ( 0.000000000000000000, 0.000000000000000000, 1.000000000000000000 ) ) ;
#1643 = ORIENTED_EDGE ( 'NONE', *, *, #1402, .F. ) ;
#1644 = DIRECTION ( 'NONE',  ( 0.000000000000000000, 0.000000000000000000, -1.000000000000000000 ) ) ;
#1645 = DIRECTION ( 'NONE',  ( -0.000000000000000000, 1.000000000000000000, -0.000000000000000000 ) ) ;
#1646 = CARTESIAN_POINT ( 'NONE',  ( -16.50000000000000000, -9.000000000000000000, 3.000334285320895855 ) ) ;
#1647 = ORIENTED_EDGE ( 'NONE', *, *, #2126, .T. ) ;
#1648 = LINE ( 'NONE', #412, #1282 ) ;
#1649 = DIRECTION ( 'NONE',  ( 0.000000000000000000, 1.000000000000000000, -0.000000000000000000 ) ) ;
#1650 = ADVANCED_FACE ( 'NONE', ( #215 ), #2187, .F. ) ;
#1651 = ORIENTED_EDGE ( 'NONE', *, *, #616, .T. ) ;
#1652 = CARTESIAN_POINT ( 'NONE',  ( 12.76420390868026900, -2.500000000000000444, 17.66643453701563971 ) ) ;
#1653 = ADVANCED_FACE ( 'NONE', ( #2168, #4, #178, #189 ), #2521, .F. ) ;
#1654 = CARTESIAN_POINT ( 'NONE',  ( 9.999999999999968026, 0.000000000000000000, -18.75000000000000355 ) ) ;
#1655 = CARTESIAN_POINT ( 'NONE',  ( 9.999999999999996447, -2.999999999999999112, 19.50033428532089275 ) ) ;
#1656 = CARTESIAN_POINT ( 'NONE',  ( 15.00000000000000355, -2.500000000000000000, 13.74999999999996092 ) ) ;
#1657 = DIRECTION ( 'NONE',  ( -1.000000000000000000, 0.000000000000000000, 0.000000000000000000 ) ) ;
#1658 = ORIENTED_EDGE ( 'NONE', *, *, #1058, .F. ) ;
#1659 = VECTOR ( 'NONE', #2150, 1000.000000000000000 ) ;
#1660 = LINE ( 'NONE', #1285, #498 ) ;
#1661 = AXIS2_PLACEMENT_3D ( 'NONE', #1397, #1529, #196 ) ;
#1662 = ADVANCED_FACE ( 'NONE', ( #378 ), #815, .T. ) ;
#1663 = VERTEX_POINT ( 'NONE', #970 ) ;
#1664 = FACE_OUTER_BOUND ( 'NONE', #177, .T. ) ;
#1665 = ADVANCED_FACE ( 'NONE', ( #24 ), #2321, .F. ) ;
#1666 = ADVANCED_FACE ( 'NONE', ( #1981 ), #205, .T. ) ;
#1667 = DIRECTION ( 'NONE',  ( 0.000000000000000000, 2.168404344971008128E-16, 1.000000000000000000 ) ) ;
#1668 = ADVANCED_FACE ( 'NONE', ( #14 ), #2374, .T. ) ;
#1669 = DIRECTION ( 'NONE',  ( 0.000000000000000000, 0.000000000000000000, 1.000000000000000000 ) ) ;
#1670 = DIRECTION ( 'NONE',  ( 0.000000000000000000, -1.000000000000000000, 0.000000000000000000 ) ) ;
#1671 = LINE ( 'NONE', #672, #1866 ) ;
#1672 = VERTEX_POINT ( 'NONE', #351 ) ;
#1673 = AXIS2_PLACEMENT_3D ( 'NONE', #1590, #422, #1212 ) ;
#1674 = CARTESIAN_POINT ( 'NONE',  ( -16.50000000000000000, -9.000000000000000000, -11.99999999999999645 ) ) ;
#1675 = AXIS2_PLACEMENT_3D ( 'NONE', #1476, #113, #2276 ) ;
#1676 = EDGE_LOOP ( 'NONE', ( #985, #1613, #1585, #838, #1065, #591 ) ) ;
#1677 = CIRCLE ( 'NONE', #2101, 4.999999999999999112 ) ;
#1678 = DIRECTION ( 'NONE',  ( 1.000000000000000000, 0.000000000000000000, 0.000000000000000000 ) ) ;
#1679 = VECTOR ( 'NONE', #930, 1000.000000000000000 ) ;
#1680 = AXIS2_PLACEMENT_3D ( 'NONE', #839, #2235, #1005 ) ;
#1681 = CARTESIAN_POINT ( 'NONE',  ( 0.000000000000000000, -7.799999999999999822, -10.00000000000000000 ) ) ;
#1682 = VECTOR ( 'NONE', #833, 1000.000000000000000 ) ;
#1683 = VECTOR ( 'NONE', #71, 1000.000000000000000 ) ;
#1684 = EDGE_CURVE ( 'NONE', #1306, #1821, #1622, .T. ) ;
#1685 = ADVANCED_FACE ( 'NONE', ( #2449 ), #1070, .F. ) ;
#1686 = VECTOR ( 'NONE', #220, 1000.000000000000000 ) ;
#1687 = CARTESIAN_POINT ( 'NONE',  ( 0.000000000000000000, -2.999999999999999112, 18.50000000000000355 ) ) ;
#1688 = LINE ( 'NONE', #1088, #2423 ) ;
#1689 = DIRECTION ( 'NONE',  ( 0.000000000000000000, 0.000000000000000000, 1.000000000000000000 ) ) ;
#1690 = ORIENTED_EDGE ( 'NONE', *, *, #840, .F. ) ;
#1691 = DIRECTION ( 'NONE',  ( 0.000000000000000000, 1.000000000000000000, 0.000000000000000000 ) ) ;
#1692 = VERTEX_POINT ( 'NONE', #861 ) ;
#1693 = LINE ( 'NONE', #2479, #570 ) ;
#1694 = VECTOR ( 'NONE', #907, 1000.000000000000000 ) ;
#1695 = ORIENTED_EDGE ( 'NONE', *, *, #1478, .T. ) ;
#1696 = DIRECTION ( 'NONE',  ( -1.000000000000000000, 0.000000000000000000, 3.469446951953625529E-16 ) ) ;
#1697 = EDGE_CURVE ( 'NONE', #1216, #2402, #459, .T. ) ;
#1698 = CARTESIAN_POINT ( 'NONE',  ( 12.03964550972428604, -9.000000000000000000, 18.14713983567511590 ) ) ;
#1699 = CARTESIAN_POINT ( 'NONE',  ( -16.50000000000000000, -9.000000000000000000, -6.499999999999995559 ) ) ;
#1700 = EDGE_CURVE ( 'NONE', #2072, #1954, #1460, .T. ) ;
#1701 = VERTEX_POINT ( 'NONE', #849 ) ;
#1702 = CARTESIAN_POINT ( 'NONE',  ( 15.00000000000000355, -2.500000000000000444, -13.49999999999999467 ) ) ;
#1703 = CIRCLE ( 'NONE', #1530, 4.999999999999999112 ) ;
#1704 = ORIENTED_EDGE ( 'NONE', *, *, #1684, .T. ) ;
#1705 = CARTESIAN_POINT ( 'NONE',  ( 5.499999999999958256, -9.000000000000000000, -18.50000000000000000 ) ) ;
#1706 = EDGE_LOOP ( 'NONE', ( #263, #2335, #1615, #2354 ) ) ;
#1707 = FACE_OUTER_BOUND ( 'NONE', #2090, .T. ) ;
#1708 = EDGE_LOOP ( 'NONE', ( #1900, #657, #142, #420, #811, #381 ) ) ;
#1709 = FACE_OUTER_BOUND ( 'NONE', #1743, .T. ) ;
#1710 = LINE ( 'NONE', #1561, #397 ) ;
#1711 = VERTEX_POINT ( 'NONE', #1422 ) ;
#1712 = LINE ( 'NONE', #379, #1035 ) ;
#1713 = EDGE_CURVE ( 'NONE', #1598, #3, #2202, .T. ) ;
#1714 = DIRECTION ( 'NONE',  ( 0.000000000000000000, 1.000000000000000000, 0.000000000000000000 ) ) ;
#1715 = CIRCLE ( 'NONE', #651, 4.000000000000003553 ) ;
#1716 = VECTOR ( 'NONE', #524, 1000.000000000000000 ) ;
#1717 = EDGE_LOOP ( 'NONE', ( #1331, #57, #1163, #188 ) ) ;
#1718 = FACE_OUTER_BOUND ( 'NONE', #1168, .T. ) ;
#1719 = VECTOR ( 'NONE', #1520, 1000.000000000000000 ) ;
#1720 = LINE ( 'NONE', #405, #612 ) ;
#1721 = DIRECTION ( 'NONE',  ( 1.000000000000000000, 0.000000000000000000, 1.652117596168387756E-16 ) ) ;
#1722 = AXIS2_PLACEMENT_3D ( 'NONE', #668, #441, #1640 ) ;
#1723 = ORIENTED_EDGE ( 'NONE', *, *, #98, .T. ) ;
#1724 = DIRECTION ( 'NONE',  ( 2.659909329831101792E-14, -0.000000000000000000, -1.000000000000000000 ) ) ;
#1725 = EDGE_CURVE ( 'NONE', #1249, #304, #2257, .T. ) ;
#1726 = VERTEX_POINT ( 'NONE', #259 ) ;
#1727 = CARTESIAN_POINT ( 'NONE',  ( 10.50000000000000000, -2.500000000000000444, -19.75000000000000355 ) ) ;
#1728 = AXIS2_PLACEMENT_3D ( 'NONE', #1136, #984, #1768 ) ;
#1729 = VECTOR ( 'NONE', #634, 1000.000000000000000 ) ;
#1730 = ORIENTED_EDGE ( 'NONE', *, *, #98, .F. ) ;
#1731 = ADVANCED_FACE ( 'NONE', ( #1236 ), #2436, .F. ) ;
#1732 = DIRECTION ( 'NONE',  ( 0.000000000000000000, 1.000000000000000000, 0.000000000000000000 ) ) ;
#1733 = CARTESIAN_POINT ( 'NONE',  ( 16.50000000000000000, -9.000000000000007105, -10.00000000000000000 ) ) ;
#1734 = AXIS2_PLACEMENT_3D ( 'NONE', #15, #1994, #25 ) ;
#1735 = ORIENTED_EDGE ( 'NONE', *, *, #508, .T. ) ;
#1736 = PLANE ( 'NONE',  #862 ) ;
#1737 = CARTESIAN_POINT ( 'NONE',  ( 0.000000000000000000, -9.000000000000000000, -18.49999999999999645 ) ) ;
#1738 = ORIENTED_EDGE ( 'NONE', *, *, #1025, .T. ) ;
#1739 = CARTESIAN_POINT ( 'NONE',  ( 9.999999999999994671, -13.00000000000000000, -13.49999999999999467 ) ) ;
#1740 = DIRECTION ( 'NONE',  ( 0.000000000000000000, 1.000000000000000000, 0.000000000000000000 ) ) ;
#1741 = EDGE_LOOP ( 'NONE', ( #364, #20, #2338, #82 ) ) ;
#1742 = DIRECTION ( 'NONE',  ( 0.000000000000000000, 1.000000000000000000, 0.000000000000000000 ) ) ;
#1743 = EDGE_LOOP ( 'NONE', ( #2305, #1984, #121, #414 ) ) ;
#1744 = VECTOR ( 'NONE', #1758, 1000.000000000000000 ) ;
#1745 = CARTESIAN_POINT ( 'NONE',  ( -12.03964550972431091, 0.000000000000000000, 18.14713983567510169 ) ) ;
#1746 = PRODUCT_DEFINITION_CONTEXT ( 'detailed design', #2195, 'design' ) ;
#1747 = EDGE_CURVE ( 'NONE', #1430, #605, #639, .T. ) ;
#1748 = EDGE_CURVE ( 'NONE', #1055, #558, #85, .T. ) ;
#1749 = ORIENTED_EDGE ( 'NONE', *, *, #1506, .F. ) ;
#1750 = FACE_OUTER_BOUND ( 'NONE', #962, .T. ) ;
#1751 = FACE_OUTER_BOUND ( 'NONE', #1524, .T. ) ;
#1752 = ORIENTED_EDGE ( 'NONE', *, *, #1747, .T. ) ;
#1753 = DIRECTION ( 'NONE',  ( -1.652117596168387756E-16, 0.000000000000000000, 1.000000000000000000 ) ) ;
#1754 = DIRECTION ( 'NONE',  ( 0.000000000000000000, -0.000000000000000000, -1.000000000000000000 ) ) ;
#1755 = ORIENTED_EDGE ( 'NONE', *, *, #1889, .T. ) ;
#1756 = DIRECTION ( 'NONE',  ( -1.000000000000000000, -0.000000000000000000, -0.000000000000000000 ) ) ;
#1757 = VERTEX_POINT ( 'NONE', #1084 ) ;
#1758 = DIRECTION ( 'NONE',  ( -1.000000000000000000, -0.000000000000000000, -0.000000000000000000 ) ) ;
#1759 = VECTOR ( 'NONE', #240, 1000.000000000000000 ) ;
#1760 = DIRECTION ( 'NONE',  ( -0.000000000000000000, -1.000000000000000000, -0.000000000000000000 ) ) ;
#1761 = ORIENTED_EDGE ( 'NONE', *, *, #2512, .F. ) ;
#1762 = CARTESIAN_POINT ( 'NONE',  ( -10.00000000000000355, -9.000000000000000000, -13.49999999999999645 ) ) ;
#1763 = ADVANCED_FACE ( 'NONE', ( #1836 ), #823, .T. ) ;
#1764 = LINE ( 'NONE', #1908, #2062 ) ;
#1765 = VECTOR ( 'NONE', #1240, 1000.000000000000000 ) ;
#1766 = ORIENTED_EDGE ( 'NONE', *, *, #875, .F. ) ;
#1767 = CARTESIAN_POINT ( 'NONE',  ( -16.50000000000000000, -15.00000000000000178, -13.75000000000000178 ) ) ;
#1768 = DIRECTION ( 'NONE',  ( 0.000000000000000000, 0.000000000000000000, 1.000000000000000000 ) ) ;
#1769 = TOROIDAL_SURFACE ( 'NONE', #443, 3.000000000000000000, 2.000000000000000000 ) ;
#1770 = ORIENTED_EDGE ( 'NONE', *, *, #2122, .T. ) ;
#1771 = DIRECTION ( 'NONE',  ( 0.000000000000000000, 0.000000000000000000, -1.000000000000000000 ) ) ;
#1772 = VECTOR ( 'NONE', #942, 1000.000000000000000 ) ;
#1773 = ORIENTED_EDGE ( 'NONE', *, *, #321, .T. ) ;
#1774 = CARTESIAN_POINT ( 'NONE',  ( 0.000000000000000000, -2.999999999999999112, 19.50033428532089275 ) ) ;
#1775 = VECTOR ( 'NONE', #1038, 1000.000000000000000 ) ;
#1776 = VERTEX_POINT ( 'NONE', #1652 ) ;
#1777 = DIRECTION ( 'NONE',  ( 0.000000000000000000, 0.000000000000000000, 1.000000000000000000 ) ) ;
#1778 = ADVANCED_FACE ( 'NONE', ( #1028 ), #470, .T. ) ;
#1779 = VERTEX_POINT ( 'NONE', #1410 ) ;
#1780 = DIRECTION ( 'NONE',  ( 1.239088197126292789E-16, 0.000000000000000000, 1.000000000000000000 ) ) ;
#1781 = DIRECTION ( 'NONE',  ( 1.000000000000000000, 0.000000000000000000, 0.000000000000000000 ) ) ;
#1782 = CARTESIAN_POINT ( 'NONE',  ( -9.999999999999968026, -2.500000000000000000, -18.74999999999999645 ) ) ;
#1783 = EDGE_CURVE ( 'NONE', #333, #2266, #497, .T. ) ;
#1784 = EDGE_CURVE ( 'NONE', #1430, #1833, #2010, .T. ) ;
#1785 = VERTEX_POINT ( 'NONE', #2027 ) ;
#1786 = PLANE ( 'NONE',  #2504 ) ;
#1787 = EDGE_LOOP ( 'NONE', ( #1575, #1269, #482, #214 ) ) ;
#1788 =( NAMED_UNIT ( * ) PLANE_ANGLE_UNIT ( ) SI_UNIT ( $, .RADIAN. ) );
#1789 = ORIENTED_EDGE ( 'NONE', *, *, #2029, .T. ) ;
#1790 = CARTESIAN_POINT ( 'NONE',  ( -15.00000000000000178, -3.500000000000002220, -9.750000000000003553 ) ) ;
#1791 = ORIENTED_EDGE ( 'NONE', *, *, #2097, .F. ) ;
#1792 = CARTESIAN_POINT ( 'NONE',  ( 10.00000000000000178, 0.000000000000000000, 13.74999999999999822 ) ) ;
#1793 = DIRECTION ( 'NONE',  ( 0.000000000000000000, 0.000000000000000000, -1.000000000000000000 ) ) ;
#1794 = DIRECTION ( 'NONE',  ( 0.000000000000000000, 0.000000000000000000, 1.000000000000000000 ) ) ;
#1795 = DIRECTION ( 'NONE',  ( 1.239088197126292789E-16, 0.000000000000000000, 1.000000000000000000 ) ) ;
#1796 = DIRECTION ( 'NONE',  ( -0.000000000000000000, -0.000000000000000000, 1.000000000000000000 ) ) ;
#1797 = ADVANCED_FACE ( 'NONE', ( #46 ), #246, .F. ) ;
#1798 = EDGE_CURVE ( 'NONE', #1107, #751, #2420, .T. ) ;
#1799 = VERTEX_POINT ( 'NONE', #272 ) ;
#1800 = VERTEX_POINT ( 'NONE', #716 ) ;
#1801 = CARTESIAN_POINT ( 'NONE',  ( 14.99999999999999645, -9.000000000000000000, 10.00000000000000000 ) ) ;
#1802 = ORIENTED_EDGE ( 'NONE', *, *, #456, .T. ) ;
#1803 = FILL_AREA_STYLE ('',( #23 ) ) ;
#1804 = DIRECTION ( 'NONE',  ( 2.116362640691704340E-14, 0.000000000000000000, 1.000000000000000000 ) ) ;
#1805 = CARTESIAN_POINT ( 'NONE',  ( -10.00000000000000000, -2.500000000000000000, 13.75000000000000178 ) ) ;
#1806 = CIRCLE ( 'NONE', #2464, 2.000000000000000000 ) ;
#1807 = VERTEX_POINT ( 'NONE', #1470 ) ;
#1808 = PLANE ( 'NONE',  #1109 ) ;
#1809 = AXIS2_PLACEMENT_3D ( 'NONE', #2185, #1753, #1187 ) ;
#1810 = VECTOR ( 'NONE', #38, 1000.000000000000000 ) ;
#1811 = EDGE_CURVE ( 'NONE', #1598, #1987, #2544, .T. ) ;
#1812 = ORIENTED_EDGE ( 'NONE', *, *, #1413, .T. ) ;
#1813 = DIRECTION ( 'NONE',  ( -0.000000000000000000, 1.000000000000000000, -0.000000000000000000 ) ) ;
#1814 = VECTOR ( 'NONE', #774, 1000.000000000000000 ) ;
#1815 = ORIENTED_EDGE ( 'NONE', *, *, #2247, .F. ) ;
#1816 = PLANE ( 'NONE',  #615 ) ;
#1817 = ORIENTED_EDGE ( 'NONE', *, *, #600, .F. ) ;
#1818 = SURFACE_SIDE_STYLE ('',( #391 ) ) ;
#1819 = CARTESIAN_POINT ( 'NONE',  ( -10.00000000000000178, -2.500000000000000444, 13.50000000000000355 ) ) ;
#1820 = FACE_OUTER_BOUND ( 'NONE', #271, .T. ) ;
#1821 = VERTEX_POINT ( 'NONE', #1705 ) ;
#1822 = CARTESIAN_POINT ( 'NONE',  ( -15.00000000000000178, -9.000000000000000000, 13.50000000000000355 ) ) ;
#1823 = EDGE_LOOP ( 'NONE', ( #2114, #223, #989, #34 ) ) ;
#1824 = DIRECTION ( 'NONE',  ( -1.000000000000000000, -0.000000000000000000, 0.000000000000000000 ) ) ;
#1825 = DIRECTION ( 'NONE',  ( 0.000000000000000000, 0.000000000000000000, -1.000000000000000000 ) ) ;
#1826 = EDGE_CURVE ( 'NONE', #2532, #1135, #2307, .T. ) ;
#1827 = ADVANCED_FACE ( 'NONE', ( #1288 ), #133, .F. ) ;
#1828 = VERTEX_POINT ( 'NONE', #297 ) ;
#1829 = LINE ( 'NONE', #632, #1971 ) ;
#1830 = DIRECTION ( 'NONE',  ( 0.000000000000000000, -1.000000000000000000, 0.000000000000000000 ) ) ;
#1831 = EDGE_CURVE ( 'NONE', #1579, #387, #144, .T. ) ;
#1832 = ORIENTED_EDGE ( 'NONE', *, *, #26, .T. ) ;
#1833 = VERTEX_POINT ( 'NONE', #1517 ) ;
#1834 = CARTESIAN_POINT ( 'NONE',  ( -10.50000000000000000, -9.000000000000000000, -19.75000000000000711 ) ) ;
#1835 = ORIENTED_EDGE ( 'NONE', *, *, #109, .F. ) ;
#1836 = FACE_OUTER_BOUND ( 'NONE', #466, .T. ) ;
#1837 = CARTESIAN_POINT ( 'NONE',  ( -10.00000000000000355, -15.00000000000000000, -16.49999999999999289 ) ) ;
#1838 = ADVANCED_FACE ( 'NONE', ( #1093 ), #541, .F. ) ;
#1839 = EDGE_CURVE ( 'NONE', #1129, #1672, #1138, .T. ) ;
#1840 = EDGE_LOOP ( 'NONE', ( #785, #1773, #1723, #2367 ) ) ;
#1841 = CARTESIAN_POINT ( 'NONE',  ( -16.50000000000000000, -9.000000000000000000, -11.99999999999999645 ) ) ;
#1842 = LINE ( 'NONE', #2239, #817 ) ;
#1843 = DIRECTION ( 'NONE',  ( -0.000000000000000000, 1.000000000000000000, -0.000000000000000000 ) ) ;
#1844 = ADVANCED_FACE ( 'NONE', ( #500 ), #1128, .F. ) ;
#1845 = EDGE_LOOP ( 'NONE', ( #2428, #2416, #1611, #1802 ) ) ;
#1846 = EDGE_LOOP ( 'NONE', ( #1040, #195, #2256, #982 ) ) ;
#1847 = CARTESIAN_POINT ( 'NONE',  ( 10.00000000000000533, -2.500000000000000000, -13.75000000000000178 ) ) ;
#1848 = AXIS2_PLACEMENT_3D ( 'NONE', #2296, #1670, #1327 ) ;
#1849 = AXIS2_PLACEMENT_3D ( 'NONE', #2493, #917, #2306 ) ;
#1850 = VERTEX_POINT ( 'NONE', #1484 ) ;
#1851 = CARTESIAN_POINT ( 'NONE',  ( -15.00000000000000178, 0.000000000000000000, 3.000334285320895855 ) ) ;
#1852 = CIRCLE ( 'NONE', #739, 4.999999999999999112 ) ;
#1853 = LINE ( 'NONE', #2450, #158 ) ;
#1854 = VECTOR ( 'NONE', #329, 1000.000000000000000 ) ;
#1855 = CARTESIAN_POINT ( 'NONE',  ( 14.99999999999999645, -9.000000000000000000, 13.49999999999996270 ) ) ;
#1856 = CARTESIAN_POINT ( 'NONE',  ( 16.50000000000000355, 0.000000000000000000, 14.24999999999995381 ) ) ;
#1857 = FACE_OUTER_BOUND ( 'NONE', #717, .T. ) ;
#1858 = PRODUCT ( '\X2\96f64ef6\X0\1', '\X2\96f64ef6\X0\1', '', ( #2191 ) ) ;
#1859 = EDGE_CURVE ( 'NONE', #1692, #972, #945, .T. ) ;
#1860 = AXIS2_PLACEMENT_3D ( 'NONE', #1213, #2208, #660 ) ;
#1861 = ORIENTED_EDGE ( 'NONE', *, *, #2055, .T. ) ;
#1862 = DIRECTION ( 'NONE',  ( -5.782411586589338903E-16, -0.000000000000000000, 1.000000000000000000 ) ) ;
#1863 = LINE ( 'NONE', #481, #1032 ) ;
#1864 = EDGE_CURVE ( 'NONE', #1961, #1439, #1332, .T. ) ;
#1865 = EDGE_CURVE ( 'NONE', #1257, #1196, #97, .T. ) ;
#1866 = VECTOR ( 'NONE', #2453, 1000.000000000000000 ) ;
#1867 = VERTEX_POINT ( 'NONE', #107 ) ;
#1868 = CARTESIAN_POINT ( 'NONE',  ( 9.999999999999960920, -15.00000000000000000, 16.50000000000000000 ) ) ;
#1869 = PLANE ( 'NONE',  #738 ) ;
#1870 = CARTESIAN_POINT ( 'NONE',  ( 16.50000000000000000, -15.00000000000000178, -2.044495525258383509E-15 ) ) ;
#1871 = DIRECTION ( 'NONE',  ( 1.000000000000000000, -0.000000000000000000, -0.000000000000000000 ) ) ;
#1872 = DIRECTION ( 'NONE',  ( 0.000000000000000000, 0.000000000000000000, -1.000000000000000000 ) ) ;
#1873 = EDGE_LOOP ( 'NONE', ( #1026, #2038, #1624, #1372 ) ) ;
#1874 = LINE ( 'NONE', #507, #2505 ) ;
#1875 = ORIENTED_EDGE ( 'NONE', *, *, #2162, .F. ) ;
#1876 = EDGE_CURVE ( 'NONE', #1850, #2149, #1901, .T. ) ;
#1877 = DIRECTION ( 'NONE',  ( -0.000000000000000000, -0.000000000000000000, 1.000000000000000000 ) ) ;
#1878 = PLANE ( 'NONE',  #446 ) ;
#1879 = DIRECTION ( 'NONE',  ( -1.000000000000000000, -0.000000000000000000, -0.000000000000000000 ) ) ;
#1880 = CARTESIAN_POINT ( 'NONE',  ( -13.00000000000000178, -15.00000000000000000, -13.49999999999999645 ) ) ;
#1881 = CARTESIAN_POINT ( 'NONE',  ( 16.50000000000000000, -9.000000000000000000, 2.000000000000000000 ) ) ;
#1882 = ORIENTED_EDGE ( 'NONE', *, *, #1134, .T. ) ;
#1883 = VECTOR ( 'NONE', #389, 1000.000000000000000 ) ;
#1884 = LINE ( 'NONE', #896, #1077 ) ;
#1885 = ORIENTED_EDGE ( 'NONE', *, *, #81, .F. ) ;
#1886 = VECTOR ( 'NONE', #1780, 1000.000000000000000 ) ;
#1887 = DIRECTION ( 'NONE',  ( 0.000000000000000000, 0.000000000000000000, -1.000000000000000000 ) ) ;
#1888 = AXIS2_PLACEMENT_3D ( 'NONE', #966, #1932, #163 ) ;
#1889 = EDGE_CURVE ( 'NONE', #1726, #1954, #936, .T. ) ;
#1890 = VECTOR ( 'NONE', #1696, 1000.000000000000000 ) ;
#1891 = VERTEX_POINT ( 'NONE', #2075 ) ;
#1892 = LINE ( 'NONE', #298, #1111 ) ;
#1893 = VECTOR ( 'NONE', #2271, 1000.000000000000000 ) ;
#1894 = ADVANCED_FACE ( 'NONE', ( #1495 ), #705, .T. ) ;
#1895 = CIRCLE ( 'NONE', #2346, 4.999999999999997335 ) ;
#1896 = DIRECTION ( 'NONE',  ( 0.000000000000000000, 0.000000000000000000, 1.000000000000000000 ) ) ;
#1897 = DIRECTION ( 'NONE',  ( 0.000000000000000000, -1.156482317317871478E-16, 1.000000000000000000 ) ) ;
#1898 = VERTEX_POINT ( 'NONE', #689 ) ;
#1899 = CARTESIAN_POINT ( 'NONE',  ( 21.99999999999999645, -7.799999999999999822, -6.000000000000000000 ) ) ;
#1900 = ORIENTED_EDGE ( 'NONE', *, *, #1943, .T. ) ;
#1901 = LINE ( 'NONE', #532, #1436 ) ;
#1902 = VECTOR ( 'NONE', #514, 1000.000000000000000 ) ;
#1903 = EDGE_LOOP ( 'NONE', ( #677, #1137, #708, #2009 ) ) ;
#1904 = DIRECTION ( 'NONE',  ( 0.000000000000000000, 0.000000000000000000, -1.000000000000000000 ) ) ;
#1905 = ORIENTED_EDGE ( 'NONE', *, *, #1549, .T. ) ;
#1906 = CARTESIAN_POINT ( 'NONE',  ( -36.00000000000000000, -9.000000000000000000, -6.499999999999995559 ) ) ;
#1907 = ADVANCED_FACE ( 'NONE', ( #1664 ), #510, .F. ) ;
#1908 = CARTESIAN_POINT ( 'NONE',  ( -36.00000000000000000, -1.499999999999998224, -9.750000000000003553 ) ) ;
#1909 = EDGE_LOOP ( 'NONE', ( #1766, #2456, #399, #384 ) ) ;
#1910 = DIRECTION ( 'NONE',  ( 1.239088197126292789E-16, 0.000000000000000000, 1.000000000000000000 ) ) ;
#1911 = DIRECTION ( 'NONE',  ( -1.000000000000000000, 0.000000000000000000, -0.000000000000000000 ) ) ;
#1912 = VERTEX_POINT ( 'NONE', #306 ) ;
#1913 = CARTESIAN_POINT ( 'NONE',  ( 14.99999999999999645, -7.799999999999999822, 10.00000000000000000 ) ) ;
#1914 = ORIENTED_EDGE ( 'NONE', *, *, #436, .T. ) ;
#1915 = CARTESIAN_POINT ( 'NONE',  ( -10.00000000000000355, -9.000000000000000000, -18.49999999999999645 ) ) ;
#1916 = LINE ( 'NONE', #149, #1635 ) ;
#1917 = EDGE_CURVE ( 'NONE', #913, #1912, #1693, .T. ) ;
#1918 = EDGE_LOOP ( 'NONE', ( #53, #1651, #642 ) ) ;
#1919 = DIRECTION ( 'NONE',  ( 0.000000000000000000, 0.000000000000000000, 1.000000000000000000 ) ) ;
#1920 = VECTOR ( 'NONE', #1037, 1000.000000000000000 ) ;
#1921 = ORIENTED_EDGE ( 'NONE', *, *, #2314, .T. ) ;
#1922 = CARTESIAN_POINT ( 'NONE',  ( -10.00000000000000355, -9.000000000000000000, -13.50000000000000000 ) ) ;
#1923 = APPLICATION_CONTEXT ( 'automotive_design' ) ;
#1924 = CIRCLE ( 'NONE', #1471, 2.000000000000000000 ) ;
#1925 = VERTEX_POINT ( 'NONE', #2147 ) ;
#1926 = CARTESIAN_POINT ( 'NONE',  ( 21.99999999999999645, 0.000000000000000000, 2.000000000000000000 ) ) ;
#1927 = CARTESIAN_POINT ( 'NONE',  ( -10.00000000000000355, -13.00000000000000000, -16.49999999999999289 ) ) ;
#1928 = VECTOR ( 'NONE', #1171, 1000.000000000000000 ) ;
#1929 = VECTOR ( 'NONE', #1362, 1000.000000000000000 ) ;
#1930 = ORIENTED_EDGE ( 'NONE', *, *, #1859, .F. ) ;
#1931 = VECTOR ( 'NONE', #2065, 1000.000000000000000 ) ;
#1932 = DIRECTION ( 'NONE',  ( 0.5528407817360535548, -0.000000000000000000, 0.8332869074031280521 ) ) ;
#1933 = DIRECTION ( 'NONE',  ( 0.8332869074031280521, 0.000000000000000000, -0.5528407817360534438 ) ) ;
#1934 = VECTOR ( 'NONE', #983, 1000.000000000000000 ) ;
#1935 = VERTEX_POINT ( 'NONE', #959 ) ;
#1936 = VECTOR ( 'NONE', #1270, 1000.000000000000000 ) ;
#1937 = CARTESIAN_POINT ( 'NONE',  ( 10.50000000000000000, -9.000000000000000000, -19.75000000000000355 ) ) ;
#1938 = CARTESIAN_POINT ( 'NONE',  ( -16.50000000000000000, -9.000000000000000000, 3.000334285320895855 ) ) ;
#1939 = TOROIDAL_SURFACE ( 'NONE', #1728, 3.999999999999998224, 2.000000000000000000 ) ;
#1940 = ORIENTED_EDGE ( 'NONE', *, *, #1215, .F. ) ;
#1941 = DIRECTION ( 'NONE',  ( 0.000000000000000000, -2.168404344971007882E-16, -1.000000000000000000 ) ) ;
#1942 = VECTOR ( 'NONE', #216, 1000.000000000000000 ) ;
#1943 = EDGE_CURVE ( 'NONE', #1925, #132, #1369, .T. ) ;
#1944 = EDGE_CURVE ( 'NONE', #1059, #1639, #2100, .T. ) ;
#1945 = ORIENTED_EDGE ( 'NONE', *, *, #2125, .T. ) ;
#1946 = APPLICATION_PROTOCOL_DEFINITION ( 'draft international standard', 'automotive_design', 1998, #1923 ) ;
#1947 = LINE ( 'NONE', #938, #1719 ) ;
#1948 = ORIENTED_EDGE ( 'NONE', *, *, #1151, .F. ) ;
#1949 = DIRECTION ( 'NONE',  ( 1.000000000000000000, -0.000000000000000000, 0.000000000000000000 ) ) ;
#1950 = DIRECTION ( 'NONE',  ( -0.000000000000000000, 0.000000000000000000, 1.000000000000000000 ) ) ;
#1951 = ORIENTED_EDGE ( 'NONE', *, *, #2096, .T. ) ;
#1952 = DIRECTION ( 'NONE',  ( -0.000000000000000000, 1.000000000000000000, 0.000000000000000000 ) ) ;
#1953 = FACE_OUTER_BOUND ( 'NONE', #511, .T. ) ;
#1954 = VERTEX_POINT ( 'NONE', #1002 ) ;
#1955 = CARTESIAN_POINT ( 'NONE',  ( 21.99999999999999645, -5.799999999999998046, 2.000000000000000000 ) ) ;
#1956 = ADVANCED_FACE ( 'NONE', ( #2364 ), #1786, .T. ) ;
#1957 = EDGE_CURVE ( 'NONE', #1672, #1935, #1191, .T. ) ;
#1958 = ORIENTED_EDGE ( 'NONE', *, *, #184, .T. ) ;
#1959 = DIRECTION ( 'NONE',  ( 0.000000000000000000, 0.000000000000000000, -1.000000000000000000 ) ) ;
#1960 = ADVANCED_FACE ( 'NONE', ( #1540 ), #1567, .T. ) ;
#1961 = VERTEX_POINT ( 'NONE', #156 ) ;
#1962 = DIRECTION ( 'NONE',  ( 0.000000000000000000, 1.000000000000000000, 0.000000000000000000 ) ) ;
#1963 = CARTESIAN_POINT ( 'NONE',  ( -9.999999999999968026, -2.500000000000000000, -18.74999999999999645 ) ) ;
#1964 = ORIENTED_EDGE ( 'NONE', *, *, #1263, .F. ) ;
#1965 = CARTESIAN_POINT ( 'NONE',  ( -10.50000000000000533, -13.00000000000000000, 16.50000000000000000 ) ) ;
#1966 = LINE ( 'NONE', #1188, #325 ) ;
#1967 = ORIENTED_EDGE ( 'NONE', *, *, #1152, .T. ) ;
#1968 = LINE ( 'NONE', #193, #202 ) ;
#1969 = ORIENTED_EDGE ( 'NONE', *, *, #2259, .F. ) ;
#1970 = DIRECTION ( 'NONE',  ( 0.000000000000000000, 0.000000000000000000, 1.000000000000000000 ) ) ;
#1971 = VECTOR ( 'NONE', #64, 1000.000000000000000 ) ;
#1972 = CARTESIAN_POINT ( 'NONE',  ( -15.00000000000000178, 0.000000000000000000, 11.50033428532089275 ) ) ;
#1973 = VERTEX_POINT ( 'NONE', #1985 ) ;
#1974 = DIRECTION ( 'NONE',  ( 1.000000000000000000, 0.000000000000000000, 1.652117596168387756E-16 ) ) ;
#1975 = CARTESIAN_POINT ( 'NONE',  ( 9.999999999999960920, -13.00000000000000000, 18.50000000000000000 ) ) ;
#1976 = EDGE_CURVE ( 'NONE', #743, #462, #1852, .T. ) ;
#1977 = ADVANCED_FACE ( 'NONE', ( #1167, #1527, #2525, #973 ), #947, .T. ) ;
#1978 = AXIS2_PLACEMENT_3D ( 'NONE', #2067, #2076, #1667 ) ;
#1979 = VERTEX_POINT ( 'NONE', #169 ) ;
#1980 = CARTESIAN_POINT ( 'NONE',  ( 14.99999999999999645, -9.000000000000000000, -10.00000000000000178 ) ) ;
#1981 = FACE_OUTER_BOUND ( 'NONE', #599, .T. ) ;
#1982 = FACE_OUTER_BOUND ( 'NONE', #699, .T. ) ;
#1983 = VECTOR ( 'NONE', #1877, 1000.000000000000000 ) ;
#1984 = ORIENTED_EDGE ( 'NONE', *, *, #1839, .T. ) ;
#1985 = CARTESIAN_POINT ( 'NONE',  ( 15.00000000000000355, -2.500000000000000444, 13.50000000000000178 ) ) ;
#1986 = ORIENTED_EDGE ( 'NONE', *, *, #2056, .F. ) ;
#1987 = VERTEX_POINT ( 'NONE', #986 ) ;
#1988 = DIRECTION ( 'NONE',  ( -1.000000000000000000, -0.000000000000000000, -0.000000000000000000 ) ) ;
#1989 = EDGE_CURVE ( 'NONE', #1639, #1467, #1580, .T. ) ;
#1990 = EDGE_CURVE ( 'NONE', #1494, #203, #1155, .T. ) ;
#1991 = ORIENTED_EDGE ( 'NONE', *, *, #870, .F. ) ;
#1992 = FACE_OUTER_BOUND ( 'NONE', #1481, .T. ) ;
#1993 = LINE ( 'NONE', #956, #2269 ) ;
#1994 = DIRECTION ( 'NONE',  ( -0.000000000000000000, 1.000000000000000000, -0.000000000000000000 ) ) ;
#1995 = EDGE_CURVE ( 'NONE', #416, #2315, #1381, .T. ) ;
#1996 = ORIENTED_EDGE ( 'NONE', *, *, #1, .F. ) ;
#1997 = DIRECTION ( 'NONE',  ( 0.000000000000000000, -1.000000000000000000, -0.000000000000000000 ) ) ;
#1998 = EDGE_LOOP ( 'NONE', ( #219, #322, #806, #1835, #617, #1013, #248, #1253 ) ) ;
#1999 = CARTESIAN_POINT ( 'NONE',  ( 14.99999999999999645, -7.799999999999999822, 2.000000000000000000 ) ) ;
#2000 = VERTEX_POINT ( 'NONE', #382 ) ;
#2001 = CARTESIAN_POINT ( 'NONE',  ( -14.99999999999999822, -2.500000000000000444, 13.50000000000000355 ) ) ;
#2002 = ORIENTED_EDGE ( 'NONE', *, *, #1864, .F. ) ;
#2003 = DIRECTION ( 'NONE',  ( 0.000000000000000000, 0.000000000000000000, 1.000000000000000000 ) ) ;
#2004 = CARTESIAN_POINT ( 'NONE',  ( -10.50000000000000000, -17.00000000000000000, -13.75000000000000178 ) ) ;
#2005 = PLANE ( 'NONE',  #287 ) ;
#2006 = EDGE_CURVE ( 'NONE', #1519, #155, #2131, .T. ) ;
#2007 = ORIENTED_EDGE ( 'NONE', *, *, #856, .T. ) ;
#2008 = CARTESIAN_POINT ( 'NONE',  ( 14.99999999999999645, -0.000000000000000000, -2.000000000000000000 ) ) ;
#2009 = ORIENTED_EDGE ( 'NONE', *, *, #520, .T. ) ;
#2010 = LINE ( 'NONE', #233, #1597 ) ;
#2011 = ORIENTED_EDGE ( 'NONE', *, *, #2055, .F. ) ;
#2012 = PLANE ( 'NONE',  #1638 ) ;
#2013 = VERTEX_POINT ( 'NONE', #2536 ) ;
#2014 = VECTOR ( 'NONE', #290, 1000.000000000000000 ) ;
#2015 = LINE ( 'NONE', #1200, #1886 ) ;
#2016 = DIRECTION ( 'NONE',  ( -0.000000000000000000, 1.000000000000000000, -0.000000000000000000 ) ) ;
#2017 = CARTESIAN_POINT ( 'NONE',  ( -10.00000000000000178, 0.000000000000000000, 19.50033428532089275 ) ) ;
#2018 = AXIS2_PLACEMENT_3D ( 'NONE', #522, #1289, #484 ) ;
#2019 = CARTESIAN_POINT ( 'NONE',  ( 9.999999999999973355, -13.00000000000000000, 16.50000000000000000 ) ) ;
#2020 = DIRECTION ( 'NONE',  ( 0.000000000000000000, 0.000000000000000000, -1.000000000000000000 ) ) ;
#2021 = VECTOR ( 'NONE', #1435, 1000.000000000000000 ) ;
#2022 = AXIS2_PLACEMENT_3D ( 'NONE', #2073, #687, #1091 ) ;
#2023 = VECTOR ( 'NONE', #834, 1000.000000000000000 ) ;
#2024 = EDGE_CURVE ( 'NONE', #1017, #1821, #1556, .T. ) ;
#2025 = EDGE_LOOP ( 'NONE', ( #2232, #2253, #1875, #2382 ) ) ;
#2026 = EDGE_CURVE ( 'NONE', #1799, #1129, #1968, .T. ) ;
#2027 = CARTESIAN_POINT ( 'NONE',  ( 16.50000000000000000, -5.800000000000001599, -10.00000000000000178 ) ) ;
#2028 = ORIENTED_EDGE ( 'NONE', *, *, #1012, .T. ) ;
#2029 = EDGE_CURVE ( 'NONE', #304, #821, #2231, .T. ) ;
#2030 = CARTESIAN_POINT ( 'NONE',  ( 14.99999999999999645, -5.799999999999997158, 0.000000000000000000 ) ) ;
#2031 = ORIENTED_EDGE ( 'NONE', *, *, #1449, .F. ) ;
#2032 = DIRECTION ( 'NONE',  ( 0.000000000000000000, 0.000000000000000000, 1.000000000000000000 ) ) ;
#2033 = DIRECTION ( 'NONE',  ( -0.000000000000000000, -1.000000000000000000, 0.000000000000000000 ) ) ;
#2034 = CARTESIAN_POINT ( 'NONE',  ( -16.50000000000000000, -9.000000000000000000, 0.000000000000000000 ) ) ;
#2035 = ORIENTED_EDGE ( 'NONE', *, *, #933, .F. ) ;
#2036 = ORIENTED_EDGE ( 'NONE', *, *, #566, .F. ) ;
#2037 = DIRECTION ( 'NONE',  ( -0.000000000000000000, -1.000000000000000000, 0.000000000000000000 ) ) ;
#2038 = ORIENTED_EDGE ( 'NONE', *, *, #995, .T. ) ;
#2039 = CARTESIAN_POINT ( 'NONE',  ( 16.50000000000000000, -9.000000000000000000, -13.75000000000000355 ) ) ;
#2040 = EDGE_CURVE ( 'NONE', #333, #1439, #396, .T. ) ;
#2041 = EDGE_CURVE ( 'NONE', #328, #2444, #58, .T. ) ;
#2042 = CARTESIAN_POINT ( 'NONE',  ( 12.99999999999999645, -13.00000000000000000, 13.50000000000000178 ) ) ;
#2043 = ORIENTED_EDGE ( 'NONE', *, *, #2209, .T. ) ;
#2044 = CARTESIAN_POINT ( 'NONE',  ( 0.000000000000000000, 0.000000000000000000, 19.50033428532089275 ) ) ;
#2045 = CARTESIAN_POINT ( 'NONE',  ( -10.49999999999997335, -17.00000000000000000, 18.24999999999999645 ) ) ;
#2046 = FACE_BOUND ( 'NONE', #771, .T. ) ;
#2047 = ORIENTED_EDGE ( 'NONE', *, *, #2302, .F. ) ;
#2048 = DIRECTION ( 'NONE',  ( 6.938893903907228378E-15, 0.000000000000000000, -1.000000000000000000 ) ) ;
#2049 = DIRECTION ( 'NONE',  ( 0.000000000000000000, 0.000000000000000000, 1.000000000000000000 ) ) ;
#2050 = VERTEX_POINT ( 'NONE', #1620 ) ;
#2051 = DIRECTION ( 'NONE',  ( 8.673617379884035472E-17, 0.000000000000000000, 1.000000000000000000 ) ) ;
#2052 = CARTESIAN_POINT ( 'NONE',  ( 21.99999999999999645, -7.799999999999999822, 0.000000000000000000 ) ) ;
#2053 = DIRECTION ( 'NONE',  ( 1.000000000000000000, 0.000000000000000000, -0.000000000000000000 ) ) ;
#2054 = CARTESIAN_POINT ( 'NONE',  ( 9.999999999999996447, 0.000000000000000000, 19.50033428532089275 ) ) ;
#2055 = EDGE_CURVE ( 'NONE', #1467, #1496, #2434, .T. ) ;
#2056 = EDGE_CURVE ( 'NONE', #1177, #2454, #636, .T. ) ;
#2057 = CARTESIAN_POINT ( 'NONE',  ( -10.50000000000000000, 0.000000000000000000, -19.75000000000000711 ) ) ;
#2058 = CIRCLE ( 'NONE', #2217, 5.999999999999998224 ) ;
#2059 = ORIENTED_EDGE ( 'NONE', *, *, #1725, .F. ) ;
#2060 = PLANE ( 'NONE',  #1600 ) ;
#2061 = DIRECTION ( 'NONE',  ( -1.000000000000000000, -0.000000000000000000, -0.000000000000000000 ) ) ;
#2062 = VECTOR ( 'NONE', #787, 1000.000000000000000 ) ;
#2063 = CIRCLE ( 'NONE', #2018, 2.000000000000001776 ) ;
#2064 = VERTEX_POINT ( 'NONE', #2417 ) ;
#2065 = DIRECTION ( 'NONE',  ( 0.000000000000000000, 1.000000000000000000, 0.000000000000000000 ) ) ;
#2066 = AXIS2_PLACEMENT_3D ( 'NONE', #1739, #2156, #1379 ) ;
#2067 = CARTESIAN_POINT ( 'NONE',  ( 21.99999999999999645, -5.799999999999999822, 1.257674520083184552E-15 ) ) ;
#2068 = LINE ( 'NONE', #1087, #2523 ) ;
#2069 = DIRECTION ( 'NONE',  ( -1.000000000000000000, -0.000000000000000000, -0.000000000000000000 ) ) ;
#2070 = DIRECTION ( 'NONE',  ( -0.000000000000000000, 1.000000000000000000, 0.000000000000000000 ) ) ;
#2071 = EDGE_CURVE ( 'NONE', #1190, #328, #2272, .T. ) ;
#2072 = VERTEX_POINT ( 'NONE', #1067 ) ;
#2073 = CARTESIAN_POINT ( 'NONE',  ( 9.999999999999968026, -2.500000000000000000, -18.75000000000000355 ) ) ;
#2074 = ORIENTED_EDGE ( 'NONE', *, *, #948, .F. ) ;
#2075 = CARTESIAN_POINT ( 'NONE',  ( 16.50000000000000000, -7.799999999999998046, -2.000000000000000000 ) ) ;
#2076 = DIRECTION ( 'NONE',  ( 0.000000000000000000, 1.000000000000000000, -2.168404344971008128E-16 ) ) ;
#2077 = DIRECTION ( 'NONE',  ( 0.000000000000000000, 0.000000000000000000, -1.000000000000000000 ) ) ;
#2078 = CARTESIAN_POINT ( 'NONE',  ( 16.50000000000000000, -5.799999999999999822, -2.738384915649105952E-15 ) ) ;
#2079 = CARTESIAN_POINT ( 'NONE',  ( 0.000000000000000000, -2.999999999999999112, 18.50000000000000355 ) ) ;
#2080 = EDGE_LOOP ( 'NONE', ( #571, #232, #941, #238, #746, #495, #1602, #182, #302, #2111, #1337, #207, #620, #1815 ) ) ;
#2081 = CIRCLE ( 'NONE', #810, 2.000000000000001776 ) ;
#2082 = CARTESIAN_POINT ( 'NONE',  ( 14.99999999999999645, -5.799999999999998046, 2.000000000000000000 ) ) ;
#2083 = EDGE_CURVE ( 'NONE', #1701, #1284, #1595, .T. ) ;
#2084 = ORIENTED_EDGE ( 'NONE', *, *, #492, .F. ) ;
#2085 = DIRECTION ( 'NONE',  ( 0.000000000000000000, -1.020425574104004246E-16, 1.000000000000000000 ) ) ;
#2086 = ORIENTED_EDGE ( 'NONE', *, *, #1062, .T. ) ;
#2087 = FACE_OUTER_BOUND ( 'NONE', #2357, .T. ) ;
#2088 = DIRECTION ( 'NONE',  ( 0.000000000000000000, 0.000000000000000000, -1.000000000000000000 ) ) ;
#2089 = CARTESIAN_POINT ( 'NONE',  ( 0.000000000000000000, -2.500000000000000444, -18.49999999999999645 ) ) ;
#2090 = EDGE_LOOP ( 'NONE', ( #390, #479, #624, #857 ) ) ;
#2091 = CIRCLE ( 'NONE', #150, 2.000000000000001776 ) ;
#2092 = DIRECTION ( 'NONE',  ( 0.000000000000000000, -1.000000000000000000, 0.000000000000000000 ) ) ;
#2093 = ORIENTED_EDGE ( 'NONE', *, *, #2472, .F. ) ;
#2094 = CARTESIAN_POINT ( 'NONE',  ( 21.99999999999999645, 0.000000000000000000, -2.000000000000000000 ) ) ;
#2095 = VECTOR ( 'NONE', #2452, 1000.000000000000000 ) ;
#2096 = EDGE_CURVE ( 'NONE', #1434, #1799, #2403, .T. ) ;
#2097 = EDGE_CURVE ( 'NONE', #1182, #1293, #625, .T. ) ;
#2098 = EDGE_LOOP ( 'NONE', ( #1633, #1142, #395, #1172 ) ) ;
#2099 = CARTESIAN_POINT ( 'NONE',  ( -14.50000000000000000, -17.00000000000000000, 14.24999999999995381 ) ) ;
#2100 = CIRCLE ( 'NONE', #530, 5.999999999999998224 ) ;
#2101 = AXIS2_PLACEMENT_3D ( 'NONE', #1847, #1023, #1247 ) ;
#2102 = ORIENTED_EDGE ( 'NONE', *, *, #369, .T. ) ;
#2103 = CARTESIAN_POINT ( 'NONE',  ( -14.50000000000000000, -15.00000000000000178, 14.24999999999995381 ) ) ;
#2104 = DIRECTION ( 'NONE',  ( 0.000000000000000000, 0.000000000000000000, 1.000000000000000000 ) ) ;
#2105 = ORIENTED_EDGE ( 'NONE', *, *, #2458, .T. ) ;
#2106 = CARTESIAN_POINT ( 'NONE',  ( 21.99999999999999645, -5.799999999999997158, 10.00000000000000000 ) ) ;
#2107 = ORIENTED_EDGE ( 'NONE', *, *, #424, .T. ) ;
#2108 = CARTESIAN_POINT ( 'NONE',  ( -10.50000000000000533, -15.00000000000000178, 18.24999999999999645 ) ) ;
#2109 = ORIENTED_EDGE ( 'NONE', *, *, #692, .F. ) ;
#2110 = CARTESIAN_POINT ( 'NONE',  ( 16.50000000000000000, -7.800000000000001599, -2.564912568051424454E-15 ) ) ;
#2111 = ORIENTED_EDGE ( 'NONE', *, *, #126, .F. ) ;
#2112 = FACE_OUTER_BOUND ( 'NONE', #663, .T. ) ;
#2113 = DIRECTION ( 'NONE',  ( 0.000000000000000000, 1.000000000000000000, 0.000000000000000000 ) ) ;
#2114 = ORIENTED_EDGE ( 'NONE', *, *, #773, .T. ) ;
#2115 = CARTESIAN_POINT ( 'NONE',  ( -10.50000000000000000, -15.00000000000000178, -19.75000000000000711 ) ) ;
#2116 = VECTOR ( 'NONE', #2441, 1000.000000000000000 ) ;
#2117 = VERTEX_POINT ( 'NONE', #230 ) ;
#2118 = DIRECTION ( 'NONE',  ( -1.000000000000000000, 0.000000000000000000, 0.000000000000000000 ) ) ;
#2119 = ORIENTED_EDGE ( 'NONE', *, *, #26, .F. ) ;
#2120 = CARTESIAN_POINT ( 'NONE',  ( -15.00000000000000178, -3.500000000000002220, -0.000000000000000000 ) ) ;
#2121 = CARTESIAN_POINT ( 'NONE',  ( -16.50000000000000000, 0.000000000000000000, 14.24999999999995381 ) ) ;
#2122 = EDGE_CURVE ( 'NONE', #234, #132, #1677, .T. ) ;
#2123 = CARTESIAN_POINT ( 'NONE',  ( 0.000000000000000000, -9.000000000000000000, 18.50000000000000355 ) ) ;
#2124 = FACE_OUTER_BOUND ( 'NONE', #567, .T. ) ;
#2125 = EDGE_CURVE ( 'NONE', #1439, #1358, #123, .T. ) ;
#2126 = EDGE_CURVE ( 'NONE', #2064, #1573, #84, .T. ) ;
#2127 = ORIENTED_EDGE ( 'NONE', *, *, #1044, .F. ) ;
#2128 = DIRECTION ( 'NONE',  ( 0.000000000000000000, 0.000000000000000000, 1.000000000000000000 ) ) ;
#2129 = PLANE ( 'NONE',  #1198 ) ;
#2130 = EDGE_LOOP ( 'NONE', ( #1092, #1562, #1297, #1658 ) ) ;
#2131 = LINE ( 'NONE', #1955, #776 ) ;
#2132 = ORIENTED_EDGE ( 'NONE', *, *, #1725, .T. ) ;
#2133 = DIRECTION ( 'NONE',  ( 0.000000000000000000, 1.000000000000000000, 0.000000000000000000 ) ) ;
#2134 = LINE ( 'NONE', #1158, #1929 ) ;
#2135 = UNCERTAINTY_MEASURE_WITH_UNIT (LENGTH_MEASURE( 1.000000000000000082E-05 ), #2173, 'distance_accuracy_value', 'NONE');
#2136 = CIRCLE ( 'NONE', #1849, 6.000000000000002665 ) ;
#2137 = VECTOR ( 'NONE', #2233, 1000.000000000000000 ) ;
#2138 = DIRECTION ( 'NONE',  ( 0.000000000000000000, 0.000000000000000000, 1.000000000000000000 ) ) ;
#2139 = DIRECTION ( 'NONE',  ( -0.000000000000000000, -1.000000000000000000, -0.000000000000000000 ) ) ;
#2140 = VECTOR ( 'NONE', #1610, 1000.000000000000000 ) ;
#2141 = ORIENTED_EDGE ( 'NONE', *, *, #755, .F. ) ;
#2142 = LINE ( 'NONE', #365, #1356 ) ;
#2143 = DIRECTION ( 'NONE',  ( 0.000000000000000000, 0.000000000000000000, 1.000000000000000000 ) ) ;
#2144 = ADVANCED_FACE ( 'NONE', ( #1408 ), #1054, .T. ) ;
#2145 = ADVANCED_FACE ( 'NONE', ( #426 ), #1808, .T. ) ;
#2146 = EDGE_LOOP ( 'NONE', ( #1619, #1414, #2237, #245 ) ) ;
#2147 = CARTESIAN_POINT ( 'NONE',  ( 10.49999999999996625, -2.500000000000000444, -18.47493718553310060 ) ) ;
#2148 = EDGE_CURVE ( 'NONE', #203, #536, #43, .T. ) ;
#2149 = VERTEX_POINT ( 'NONE', #438 ) ;
#2150 = DIRECTION ( 'NONE',  ( 0.000000000000000000, 0.000000000000000000, -1.000000000000000000 ) ) ;
#2151 = DIRECTION ( 'NONE',  ( -1.000000000000000000, 0.000000000000000000, -0.000000000000000000 ) ) ;
#2152 = ORIENTED_EDGE ( 'NONE', *, *, #1565, .T. ) ;
#2153 = DIRECTION ( 'NONE',  ( 0.000000000000000000, 1.000000000000000000, 0.000000000000000000 ) ) ;
#2154 = CARTESIAN_POINT ( 'NONE',  ( -10.50000000000000533, -15.00000000000000178, -17.75000000000000355 ) ) ;
#2155 = EDGE_LOOP ( 'NONE', ( #358, #2204, #1749, #765 ) ) ;
#2156 = DIRECTION ( 'NONE',  ( -0.000000000000000000, 1.000000000000000000, -0.000000000000000000 ) ) ;
#2157 = FACE_OUTER_BOUND ( 'NONE', #1823, .T. ) ;
#2158 = EDGE_CURVE ( 'NONE', #1925, #75, #902, .T. ) ;
#2159 = ORIENTED_EDGE ( 'NONE', *, *, #2040, .T. ) ;
#2160 = CARTESIAN_POINT ( 'NONE',  ( 5.499999999999960920, -9.000000000000000000, -18.25000000000000355 ) ) ;
#2161 = VERTEX_POINT ( 'NONE', #2255 ) ;
#2162 = EDGE_CURVE ( 'NONE', #648, #1961, #1895, .T. ) ;
#2163 = CARTESIAN_POINT ( 'NONE',  ( 10.49999999999999467, -7.799999999999999822, -10.00000000000000000 ) ) ;
#2164 = ORIENTED_EDGE ( 'NONE', *, *, #2447, .T. ) ;
#2165 = LINE ( 'NONE', #473, #1189 ) ;
#2166 = DIRECTION ( 'NONE',  ( -0.000000000000000000, 1.000000000000000000, -0.000000000000000000 ) ) ;
#2167 = ORIENTED_EDGE ( 'NONE', *, *, #1976, .F. ) ;
#2168 = FACE_OUTER_BOUND ( 'NONE', #586, .T. ) ;
#2169 = CARTESIAN_POINT ( 'NONE',  ( 9.999999999999973355, -15.00000000000000000, 16.50000000000000000 ) ) ;
#2170 = ORIENTED_EDGE ( 'NONE', *, *, #52, .T. ) ;
#2171 = DIRECTION ( 'NONE',  ( 0.000000000000000000, 0.000000000000000000, 1.000000000000000000 ) ) ;
#2172 = EDGE_LOOP ( 'NONE', ( #1569, #1185, #2324, #2192, #1080, #895, #1905, #1022 ) ) ;
#2173 =( LENGTH_UNIT ( ) NAMED_UNIT ( * ) SI_UNIT ( .MILLI., .METRE. ) );
#2174 = CIRCLE ( 'NONE', #981, 4.999999999999999112 ) ;
#2175 = DIRECTION ( 'NONE',  ( -1.000000000000000000, -0.000000000000000000, -6.938893903907174143E-16 ) ) ;
#2176 = ADVANCED_FACE ( 'NONE', ( #2243 ), #468, .F. ) ;
#2177 = EDGE_CURVE ( 'NONE', #2072, #367, #1011, .T. ) ;
#2178 = VECTOR ( 'NONE', #490, 1000.000000000000000 ) ;
#2179 = ORIENTED_EDGE ( 'NONE', *, *, #1326, .T. ) ;
#2180 = CARTESIAN_POINT ( 'NONE',  ( 10.50000000000000533, -17.00000000000000000, 14.24999999999999822 ) ) ;
#2181 = AXIS2_PLACEMENT_3D ( 'NONE', #980, #1144, #363 ) ;
#2182 = VECTOR ( 'NONE', #1760, 1000.000000000000000 ) ;
#2183 = VERTEX_POINT ( 'NONE', #28 ) ;
#2184 = DIRECTION ( 'NONE',  ( 0.000000000000000000, 1.000000000000000000, 0.000000000000000000 ) ) ;
#2185 = CARTESIAN_POINT ( 'NONE',  ( 3.262932252432566533E-15, -9.000000000000000000, -19.75000000000000355 ) ) ;
#2186 = DIRECTION ( 'NONE',  ( 0.000000000000000000, 0.000000000000000000, 1.000000000000000000 ) ) ;
#2187 = TOROIDAL_SURFACE ( 'NONE', #2066, 3.000000000000000888, 2.000000000000000000 ) ;
#2188 = ORIENTED_EDGE ( 'NONE', *, *, #1493, .T. ) ;
#2189 = DIRECTION ( 'NONE',  ( 0.000000000000000000, 1.000000000000000000, 0.000000000000000000 ) ) ;
#2190 = ORIENTED_EDGE ( 'NONE', *, *, #418, .F. ) ;
#2191 = PRODUCT_CONTEXT ( 'NONE', #1923, 'mechanical' ) ;
#2192 = ORIENTED_EDGE ( 'NONE', *, *, #1106, .F. ) ;
#2193 = DIRECTION ( 'NONE',  ( -1.000000000000000000, -0.000000000000000000, -0.000000000000000000 ) ) ;
#2194 = EDGE_CURVE ( 'NONE', #2489, #1434, #1863, .T. ) ;
#2195 = APPLICATION_CONTEXT ( 'automotive_design' ) ;
#2196 = VERTEX_POINT ( 'NONE', #282 ) ;
#2197 = LINE ( 'NONE', #2251, #1584 ) ;
#2198 = LINE ( 'NONE', #2401, #209 ) ;
#2199 = EDGE_LOOP ( 'NONE', ( #795, #2294, #1582, #2543 ) ) ;
#2200 = DIRECTION ( 'NONE',  ( 0.5528407817360544430, 0.000000000000000000, -0.8332869074031273859 ) ) ;
#2201 = VERTEX_POINT ( 'NONE', #1271 ) ;
#2202 = LINE ( 'NONE', #2405, #316 ) ;
#2203 = VECTOR ( 'NONE', #752, 1000.000000000000000 ) ;
#2204 = ORIENTED_EDGE ( 'NONE', *, *, #141, .F. ) ;
#2205 = LINE ( 'NONE', #2030, #279 ) ;
#2206 = ORIENTED_EDGE ( 'NONE', *, *, #2229, .F. ) ;
#2207 = DIRECTION ( 'NONE',  ( -0.000000000000000000, 1.000000000000000000, -0.000000000000000000 ) ) ;
#2208 = DIRECTION ( 'NONE',  ( -0.000000000000000000, 1.000000000000000000, -0.000000000000000000 ) ) ;
#2209 = EDGE_CURVE ( 'NONE', #1375, #1083, #1082, .T. ) ;
#2210 = EDGE_CURVE ( 'NONE', #1828, #2482, #1007, .T. ) ;
#2211 = LINE ( 'NONE', #872, #574 ) ;
#2212 = DIRECTION ( 'NONE',  ( 0.000000000000000000, 0.000000000000000000, 1.000000000000000000 ) ) ;
#2213 = VERTEX_POINT ( 'NONE', #1415 ) ;
#2214 = DIRECTION ( 'NONE',  ( 0.000000000000000000, 1.000000000000000000, 0.000000000000000000 ) ) ;
#2215 = ORIENTED_EDGE ( 'NONE', *, *, #2317, .T. ) ;
#2216 = CARTESIAN_POINT ( 'NONE',  ( -36.00000000000000000, -9.000000000000000000, 11.50033428532089275 ) ) ;
#2217 = AXIS2_PLACEMENT_3D ( 'NONE', #300, #1131, #2286 ) ;
#2218 = ORIENTED_EDGE ( 'NONE', *, *, #1697, .T. ) ;
#2219 = AXIS2_PLACEMENT_3D ( 'NONE', #270, #1420, #859 ) ;
#2220 = CIRCLE ( 'NONE', #1588, 5.000000000000000888 ) ;
#2221 =( NAMED_UNIT ( * ) PLANE_ANGLE_UNIT ( ) SI_UNIT ( $, .RADIAN. ) );
#2222 = LINE ( 'NONE', #1607, #1628 ) ;
#2223 = FACE_BOUND ( 'NONE', #1903, .T. ) ;
#2224 = AXIS2_PLACEMENT_3D ( 'NONE', #2042, #2248, #1208 ) ;
#2225 = ORIENTED_EDGE ( 'NONE', *, *, #1811, .T. ) ;
#2226 = ORIENTED_EDGE ( 'NONE', *, *, #1351, .F. ) ;
#2227 = DIRECTION ( 'NONE',  ( 0.000000000000000000, 0.000000000000000000, -1.000000000000000000 ) ) ;
#2228 = AXIS2_PLACEMENT_3D ( 'NONE', #2490, #926, #728 ) ;
#2229 = EDGE_CURVE ( 'NONE', #2064, #2411, #1437, .T. ) ;
#2230 = ADVANCED_FACE ( 'NONE', ( #1992 ), #1616, .F. ) ;
#2231 = CIRCLE ( 'NONE', #452, 2.999999999999999112 ) ;
#2232 = ORIENTED_EDGE ( 'NONE', *, *, #1826, .T. ) ;
#2233 = DIRECTION ( 'NONE',  ( 0.000000000000000000, -1.000000000000000000, 0.000000000000000000 ) ) ;
#2234 = VECTOR ( 'NONE', #2509, 1000.000000000000000 ) ;
#2235 = DIRECTION ( 'NONE',  ( -0.000000000000000000, 1.000000000000000000, 0.000000000000000000 ) ) ;
#2236 = MANIFOLD_SOLID_BREP ( '\X2\570689d2\X0\1', #697 ) ;
#2237 = ORIENTED_EDGE ( 'NONE', *, *, #726, .T. ) ;
#2238 = CARTESIAN_POINT ( 'NONE',  ( -16.50000000000000000, -9.000000000000000000, -0.000000000000000000 ) ) ;
#2239 = CARTESIAN_POINT ( 'NONE',  ( -16.50000000000000000, -9.000000000000000000, -0.000000000000000000 ) ) ;
#2240 = PLANE ( 'NONE',  #1286 ) ;
#2241 = VERTEX_POINT ( 'NONE', #829 ) ;
#2242 = ORIENTED_EDGE ( 'NONE', *, *, #2158, .F. ) ;
#2243 = FACE_OUTER_BOUND ( 'NONE', #1368, .T. ) ;
#2244 = ORIENTED_EDGE ( 'NONE', *, *, #841, .T. ) ;
#2245 = CARTESIAN_POINT ( 'NONE',  ( 5.499999999999960920, -9.000000000000000000, -18.49999999999999645 ) ) ;
#2246 = ADVANCED_FACE ( 'NONE', ( #1404 ), #1769, .F. ) ;
#2247 = EDGE_CURVE ( 'NONE', #664, #403, #2015, .T. ) ;
#2248 = DIRECTION ( 'NONE',  ( -0.000000000000000000, 0.000000000000000000, 1.000000000000000000 ) ) ;
#2249 = AXIS2_PLACEMENT_3D ( 'NONE', #2373, #1440, #1186 ) ;
#2250 = DIRECTION ( 'NONE',  ( -0.000000000000000000, 1.000000000000000000, -0.000000000000000000 ) ) ;
#2251 = CARTESIAN_POINT ( 'NONE',  ( 14.99999999999999645, -13.00000000000000000, 0.000000000000000000 ) ) ;
#2252 = CARTESIAN_POINT ( 'NONE',  ( 10.50000000000000000, -15.00000000000000178, -13.75000000000000355 ) ) ;
#2253 = ORIENTED_EDGE ( 'NONE', *, *, #793, .F. ) ;
#2254 = CARTESIAN_POINT ( 'NONE',  ( 10.49999999999996092, -15.00000000000000178, 20.24999999999999645 ) ) ;
#2255 = CARTESIAN_POINT ( 'NONE',  ( -11.45891610559597851, 0.000000000000000000, 18.53242237750208332 ) ) ;
#2256 = ORIENTED_EDGE ( 'NONE', *, *, #1506, .T. ) ;
#2257 = LINE ( 'NONE', #1868, #1473 ) ;
#2258 = CARTESIAN_POINT ( 'NONE',  ( 10.49999999999996625, -9.000000000000000000, -18.47493718553310060 ) ) ;
#2259 = EDGE_CURVE ( 'NONE', #145, #343, #803, .T. ) ;
#2260 = CIRCLE ( 'NONE', #111, 2.999999999999997335 ) ;
#2261 = DIRECTION ( 'NONE',  ( 0.000000000000000000, 0.000000000000000000, 1.000000000000000000 ) ) ;
#2262 = DIRECTION ( 'NONE',  ( 0.8332869074031280521, 0.000000000000000000, -0.5528407817360534438 ) ) ;
#2263 = DIRECTION ( 'NONE',  ( -0.000000000000000000, -1.020425574104004246E-16, 1.000000000000000000 ) ) ;
#2264 = ADVANCED_FACE ( 'NONE', ( #1211 ), #1048, .F. ) ;
#2265 = VECTOR ( 'NONE', #2069, 1000.000000000000000 ) ;
#2266 = VERTEX_POINT ( 'NONE', #226 ) ;
#2267 = PLANE ( 'NONE',  #1480 ) ;
#2268 = AXIS2_PLACEMENT_3D ( 'NONE', #1681, #928, #709 ) ;
#2269 = VECTOR ( 'NONE', #1164, 1000.000000000000000 ) ;
#2270 = ORIENTED_EDGE ( 'NONE', *, *, #789, .T. ) ;
#2271 = DIRECTION ( 'NONE',  ( 0.000000000000000000, 1.000000000000000000, 0.000000000000000000 ) ) ;
#2272 = CIRCLE ( 'NONE', #2219, 4.000000000000000000 ) ;
#2273 = CARTESIAN_POINT ( 'NONE',  ( -16.50000000000000000, 0.000000000000000000, -0.000000000000000000 ) ) ;
#2274 = VECTOR ( 'NONE', #1428, 1000.000000000000000 ) ;
#2275 = CARTESIAN_POINT ( 'NONE',  ( -36.00000000000000000, -5.500000000000000000, -6.499999999999995559 ) ) ;
#2276 = DIRECTION ( 'NONE',  ( 0.000000000000000000, 0.000000000000000000, 1.000000000000000000 ) ) ;
#2277 = CARTESIAN_POINT ( 'NONE',  ( -16.50000000000000000, -5.599999999999998757, 3.469446951953615175E-16 ) ) ;
#2278 = EDGE_LOOP ( 'NONE', ( #1409, #1930, #2372, #638 ) ) ;
#2279 = CARTESIAN_POINT ( 'NONE',  ( -10.00000000000000000, -2.500000000000000000, 13.75000000000000178 ) ) ;
#2280 = VECTOR ( 'NONE', #2263, 1000.000000000000000 ) ;
#2281 = EDGE_LOOP ( 'NONE', ( #2394, #2440, #2352, #1498 ) ) ;
#2282 = DIRECTION ( 'NONE',  ( 0.000000000000000000, 0.000000000000000000, 1.000000000000000000 ) ) ;
#2283 = ORIENTED_EDGE ( 'NONE', *, *, #460, .F. ) ;
#2284 = DIRECTION ( 'NONE',  ( -1.000000000000000000, 0.000000000000000000, 0.000000000000000000 ) ) ;
#2285 = LINE ( 'NONE', #2238, #1659 ) ;
#2286 = DIRECTION ( 'NONE',  ( 2.312964634635743529E-14, 0.000000000000000000, 1.000000000000000000 ) ) ;
#2287 = DIRECTION ( 'NONE',  ( 1.000000000000000000, 0.000000000000000000, 0.000000000000000000 ) ) ;
#2288 = EDGE_LOOP ( 'NONE', ( #588, #2535, #1160, #444 ) ) ;
#2289 = CARTESIAN_POINT ( 'NONE',  ( 14.99999999999999645, -0.000000000000000000, 2.000000000000000000 ) ) ;
#2290 = EDGE_CURVE ( 'NONE', #1800, #1425, #239, .T. ) ;
#2291 = ORIENTED_EDGE ( 'NONE', *, *, #2096, .F. ) ;
#2292 = DIRECTION ( 'NONE',  ( 0.000000000000000000, 0.000000000000000000, 1.000000000000000000 ) ) ;
#2293 = EDGE_CURVE ( 'NONE', #234, #743, #2412, .T. ) ;
#2294 = ORIENTED_EDGE ( 'NONE', *, *, #2302, .T. ) ;
#2295 = CYLINDRICAL_SURFACE ( 'NONE', #2542, 2.000000000000000000 ) ;
#2296 = CARTESIAN_POINT ( 'NONE',  ( -10.00000000000000000, -2.500000000000000000, 13.75000000000000178 ) ) ;
#2297 = CARTESIAN_POINT ( 'NONE',  ( 10.50000000000000533, -15.00000000000000178, 14.24999999999999822 ) ) ;
#2298 = ORIENTED_EDGE ( 'NONE', *, *, #793, .T. ) ;
#2299 = VECTOR ( 'NONE', #2166, 1000.000000000000000 ) ;
#2300 = LINE ( 'NONE', #701, #1030 ) ;
#2301 = ORIENTED_EDGE ( 'NONE', *, *, #845, .F. ) ;
#2302 = EDGE_CURVE ( 'NONE', #155, #1434, #449, .T. ) ;
#2303 = DIRECTION ( 'NONE',  ( 0.000000000000000000, 0.000000000000000000, -1.000000000000000000 ) ) ;
#2304 = CIRCLE ( 'NONE', #312, 6.000000000000000000 ) ;
#2305 = ORIENTED_EDGE ( 'NONE', *, *, #171, .T. ) ;
#2306 = DIRECTION ( 'NONE',  ( 0.000000000000000000, 0.000000000000000000, 1.000000000000000000 ) ) ;
#2307 = CIRCLE ( 'NONE', #357, 4.999999999999997335 ) ;
#2308 = AXIS2_PLACEMENT_3D ( 'NONE', #68, #1258, #1419 ) ;
#2309 = CYLINDRICAL_SURFACE ( 'NONE', #1675, 4.999999999999997335 ) ;
#2310 = CARTESIAN_POINT ( 'NONE',  ( -15.00000000000000178, -5.599999999999998757, -5.714383214982423776E-16 ) ) ;
#2311 = ORIENTED_EDGE ( 'NONE', *, *, #1012, .F. ) ;
#2312 = CARTESIAN_POINT ( 'NONE',  ( 10.50000000000000533, -9.000000000000000000, 14.24999999999999822 ) ) ;
#2313 = DIRECTION ( 'NONE',  ( 0.000000000000000000, 0.000000000000000000, -1.000000000000000000 ) ) ;
#2314 = EDGE_CURVE ( 'NONE', #1979, #1692, #427, .T. ) ;
#2315 = VERTEX_POINT ( 'NONE', #1980 ) ;
#2316 = LINE ( 'NONE', #2110, #864 ) ;
#2317 = EDGE_CURVE ( 'NONE', #2526, #1701, #679, .T. ) ;
#2318 = DIRECTION ( 'NONE',  ( 0.000000000000000000, 0.000000000000000000, -1.000000000000000000 ) ) ;
#2319 = CARTESIAN_POINT ( 'NONE',  ( -14.50000000000000000, -17.00000000000000000, -13.75000000000000355 ) ) ;
#2320 = VERTEX_POINT ( 'NONE', #289 ) ;
#2321 = PLANE ( 'NONE',  #1809 ) ;
#2322 = LINE ( 'NONE', #1564, #915 ) ;
#2323 = AXIS2_PLACEMENT_3D ( 'NONE', #1926, #1669, #2053 ) ;
#2324 = ORIENTED_EDGE ( 'NONE', *, *, #2378, .T. ) ;
#2325 = CARTESIAN_POINT ( 'NONE',  ( -10.49999999999995737, -9.000000000000000000, 20.24999999999999645 ) ) ;
#2326 = VERTEX_POINT ( 'NONE', #1655 ) ;
#2327 = DIRECTION ( 'NONE',  ( 0.000000000000000000, 0.000000000000000000, 1.000000000000000000 ) ) ;
#2328 = ORIENTED_EDGE ( 'NONE', *, *, #231, .F. ) ;
#2329 = CARTESIAN_POINT ( 'NONE',  ( 3.262932252432566533E-15, 0.000000000000000000, -19.75000000000000355 ) ) ;
#2330 = EDGE_CURVE ( 'NONE', #1196, #67, #543, .T. ) ;
#2331 = CARTESIAN_POINT ( 'NONE',  ( 10.49999999999999467, -7.799999999999999822, -9.107298248878233301E-16 ) ) ;
#2332 = EDGE_LOOP ( 'NONE', ( #518, #1528, #554, #860 ) ) ;
#2333 = CARTESIAN_POINT ( 'NONE',  ( -10.50000000000000533, -15.00000000000000000, -13.75000000000000355 ) ) ;
#2334 = DIRECTION ( 'NONE',  ( -0.000000000000000000, 1.000000000000000000, 0.000000000000000000 ) ) ;
#2335 = ORIENTED_EDGE ( 'NONE', *, *, #1631, .T. ) ;
#2336 = CARTESIAN_POINT ( 'NONE',  ( -15.00000000000000178, -9.000000000000000000, 0.000000000000000000 ) ) ;
#2337 = VECTOR ( 'NONE', #1386, 1000.000000000000000 ) ;
#2338 = ORIENTED_EDGE ( 'NONE', *, *, #2330, .F. ) ;
#2339 = PLANE ( 'NONE',  #1277 ) ;
#2340 = CIRCLE ( 'NONE', #356, 3.999999999999996447 ) ;
#2341 = ORIENTED_EDGE ( 'NONE', *, *, #140, .F. ) ;
#2342 = AXIS2_PLACEMENT_3D ( 'NONE', #483, #1273, #822 ) ;
#2343 = CARTESIAN_POINT ( 'NONE',  ( 10.49999999999996092, -17.00000000000000000, 18.24999999999999645 ) ) ;
#2344 = LINE ( 'NONE', #187, #775 ) ;
#2345 = CIRCLE ( 'NONE', #2308, 2.000000000000001776 ) ;
#2346 = AXIS2_PLACEMENT_3D ( 'NONE', #2430, #665, #1446 ) ;
#2347 = EDGE_CURVE ( 'NONE', #1107, #1216, #880, .T. ) ;
#2348 = ORIENTED_EDGE ( 'NONE', *, *, #583, .F. ) ;
#2349 = DIRECTION ( 'NONE',  ( 0.000000000000000000, 0.000000000000000000, 1.000000000000000000 ) ) ;
#2350 = DIRECTION ( 'NONE',  ( -0.000000000000000000, -1.000000000000000000, -0.000000000000000000 ) ) ;
#2351 = EDGE_CURVE ( 'NONE', #387, #813, #1452, .T. ) ;
#2352 = ORIENTED_EDGE ( 'NONE', *, *, #2247, .T. ) ;
#2353 = DIRECTION ( 'NONE',  ( 0.000000000000000000, 0.000000000000000000, 1.000000000000000000 ) ) ;
#2354 = ORIENTED_EDGE ( 'NONE', *, *, #369, .F. ) ;
#2355 = SHAPE_DEFINITION_REPRESENTATION ( #478, #553 ) ;
#2356 = DIRECTION ( 'NONE',  ( 0.000000000000000000, 0.000000000000000000, 1.000000000000000000 ) ) ;
#2357 = EDGE_LOOP ( 'NONE', ( #1154, #2392, #2539, #1566 ) ) ;
#2358 = DIRECTION ( 'NONE',  ( 1.000000000000000000, 0.000000000000000000, -0.000000000000000000 ) ) ;
#2359 = LINE ( 'NONE', #560, #194 ) ;
#2360 = VERTEX_POINT ( 'NONE', #77 ) ;
#2361 = FACE_OUTER_BOUND ( 'NONE', #1399, .T. ) ;
#2362 = DIRECTION ( 'NONE',  ( 0.000000000000000000, 1.000000000000000000, 0.000000000000000000 ) ) ;
#2363 = ORIENTED_EDGE ( 'NONE', *, *, #2177, .F. ) ;
#2364 = FACE_OUTER_BOUND ( 'NONE', #1533, .T. ) ;
#2365 = EDGE_CURVE ( 'NONE', #1083, #1293, #867, .T. ) ;
#2366 = AXIS2_PLACEMENT_3D ( 'NONE', #1036, #204, #1606 ) ;
#2367 = ORIENTED_EDGE ( 'NONE', *, *, #247, .T. ) ;
#2368 = CARTESIAN_POINT ( 'NONE',  ( -9.999999999999968026, 0.000000000000000000, -18.74999999999999645 ) ) ;
#2369 = DIRECTION ( 'NONE',  ( 0.000000000000000000, 0.000000000000000000, -1.000000000000000000 ) ) ;
#2370 = ORIENTED_EDGE ( 'NONE', *, *, #1859, .T. ) ;
#2371 = CARTESIAN_POINT ( 'NONE',  ( 5.499999999999960920, -9.000000000000000000, -18.25000000000000355 ) ) ;
#2372 = ORIENTED_EDGE ( 'NONE', *, *, #2314, .F. ) ;
#2373 = CARTESIAN_POINT ( 'NONE',  ( 9.999999999999962697, -13.00000000000000000, -16.49999999999999289 ) ) ;
#2374 = PLANE ( 'NONE',  #1395 ) ;
#2375 = CARTESIAN_POINT ( 'NONE',  ( 10.50000000000000533, -9.000000000000000000, 14.24999999999999822 ) ) ;
#2376 = ORIENTED_EDGE ( 'NONE', *, *, #943, .F. ) ;
#2377 = CARTESIAN_POINT ( 'NONE',  ( -15.00000000000000178, -9.000000000000000000, -13.49999999999999645 ) ) ;
#2378 = EDGE_CURVE ( 'NONE', #2526, #688, #502, .T. ) ;
#2379 = ORIENTED_EDGE ( 'NONE', *, *, #62, .T. ) ;
#2380 =( NAMED_UNIT ( * ) SI_UNIT ( $, .STERADIAN. ) SOLID_ANGLE_UNIT ( ) );
#2381 = AXIS2_PLACEMENT_3D ( 'NONE', #993, #2138, #2358 ) ;
#2382 = ORIENTED_EDGE ( 'NONE', *, *, #401, .T. ) ;
#2383 = LINE ( 'NONE', #619, #779 ) ;
#2384 = AXIS2_PLACEMENT_3D ( 'NONE', #164, #1162, #954 ) ;
#2385 = VECTOR ( 'NONE', #1301, 1000.000000000000000 ) ;
#2386 = ORIENTED_EDGE ( 'NONE', *, *, #933, .T. ) ;
#2387 = LINE ( 'NONE', #1075, #1920 ) ;
#2388 = CARTESIAN_POINT ( 'NONE',  ( 14.99999999999999645, -9.000000000000000000, -13.49999999999999467 ) ) ;
#2389 = VECTOR ( 'NONE', #1941, 1000.000000000000000 ) ;
#2390 = ORIENTED_EDGE ( 'NONE', *, *, #401, .F. ) ;
#2391 = DIRECTION ( 'NONE',  ( 1.000000000000000000, -0.000000000000000000, -0.000000000000000000 ) ) ;
#2392 = ORIENTED_EDGE ( 'NONE', *, *, #841, .F. ) ;
#2393 = CARTESIAN_POINT ( 'NONE',  ( -10.00000000000000000, -2.500000000000000000, 13.75000000000000178 ) ) ;
#2394 = ORIENTED_EDGE ( 'NONE', *, *, #919, .T. ) ;
#2395 = DIRECTION ( 'NONE',  ( 0.000000000000000000, -1.000000000000000000, 0.000000000000000000 ) ) ;
#2396 = ADVANCED_FACE ( 'NONE', ( #1488 ), #101, .F. ) ;
#2397 = ADVANCED_FACE ( 'NONE', ( #90 ), #2459, .F. ) ;
#2398 = EDGE_LOOP ( 'NONE', ( #1444, #922, #1429, #1421 ) ) ;
#2399 = DIRECTION ( 'NONE',  ( 1.000000000000000000, 0.000000000000000000, 0.000000000000000000 ) ) ;
#2400 = LINE ( 'NONE', #450, #273 ) ;
#2401 = CARTESIAN_POINT ( 'NONE',  ( -16.50000000000000000, -1.499999999999999556, 8.673617379884035472E-16 ) ) ;
#2402 = VERTEX_POINT ( 'NONE', #951 ) ;
#2403 = LINE ( 'NONE', #2008, #662 ) ;
#2404 = ORIENTED_EDGE ( 'NONE', *, *, #1944, .F. ) ;
#2405 = CARTESIAN_POINT ( 'NONE',  ( -16.50000000000000000, -9.000000000000000000, -13.75000000000000178 ) ) ;
#2406 = VECTOR ( 'NONE', #372, 1000.000000000000000 ) ;
#2407 = ORIENTED_EDGE ( 'NONE', *, *, #2476, .F. ) ;
#2408 = DIRECTION ( 'NONE',  ( 0.000000000000000000, 1.000000000000000000, 0.000000000000000000 ) ) ;
#2409 = PRODUCT_DEFINITION ( 'æœ', '', #889, #1746 ) ;
#2410 = EDGE_CURVE ( 'NONE', #1494, #1912, #475, .T. ) ;
#2411 = VERTEX_POINT ( 'NONE', #276 ) ;
#2412 = LINE ( 'NONE', #643, #888 ) ;
#2413 = CARTESIAN_POINT ( 'NONE',  ( -13.00000000000000178, -15.00000000000000000, 13.50000000000000355 ) ) ;
#2414 = DIRECTION ( 'NONE',  ( -0.000000000000000000, 1.000000000000000000, 0.000000000000000000 ) ) ;
#2415 = ADVANCED_FACE ( 'NONE', ( #1074 ), #100, .T. ) ;
#2416 = ORIENTED_EDGE ( 'NONE', *, *, #2516, .T. ) ;
#2417 = CARTESIAN_POINT ( 'NONE',  ( 11.45891610559597140, 0.000000000000000000, 18.53242237750208332 ) ) ;
#2418 = AXIS2_PLACEMENT_3D ( 'NONE', #2154, #1721, #1523 ) ;
#2419 = EDGE_LOOP ( 'NONE', ( #925, #969, #1287, #1042 ) ) ;
#2420 = LINE ( 'NONE', #653, #2021 ) ;
#2421 = CARTESIAN_POINT ( 'NONE',  ( -16.50000000000000000, -9.000000000000000000, 11.50033428532089275 ) ) ;
#2422 = EDGE_LOOP ( 'NONE', ( #2270, #63, #1166, #1514 ) ) ;
#2423 = VECTOR ( 'NONE', #1465, 1000.000000000000000 ) ;
#2424 = DIRECTION ( 'NONE',  ( 0.000000000000000000, -2.168404344971008868E-16, -1.000000000000000000 ) ) ;
#2425 = DIRECTION ( 'NONE',  ( 0.000000000000000000, -1.000000000000000000, 0.000000000000000000 ) ) ;
#2426 = FACE_OUTER_BOUND ( 'NONE', #42, .T. ) ;
#2427 = VECTOR ( 'NONE', #345, 1000.000000000000000 ) ;
#2428 = ORIENTED_EDGE ( 'NONE', *, *, #646, .T. ) ;
#2429 = ORIENTED_EDGE ( 'NONE', *, *, #566, .T. ) ;
#2430 = CARTESIAN_POINT ( 'NONE',  ( -10.00000000000000000, -2.500000000000000000, -13.74999999999999822 ) ) ;
#2431 = AXIS2_PLACEMENT_3D ( 'NONE', #581, #392, #1537 ) ;
#2432 = EDGE_CURVE ( 'NONE', #1257, #1483, #892, .T. ) ;
#2433 = ADVANCED_FACE ( 'NONE', ( #710 ), #1279, .T. ) ;
#2434 = CIRCLE ( 'NONE', #1474, 5.999999999999998224 ) ;
#2435 = ORIENTED_EDGE ( 'NONE', *, *, #1747, .F. ) ;
#2436 = PLANE ( 'NONE',  #447 ) ;
#2437 = VECTOR ( 'NONE', #2350, 1000.000000000000000 ) ;
#2438 = CARTESIAN_POINT ( 'NONE',  ( 12.99999999999999645, -13.00000000000000000, -13.49999999999999467 ) ) ;
#2439 = AXIS2_PLACEMENT_3D ( 'NONE', #435, #1591, #1794 ) ;
#2440 = ORIENTED_EDGE ( 'NONE', *, *, #1402, .T. ) ;
#2441 = DIRECTION ( 'NONE',  ( 1.000000000000000000, -0.000000000000000000, 0.000000000000000000 ) ) ;
#2442 = DIRECTION ( 'NONE',  ( 0.000000000000000000, 0.000000000000000000, 1.000000000000000000 ) ) ;
#2443 = PLANE ( 'NONE',  #249 ) ;
#2444 = VERTEX_POINT ( 'NONE', #299 ) ;
#2445 = CARTESIAN_POINT ( 'NONE',  ( -16.50000000000000000, -15.00000000000000178, -0.000000000000000000 ) ) ;
#2446 = DIRECTION ( 'NONE',  ( 0.000000000000000000, 0.000000000000000000, -1.000000000000000000 ) ) ;
#2447 = EDGE_CURVE ( 'NONE', #1194, #2315, #344, .T. ) ;
#2448 = ORIENTED_EDGE ( 'NONE', *, *, #1548, .F. ) ;
#2449 = FACE_OUTER_BOUND ( 'NONE', #11, .T. ) ;
#2450 = CARTESIAN_POINT ( 'NONE',  ( 14.99999999999999645, -9.000000000000000000, 13.50000000000000178 ) ) ;
#2451 = DIRECTION ( 'NONE',  ( 0.000000000000000000, -1.000000000000000000, 0.000000000000000000 ) ) ;
#2452 = DIRECTION ( 'NONE',  ( -1.000000000000000000, 0.000000000000000000, 0.000000000000000000 ) ) ;
#2453 = DIRECTION ( 'NONE',  ( 0.000000000000000000, -1.000000000000000000, 8.673617379884042375E-16 ) ) ;
#2454 = VERTEX_POINT ( 'NONE', #1140 ) ;
#2455 = DIRECTION ( 'NONE',  ( 0.000000000000000000, -0.000000000000000000, -1.000000000000000000 ) ) ;
#2456 = ORIENTED_EDGE ( 'NONE', *, *, #1463, .F. ) ;
#2457 = CARTESIAN_POINT ( 'NONE',  ( -36.00000000000000000, -5.599999999999998757, -5.714383214982423776E-16 ) ) ;
#2458 = EDGE_CURVE ( 'NONE', #1196, #8, #160, .T. ) ;
#2459 = CYLINDRICAL_SURFACE ( 'NONE', #549, 5.000000000000000888 ) ;
#2460 = DIRECTION ( 'NONE',  ( 0.000000000000000000, 1.000000000000000000, -0.000000000000000000 ) ) ;
#2461 = CARTESIAN_POINT ( 'NONE',  ( 10.00000000000000178, -2.500000000000000000, 13.74999999999999822 ) ) ;
#2462 = ORIENTED_EDGE ( 'NONE', *, *, #1989, .T. ) ;
#2463 = CARTESIAN_POINT ( 'NONE',  ( 15.00000000000000355, -2.500000000000000000, 13.74999999999996092 ) ) ;
#2464 = AXIS2_PLACEMENT_3D ( 'NONE', #161, #2327, #557 ) ;
#2465 = EDGE_LOOP ( 'NONE', ( #229, #1621, #1100, #147 ) ) ;
#2466 = CARTESIAN_POINT ( 'NONE',  ( -36.00000000000000000, -5.599999999999998757, 3.000334285320895855 ) ) ;
#2467 = VECTOR ( 'NONE', #1482, 1000.000000000000000 ) ;
#2468 = AXIS2_PLACEMENT_3D ( 'NONE', #658, #2032, #2399 ) ;
#2469 = DIRECTION ( 'NONE',  ( 0.000000000000000000, 1.000000000000000000, -8.673617379884042375E-16 ) ) ;
#2470 = DIRECTION ( 'NONE',  ( 0.000000000000000000, 0.000000000000000000, 1.000000000000000000 ) ) ;
#2471 = PLANE ( 'NONE',  #1848 ) ;
#2472 = EDGE_CURVE ( 'NONE', #664, #416, #2068, .T. ) ;
#2473 = EDGE_CURVE ( 'NONE', #913, #2241, #1703, .T. ) ;
#2474 = FACE_OUTER_BOUND ( 'NONE', #1909, .T. ) ;
#2475 = ORIENTED_EDGE ( 'NONE', *, *, #1218, .T. ) ;
#2476 = EDGE_CURVE ( 'NONE', #1757, #523, #2285, .T. ) ;
#2477 = DIRECTION ( 'NONE',  ( -0.000000000000000000, 1.000000000000000000, -0.000000000000000000 ) ) ;
#2478 = ORIENTED_EDGE ( 'NONE', *, *, #2351, .F. ) ;
#2479 = CARTESIAN_POINT ( 'NONE',  ( 10.50000000000000000, -9.000000000000000000, -19.75000000000000355 ) ) ;
#2480 = ORIENTED_EDGE ( 'NONE', *, *, #874, .T. ) ;
#2481 = CARTESIAN_POINT ( 'NONE',  ( -15.00000000000000178, -1.500000000000000000, 5.249999999999996447 ) ) ;
#2482 = VERTEX_POINT ( 'NONE', #1999 ) ;
#2483 = LINE ( 'NONE', #127, #611 ) ;
#2484 = LINE ( 'NONE', #882, #1902 ) ;
#2485 = VECTOR ( 'NONE', #1334, 1000.000000000000000 ) ;
#2486 = EDGE_CURVE ( 'NONE', #203, #168, #2081, .T. ) ;
#2487 = EDGE_LOOP ( 'NONE', ( #2028, #1139, #2225, #1053 ) ) ;
#2488 = CARTESIAN_POINT ( 'NONE',  ( -36.00000000000000000, -9.000000000000000000, 3.000334285320895855 ) ) ;
#2489 = VERTEX_POINT ( 'NONE', #19 ) ;
#2490 = CARTESIAN_POINT ( 'NONE',  ( 9.999999999999994671, -13.00000000000000000, -13.49999999999999467 ) ) ;
#2491 = VECTOR ( 'NONE', #348, 1000.000000000000000 ) ;
#2492 = EDGE_LOOP ( 'NONE', ( #1403, #1605, #2244, #1539, #1300, #1521, #2086, #897 ) ) ;
#2493 = CARTESIAN_POINT ( 'NONE',  ( -10.50000000000000000, -15.00000000000000178, -13.75000000000000178 ) ) ;
#2494 = FACE_OUTER_BOUND ( 'NONE', #2025, .T. ) ;
#2495 = LINE ( 'NONE', #590, #1592 ) ;
#2496 = ORIENTED_EDGE ( 'NONE', *, *, #1839, .F. ) ;
#2497 = LINE ( 'NONE', #1938, #2234 ) ;
#2498 = CARTESIAN_POINT ( 'NONE',  ( -10.00000000000000000, 0.000000000000000000, -13.74999999999999822 ) ) ;
#2499 = AXIS2_PLACEMENT_3D ( 'NONE', #2103, #1489, #694 ) ;
#2500 = EDGE_CURVE ( 'NONE', #558, #1776, #572, .T. ) ;
#2501 = EDGE_CURVE ( 'NONE', #1785, #1935, #975, .T. ) ;
#2502 = EDGE_LOOP ( 'NONE', ( #542, #317, #1015, #346, #354, #409 ) ) ;
#2503 = LINE ( 'NONE', #742, #157 ) ;
#2504 = AXIS2_PLACEMENT_3D ( 'NONE', #413, #2353, #17 ) ;
#2505 = VECTOR ( 'NONE', #1691, 1000.000000000000000 ) ;
#2506 = DIRECTION ( 'NONE',  ( -5.782411586589337917E-16, 0.000000000000000000, 1.000000000000000000 ) ) ;
#2507 = CYLINDRICAL_SURFACE ( 'NONE', #2418, 2.000000000000001776 ) ;
#2508 = EDGE_LOOP ( 'NONE', ( #2348, #1986, #1503 ) ) ;
#2509 = DIRECTION ( 'NONE',  ( 0.000000000000000000, 1.000000000000000000, 0.000000000000000000 ) ) ;
#2510 = ORIENTED_EDGE ( 'NONE', *, *, #1493, .F. ) ;
#2511 = CARTESIAN_POINT ( 'NONE',  ( 14.99999999999999645, -5.799999999999999822, 1.257674520083184552E-15 ) ) ;
#2512 = EDGE_CURVE ( 'NONE', #1833, #1711, #172, .T. ) ;
#2513 = ORIENTED_EDGE ( 'NONE', *, *, #666, .F. ) ;
#2514 = DIRECTION ( 'NONE',  ( -0.000000000000000000, -1.000000000000000000, 0.000000000000000000 ) ) ;
#2515 = DIRECTION ( 'NONE',  ( -1.239088197126292789E-16, -4.336808689942017736E-16, -1.000000000000000000 ) ) ;
#2516 = EDGE_CURVE ( 'NONE', #2489, #1891, #798, .T. ) ;
#2517 = EDGE_LOOP ( 'NONE', ( #927, #756, #2159, #2002, #2298, #2074, #534, #2127 ) ) ;
#2518 = CARTESIAN_POINT ( 'NONE',  ( 14.50000000000000000, -15.00000000000000178, -13.75000000000000355 ) ) ;
#2519 = LINE ( 'NONE', #770, #394 ) ;
#2520 = ORIENTED_EDGE ( 'NONE', *, *, #875, .T. ) ;
#2521 = PLANE ( 'NONE',  #2431 ) ;
#2522 = PLANE ( 'NONE',  #1159 ) ;
#2523 = VECTOR ( 'NONE', #1879, 1000.000000000000000 ) ;
#2524 = ORIENTED_EDGE ( 'NONE', *, *, #1990, .F. ) ;
#2525 = FACE_OUTER_BOUND ( 'NONE', #2517, .T. ) ;
#2526 = VERTEX_POINT ( 'NONE', #1361 ) ;
#2527 = LINE ( 'NONE', #332, #315 ) ;
#2528 = EDGE_CURVE ( 'NONE', #343, #1467, #2540, .T. ) ;
#2529 = EDGE_LOOP ( 'NONE', ( #428, #2435, #781, #1304 ) ) ;
#2530 = CARTESIAN_POINT ( 'NONE',  ( -10.00000000000000000, 0.000000000000000000, 13.75000000000000178 ) ) ;
#2531 = CARTESIAN_POINT ( 'NONE',  ( 5.499999999999960920, -2.500000000000000444, -18.25000000000000355 ) ) ;
#2532 = VERTEX_POINT ( 'NONE', #2368 ) ;
#2533 = DIRECTION ( 'NONE',  ( 0.000000000000000000, 0.000000000000000000, 1.000000000000000000 ) ) ;
#2534 = DIRECTION ( 'NONE',  ( 0.000000000000000000, 1.000000000000000000, -2.168404344971008868E-16 ) ) ;
#2535 = ORIENTED_EDGE ( 'NONE', *, *, #153, .T. ) ;
#2536 = CARTESIAN_POINT ( 'NONE',  ( -12.76420390868027255, -2.500000000000000444, 17.66643453701564326 ) ) ;
#2537 = VECTOR ( 'NONE', #1458, 1000.000000000000000 ) ;
#2538 = VECTOR ( 'NONE', #1974, 1000.000000000000000 ) ;
#2539 = ORIENTED_EDGE ( 'NONE', *, *, #1811, .F. ) ;
#2540 = LINE ( 'NONE', #359, #1299 ) ;
#2541 = FACE_OUTER_BOUND ( 'NONE', #2155, .T. ) ;
#2542 = AXIS2_PLACEMENT_3D ( 'NONE', #682, #1462, #2284 ) ;
#2543 = ORIENTED_EDGE ( 'NONE', *, *, #646, .F. ) ;
#2544 = CIRCLE ( 'NONE', #1641, 2.000000000000000000 ) ;
#2545 = FACE_OUTER_BOUND ( 'NONE', #978, .T. ) ;
#2546 = PLANE ( 'NONE',  #1068 ) ;
ENDSEC;
END-ISO-10303-21;
