#ifndef PROCESSED_MENU_H
#define PROCESSED_MENU_H

#include <Arduino.h>

// 处理阈值: 50
#define MENU_FRAME_CNT   10
#define MENU_IMG_WIDTH   100
#define MENU_IMG_HEIGHT  100

const uint16_t PROGMEM menu[10][100 * 100] = {
  { // 帧 0
    0x0000, 0x0000, 0x0000, 0x0000, 0x0000, 0x0000, 0x0000, 0x0000, 0x0000, 0x0000, 0x0000, 0x0000,
    0x0000, 0x0000, 0x0000, 0x0000, 0x0000, 0x0000, 0x0000, 0x0000, 0x0000, 0x0000, 0x0000, 0x0000,
    0x0000, 0x0000, 0x0000, 0x0000, 0x0000, 0x0000, 0x0000, 0x0000, 0x0000, 0x0000, 0x0000, 0x0000,
    0x0000, 0x0000, 0x0000, 0x0000, 0x0000, 0x0000, 0x0000, 0x0000, 0x0000, 0x0000, 0x0000, 0x0000,
    0x0000, 0x0000, 0x0000, 0x0000, 0x0000, 0x0000, 0x0000, 0x0000, 0x0000, 0x0000, 0x0000, 0x0000,
    0x0000, 0x0000, 0x0000, 0x0000, 0x0000, 0x0000, 0x0000, 0x0000, 0x0000, 0x0000, 0x0000, 0x0000,
    0x0000, 0x0000, 0x0000, 0x0000, 0x0000, 0x0000, 0x0000, 0x0000, 0x0000, 0x0000, 0x0000, 0x0000,
    0x0000, 0x0000, 0x0000, 0x0000, 0x0000, 0x0000, 0x0000, 0x0000, 0x0000, 0x0000, 0x0000, 0x0000,
    0x0000, 0x0000, 0x0000, 0x0000, 0x0000, 0x0000, 0x0000, 0x0000, 0x0000, 0x0000, 0x0000, 0x0000,
    0x0000, 0x0000, 0x0000, 0x0000, 0x0000, 0x0000, 0x0000, 0x0000, 0x0000, 0x0000, 0x0000, 0x0000,
    0x0000, 0x0000, 0x0000, 0x0000, 0x0000, 0x0000, 0x0000, 0x0000, 0x0000, 0x0000, 0x0000, 0x0000,
    0x0000, 0x0000, 0x0000, 0x0000, 0x0000, 0x0000, 0x0000, 0x0000, 0x0000, 0x0000, 0x0000, 0x0000,
    0x0000, 0x0000, 0x0000, 0x0000, 0x0000, 0x0000, 0x0000, 0x0000, 0x0000, 0x0000, 0x0000, 0x0000,
    0x0000, 0x0000, 0x0000, 0x0000, 0x0000, 0x0000, 0x0000, 0x0000, 0x0000, 0x0000, 0x0000, 0x0000,
    0x0000, 0x0000, 0x0000, 0x0000, 0x0000, 0x0000, 0x0000, 0x4208, 0x73AE, 0x6B2C, 0x0000, 0x0000,
    0x0000, 0x0000, 0x0000, 0x0000, 0x0000, 0x0000, 0x0000, 0x0000, 0x0000, 0x0000, 0x0000, 0x0000,
    0x0000, 0x0000, 0x0000, 0x0000, 0x0000, 0x0000, 0x0000, 0x0000, 0x0000, 0x0000, 0x0000, 0x0000,
    0x0000, 0x0000, 0x0000, 0x0000, 0x0000, 0x0000, 0x0000, 0x0000, 0x0000, 0x0000, 0x0000, 0x0000,
    0x0000, 0x0000, 0x0000, 0x0000, 0x0000, 0x0000, 0x0000, 0x0000, 0x0000, 0x0000, 0x0000, 0x0000,
    0x0000, 0x0000, 0x0000, 0x0000, 0x0000, 0x0000, 0x0000, 0x0000, 0x0000, 0x0000, 0x0000, 0x0000,
    0x0000, 0x0000, 0x0000, 0x0000, 0x0000, 0x0000, 0x0000, 0x0000, 0x0000, 0x0000, 0x0000, 0x0000,
    0x0000, 0x0000, 0x0000, 0x0000, 0x0000, 0x0000, 0x0000, 0x0000, 0x0000, 0x0000, 0x0000, 0x0000,
    0x0000, 0x0000, 0x0000, 0x0000, 0x0000, 0x0000, 0x0000, 0x0000, 0x0000, 0x0000, 0x0000, 0xB5B6,
    0xFFFF, 0xFFFF, 0x738D, 0x0000, 0x0000, 0x0000, 0x0000, 0x0000, 0x0000, 0x0000, 0x0000, 0x0000,
    0x0000, 0x0000, 0x0000, 0x0000, 0x0000, 0x0000, 0x0000, 0x0000, 0x0000, 0x0000, 0x0000, 0x0000,
    0x0000, 0x0000, 0x0000, 0x0000, 0x0000, 0x0000, 0x0000, 0x0000, 0x0000, 0x0000, 0x0000, 0x0000,
    0x0000, 0x0000, 0x0000, 0x0000, 0x0000, 0x0000, 0x0000, 0x0000, 0x0000, 0x0000, 0x0000, 0x0000,
    0x0000, 0x0000, 0x0000, 0x0000, 0x0000, 0x0000, 0x0000, 0x0000, 0x0000, 0x0000, 0x0000, 0x0000,
    0x0000, 0x0000, 0x0000, 0x0000, 0x0000, 0x0000, 0x0000, 0x0000, 0x0000, 0x0000, 0x0000, 0x0000,
    0x0000, 0x0000, 0x0000, 0x0000, 0x0000, 0x0000, 0x0000, 0x0000, 0x0000, 0x0000, 0x0000, 0x0000,
    0x0000, 0x0000, 0x0000, 0x0000, 0x0000, 0x0000, 0x0000, 0x0000, 0x0000, 0x0000, 0x0000, 0x0000,
    0x0000, 0x0000, 0x0000, 0xDEDB, 0xFFFF, 0xFFFF, 0x8C71, 0x0000, 0x0000, 0x0000, 0x0000, 0x0000,
    0x0000, 0x0000, 0x0000, 0x0000, 0x0000, 0x0000, 0x0000, 0x0000, 0x0000, 0x0000, 0x0000, 0x0000,
    0x0000, 0x0000, 0x0000, 0x0000, 0x0000, 0x0000, 0x0000, 0x0000, 0x0000, 0x0000, 0x0000, 0x0000,
    0x0000, 0x0000, 0x0000, 0x0000, 0x0000, 0x0000, 0x0000, 0x0000, 0x0000, 0x0000, 0x0000, 0x0000,
    0x0000, 0x0000, 0x0000, 0x0000, 0x0000, 0x0000, 0x0000, 0x0000, 0x0000, 0x0000, 0x0000, 0x0000,
    0x0000, 0x0000, 0x0000, 0x0000, 0x0000, 0x0000, 0x0000, 0x0000, 0x0000, 0x0000, 0x0000, 0x0000,
    0x0000, 0x0000, 0x0000, 0x0000, 0x0000, 0x0000, 0x0000, 0x0000, 0x0000, 0x0000, 0x0000, 0x0000,
    0x0000, 0x0000, 0x0000, 0x0000, 0x0000, 0x0000, 0x0000, 0x0000, 0x0000, 0x0000, 0x0000, 0x0000,
    0x0000, 0x0000, 0x0000, 0x39E7, 0x0000, 0x0000, 0x0000, 0xDEDB, 0xFFFF, 0xFFFF, 0x8C51, 0x0000,
    0x0000, 0x0000, 0x31A7, 0x0000, 0x0000, 0x0000, 0x0000, 0x0000, 0x0000, 0x0000, 0x0000, 0x0000,
    0x0000, 0x0000, 0x0000, 0x0000, 0x0000, 0x0000, 0x0000, 0x0000, 0x0000, 0x0000, 0x0000, 0x0000,
    0x0000, 0x0000, 0x0000, 0x0000, 0x0000, 0x0000, 0x0000, 0x0000, 0x0000, 0x0000, 0x0000, 0x0000,
    0x0000, 0x0000, 0x0000, 0x0000, 0x0000, 0x0000, 0x0000, 0x0000, 0x0000, 0x0000, 0x0000, 0x0000,
    0x0000, 0x0000, 0x0000, 0x0000, 0x0000, 0x0000, 0x0000, 0x0000, 0x0000, 0x0000, 0x0000, 0x0000,
    0x0000, 0x0000, 0x0000, 0x0000, 0x0000, 0x0000, 0x0000, 0x0000, 0x0000, 0x0000, 0x0000, 0x0000,
    0x0000, 0x0000, 0x0000, 0x0000, 0x0000, 0x0000, 0x0000, 0x0000, 0x0000, 0x0000, 0x0000, 0x0000,
    0x0000, 0x0000, 0x0000, 0x0000, 0x0000, 0x39E7, 0xC618, 0xE71C, 0x9492, 0x31A6, 0x0000, 0xDEDA,
    0xFFFF, 0xFFFF, 0x8430, 0x0000, 0x52AA, 0xB5B6, 0xDEFB, 0x8410, 0x0000, 0x0000, 0x0000, 0x0000,
    0x0000, 0x0000, 0x0000, 0x0000, 0x0000, 0x0000, 0x0000, 0x0000, 0x0000, 0x0000, 0x0000, 0x0000,
    0x0000, 0x0000, 0x0000, 0x0000, 0x0000, 0x0000, 0x0000, 0x0000, 0x0000, 0x0000, 0x0000, 0x0000,
    0x0000, 0x0000, 0x0000, 0x0000, 0x0000, 0x0000, 0x0000, 0x0000, 0x0000, 0x0000, 0x0000, 0x0000,
    0x0000, 0x0000, 0x0000, 0x0000, 0x0000, 0x0000, 0x0000, 0x0000, 0x0000, 0x0000, 0x0000, 0x0000,
    0x0000, 0x0000, 0x0000, 0x0000, 0x0000, 0x0000, 0x0000, 0x0000, 0x0000, 0x0000, 0x0000, 0x0000,
    0x0000, 0x0000, 0x0000, 0x0000, 0x0000, 0x0000, 0x0000, 0x0000, 0x0000, 0x0000, 0x0000, 0x0000,
    0x0000, 0x0000, 0x0000, 0x0000, 0x0000, 0x0000, 0x0000, 0x0000, 0x0000, 0x8C71, 0xFFFF, 0xFFFF,
    0xFFFF, 0xD699, 0x738D, 0xDEDA, 0xFFFF, 0xFFFF, 0x9CD2, 0x94B2, 0xF79E, 0xFFFF, 0xFFFF, 0xEF5D,
    0x39C7, 0x0000, 0x0000, 0x0000, 0x0000, 0x0000, 0x0000, 0x0000, 0x0000, 0x0000, 0x0000, 0x0000,
    0x0000, 0x0000, 0x0000, 0x0000, 0x0000, 0x0000, 0x0000, 0x0000, 0x0000, 0x0000, 0x0000, 0x0000,
    0x0000, 0x0000, 0x0000, 0x0000, 0x0000, 0x0000, 0x0000, 0x0000, 0x0000, 0x0000, 0x0000, 0x0000,
    0x0000, 0x0000, 0x0000, 0x0000, 0x0000, 0x0000, 0x0000, 0x0000, 0x0000, 0x0000, 0x0000, 0x0000,
    0x0000, 0x0000, 0x0000, 0x0000, 0x0000, 0x0000, 0x0000, 0x0000, 0x0000, 0x0000, 0x0000, 0x0000,
    0x0000, 0x0000, 0x0000, 0x0000, 0x0000, 0x0000, 0x0000, 0x0000, 0x0000, 0x0000, 0x0000, 0x0000,
    0x0000, 0x0000, 0x0000, 0x0000, 0x0000, 0x0000, 0x0000, 0x0000, 0x0000, 0x52AA, 0x8C71, 0x6B6D,
    0x0000, 0x52AA, 0xE71C, 0xFFFF, 0xFFFF, 0xFFFF, 0xFFDE, 0xF7BE, 0xFFFF, 0xFFFF, 0xF79D, 0xFFFF,
    0xFFFF, 0xFFFF, 0xFFFF, 0xA534, 0x0000, 0x0000, 0x94B2, 0x8C71, 0x0000, 0x0000, 0x0000, 0x0000,
    0x0000, 0x0000, 0x0000, 0x0000, 0x0000, 0x0000, 0x0000, 0x0000, 0x0000, 0x0000, 0x0000, 0x0000,
    0x0000, 0x0000, 0x0000, 0x0000, 0x0000, 0x0000, 0x0000, 0x0000, 0x0000, 0x0000, 0x0000, 0x0000,
    0x0000, 0x0000, 0x0000, 0x0000, 0x0000, 0x0000, 0x0000, 0x0000, 0x0000, 0x0000, 0x0000, 0x0000,
    0x0000, 0x0000, 0x0000, 0x0000, 0x0000, 0x0000, 0x0000, 0x0000, 0x0000, 0x0000, 0x0000, 0x0000,
    0x0000, 0x0000, 0x0000, 0x0000, 0x0000, 0x0000, 0x0000, 0x0000, 0x0000, 0x0000, 0x0000, 0x0000,
    0x0000, 0x0000, 0x0000, 0x0000, 0x0000, 0x0000, 0x0000, 0x0000, 0x0000, 0x0000, 0x0000, 0x0000,
    0x0000, 0xD69A, 0xFFFF, 0xF79E, 0x630B, 0x0000, 0x528A, 0xBDF7, 0xFFDF, 0xFFFF, 0xFFFF, 0xFFFF,
    0xFFFF, 0xFFFF, 0xFFFF, 0xFFFF, 0xFFFF, 0xE71C, 0x8430, 0x0000, 0x0000, 0x9CF3, 0xFFFF, 0xFFFF,
    0x9CD2, 0x0000, 0x0000, 0x0000, 0x0000, 0x0000, 0x0000, 0x0000, 0x0000, 0x0000, 0x0000, 0x0000,
    0x0000, 0x0000, 0x0000, 0x0000, 0x0000, 0x0000, 0x0000, 0x0000, 0x0000, 0x0000, 0x0000, 0x0000,
    0x0000, 0x0000, 0x0000, 0x0000, 0x0000, 0x0000, 0x0000, 0x0000, 0x0000, 0x0000, 0x0000, 0x0000,
    0x0000, 0x0000, 0x0000, 0x0000, 0x0000, 0x0000, 0x0000, 0x0000, 0x0000, 0x0000, 0x0000, 0x0000,
    0x0000, 0x0000, 0x0000, 0x0000, 0x0000, 0x0000, 0x0000, 0x0000, 0x0000, 0x0000, 0x0000, 0x0000,
    0x0000, 0x0000, 0x0000, 0x0000, 0x0000, 0x0000, 0x0000, 0x0000, 0x0000, 0x0000, 0x0000, 0x0000,
    0x0000, 0x0000, 0x0000, 0x0000, 0x4A48, 0xEF7D, 0xFFFF, 0xFFFF, 0x7BAF, 0x0000, 0x0000, 0x0000,
    0x7BCF, 0xCE79, 0xFFFF, 0xFFFF, 0xFFFF, 0xFFFF, 0xFFFF, 0xFFDF, 0xB596, 0x4A69, 0x0000, 0x0000,
    0x0000, 0xBE18, 0xFFFF, 0xFFFF, 0xBDD7, 0x0000, 0x0000, 0x0000, 0x0000, 0x0000, 0x0000, 0x0000,
    0x0000, 0x0000, 0x0000, 0x0000, 0x0000, 0x0000, 0x0000, 0x0000, 0x0000, 0x0000, 0x0000, 0x0000,
    0x0000, 0x0000, 0x0000, 0x0000, 0x0000, 0x0000, 0x0000, 0x0000, 0x0000, 0x0000, 0x0000, 0x0000,
    0x0000, 0x0000, 0x0000, 0x0000, 0x0000, 0x0000, 0x0000, 0x0000, 0x0000, 0x0000, 0x0000, 0x0000,
    0x0000, 0x0000, 0x0000, 0x0000, 0x0000, 0x0000, 0x0000, 0x0000, 0x0000, 0x0000, 0x0000, 0x0000,
    0x0000, 0x0000, 0x0000, 0x0000, 0x0000, 0x0000, 0x0000, 0x0000, 0x0000, 0x0000, 0x0000, 0x0000,
    0x0000, 0x0000, 0x0000, 0x0000, 0x7BCF, 0x7BCF, 0x31A6, 0x0000, 0x4A69, 0xF79E, 0xFFFF, 0xFFFF,
    0x7BCF, 0x0000, 0x0000, 0x0000, 0x0000, 0x39E7, 0x9492, 0xF79E, 0xFFFF, 0xFFFF, 0xDEDB, 0x8410,
    0x0000, 0x0000, 0x0000, 0x0000, 0x0000, 0xBDF7, 0xFFFF, 0xFFFF, 0xB596, 0x0000, 0x0000, 0x5AEB,
    0x94B2, 0x5AEB, 0x0000, 0x0000, 0x0000, 0x0000, 0x0000, 0x0000, 0x0000, 0x0000, 0x0000, 0x0000,
    0x0000, 0x0000, 0x0000, 0x0000, 0x0000, 0x0000, 0x0000, 0x0000, 0x0000, 0x0000, 0x0000, 0x0000,
    0x0000, 0x0000, 0x0000, 0x0000, 0x0000, 0x0000, 0x0000, 0x0000, 0x0000, 0x0000, 0x0000, 0x0000,
    0x0000, 0x0000, 0x0000, 0x0000, 0x0000, 0x0000, 0x0000, 0x0000, 0x0000, 0x0000, 0x0000, 0x0000,
    0x0000, 0x0000, 0x0000, 0x0000, 0x0000, 0x0000, 0x0000, 0x0000, 0x0000, 0x0000, 0x0000, 0x0000,
    0x0000, 0x0000, 0x0000, 0x0000, 0x0000, 0x0000, 0x0000, 0x8430, 0xFFDF, 0xFFFF, 0xCE99, 0x632C,
    0x4A69, 0xF79D, 0xFFFF, 0xFFFF, 0x7BEF, 0x0000, 0x0000, 0x0000, 0x0000, 0x0000, 0x0000, 0xDEDB,
    0xFFFF, 0xFFFF, 0x9491, 0x0000, 0x0000, 0x0000, 0x0000, 0x0000, 0x0000, 0xBDF7, 0xFFFF, 0xFFFF,
    0xB596, 0x5289, 0x9CF3, 0xF79E, 0xFFFF, 0xDEDB, 0x39C7, 0x0000, 0x0000, 0x0000, 0x0000, 0x0000,
    0x0000, 0x0000, 0x0000, 0x0000, 0x0000, 0x0000, 0x0000, 0x0000, 0x0000, 0x0000, 0x0000, 0x0000,
    0x0000, 0x0000, 0x0000, 0x0000, 0x0000, 0x0000, 0x0000, 0x0000, 0x0000, 0x0000, 0x0000, 0x0000,
    0x0000, 0x0000, 0x0000, 0x0000, 0x0000, 0x0000, 0x0000, 0x0000, 0x0000, 0x0000, 0x0000, 0x0000,
    0x0000, 0x0000, 0x0000, 0x0000, 0x0000, 0x0000, 0x0000, 0x0000, 0x0000, 0x0000, 0x0000, 0x0000,
    0x0000, 0x0000, 0x0000, 0x0000, 0x0000, 0x0000, 0x0000, 0x0000, 0x0000, 0x0000, 0x0000, 0x9CF3,
    0xFFFF, 0xFFFF, 0xFFFF, 0xFFDF, 0xCE58, 0xF79E, 0xFFFF, 0xFFDF, 0x738E, 0x0000, 0x0000, 0x0000,
    0x0000, 0x0000, 0x0000, 0xD6BA, 0xFFFF, 0xFFFF, 0x8C71, 0x0000, 0x0000, 0x0000, 0x0000, 0x0000,
    0x0000, 0xC618, 0xFFFF, 0xFFFF, 0xDEDA, 0xE73C, 0xFFFF, 0xFFFF, 0xFFFF, 0xFFFF, 0x630C, 0x0000,
    0x0000, 0x0000, 0x0000, 0x0000, 0x0000, 0x0000, 0x0000, 0x0000, 0x0000, 0x0000, 0x0000, 0x0000,
    0x0000, 0x0000, 0x0000, 0x0000, 0x0000, 0x0000, 0x0000, 0x0000, 0x0000, 0x0000, 0x0000, 0x0000,
    0x0000, 0x0000, 0x0000, 0x0000, 0x0000, 0x0000, 0x0000, 0x0000, 0x0000, 0x0000, 0x0000, 0x0000,
    0x0000, 0x0000, 0x0000, 0x0000, 0x0000, 0x0000, 0x0000, 0x0000, 0x0000, 0x0000, 0x0000, 0x0000,
    0x0000, 0x0000, 0x0000, 0x0000, 0x0000, 0x0000, 0x0000, 0x0000, 0x0000, 0x0000, 0x0000, 0x0000,
    0x0000, 0x0000, 0x0000, 0x39C7, 0xB5B6, 0xFFFF, 0xFFFF, 0xFFFF, 0xFFFF, 0xFFFF, 0xFFFF, 0xFFFF,
    0x73AE, 0x0000, 0x0000, 0x0000, 0x0000, 0x0000, 0x0000, 0xD6BA, 0xFFFF, 0xFFFF, 0x8C71, 0x0000,
    0x0000, 0x0000, 0x0000, 0x0000, 0x0000, 0xC638, 0xFFFF, 0xFFFF, 0xFFFF, 0xFFFF, 0xFFFF, 0xFFFF,
    0xF79E, 0x9492, 0x0000, 0x0000, 0x0000, 0x0000, 0x0000, 0x0000, 0x0000, 0x0000, 0x0000, 0x0000,
    0x0000, 0x0000, 0x0000, 0x0000, 0x0000, 0x0000, 0x0000, 0x0000, 0x0000, 0x0000, 0x0000, 0x0000,
    0x0000, 0x0000, 0x0000, 0x0000, 0x0000, 0x0000, 0x0000, 0x0000, 0x0000, 0x0000, 0x0000, 0x0000,
    0x0000, 0x0000, 0x0000, 0x0000, 0x0000, 0x0000, 0x0000, 0x0000, 0x0000, 0x0000, 0x0000, 0x0000,
    0x0000, 0x0000, 0x0000, 0x0000, 0x0000, 0x0000, 0x0000, 0x0000, 0x0000, 0x0000, 0x0000, 0x0000,
    0x0000, 0x0000, 0x0000, 0x0000, 0x0000, 0x0000, 0x0000, 0x0000, 0x0000, 0x83EF, 0xD6BA, 0xFFFF,
    0xFFFF, 0xFFFF, 0xFFFF, 0xFFFF, 0xA534, 0x0000, 0x0000, 0x0000, 0x0000, 0x0000, 0x0000, 0xDEFB,
    0xFFFF, 0xFFFF, 0x9492, 0x0000, 0x0000, 0x0000, 0x0000, 0x0000, 0x738E, 0xE73C, 0xFFFF, 0xFFFF,
    0xFFFF, 0xFFFF, 0xEF7D, 0xB5B6, 0x5ACB, 0x0000, 0x0000, 0x0000, 0x0000, 0x0000, 0x0000, 0x0000,
    0x0000, 0x0000, 0x0000, 0x0000, 0x0000, 0x0000, 0x0000, 0x0000, 0x0000, 0x0000, 0x0000, 0x0000,
    0x0000, 0x0000, 0x0000, 0x0000, 0x0000, 0x0000, 0x0000, 0x0000, 0x0000, 0x0000, 0x0000, 0x0000,
    0x0000, 0x0000, 0x0000, 0x0000, 0x0000, 0x0000, 0x0000, 0x0000, 0x0000, 0x0000, 0x0000, 0x0000,
    0x0000, 0x0000, 0x0000, 0x0000, 0x0000, 0x0000, 0x0000, 0x0000, 0x0000, 0x0000, 0x0000, 0x0000,
    0x0000, 0x0000, 0x0000, 0x0000, 0x0000, 0x0000, 0x0000, 0x0000, 0x0000, 0x0000, 0x0000, 0x0000,
    0x0000, 0x0000, 0x840F, 0xEF7D, 0xFFFF, 0xFFFF, 0xFFFF, 0xFFFF, 0xFFFF, 0xD699, 0x6B6D, 0x0000,
    0x0000, 0x0000, 0x31A7, 0xDEDB, 0xFFFF, 0xFFFF, 0x9491, 0x0000, 0x0000, 0x0000, 0x4A49, 0xB595,
    0xFFDE, 0xFFFF, 0xFFFF, 0xFFFF, 0xFFFF, 0xFFFF, 0xC638, 0x4A49, 0x0000, 0x0000, 0x0000, 0x0000,
    0x0000, 0x0000, 0x0000, 0x0000, 0x0000, 0x0000, 0x0000, 0x0000, 0x0000, 0x0000, 0x0000, 0x0000,
    0x0000, 0x0000, 0x0000, 0x0000, 0x0000, 0x0000, 0x0000, 0x0000, 0x0000, 0x0000, 0x0000, 0x0000,
    0x0000, 0x0000, 0x0000, 0x0000, 0x0000, 0x0000, 0x0000, 0x0000, 0x0000, 0x0000, 0x0000, 0x0000,
    0x0000, 0x0000, 0x0000, 0x0000, 0x0000, 0x0000, 0x0000, 0x0000, 0x0000, 0x0000, 0x0000, 0x0000,
    0x0000, 0x0000, 0x0000, 0x0000, 0x0000, 0x0000, 0x0000, 0x0000, 0x0000, 0x0000, 0x0000, 0x0000,
    0x0000, 0x0000, 0x0000, 0x0000, 0x4228, 0xA513, 0xEF7D, 0xFFFF, 0xFFFF, 0xFFFF, 0xFFFF, 0xFFFF,
    0xFFFF, 0xFFFF, 0xFFDF, 0xBDD6, 0x528A, 0x0000, 0x0000, 0xDEDA, 0xFFFF, 0xFFFF, 0x9492, 0x0000,
    0x0000, 0x8C71, 0xEF5D, 0xFFFF, 0xFFFF, 0xFFFF, 0xFFFF, 0xFFFF, 0xFFFF, 0xFFDF, 0xFFFF, 0xCE59,
    0x6B4C, 0x0000, 0x0000, 0x0000, 0x0000, 0x0000, 0x0000, 0x0000, 0x0000, 0x0000, 0x0000, 0x0000,
    0x0000, 0x0000, 0x0000, 0x0000, 0x0000, 0x0000, 0x0000, 0x0000, 0x0000, 0x0000, 0x0000, 0x0000,
    0x0000, 0x0000, 0x0000, 0x0000, 0x0000, 0x0000, 0x0000, 0x0000, 0x0000, 0x0000, 0x0000, 0x0000,
    0x0000, 0x0000, 0x0000, 0x0000, 0x0000, 0x0000, 0x0000, 0x0000, 0x0000, 0x0000, 0x0000, 0x0000,
    0x0000, 0x0000, 0x0000, 0x0000, 0x0000, 0x0000, 0x0000, 0x0000, 0x0000, 0x0000, 0x0000, 0x0000,
    0x0000, 0x0000, 0x0000, 0x0000, 0x0000, 0x0000, 0x0000, 0x52AA, 0xD6BA, 0xFFFF, 0xFFFF, 0xFFFF,
    0xFFFF, 0xCE79, 0x94B2, 0xC618, 0xFFDF, 0xFFFF, 0xFFFF, 0xFFFF, 0xEF7D, 0x9CD2, 0x528A, 0xDEDA,
    0xFFFF, 0xFFFF, 0x9492, 0x632C, 0xD699, 0xFFFF, 0xFFFF, 0xFFFF, 0xFFFF, 0xEF7D, 0xAD55, 0xAD55,
    0xF7BE, 0xFFFF, 0xFFFF, 0xFFFF, 0xF7BE, 0xA514, 0x0000, 0x0000, 0x0000, 0x0000, 0x0000, 0x0000,
    0x0000, 0x0000, 0x0000, 0x0000, 0x0000, 0x0000, 0x0000, 0x0000, 0x0000, 0x0000, 0x0000, 0x0000,
    0x0000, 0x0000, 0x0000, 0x0000, 0x0000, 0x0000, 0x0000, 0x0000, 0x0000, 0x0000, 0x0000, 0x0000,
    0x0000, 0x0000, 0x0000, 0x0000, 0x0000, 0x0000, 0x0000, 0x0000, 0x0000, 0x0000, 0x0000, 0x0000,
    0x0000, 0x0000, 0x0000, 0x0000, 0x0000, 0x0000, 0x0000, 0x0000, 0x0000, 0x0000, 0x0000, 0x0000,
    0x0000, 0x0000, 0x0000, 0x0000, 0x0000, 0x0000, 0x0000, 0x0000, 0x0000, 0x0000, 0x0000, 0xB5B6,
    0xFFFF, 0xFFFF, 0xFFFF, 0xE73C, 0x94B2, 0x39E7, 0x0000, 0x31A6, 0x7BF0, 0xDEDB, 0xFFFF, 0xFFFF,
    0xFFFF, 0xFFFF, 0xE71B, 0xF7BE, 0xFFFF, 0xFFFF, 0xE71B, 0xF79E, 0xFFFF, 0xFFFF, 0xFFFF, 0xF7BE,
    0xBDF7, 0x630C, 0x0000, 0x0000, 0x6B4D, 0xC618, 0xFFDF, 0xFFFF, 0xFFFF, 0xFFFF, 0x5ACB, 0x0000,
    0x0000, 0x0000, 0x0000, 0x0000, 0x0000, 0x0000, 0x0000, 0x0000, 0x0000, 0x0000, 0x0000, 0x0000,
    0x0000, 0x0000, 0x0000, 0x0000, 0x0000, 0x0000, 0x0000, 0x0000, 0x0000, 0x0000, 0x0000, 0x0000,
    0x0000, 0x0000, 0x0000, 0x0000, 0x0000, 0x0000, 0x0000, 0x0000, 0x0000, 0x0000, 0x0000, 0x0000,
    0x0000, 0x0000, 0x0000, 0x0000, 0x0000, 0x0000, 0x0000, 0x0000, 0x0000, 0x0000, 0x0000, 0x0000,
    0x0000, 0x0000, 0x0000, 0x0000, 0x0000, 0x0000, 0x0000, 0x0000, 0x0000, 0x0000, 0x0000, 0x0000,
    0x0000, 0x0000, 0x0000, 0x738E, 0xF79E, 0xF7BE, 0xB596, 0x5ACB, 0x0000, 0x0000, 0x0000, 0x0000,
    0x0000, 0x4229, 0x9CF3, 0xEF5D, 0xFFFF, 0xFFFF, 0xFFFF, 0xFFFF, 0xFFFF, 0xFFFF, 0xFFFF, 0xFFFF,
    0xFFFF, 0xFFFF, 0xD6BA, 0x7BCF, 0x0000, 0x0000, 0x0000, 0x0000, 0x0000, 0x0000, 0x7BEF, 0xD6BA,
    0xFFFF, 0xE71C, 0x4208, 0x0000, 0x0000, 0x0000, 0x0000, 0x0000, 0x0000, 0x0000, 0x0000, 0x0000,
    0x0000, 0x0000, 0x0000, 0x0000, 0x0000, 0x0000, 0x0000, 0x0000, 0x0000, 0x0000, 0x0000, 0x0000,
    0x0000, 0x0000, 0x0000, 0x0000, 0x0000, 0x0000, 0x0000, 0x0000, 0x0000, 0x0000, 0x0000, 0x0000,
    0x0000, 0x0000, 0x0000, 0x0000, 0x0000, 0x0000, 0x0000, 0x0000, 0x0000, 0x0000, 0x0000, 0x0000,
    0x0000, 0x0000, 0x0000, 0x0000, 0x0000, 0x0000, 0x0000, 0x0000, 0x0000, 0x0000, 0x0000, 0x0000,
    0x0000, 0x0000, 0x0000, 0x0000, 0x0000, 0x0000, 0x0000, 0x0000, 0x4A69, 0x5ACB, 0x0000, 0x0000,
    0x0000, 0x0000, 0x0000, 0x0000, 0x0000, 0x0000, 0x0000, 0x5ACB, 0xBDD7, 0xFFDF, 0xFFFF, 0xFFFF,
    0xFFFF, 0xFFFF, 0xFFDF, 0xFFFF, 0xEF5D, 0x9492, 0x4228, 0x0000, 0x0000, 0x0000, 0x0000, 0x0000,
    0x0000, 0x0000, 0x0000, 0x4228, 0x7BCF, 0x4A6A, 0x0000, 0x0000, 0x0000, 0x0000, 0x0000, 0x0000,
    0x0000, 0x0000, 0x0000, 0x0000, 0x0000, 0x0000, 0x0000, 0x0000, 0x0000, 0x0000, 0x0000, 0x0000,
    0x0000, 0x0000, 0x0000, 0x0000, 0x0000, 0x0000, 0x0000, 0x0000, 0x0000, 0x0000, 0x0000, 0x0000,
    0x0000, 0x0000, 0x0000, 0x0000, 0x0000, 0x0000, 0x0000, 0x0000, 0x0000, 0x0000, 0x0000, 0x0000,
    0x0000, 0x0000, 0x0000, 0x0000, 0x0000, 0x0000, 0x0000, 0x0000, 0x0000, 0x0000, 0x0000, 0x0000,
    0x0000, 0x0000, 0x0000, 0x0000, 0x0000, 0x0000, 0x0000, 0x0000, 0x0000, 0x0000, 0x0000, 0x0000,
    0x0000, 0x0000, 0x0000, 0x0000, 0x0000, 0x0000, 0x0000, 0x0000, 0x0000, 0x0000, 0x0000, 0x0000,
    0x9491, 0xFFDF, 0xFFFF, 0xFFFF, 0xFFFF, 0xFFFF, 0xFFFF, 0xFFFF, 0xCE79, 0x5AAB, 0x0000, 0x0000,
    0x0000, 0x0000, 0x0000, 0x0000, 0x0000, 0x0000, 0x0000, 0x0000, 0x0000, 0x0000, 0x0000, 0x0000,
    0x0000, 0x0000, 0x0000, 0x0000, 0x0000, 0x0000, 0x0000, 0x0000, 0x0000, 0x0000, 0x0000, 0x0000,
    0x0000, 0x0000, 0x0000, 0x0000, 0x0000, 0x0000, 0x0000, 0x0000, 0x0000, 0x0000, 0x0000, 0x0000,
    0x0000, 0x0000, 0x0000, 0x0000, 0x0000, 0x0000, 0x0000, 0x0000, 0x0000, 0x0000, 0x0000, 0x0000,
    0x0000, 0x0000, 0x0000, 0x0000, 0x0000, 0x0000, 0x0000, 0x0000, 0x0000, 0x0000, 0x0000, 0x0000,
    0x0000, 0x0000, 0x0000, 0x0000, 0x0000, 0x0000, 0x0000, 0x0000, 0x0000, 0x0000, 0x0000, 0x0000,
    0x0000, 0x0000, 0x0000, 0x4A49, 0xC638, 0xCE79, 0x7BEF, 0x31A6, 0x0000, 0x0000, 0x0000, 0x0000,
    0x0000, 0x0000, 0x632C, 0xBDF7, 0xFFDF, 0xFFDF, 0xFFFF, 0xFFFF, 0xFFFF, 0xFFFF, 0xFFFF, 0xFFDF,
    0xFFFF, 0xE71C, 0x9492, 0x4207, 0x0000, 0x0000, 0x0000, 0x0000, 0x0000, 0x0000, 0x4A69, 0x8C71,
    0xD699, 0xA514, 0x0000, 0x0000, 0x0000, 0x0000, 0x0000, 0x0000, 0x0000, 0x0000, 0x0000, 0x0000,
    0x0000, 0x0000, 0x0000, 0x0000, 0x0000, 0x0000, 0x0000, 0x0000, 0x0000, 0x0000, 0x0000, 0x0000,
    0x0000, 0x0000, 0x0000, 0x0000, 0x0000, 0x0000, 0x0000, 0x0000, 0x0000, 0x0000, 0x0000, 0x0000,
    0x0000, 0x0000, 0x0000, 0x0000, 0x0000, 0x0000, 0x0000, 0x0000, 0x0000, 0x0000, 0x0000, 0x0000,
    0x0000, 0x0000, 0x0000, 0x0000, 0x0000, 0x0000, 0x0000, 0x0000, 0x0000, 0x0000, 0x0000, 0x0000,
    0x0000, 0x0000, 0x0000, 0x0000, 0x0000, 0x0000, 0x0000, 0xA534, 0xFFFF, 0xFFFF, 0xFFDF, 0xCE38,
    0x6B4D, 0x0000, 0x0000, 0x0000, 0x5289, 0xAD75, 0xF7BE, 0xFFFF, 0xFFFF, 0xFFFF, 0xFFFF, 0xFFFF,
    0xFFFF, 0xFFFF, 0xFFFF, 0xFFFF, 0xFFFF, 0xFFFF, 0xFFFF, 0xD699, 0x8410, 0x31A6, 0x0000, 0x0000,
    0x31A6, 0x8C50, 0xE71B, 0xFFFF, 0xFFFF, 0xFFFF, 0x4A69, 0x0000, 0x0000, 0x0000, 0x0000, 0x0000,
    0x0000, 0x0000, 0x0000, 0x0000, 0x0000, 0x0000, 0x0000, 0x0000, 0x0000, 0x0000, 0x0000, 0x0000,
    0x0000, 0x0000, 0x0000, 0x0000, 0x0000, 0x0000, 0x0000, 0x0000, 0x0000, 0x0000, 0x0000, 0x0000,
    0x0000, 0x0000, 0x0000, 0x0000, 0x0000, 0x0000, 0x0000, 0x0000, 0x0000, 0x0000, 0x0000, 0x0000,
    0x0000, 0x0000, 0x0000, 0x0000, 0x0000, 0x0000, 0x0000, 0x0000, 0x0000, 0x0000, 0x0000, 0x0000,
    0x0000, 0x0000, 0x0000, 0x0000, 0x0000, 0x0000, 0x0000, 0x0000, 0x0000, 0x0000, 0x0000, 0x6B4D,
    0xEF7D, 0xFFFF, 0xFFFF, 0xFFFF, 0xF7BE, 0xAD54, 0x52AA, 0x8C71, 0xE71C, 0xFFFF, 0xFFFF, 0xFFFF,
    0xFFFF, 0xD69A, 0x8C71, 0xE73C, 0xFFFF, 0xFFFF, 0xAD75, 0xAD55, 0xEF7D, 0xFFFF, 0xFFFF, 0xFFFF,
    0xFFDF, 0xBDD7, 0x5AEB, 0x6B8D, 0xD69A, 0xFFFF, 0xFFFF, 0xFFFF, 0xFFFF, 0xD6BA, 0x39C7, 0x0000,
    0x0000, 0x0000, 0x0000, 0x0000, 0x0000, 0x0000, 0x0000, 0x0000, 0x0000, 0x0000, 0x0000, 0x0000,
    0x0000, 0x0000, 0x0000, 0x0000, 0x0000, 0x0000, 0x0000, 0x0000, 0x0000, 0x0000, 0x0000, 0x0000,
    0x0000, 0x0000, 0x0000, 0x0000, 0x0000, 0x0000, 0x0000, 0x0000, 0x0000, 0x0000, 0x0000, 0x0000,
    0x0000, 0x0000, 0x0000, 0x0000, 0x0000, 0x0000, 0x0000, 0x0000, 0x0000, 0x0000, 0x0000, 0x0000,
    0x0000, 0x0000, 0x0000, 0x0000, 0x0000, 0x0000, 0x0000, 0x0000, 0x0000, 0x0000, 0x0000, 0x0000,
    0x0000, 0x0000, 0x0000, 0x0000, 0x634D, 0xCE79, 0xFFFF, 0xFFFF, 0xFFFF, 0xFFFF, 0xF79D, 0xFFFF,
    0xFFFF, 0xFFFF, 0xFFFF, 0xE71C, 0x9CF3, 0x4208, 0x31A6, 0xE71C, 0xFFFF, 0xFFFF, 0x8430, 0x0000,
    0x6B4D, 0xC618, 0xFFFF, 0xFFFF, 0xFFFF, 0xFFFF, 0xEF7D, 0xF7BE, 0xFFFF, 0xFFFF, 0xFFFF, 0xFFFF,
    0xB5B6, 0x4A48, 0x0000, 0x0000, 0x0000, 0x0000, 0x0000, 0x0000, 0x0000, 0x0000, 0x0000, 0x0000,
    0x0000, 0x0000, 0x0000, 0x0000, 0x0000, 0x0000, 0x0000, 0x0000, 0x0000, 0x0000, 0x0000, 0x0000,
    0x0000, 0x0000, 0x0000, 0x0000, 0x0000, 0x0000, 0x0000, 0x0000, 0x0000, 0x0000, 0x0000, 0x0000,
    0x0000, 0x0000, 0x0000, 0x0000, 0x0000, 0x0000, 0x0000, 0x0000, 0x0000, 0x0000, 0x0000, 0x0000,
    0x0000, 0x0000, 0x0000, 0x0000, 0x0000, 0x0000, 0x0000, 0x0000, 0x0000, 0x0000, 0x0000, 0x0000,
    0x0000, 0x0000, 0x0000, 0x0000, 0x0000, 0x0000, 0x0000, 0x0000, 0x0000, 0x0000, 0x94B2, 0xF79E,
    0xFFFF, 0xFFFF, 0xFFFF, 0xFFFF, 0xFFFF, 0xF7BE, 0xBDD7, 0x632C, 0x0000, 0x0000, 0x31A7, 0xE73C,
    0xFFFF, 0xFFFF, 0x8C71, 0x0000, 0x0000, 0x39C7, 0x8430, 0xDEDB, 0xFFFF, 0xFFFF, 0xFFFF, 0xFFFF,
    0xFFDF, 0xFFFF, 0xD69A, 0x738E, 0x0000, 0x0000, 0x0000, 0x0000, 0x0000, 0x0000, 0x0000, 0x0000,
    0x0000, 0x0000, 0x0000, 0x0000, 0x0000, 0x0000, 0x0000, 0x0000, 0x0000, 0x0000, 0x0000, 0x0000,
    0x0000, 0x0000, 0x0000, 0x0000, 0x0000, 0x0000, 0x0000, 0x0000, 0x0000, 0x0000, 0x0000, 0x0000,
    0x0000, 0x0000, 0x0000, 0x0000, 0x0000, 0x0000, 0x0000, 0x0000, 0x0000, 0x0000, 0x0000, 0x0000,
    0x0000, 0x0000, 0x0000, 0x0000, 0x0000, 0x0000, 0x0000, 0x0000, 0x0000, 0x0000, 0x0000, 0x0000,
    0x0000, 0x0000, 0x0000, 0x0000, 0x0000, 0x0000, 0x0000, 0x0000, 0x0000, 0x0000, 0x0000, 0x0000,
    0x0000, 0x528A, 0xB5B6, 0xF7BE, 0xFFFF, 0xFFFF, 0xFFFF, 0xFFFF, 0xCE79, 0x7BEF, 0x39C7, 0x0000,
    0x0000, 0x0000, 0x39E7, 0xE73C, 0xFFFF, 0xFFFF, 0x8C51, 0x0000, 0x0000, 0x0000, 0x0000, 0x4A49,
    0xA534, 0xF79E, 0xFFFF, 0xFFFF, 0xFFFF, 0xFFFF, 0xCE58, 0x5ACB, 0x0000, 0x0000, 0x0000, 0x0000,
    0x0000, 0x0000, 0x0000, 0x0000, 0x0000, 0x0000, 0x0000, 0x0000, 0x0000, 0x0000, 0x0000, 0x0000,
    0x0000, 0x0000, 0x0000, 0x0000, 0x0000, 0x0000, 0x0000, 0x0000, 0x0000, 0x0000, 0x0000, 0x0000,
    0x0000, 0x0000, 0x0000, 0x0000, 0x0000, 0x0000, 0x0000, 0x0000, 0x0000, 0x0000, 0x0000, 0x0000,
    0x0000, 0x0000, 0x0000, 0x0000, 0x0000, 0x0000, 0x0000, 0x0000, 0x0000, 0x0000, 0x0000, 0x0000,
    0x0000, 0x0000, 0x0000, 0x0000, 0x0000, 0x0000, 0x0000, 0x0000, 0x0000, 0x0000, 0x0000, 0x0000,
    0x0000, 0x0000, 0x0000, 0x0000, 0x94B2, 0xF79E, 0xFFFF, 0xFFFF, 0xFFFF, 0xFFFF, 0xFFFF, 0xF7BE,
    0x6B4D, 0x0000, 0x0000, 0x0000, 0x0000, 0x0000, 0x39C7, 0xE71C, 0xFFFF, 0xFFFF, 0x8430, 0x0000,
    0x0000, 0x0000, 0x0000, 0x0000, 0x31A6, 0xC618, 0xFFFF, 0xFFDF, 0xFFFF, 0xFFFF, 0xFFFF, 0xF7BE,
    0xA514, 0x39E7, 0x0000, 0x0000, 0x0000, 0x0000, 0x0000, 0x0000, 0x0000, 0x0000, 0x0000, 0x0000,
    0x0000, 0x0000, 0x0000, 0x0000, 0x0000, 0x0000, 0x0000, 0x0000, 0x0000, 0x0000, 0x0000, 0x0000,
    0x0000, 0x0000, 0x0000, 0x0000, 0x0000, 0x0000, 0x0000, 0x0000, 0x0000, 0x0000, 0x0000, 0x0000,
    0x0000, 0x0000, 0x0000, 0x0000, 0x0000, 0x0000, 0x0000, 0x0000, 0x0000, 0x0000, 0x0000, 0x0000,
    0x0000, 0x0000, 0x0000, 0x0000, 0x0000, 0x0000, 0x0000, 0x0000, 0x0000, 0x0000, 0x0000, 0x0000,
    0x0000, 0x0000, 0x0000, 0x0000, 0x0000, 0x0000, 0x0000, 0x94B2, 0xFFFF, 0xFFFF, 0xFFFF, 0xFFFF,
    0xE73C, 0xFFDF, 0xFFFF, 0xFFDE, 0x6B4D, 0x0000, 0x0000, 0x0000, 0x0000, 0x0000, 0x39E7, 0xE71B,
    0xFFFF, 0xFFFF, 0x8C50, 0x0000, 0x0000, 0x0000, 0x0000, 0x0000, 0x0000, 0xB5B6, 0xFFFF, 0xFFFF,
    0xF7BE, 0xFFFF, 0xFFFF, 0xFFFF, 0xFFFF, 0xDEFB, 0x4208, 0x0000, 0x0000, 0x0000, 0x0000, 0x0000,
    0x0000, 0x0000, 0x0000, 0x0000, 0x0000, 0x0000, 0x0000, 0x0000, 0x0000, 0x0000, 0x0000, 0x0000,
    0x0000, 0x0000, 0x0000, 0x0000, 0x0000, 0x0000, 0x0000, 0x0000, 0x0000, 0x0000, 0x0000, 0x0000,
    0x0000, 0x0000, 0x0000, 0x0000, 0x0000, 0x0000, 0x0000, 0x0000, 0x0000, 0x0000, 0x0000, 0x31A6,
    0x8430, 0x94B2, 0x7BCE, 0x4208, 0x0000, 0x0000, 0x0000, 0x0000, 0x0000, 0x0000, 0x0000, 0x0000,
    0x0000, 0x0000, 0x0000, 0x0000, 0x0000, 0x0000, 0x0000, 0x0000, 0x0000, 0x0000, 0x0000, 0xA534,
    0xFFFF, 0xFFFF, 0xF7BE, 0xA514, 0x6B4C, 0xF7BE, 0xFFFF, 0xFFDF, 0x6B6D, 0x0000, 0x0000, 0x0000,
    0x0000, 0x0000, 0x39C7, 0xE73C, 0xFFFF, 0xFFFF, 0x8430, 0x0000, 0x0000, 0x0000, 0x0000, 0x0000,
    0x0000, 0xCE58, 0xFFFF, 0xFFFF, 0xB596, 0x8431, 0xE73C, 0xFFFF, 0xFFFF, 0xFFFF, 0x632C, 0x0000,
    0x0000, 0x0000, 0x0000, 0x0000, 0x0000, 0x0000, 0x0000, 0x0000, 0x0000, 0x0000, 0x0000, 0x0000,
    0x0000, 0x0000, 0x0000, 0x0000, 0x0000, 0x0000, 0x0000, 0x0000, 0x0000, 0x0000, 0x0000, 0x0000,
    0x0000, 0x0000, 0x0000, 0x0000, 0x0000, 0x0000, 0x0000, 0x0000, 0x0000, 0x0000, 0x0000, 0x0000,
    0x0000, 0x0000, 0x0000, 0xA554, 0xFFDF, 0xFFFF, 0xFFDE, 0xA534, 0x39C7, 0x0000, 0x0000, 0x0000,
    0x0000, 0x0000, 0x0000, 0x0000, 0x0000, 0x0000, 0x0000, 0x0000, 0x0000, 0x0000, 0x0000, 0x0000,
    0x0000, 0x0000, 0x0000, 0x31C7, 0xAD55, 0xBDD7, 0x5ACB, 0x0000, 0x4A69, 0xFFDE, 0xFFFF, 0xFFDE,
    0x6B2C, 0x0000, 0x0000, 0x0000, 0x0000, 0x0000, 0x632C, 0xF79D, 0xFFFF, 0xFFFF, 0xA514, 0x0000,
    0x0000, 0x0000, 0x0000, 0x0000, 0x0000, 0xC618, 0xFFFF, 0xFFFF, 0xB595, 0x0000, 0x4208, 0xA535,
    0xEF5D, 0xB596, 0x0000, 0x0000, 0x0000, 0x0000, 0x0000, 0x0000, 0x0000, 0x0000, 0x0000, 0x0000,
    0x0000, 0x0000, 0x0000, 0x0000, 0x0000, 0x0000, 0x0000, 0x0000, 0x0000, 0x0000, 0x0000, 0x0000,
    0x0000, 0x0000, 0x0000, 0x0000, 0x0000, 0x0000, 0x0000, 0x0000, 0x0000, 0x0000, 0x0000, 0x0000,
    0x0000, 0x0000, 0x0000, 0x0000, 0x0000, 0x0000, 0x6B6D, 0xF79D, 0xFFFF, 0xFFDF, 0xFFFF, 0xF79E,
    0x630C, 0x0000, 0x0000, 0x0000, 0x0000, 0x0000, 0x0000, 0x0000, 0x0000, 0x0000, 0x0000, 0x0000,
    0x0000, 0x0000, 0x0000, 0x0000, 0x0000, 0x0000, 0x0000, 0x0000, 0x0000, 0x0000, 0x0000, 0x0000,
    0x528A, 0xFFDF, 0xFFFF, 0xF7BE, 0x6B6D, 0x0000, 0x0000, 0x0000, 0x31C6, 0x9492, 0xE71B, 0xFFFF,
    0xFFFF, 0xFFFF, 0xF7BE, 0xBDF7, 0x52AA, 0x0000, 0x0000, 0x0000, 0x0000, 0xC638, 0xFFFF, 0xFFFF,
    0xB595, 0x0000, 0x0000, 0x0000, 0x39E7, 0x0000, 0x0000, 0x0000, 0x0000, 0x0000, 0x0000, 0x0000,
    0x0000, 0x0000, 0x0000, 0x0000, 0x0000, 0x0000, 0x0000, 0x0000, 0x0000, 0x0000, 0x0000, 0x0000,
    0x0000, 0x0000, 0x0000, 0x0000, 0x0000, 0x0000, 0x0000, 0x0000, 0x0000, 0x0000, 0x0000, 0x0000,
    0x0000, 0x0000, 0x0000, 0x0000, 0x0000, 0x0000, 0x0000, 0x0000, 0x0000, 0x0000, 0x7BEF, 0xF7BE,
    0xFFFF, 0xFFFF, 0xFFFF, 0xF7DE, 0x738E, 0x0000, 0x0000, 0x0000, 0x0000, 0x0000, 0x0000, 0x0000,
    0x0000, 0x0000, 0x0000, 0x0000, 0x0000, 0x0000, 0x0000, 0x0000, 0x0000, 0x0000, 0x0000, 0x0000,
    0x0000, 0x0000, 0x0000, 0x0000, 0x4208, 0xF79E, 0xFFFF, 0xFFDE, 0x5ACB, 0x0000, 0x0000, 0x6B6D,
    0xCE79, 0xFFFF, 0xFFFF, 0xFFFF, 0xFFFF, 0xFFFF, 0xFFFF, 0xFFFF, 0xEF5C, 0x9492, 0x39E7, 0x0000,
    0x0000, 0xCE59, 0xFFFF, 0xFFFF, 0xAD75, 0x0000, 0x0000, 0x0000, 0x0000, 0x0000, 0x0000, 0x0000,
    0x0000, 0x0000, 0x0000, 0x0000, 0x0000, 0x0000, 0x0000, 0x0000, 0x0000, 0x0000, 0x0000, 0x0000,
    0x0000, 0x0000, 0x0000, 0x0000, 0x0000, 0x0000, 0x0000, 0x0000, 0x0000, 0x0000, 0x0000, 0x0000,
    0x0000, 0x0000, 0x0000, 0x0000, 0x0000, 0x0000, 0x0000, 0x0000, 0x0000, 0x0000, 0x0000, 0x0000,
    0x0000, 0x0000, 0x8410, 0xFFDE, 0xFFFF, 0xFFFF, 0xFFFF, 0xF7BE, 0x738E, 0x0000, 0x0000, 0x0000,
    0x0000, 0x0000, 0x0000, 0x0000, 0x0000, 0x0000, 0x0000, 0x0000, 0x0000, 0x0000, 0x0000, 0x0000,
    0x0000, 0x0000, 0x0000, 0x0000, 0x0000, 0x0000, 0x0000, 0x0000, 0x0000, 0x8C51, 0xD69A, 0x9CF3,
    0x0000, 0x0000, 0xAD54, 0xFFDF, 0xFFFF, 0xFFFF, 0xFFFF, 0xFFFF, 0xFFFF, 0xFFFF, 0xFFFF, 0xFFFF,
    0xFFFF, 0xFFFF, 0xCE79, 0x528A, 0x0000, 0x7BCF, 0xE71C, 0xE71C, 0x6B4D, 0x0000, 0x0000, 0x0000,
    0x0000, 0x0000, 0x0000, 0x0000, 0x0000, 0x0000, 0x0000, 0x0000, 0x0000, 0x0000, 0x0000, 0x0000,
    0x0000, 0x0000, 0x0000, 0x0000, 0x0000, 0x0000, 0x0000, 0x0000, 0x0000, 0x0000, 0x0000, 0x0000,
    0x0000, 0x0000, 0x0000, 0x0000, 0x0000, 0x0000, 0x0000, 0x0000, 0x0000, 0x0000, 0x39C7, 0x630C,
    0x632C, 0x4208, 0x0000, 0x0000, 0x0000, 0x0000, 0x7BCE, 0xFFDF, 0xFFFF, 0xFFFF, 0xFFFF, 0xF7BE,
    0x7BEF, 0x0000, 0x0000, 0x0000, 0x0000, 0x528A, 0x8430, 0x7BCF, 0x4228, 0x0000, 0x0000, 0x0000,
    0x0000, 0x0000, 0x0000, 0x0000, 0x0000, 0x0000, 0x0000, 0x0000, 0x0000, 0x0000, 0x0000, 0x0000,
    0x0000, 0x0000, 0x0000, 0x0000, 0x0000, 0x8430, 0xFFFF, 0xFFFF, 0xFFFF, 0xFFFF, 0xCE99, 0xEF7D,
    0xFFFF, 0xFFFF, 0xCE59, 0xEF5D, 0xFFFF, 0xFFFF, 0xFFFF, 0xCE59, 0x0000, 0x0000, 0x39E7, 0x39E7,
    0x0000, 0x0000, 0x0000, 0x0000, 0x0000, 0x0000, 0x0000, 0x0000, 0x0000, 0x0000, 0x0000, 0x0000,
    0x0000, 0x0000, 0x0000, 0x0000, 0x0000, 0x0000, 0x0000, 0x0000, 0x0000, 0x0000, 0x0000, 0x0000,
    0x0000, 0x0000, 0x0000, 0x0000, 0x0000, 0x0000, 0x0000, 0x0000, 0x0000, 0x0000, 0x0000, 0x0000,
    0x0000, 0x4A69, 0xBDD6, 0xEF9D, 0xEF7D, 0xBDF7, 0x7BCE, 0x0000, 0x0000, 0x0000, 0x8410, 0xFFDF,
    0xFFFF, 0xFFFF, 0xFFFF, 0xF7BE, 0x8410, 0x0000, 0x0000, 0x39E7, 0x8410, 0xCE79, 0xFFDF, 0xF7BE,
    0xC638, 0x52AA, 0x0000, 0x0000, 0x0000, 0x0000, 0x0000, 0x0000, 0x0000, 0x0000, 0x0000, 0x0000,
    0x0000, 0x0000, 0x0000, 0x0000, 0x0000, 0x0000, 0x0000, 0x0000, 0x0000, 0x7BCF, 0xF7BE, 0xFFFF,
    0xEF7D, 0x8C71, 0x4A49, 0xE73C, 0xFFFF, 0xFFFF, 0x8410, 0x528A, 0xBDF8, 0xFFFF, 0xFFFF, 0xC638,
    0x0000, 0x0000, 0x0000, 0x0000, 0x0000, 0x0000, 0x0000, 0x0000, 0x0000, 0x0000, 0x0000, 0x0000,
    0x0000, 0x0000, 0x0000, 0x0000, 0x0000, 0x0000, 0x0000, 0x0000, 0x0000, 0x0000, 0x0000, 0x0000,
    0x0000, 0x0000, 0x0000, 0x0000, 0x0000, 0x0000, 0x0000, 0x0000, 0x0000, 0x0000, 0x0000, 0x0000,
    0x0000, 0x0000, 0x0000, 0x0000, 0x0000, 0x9CF3, 0xFFFF, 0xFFFF, 0xFFFF, 0xFFFF, 0xEF5C, 0xAD55,
    0x5AEB, 0x0000, 0x8410, 0xFFFF, 0xFFFF, 0xFFFF, 0xFFFF, 0xFFDE, 0x8410, 0x0000, 0x630C, 0xC638,
    0xF7BE, 0xFFFF, 0xFFFF, 0xFFFF, 0xFFFF, 0x9CD3, 0x0000, 0x0000, 0x0000, 0x0000, 0x0000, 0x0000,
    0x0000, 0x0000, 0x0000, 0x0000, 0x0000, 0x0000, 0x0000, 0x0000, 0x0000, 0x0000, 0x0000, 0x0000,
    0x0000, 0x0000, 0x738E, 0x9CF3, 0x5ACB, 0x0000, 0x39C7, 0xE73C, 0xFFFF, 0xFFFF, 0x8430, 0x0000,
    0x0000, 0x73AE, 0x94B2, 0x4229, 0x0000, 0x0000, 0x0000, 0x0000, 0x0000, 0x0000, 0x0000, 0x0000,
    0x0000, 0x0000, 0x0000, 0x0000, 0x0000, 0x0000, 0x0000, 0x0000, 0x0000, 0x0000, 0x0000, 0x0000,
    0x0000, 0x0000, 0x0000, 0x0000, 0x0000, 0x0000, 0x0000, 0x0000, 0x0000, 0x0000, 0x0000, 0x0000,
    0x0000, 0x0000, 0x0000, 0x0000, 0x0000, 0x0000, 0x0000, 0x0000, 0x31A6, 0xC5F7, 0xFFFF, 0xFFDF,
    0xFFFF, 0xFFFF, 0xFFFF, 0xFFFF, 0xDEFB, 0x8C71, 0x9CD2, 0xFFDF, 0xFFFF, 0xFFFF, 0xFFFF, 0xFFDE,
    0x9CF3, 0xA534, 0xEF5D, 0xFFFF, 0xFFFF, 0xFFFF, 0xFFFF, 0xFFDF, 0xFFFF, 0xC638, 0x0000, 0x0000,
    0x0000, 0x0000, 0x0000, 0x0000, 0x0000, 0x0000, 0x0000, 0x0000, 0x0000, 0x0000, 0x0000, 0x0000,
    0x0000, 0x0000, 0x0000, 0x0000, 0x0000, 0x0000, 0x0000, 0x0000, 0x0000, 0x0000, 0x39C7, 0xE73C,
    0xFFFF, 0xFFFF, 0x8C51, 0x0000, 0x0000, 0x0000, 0x0000, 0x0000, 0x0000, 0x0000, 0x0000, 0x0000,
    0x0000, 0x0000, 0x0000, 0x0000, 0x0000, 0x0000, 0x0000, 0x0000, 0x0000, 0x0000, 0x0000, 0x0000,
    0x0000, 0x0000, 0x0000, 0x0000, 0x0000, 0x0000, 0x0000, 0x0000, 0x0000, 0x0000, 0x0000, 0x0000,
    0x0000, 0x0000, 0x0000, 0x0000, 0x0000, 0x0000, 0x0000, 0x0000, 0x0000, 0x0000, 0x0000, 0x0000,
    0x0000, 0xA514, 0xFFFF, 0xFFFF, 0xFFFF, 0xFFFF, 0xFFFF, 0xFFFF, 0xFFFF, 0xFFFF, 0xDEFB, 0xFFDF,
    0xFFFF, 0xFFFF, 0xFFFF, 0xFFDF, 0xE73C, 0xFFFF, 0xFFFF, 0xFFFF, 0xFFFF, 0xFFFF, 0xFFFF, 0xFFFF,
    0xFFFF, 0x9CF3, 0x0000, 0x0000, 0x0000, 0x0000, 0x0000, 0x0000, 0x0000, 0x0000, 0x0000, 0x0000,
    0x0000, 0x0000, 0x0000, 0x0000, 0x0000, 0x0000, 0x0000, 0x0000, 0x0000, 0x0000, 0x0000, 0x0000,
    0x0000, 0x0000, 0x31A7, 0xE73C, 0xFFFF, 0xFFFF, 0x8430, 0x0000, 0x0000, 0x0000, 0x0000, 0x0000,
    0x0000, 0x0000, 0x0000, 0x0000, 0x0000, 0x0000, 0x0000, 0x0000, 0x0000, 0x0000, 0x0000, 0x0000,
    0x0000, 0x0000, 0x0000, 0x0000, 0x0000, 0x0000, 0x0000, 0x0000, 0x0000, 0x0000, 0x0000, 0x0000,
    0x0000, 0x0000, 0x0000, 0x0000, 0x0000, 0x0000, 0x0000, 0x0000, 0x0000, 0x0000, 0x6B4D, 0x9CD3,
    0x7BCF, 0x4208, 0x0000, 0x0000, 0x0000, 0x4A69, 0xB5B6, 0xEF9E, 0xFFFF, 0xFFFF, 0xFFFF, 0xFFFF,
    0xFFFF, 0xFFFF, 0xFFFF, 0xFFFF, 0xFFFF, 0xFFFF, 0xFFFF, 0xFFFF, 0xFFFF, 0xFFFF, 0xFFFF, 0xFFFF,
    0xFFFF, 0xFFFF, 0xFFFF, 0xF79E, 0xB596, 0x4A69, 0x0000, 0x0000, 0x0000, 0x0000, 0x5AAA, 0x8430,
    0x6B4D, 0x0000, 0x0000, 0x0000, 0x0000, 0x0000, 0x0000, 0x0000, 0x0000, 0x0000, 0x0000, 0x0000,
    0x0000, 0x0000, 0x0000, 0x0000, 0x0000, 0x0000, 0x0000, 0x9CD3, 0xEF5D, 0xCE79, 0x4A69, 0x0000,
    0x0000, 0x0000, 0x0000, 0x0000, 0x0000, 0x0000, 0x0000, 0x0000, 0x0000, 0x0000, 0x0000, 0x0000,
    0x0000, 0x0000, 0x0000, 0x0000, 0x0000, 0x0000, 0x0000, 0x0000, 0x0000, 0x0000, 0x0000, 0x0000,
    0x0000, 0x0000, 0x0000, 0x0000, 0x0000, 0x0000, 0x0000, 0x0000, 0x0000, 0x0000, 0x0000, 0x0000,
    0x0000, 0x9491, 0xEF7D, 0xFFFF, 0xF7BE, 0xAD75, 0x39E7, 0x0000, 0x0000, 0x0000, 0x4229, 0x8410,
    0xC638, 0xF7BE, 0xFFFF, 0xFFFF, 0xFFFF, 0xFFFF, 0xFFFF, 0xFFFF, 0xFFFF, 0xFFFF, 0xFFFF, 0xFFFF,
    0xFFFF, 0xFFFF, 0xFFFF, 0xFFFF, 0xFFFF, 0xFFBE, 0xCE79, 0x8430, 0x39E7, 0x0000, 0x0000, 0x0000,
    0x0000, 0x8430, 0xE73C, 0xFFFF, 0xEF5D, 0x8C51, 0x0000, 0x0000, 0x0000, 0x0000, 0x0000, 0x0000,
    0x0000, 0x0000, 0x0000, 0x0000, 0x0000, 0x0000, 0x0000, 0x0000, 0x0000, 0x0000, 0x0000, 0x0000,
    0x4208, 0x31A6, 0x0000, 0x0000, 0x0000, 0x0000, 0x0000, 0x0000, 0x0000, 0x0000, 0x0000, 0x0000,
    0x0000, 0x0000, 0x0000, 0x0000, 0x0000, 0x0000, 0x0000, 0x0000, 0x0000, 0x0000, 0x0000, 0x0000,
    0x0000, 0x0000, 0x0000, 0x0000, 0x0000, 0x0000, 0x0000, 0x0000, 0x0000, 0x0000, 0x0000, 0x0000,
    0x0000, 0x0000, 0x0000, 0x0000, 0x52AA, 0xE73C, 0xFFFF, 0xFFDF, 0xFFFF, 0xFFDF, 0x8410, 0x0000,
    0x0000, 0x0000, 0x0000, 0x0000, 0x4A8A, 0x9CD3, 0xDEFB, 0xFFDF, 0xFFFF, 0xFFFF, 0xFFFF, 0xFFFF,
    0xFFFF, 0xFFFF, 0xFFFF, 0xFFFF, 0xFFFF, 0xFFFF, 0xFFFF, 0xFFFF, 0xDEDB, 0xA514, 0x5AEB, 0x0000,
    0x0000, 0x0000, 0x0000, 0x0000, 0x5AEB, 0xDEFB, 0xFFFF, 0xFFDF, 0xFFFF, 0xEF5C, 0x632C, 0x0000,
    0x0000, 0x0000, 0x0000, 0x0000, 0x0000, 0x0000, 0x0000, 0x0000, 0x0000, 0x0000, 0x0000, 0x0000,
    0x0000, 0x0000, 0x0000, 0x0000, 0x0000, 0x0000, 0x0000, 0x0000, 0x0000, 0x0000, 0x0000, 0x0000,
    0x0000, 0x0000, 0x0000, 0x0000, 0x0000, 0x0000, 0x0000, 0x0000, 0x0000, 0x0000, 0x0000, 0x0000,
    0x0000, 0x0000, 0x0000, 0x0000, 0x0000, 0x0000, 0x0000, 0x0000, 0x0000, 0x0000, 0x0000, 0x0000,
    0x0000, 0x0000, 0x0000, 0x0000, 0x0000, 0x0000, 0x0000, 0x0000, 0x73AE, 0xEF7D, 0xFFFF, 0xFFFF,
    0xFFFF, 0xFFFF, 0x8C51, 0x0000, 0x0000, 0x0000, 0x0000, 0x0000, 0x0000, 0x0000, 0x738E, 0xAD75,
    0xE71C, 0xFFFF, 0xFFFF, 0xFFFF, 0xFFFF, 0xFFFF, 0xFFFF, 0xFFFF, 0xFFFF, 0xFFFF, 0xE73C, 0xAD75,
    0x6B6D, 0x0000, 0x0000, 0x0000, 0x0000, 0x0000, 0x0000, 0x0000, 0x7BCF, 0xF7BE, 0xFFFF, 0xFFFF,
    0xFFFF, 0xF7BE, 0x73AE, 0x0000, 0x0000, 0x0000, 0x0000, 0x0000, 0x0000, 0x0000, 0x0000, 0x0000,
    0x0000, 0x0000, 0x0000, 0x0000, 0x0000, 0x0000, 0x0000, 0x0000, 0x0000, 0x0000, 0x0000, 0x0000,
    0x0000, 0x0000, 0x0000, 0x0000, 0x0000, 0x0000, 0x0000, 0x0000, 0x0000, 0x0000, 0x0000, 0x0000,
    0x0000, 0x0000, 0x0000, 0x0000, 0x0000, 0x0000, 0x0000, 0x0000, 0x0000, 0x0000, 0x0000, 0x0000,
    0x0000, 0x0000, 0x0000, 0x0000, 0x0000, 0x0000, 0x0000, 0x0000, 0x0000, 0x0000, 0x0000, 0x0000,
    0x73AE, 0xEF7D, 0xFFFF, 0xFFFF, 0xFFFF, 0xFFFF, 0x8C51, 0x0000, 0x0000, 0x0000, 0x0000, 0x0000,
    0x0000, 0x0000, 0x0000, 0x4228, 0x7BF0, 0xC618, 0xEF7D, 0xFFFF, 0xFFFF, 0xFFFF, 0xFFFF, 0xFFFF,
    0xF79D, 0xC618, 0x8410, 0x39E8, 0x0000, 0x0000, 0x0000, 0x0000, 0x0000, 0x0000, 0x0000, 0x0000,
    0x7BEF, 0xFFDF, 0xFFFF, 0xFFFF, 0xFFFF, 0xF79D, 0x7BEF, 0x0000, 0x0000, 0x0000, 0x0000, 0x0000,
    0x0000, 0x0000, 0x0000, 0x0000, 0x0000, 0x0000, 0x0000, 0x0000, 0x0000, 0x0000, 0x0000, 0x0000,
    0x0000, 0x0000, 0x0000, 0x0000, 0x0000, 0x0000, 0x0000, 0x0000, 0x0000, 0x0000, 0x0000, 0x0000,
    0x0000, 0x0000, 0x0000, 0x0000, 0x0000, 0x0000, 0x0000, 0x0000, 0x0000, 0x0000, 0x0000, 0x0000,
    0x0000, 0x0000, 0x0000, 0x0000, 0x0000, 0x0000, 0x0000, 0x0000, 0x0000, 0x4A69, 0x52CA, 0x31A6,
    0x0000, 0x0000, 0x0000, 0x0000, 0x73AE, 0xF79D, 0xFFFF, 0xFFFF, 0xFFFF, 0xFFFF, 0x94B2, 0x0000,
    0x0000, 0x0000, 0x0000, 0x0000, 0x0000, 0x0000, 0x0000, 0x0000, 0x0000, 0x4228, 0xAD55, 0xFFFF,
    0xFFFF, 0xFFDF, 0xFFFF, 0xF7BE, 0x9CB2, 0x4A69, 0x0000, 0x0000, 0x0000, 0x0000, 0x0000, 0x0000,
    0x0000, 0x0000, 0x0000, 0x0000, 0x7BEF, 0xFFDE, 0xFFFF, 0xFFFF, 0xFFFF, 0xF79E, 0x840F, 0x0000,
    0x0000, 0x0000, 0x0000, 0x0000, 0x4A49, 0x4228, 0x0000, 0x0000, 0x0000, 0x0000, 0x0000, 0x0000,
    0x0000, 0x0000, 0x0000, 0x0000, 0x0000, 0x0000, 0x0000, 0x0000, 0x0000, 0x0000, 0x0000, 0x0000,
    0x0000, 0x0000, 0x0000, 0x0000, 0x0000, 0x0000, 0x0000, 0x0000, 0x0000, 0x0000, 0x0000, 0x0000,
    0x0000, 0x0000, 0x0000, 0x0000, 0x0000, 0x0000, 0x0000, 0x0000, 0x0000, 0x0000, 0x0000, 0x0000,
    0x8C71, 0xEF5D, 0xEF5D, 0xBDD7, 0x73AE, 0x31A6, 0x0000, 0x0000, 0x738E, 0xF7BE, 0xFFFF, 0xFFFF,
    0xFFFF, 0xFFFF, 0x9492, 0x0000, 0x0000, 0x0000, 0x0000, 0x0000, 0x0000, 0x0000, 0x0000, 0x0000,
    0x0000, 0x0000, 0x8C71, 0xFFFF, 0xFFFF, 0xFFFF, 0xFFFF, 0xF7BE, 0x83EF, 0x0000, 0x0000, 0x0000,
    0x0000, 0x0000, 0x0000, 0x0000, 0x0000, 0x0000, 0x0000, 0x0000, 0x83EF, 0xFFDF, 0xFFFF, 0xFFFF,
    0xFFFF, 0xF79E, 0x7BCF, 0x0000, 0x0000, 0x0000, 0x632C, 0xC617, 0xE73C, 0xCE79, 0x6B6D, 0x0000,
    0x0000, 0x0000, 0x0000, 0x0000, 0x0000, 0x0000, 0x0000, 0x0000, 0x0000, 0x0000, 0x0000, 0x0000,
    0x0000, 0x0000, 0x0000, 0x0000, 0x0000, 0x0000, 0x0000, 0x0000, 0x0000, 0x0000, 0x0000, 0x0000,
    0x0000, 0x0000, 0x0000, 0x0000, 0x0000, 0x0000, 0x0000, 0x0000, 0x0000, 0x0000, 0x0000, 0x0000,
    0x0000, 0x0000, 0x0000, 0x738E, 0xEF7D, 0xFFFF, 0xFFFF, 0xFFFF, 0xEF7D, 0xB595, 0x632C, 0x0000,
    0x6B6D, 0xF7BE, 0xFFFF, 0xFFFF, 0xFFFF, 0xFFDF, 0x94B2, 0x0000, 0x0000, 0x0000, 0x0000, 0x0000,
    0x0000, 0x0000, 0x0000, 0x0000, 0x0000, 0x0000, 0x94B2, 0xFFFF, 0xFFFF, 0xFFFF, 0xFFFF, 0xF7BE,
    0x7BEF, 0x0000, 0x0000, 0x0000, 0x0000, 0x0000, 0x0000, 0x0000, 0x0000, 0x0000, 0x0000, 0x0000,
    0x8C50, 0xFFDF, 0xFFFF, 0xFFFF, 0xFFFF, 0xF7BE, 0x840F, 0x0000, 0x52AA, 0xB595, 0xEF5D, 0xFFFF,
    0xFFFF, 0xFFFF, 0xDEFB, 0x52AA, 0x0000, 0x0000, 0x0000, 0x0000, 0x0000, 0x0000, 0x0000, 0x0000,
    0x0000, 0x0000, 0x0000, 0x0000, 0x0000, 0x0000, 0x0000, 0x0000, 0x0000, 0x0000, 0x0000, 0x0000,
    0x0000, 0x0000, 0x0000, 0x0000, 0x0000, 0x0000, 0x0000, 0x0000, 0x0000, 0x0000, 0x0000, 0x0000,
    0x0000, 0x0000, 0x0000, 0x0000, 0x0000, 0x0000, 0x0000, 0xA534, 0xFFFF, 0xFFFF, 0xFFFF, 0xFFFF,
    0xFFFF, 0xFFFF, 0xEF3C, 0x94B2, 0x8C71, 0xF7BE, 0xFFFF, 0xFFFF, 0xFFFF, 0xFFFF, 0x94B2, 0x0000,
    0x0000, 0x0000, 0x0000, 0x0000, 0x0000, 0x0000, 0x0000, 0x0000, 0x0000, 0x0000, 0x8451, 0xFFFF,
    0xFFFF, 0xFFFF, 0xFFFF, 0xF79E, 0x7BEF, 0x0000, 0x0000, 0x0000, 0x0000, 0x0000, 0x0000, 0x0000,
    0x0000, 0x0000, 0x0000, 0x0000, 0x8430, 0xFFDE, 0xFFFF, 0xFFFF, 0xFFFF, 0xF79D, 0x9CD2, 0xA513,
    0xE73C, 0xFFFF, 0xFFFF, 0xFFFF, 0xFFFF, 0xFFFF, 0xFFFF, 0x83EF, 0x0000, 0x0000, 0x0000, 0x0000,
    0x0000, 0x0000, 0x0000, 0x0000, 0x0000, 0x0000, 0x0000, 0x0000, 0x0000, 0x0000, 0x0000, 0x0000,
    0x0000, 0x0000, 0x0000, 0x0000, 0x0000, 0x0000, 0x0000, 0x0000, 0x0000, 0x0000, 0x0000, 0x0000,
    0x0000, 0x0000, 0x0000, 0x0000, 0x0000, 0x0000, 0x0000, 0x0000, 0x0000, 0x0000, 0x0000, 0x9CD3,
    0xFFFF, 0xFFFF, 0xFFFF, 0xFFFF, 0xFFFF, 0xFFFF, 0xFFFF, 0xFFFF, 0xE73C, 0xFFDE, 0xFFFF, 0xFFFF,
    0xFFFF, 0xFFFF, 0x94B2, 0x0000, 0x0000, 0x0000, 0x0000, 0x0000, 0x0000, 0x0000, 0x0000, 0x0000,
    0x0000, 0x0000, 0x7BEF, 0xFFFF, 0xFFFF, 0xFFFF, 0xFFFF, 0xF79E, 0x7BCF, 0x0000, 0x0000, 0x0000,
    0x0000, 0x0000, 0x0000, 0x0000, 0x0000, 0x0000, 0x0000, 0x0000, 0x8C51, 0xFFDF, 0xFFFF, 0xFFFF,
    0xFFFF, 0xF7BE, 0xEF5C, 0xFFFF, 0xFFFF, 0xFFFF, 0xFFFF, 0xFFFF, 0xFFFF, 0xFFFF, 0xFFDF, 0x738E,
    0x0000, 0x0000, 0x0000, 0x0000, 0x0000, 0x0000, 0x0000, 0x0000, 0x0000, 0x0000, 0x0000, 0x0000,
    0x0000, 0x0000, 0x0000, 0x0000, 0x0000, 0x0000, 0x0000, 0x0000, 0x0000, 0x0000, 0x0000, 0x0000,
    0x0000, 0x0000, 0x0000, 0x0000, 0x0000, 0x0000, 0x0000, 0x0000, 0x0000, 0x0000, 0x0000, 0x0000,
    0x0000, 0x0000, 0x0000, 0x4A69, 0xC618, 0xFFDF, 0xFFFF, 0xFFFF, 0xFFFF, 0xFFFF, 0xFFFF, 0xFFFF,
    0xFFFF, 0xFFFF, 0xFFFF, 0xFFFF, 0xFFFF, 0xFFFF, 0xA514, 0x0000, 0x0000, 0x0000, 0x0000, 0x0000,
    0x0000, 0x0000, 0x0000, 0x0000, 0x0000, 0x0000, 0x8C71, 0xFFFF, 0xFFFF, 0xFFFF, 0xFFFF, 0xF79E,
    0x7BEF, 0x0000, 0x0000, 0x0000, 0x0000, 0x0000, 0x0000, 0x0000, 0x0000, 0x0000, 0x0000, 0x0000,
    0x94B2, 0xFFDE, 0xFFFF, 0xFFFF, 0xFFFF, 0xFFFF, 0xFFFF, 0xFFFF, 0xFFFF, 0xFFFF, 0xFFFF, 0xFFFF,
    0xFFFF, 0xF7BE, 0xAD75, 0x4228, 0x0000, 0x0000, 0x0000, 0x0000, 0x0000, 0x0000, 0x0000, 0x0000,
    0x0000, 0x0000, 0x0000, 0x0000, 0x0000, 0x0000, 0x0000, 0x0000, 0x0000, 0x0000, 0x0000, 0x0000,
    0x0000, 0x0000, 0x0000, 0x0000, 0x0000, 0x0000, 0x0000, 0x0000, 0x0000, 0x0000, 0x0000, 0x0000,
    0x0000, 0x0000, 0x0000, 0x0000, 0x0000, 0x0000, 0x0000, 0x0000, 0x4229, 0x94B2, 0xDEFB, 0xFFFF,
    0xFFFF, 0xFFFF, 0xFFFF, 0xFFFF, 0xFFFF, 0xFFFF, 0xFFFF, 0xFFFF, 0xFFFF, 0xFFFF, 0x9492, 0x0000,
    0x0000, 0x0000, 0x0000, 0x0000, 0x0000, 0x0000, 0x0000, 0x0000, 0x0000, 0x0000, 0x8C51, 0xFFDF,
    0xFFFF, 0xFFFF, 0xFFFF, 0xF7BE, 0x840F, 0x0000, 0x0000, 0x0000, 0x0000, 0x0000, 0x0000, 0x0000,
    0x0000, 0x0000, 0x0000, 0x0000, 0x8430, 0xFFDF, 0xFFFF, 0xFFDF, 0xFFFF, 0xFFFF, 0xFFFF, 0xFFFF,
    0xFFFF, 0xFFFF, 0xFFFF, 0xFFFF, 0xD6BA, 0x9492, 0x4A49, 0x0000, 0x0000, 0x0000, 0x0000, 0x0000,
    0x0000, 0x0000, 0x0000, 0x0000, 0x0000, 0x0000, 0x0000, 0x0000, 0x0000, 0x0000, 0x0000, 0x0000,
    0x0000, 0x0000, 0x0000, 0x0000, 0x0000, 0x0000, 0x0000, 0x0000, 0x0000, 0x0000, 0x0000, 0x0000,
    0x0000, 0x0000, 0x0000, 0x0000, 0x0000, 0x0000, 0x0000, 0x0000, 0x0000, 0x0000, 0x0000, 0x0000,
    0x0000, 0x0000, 0x6B4D, 0xB5B6, 0xEF7D, 0xFFFF, 0xFFFF, 0xFFFF, 0xFFFF, 0xFFFF, 0xFFFF, 0xFFFF,
    0xFFFF, 0xFFFF, 0xB595, 0x6B2C, 0x0000, 0x0000, 0x0000, 0x0000, 0x0000, 0x0000, 0x0000, 0x0000,
    0x0000, 0x0000, 0x8430, 0xFFFF, 0xFFFF, 0xFFFF, 0xFFFF, 0xF7BE, 0x83EF, 0x0000, 0x0000, 0x0000,
    0x0000, 0x0000, 0x0000, 0x0000, 0x0000, 0x0000, 0x0000, 0x5AEB, 0xAD75, 0xFFDF, 0xFFFF, 0xFFFF,
    0xFFFF, 0xFFFF, 0xFFFF, 0xFFFF, 0xFFFF, 0xFFFF, 0xEF5D, 0xAD55, 0x5AEB, 0x0000, 0x0000, 0x0000,
    0x0000, 0x0000, 0x0000, 0x0000, 0x0000, 0x0000, 0x0000, 0x0000, 0x0000, 0x0000, 0x0000, 0x0000,
    0x0000, 0x0000, 0x0000, 0x0000, 0x0000, 0x0000, 0x0000, 0x0000, 0x0000, 0x0000, 0x0000, 0x0000,
    0x0000, 0x0000, 0x0000, 0x0000, 0x0000, 0x0000, 0x0000, 0x0000, 0x0000, 0x0000, 0x0000, 0x0000,
    0x0000, 0x0000, 0x0000, 0x0000, 0x0000, 0x0000, 0x0000, 0x31A6, 0x94B2, 0xD6BA, 0xFFFF, 0xFFFF,
    0xFFFF, 0xFFFF, 0xFFFF, 0xFFFF, 0xFFFF, 0xFFFF, 0xFFFF, 0xD6BA, 0x8C71, 0x4A49, 0x0000, 0x0000,
    0x0000, 0x0000, 0x0000, 0x0000, 0x0000, 0x0000, 0x94B2, 0xFFFF, 0xFFFF, 0xFFFF, 0xFFFF, 0xF7BE,
    0x83EF, 0x0000, 0x0000, 0x0000, 0x0000, 0x0000, 0x0000, 0x0000, 0x0000, 0x4228, 0x9491, 0xD6BA,
    0xFFFF, 0xFFFF, 0xFFFF, 0xFFFF, 0xFFFF, 0xFFFF, 0xFFFF, 0xFFFF, 0xFFDF, 0xCE38, 0x73AE, 0x0000,
    0x0000, 0x0000, 0x0000, 0x0000, 0x0000, 0x0000, 0x0000, 0x0000, 0x0000, 0x0000, 0x0000, 0x0000,
    0x0000, 0x0000, 0x0000, 0x0000, 0x0000, 0x0000, 0x0000, 0x0000, 0x0000, 0x0000, 0x0000, 0x0000,
    0x0000, 0x0000, 0x0000, 0x0000, 0x0000, 0x0000, 0x0000, 0x0000, 0x0000, 0x0000, 0x0000, 0x0000,
    0x0000, 0x0000, 0x0000, 0x0000, 0x0000, 0x0000, 0x0000, 0x0000, 0x0000, 0x0000, 0x0000, 0x6B4C,
    0xBDB6, 0xEF7D, 0xFFFF, 0xFFFF, 0xFFFF, 0xFFFF, 0xFFFF, 0xFFFF, 0xFFFF, 0xFFFF, 0xFFFF, 0xFFFF,
    0xF7BE, 0xCE58, 0x83EF, 0x39C7, 0x0000, 0x0000, 0x0000, 0x0000, 0x0000, 0x0000, 0x9492, 0xFFDF,
    0xFFFF, 0xFFFF, 0xFFFF, 0xF7BE, 0x840F, 0x0000, 0x0000, 0x0000, 0x0000, 0x0000, 0x0000, 0x39C7,
    0x7BCF, 0xC638, 0xF7BE, 0xFFFF, 0xFFFF, 0xFFFF, 0xFFFF, 0xFFFF, 0xFFFF, 0xFFFF, 0xFFFF, 0xFFFF,
    0xFFFF, 0xDEDA, 0x9492, 0x39E7, 0x0000, 0x0000, 0x0000, 0x0000, 0x0000, 0x0000, 0x0000, 0x0000,
    0x0000, 0x0000, 0x0000, 0x0000, 0x0000, 0x0000, 0x0000, 0x0000, 0x0000, 0x0000, 0x0000, 0x0000,
    0x0000, 0x0000, 0x0000, 0x0000, 0x0000, 0x0000, 0x0000, 0x0000, 0x0000, 0x0000, 0x0000, 0x0000,
    0x0000, 0x0000, 0x0000, 0x0000, 0x0000, 0x0000, 0x0000, 0x0000, 0x0000, 0x0000, 0x0000, 0x0000,
    0x0000, 0x4A48, 0xA513, 0xE73C, 0xFFFF, 0xFFFF, 0xFFFF, 0xFFFF, 0xFFFF, 0xFFFF, 0xFFFF, 0xFFFF,
    0xFFFF, 0xFFFF, 0xFFFF, 0xFFFF, 0xFFFF, 0xFFFF, 0xEF5D, 0xAD75, 0x6B4D, 0x0000, 0x0000, 0x0000,
    0x0000, 0x0000, 0x9492, 0xFFFF, 0xFFFF, 0xFFFF, 0xFFFF, 0xF79E, 0x83EF, 0x0000, 0x0000, 0x0000,
    0x0000, 0x0000, 0x6B4D, 0xAD75, 0xEF5C, 0xFFFF, 0xFFFF, 0xFFFF, 0xFFFF, 0xFFFF, 0xFFFF, 0xFFFF,
    0xFFFF, 0xFFFF, 0xFFFF, 0xFFFF, 0xFFFF, 0xFFFF, 0xF7BE, 0xC638, 0x6B6D, 0x0000, 0x0000, 0x0000,
    0x0000, 0x0000, 0x0000, 0x0000, 0x0000, 0x0000, 0x0000, 0x0000, 0x0000, 0x0000, 0x0000, 0x0000,
    0x0000, 0x0000, 0x0000, 0x0000, 0x0000, 0x0000, 0x0000, 0x0000, 0x0000, 0x0000, 0x0000, 0x0000,
    0x0000, 0x0000, 0x0000, 0x0000, 0x0000, 0x0000, 0x0000, 0x0000, 0x0000, 0x0000, 0x0000, 0x0000,
    0x0000, 0x0000, 0x0000, 0x0000, 0x73AE, 0xD699, 0xFFDF, 0xFFFF, 0xFFFF, 0xFFFF, 0xFFFF, 0xFFFF,
    0xFFFF, 0xFFFF, 0xFFDF, 0xF79D, 0xFFFF, 0xFFFF, 0xFFFF, 0xFFFF, 0xFFFF, 0xFFFF, 0xFFFF, 0xFFFF,
    0xDEFB, 0x9CD2, 0x5289, 0x0000, 0x0000, 0x0000, 0x9492, 0xFFFF, 0xFFFF, 0xFFFF, 0xFFFF, 0xF7BE,
    0x840F, 0x0000, 0x0000, 0x0000, 0x52AA, 0x9CF3, 0xE71C, 0xFFFF, 0xFFFF, 0xFFFF, 0xFFFF, 0xFFFF,
    0xFFFF, 0xFFFF, 0xFFFF, 0xF79D, 0xFFFF, 0xFFFF, 0xFFFF, 0xFFFF, 0xFFFF, 0xFFFF, 0xFFFF, 0xFFFF,
    0xE73C, 0xA534, 0x528A, 0x0000, 0x0000, 0x0000, 0x0000, 0x0000, 0x0000, 0x0000, 0x0000, 0x0000,
    0x0000, 0x0000, 0x0000, 0x0000, 0x0000, 0x0000, 0x0000, 0x0000, 0x0000, 0x0000, 0x0000, 0x0000,
    0x0000, 0x0000, 0x0000, 0x0000, 0x0000, 0x0000, 0x0000, 0x0000, 0x0000, 0x0000, 0x0000, 0x0000,
    0x0000, 0x0000, 0x0000, 0x0000, 0x0000, 0x0000, 0x0000, 0x7BCF, 0xF79E, 0xFFFF, 0xFFFF, 0xFFFF,
    0xFFFF, 0xFFFF, 0xFFFF, 0xFFFF, 0xFFDF, 0xD6BA, 0x9492, 0x73AE, 0xBDF7, 0xEF7D, 0xFFFF, 0xFFFF,
    0xFFFF, 0xFFFF, 0xFFFF, 0xFFFF, 0xFFFF, 0xF7BE, 0xCE58, 0x8430, 0x4208, 0x0000, 0x9491, 0xFFFF,
    0xFFFF, 0xFFFF, 0xFFFF, 0xF7BE, 0x83EF, 0x0000, 0x39C7, 0x8430, 0xD679, 0xFFDF, 0xFFFF, 0xFFFF,
    0xFFFF, 0xFFFF, 0xFFFF, 0xFFFF, 0xFFFF, 0xEF5D, 0xB596, 0x7BCF, 0xAD55, 0xE73C, 0xFFFF, 0xFFFF,
    0xFFFF, 0xFFFF, 0xFFFF, 0xFFFF, 0xFFFF, 0xFFFF, 0xCE59, 0x630C, 0x0000, 0x0000, 0x0000, 0x0000,
    0x0000, 0x0000, 0x0000, 0x0000, 0x0000, 0x0000, 0x0000, 0x0000, 0x0000, 0x0000, 0x0000, 0x0000,
    0x0000, 0x0000, 0x0000, 0x0000, 0x0000, 0x0000, 0x0000, 0x0000, 0x0000, 0x0000, 0x0000, 0x0000,
    0x0000, 0x0000, 0x0000, 0x0000, 0x0000, 0x0000, 0x0000, 0x0000, 0x0000, 0x0000, 0x39C7, 0xCE79,
    0xFFFF, 0xFFDF, 0xFFFF, 0xFFFF, 0xFFFF, 0xFFFF, 0xFFFF, 0xDEFB, 0xA534, 0x5AEB, 0x0000, 0x0000,
    0x4A49, 0x8C51, 0xC638, 0xEF7D, 0xFFFF, 0xFFFF, 0xFFFF, 0xFFFF, 0xFFFF, 0xFFFF, 0xFFFF, 0xEF7D,
    0xBDD6, 0x632C, 0x94B2, 0xFFFF, 0xFFDF, 0xFFDF, 0xFFFF, 0xF7BE, 0x840F, 0x738E, 0xBDF7, 0xEF7D,
    0xFFFF, 0xFFFF, 0xFFFF, 0xFFFF, 0xFFFF, 0xFFFF, 0xFFFF, 0xF79E, 0xC638, 0x7BEF, 0x4228, 0x0000,
    0x0000, 0x6B6E, 0xB596, 0xE73C, 0xFFFF, 0xFFFF, 0xFFFF, 0xFFFF, 0xFFFF, 0xFFFF, 0xFFFF, 0x9CF3,
    0x0000, 0x0000, 0x0000, 0x0000, 0x0000, 0x0000, 0x0000, 0x0000, 0x0000, 0x0000, 0x0000, 0x0000,
    0x0000, 0x0000, 0x0000, 0x0000, 0x0000, 0x0000, 0x0000, 0x0000, 0x0000, 0x0000, 0x0000, 0x0000,
    0x0000, 0x0000, 0x0000, 0x0000, 0x0000, 0x0000, 0x0000, 0x0000, 0x0000, 0x0000, 0x0000, 0x0000,
    0x0000, 0x0000, 0x4228, 0xE71C, 0xFFFF, 0xFFDF, 0xFFFF, 0xFFFF, 0xFFFF, 0xE71C, 0xAD75, 0x6B4D,
    0x31A6, 0x0000, 0x0000, 0x0000, 0x0000, 0x0000, 0x52AA, 0x9CD3, 0xD69A, 0xFFFF, 0xFFFF, 0xFFFF,
    0xFFFF, 0xFFFF, 0xFFFF, 0xFFFF, 0xFFFF, 0xDEFB, 0xD6BA, 0xFFFF, 0xFFDF, 0xFFDF, 0xFFFF, 0xFFDE,
    0xCE58, 0xE73C, 0xFFFF, 0xFFFF, 0xFFFF, 0xFFFF, 0xFFFF, 0xFFFF, 0xFFFF, 0xFFFF, 0xDEDB, 0x94B2,
    0x5AEB, 0x0000, 0x0000, 0x0000, 0x0000, 0x0000, 0x4208, 0x7BCF, 0xC618, 0xF7BE, 0xFFFF, 0xFFFF,
    0xFFFF, 0xFFDF, 0xFFFF, 0xA534, 0x0000, 0x0000, 0x0000, 0x0000, 0x0000, 0x0000, 0x0000, 0x0000,
    0x0000, 0x0000, 0x0000, 0x0000, 0x0000, 0x0000, 0x0000, 0x0000, 0x0000, 0x0000, 0x0000, 0x0000,
    0x0000, 0x0000, 0x0000, 0x0000, 0x0000, 0x0000, 0x0000, 0x0000, 0x0000, 0x0000, 0x0000, 0x0000,
    0x0000, 0x0000, 0x0000, 0x0000, 0x0000, 0x0000, 0x0000, 0x9CD3, 0xFFDF, 0xFFFF, 0xFFFF, 0xEF5D,
    0xBDD7, 0x73AE, 0x4228, 0x0000, 0x0000, 0x0000, 0x0000, 0x0000, 0x0000, 0x0000, 0x0000, 0x0000,
    0x632C, 0xAD35, 0xE71C, 0xFFFF, 0xFFFF, 0xFFFF, 0xFFFF, 0xFFFF, 0xFFFF, 0xFFFF, 0xFFFF, 0xFFFF,
    0xFFFF, 0xFFFF, 0xFFFF, 0xFFFF, 0xFFFF, 0xFFFF, 0xFFFF, 0xFFFF, 0xFFFF, 0xFFFF, 0xFFFF, 0xFFFF,
    0xE73C, 0xAD54, 0x6B4D, 0x39C7, 0x0000, 0x0000, 0x0000, 0x0000, 0x0000, 0x0000, 0x0000, 0x0000,
    0x52AA, 0x9CD3, 0xCE79, 0xFFDF, 0xFFFF, 0xFFFF, 0xF79E, 0x73AE, 0x0000, 0x0000, 0x0000, 0x0000,
    0x0000, 0x0000, 0x0000, 0x0000, 0x0000, 0x0000, 0x0000, 0x0000, 0x0000, 0x0000, 0x0000, 0x0000,
    0x0000, 0x0000, 0x0000, 0x0000, 0x0000, 0x0000, 0x0000, 0x0000, 0x0000, 0x0000, 0x0000, 0x0000,
    0x0000, 0x0000, 0x0000, 0x0000, 0x0000, 0x0000, 0x0000, 0x0000, 0x0000, 0x0000, 0x0000, 0x4208,
    0x94B2, 0xBDF7, 0xB596, 0x8410, 0x4A49, 0x0000, 0x0000, 0x0000, 0x0000, 0x0000, 0x0000, 0x0000,
    0x0000, 0x0000, 0x0000, 0x0000, 0x0000, 0x39C7, 0x7BCF, 0xBDD7, 0xEF7D, 0xFFFF, 0xFFFF, 0xFFFF,
    0xFFFF, 0xFFFF, 0xFFFF, 0xFFFF, 0xFFFF, 0xFFFF, 0xFFFF, 0xFFFF, 0xFFFF, 0xFFFF, 0xFFFF, 0xFFFF,
    0xFFFF, 0xFFFF, 0xEF5D, 0xBDF7, 0x7BCF, 0x39C7, 0x0000, 0x0000, 0x0000, 0x0000, 0x0000, 0x0000,
    0x0000, 0x0000, 0x0000, 0x0000, 0x0000, 0x0000, 0x5ACB, 0xA534, 0xCE59, 0xC638, 0x8430, 0x31C7,
    0x0000, 0x0000, 0x0000, 0x0000, 0x0000, 0x0000, 0x0000, 0x0000, 0x0000, 0x0000, 0x0000, 0x0000,
    0x0000, 0x0000, 0x0000, 0x0000, 0x0000, 0x0000, 0x0000, 0x0000, 0x0000, 0x0000, 0x0000, 0x0000,
    0x0000, 0x0000, 0x0000, 0x0000, 0x0000, 0x0000, 0x0000, 0x0000, 0x0000, 0x0000, 0x0000, 0x0000,
    0x0000, 0x0000, 0x0000, 0x0000, 0x0000, 0x39E7, 0x39E8, 0x0000, 0x0000, 0x0000, 0x0000, 0x0000,
    0x0000, 0x0000, 0x0000, 0x0000, 0x0000, 0x0000, 0x0000, 0x0000, 0x0000, 0x0000, 0x0000, 0x4A49,
    0x9492, 0xD6BA, 0xFFDE, 0xFFFF, 0xFFFF, 0xFFFF, 0xFFFF, 0xFFFF, 0xFFFF, 0xFFFF, 0xFFFF, 0xFFFF,
    0xFFFF, 0xFFFF, 0xFFFF, 0xFFFF, 0xFFDF, 0xCE59, 0x8C51, 0x528A, 0x0000, 0x0000, 0x0000, 0x0000,
    0x0000, 0x0000, 0x0000, 0x0000, 0x0000, 0x0000, 0x0000, 0x0000, 0x0000, 0x0000, 0x0000, 0x0000,
    0x4A69, 0x4A49, 0x0000, 0x0000, 0x0000, 0x0000, 0x0000, 0x0000, 0x0000, 0x0000, 0x0000, 0x0000,
    0x0000, 0x0000, 0x0000, 0x0000, 0x0000, 0x0000, 0x0000, 0x0000, 0x0000, 0x0000, 0x0000, 0x0000,
    0x0000, 0x0000, 0x0000, 0x0000, 0x0000, 0x0000, 0x0000, 0x0000, 0x0000, 0x0000, 0x0000, 0x0000,
    0x0000, 0x0000, 0x0000, 0x0000, 0x0000, 0x0000, 0x0000, 0x0000, 0x0000, 0x0000, 0x0000, 0x0000,
    0x0000, 0x0000, 0x0000, 0x0000, 0x0000, 0x0000, 0x0000, 0x0000, 0x0000, 0x0000, 0x0000, 0x0000,
    0x0000, 0x0000, 0x0000, 0x0000, 0x0000, 0x5AEB, 0xA534, 0xEF5C, 0xFFFF, 0xFFFF, 0xFFFF, 0xFFFF,
    0xFFFF, 0xFFFF, 0xFFFF, 0xFFFF, 0xFFFF, 0xFFFF, 0xFFFF, 0xEF5D, 0xA514, 0x5ACB, 0x0000, 0x0000,
    0x0000, 0x0000, 0x0000, 0x0000, 0x0000, 0x0000, 0x0000, 0x0000, 0x0000, 0x0000, 0x0000, 0x0000,
    0x0000, 0x0000, 0x0000, 0x0000, 0x0000, 0x0000, 0x0000, 0x0000, 0x0000, 0x0000, 0x0000, 0x0000,
    0x0000, 0x0000, 0x0000, 0x0000, 0x0000, 0x0000, 0x0000, 0x0000, 0x0000, 0x0000, 0x0000, 0x0000,
    0x0000, 0x0000, 0x0000, 0x0000, 0x0000, 0x0000, 0x0000, 0x0000, 0x0000, 0x0000, 0x0000, 0x0000,
    0x0000, 0x0000, 0x0000, 0x0000, 0x0000, 0x0000, 0x0000, 0x0000, 0x0000, 0x0000, 0x0000, 0x0000,
    0x0000, 0x0000, 0x0000, 0x0000, 0x0000, 0x0000, 0x0000, 0x0000, 0x0000, 0x0000, 0x0000, 0x0000,
    0x0000, 0x0000, 0x0000, 0x0000, 0x0000, 0x0000, 0x0000, 0x0000, 0x0000, 0x0000, 0x7BCF, 0xD69A,
    0xFFFF, 0xFFFF, 0xFFFF, 0xFFFF, 0xFFFF, 0xFFFF, 0xFFFF, 0xFFFF, 0xFFFF, 0xFFFF, 0xFFFF, 0xCE58,
    0x6B4D, 0x0000, 0x0000, 0x0000, 0x0000, 0x0000, 0x0000, 0x0000, 0x0000, 0x0000, 0x0000, 0x0000,
    0x0000, 0x0000, 0x0000, 0x0000, 0x0000, 0x0000, 0x0000, 0x0000, 0x0000, 0x0000, 0x0000, 0x0000,
    0x0000, 0x0000, 0x0000, 0x0000, 0x0000, 0x0000, 0x0000, 0x0000, 0x0000, 0x0000, 0x0000, 0x0000,
    0x0000, 0x0000, 0x0000, 0x0000, 0x0000, 0x0000, 0x0000, 0x0000, 0x0000, 0x0000, 0x0000, 0x0000,
    0x0000, 0x0000, 0x0000, 0x0000, 0x0000, 0x0000, 0x0000, 0x0000, 0x0000, 0x0000, 0x0000, 0x0000,
    0x0000, 0x0000, 0x0000, 0x0000, 0x0000, 0x0000, 0x0000, 0x0000, 0x0000, 0x0000, 0x0000, 0x0000,
    0x0000, 0x0000, 0x0000, 0x0000, 0x0000, 0x0000, 0x0000, 0x0000, 0x0000, 0x0000, 0x0000, 0x0000,
    0x52AA, 0x94B2, 0xD6BA, 0xFFDF, 0xFFFF, 0xFFFF, 0xFFFF, 0xFFFF, 0xFFFF, 0xFFFF, 0xFFFF, 0xFFFF,
    0xFFFF, 0xFFFF, 0xFFFF, 0xF7BE, 0xCE59, 0x8430, 0x4A49, 0x0000, 0x0000, 0x0000, 0x0000, 0x0000,
    0x0000, 0x0000, 0x0000, 0x0000, 0x0000, 0x0000, 0x0000, 0x0000, 0x0000, 0x0000, 0x0000, 0x0000,
    0x0000, 0x0000, 0x0000, 0x0000, 0x0000, 0x0000, 0x0000, 0x0000, 0x0000, 0x0000, 0x0000, 0x0000,
    0x0000, 0x0000, 0x0000, 0x0000, 0x0000, 0x0000, 0x0000, 0x0000, 0x0000, 0x0000, 0x0000, 0x0000,
    0x0000, 0x0000, 0x0000, 0x0000, 0x0000, 0x0000, 0x0000, 0x0000, 0x0000, 0x0000, 0x0000, 0x0000,
    0x0000, 0x0000, 0x0000, 0x0000, 0x0000, 0x0000, 0x0000, 0x0000, 0x6B4D, 0xB5B6, 0xAD75, 0x73AE,
    0x4208, 0x0000, 0x0000, 0x0000, 0x0000, 0x0000, 0x0000, 0x0000, 0x0000, 0x0000, 0x0000, 0x0000,
    0x0000, 0x0000, 0x4228, 0x8C50, 0xCE58, 0xFFDE, 0xFFFF, 0xFFFF, 0xFFFF, 0xFFFF, 0xFFFF, 0xFFFF,
    0xFFFF, 0xFFFF, 0xFFFF, 0xFFFF, 0xFFFF, 0xFFFF, 0xFFFF, 0xFFFF, 0xFFFF, 0xF79E, 0xBDD7, 0x73AE,
    0x39C7, 0x0000, 0x0000, 0x0000, 0x0000, 0x0000, 0x0000, 0x0000, 0x0000, 0x0000, 0x0000, 0x0000,
    0x0000, 0x0000, 0x39C7, 0x738E, 0x9CD3, 0x9491, 0x4A49, 0x0000, 0x0000, 0x0000, 0x0000, 0x0000,
    0x0000, 0x0000, 0x0000, 0x0000, 0x0000, 0x0000, 0x0000, 0x0000, 0x0000, 0x0000, 0x0000, 0x0000,
    0x0000, 0x0000, 0x0000, 0x0000, 0x0000, 0x0000, 0x0000, 0x0000, 0x0000, 0x0000, 0x0000, 0x0000,
    0x0000, 0x0000, 0x0000, 0x0000, 0x0000, 0x0000, 0x0000, 0x0000, 0x0000, 0x0000, 0x0000, 0x8410,
    0xF79E, 0xFFFF, 0xFFFF, 0xEF5C, 0xB5B6, 0x73AE, 0x39C7, 0x0000, 0x0000, 0x0000, 0x0000, 0x0000,
    0x0000, 0x0000, 0x0000, 0x0000, 0x0000, 0x738E, 0xC617, 0xF79D, 0xFFFF, 0xFFFF, 0xFFFF, 0xFFFF,
    0xFFFF, 0xFFFF, 0xFFFF, 0xFFFF, 0xFFFF, 0xFFFF, 0xFFFF, 0xFFFF, 0xFFFF, 0xFFFF, 0xFFFF, 0xFFFF,
    0xFFFF, 0xFFFF, 0xFFFF, 0xE73C, 0xAD75, 0x6B4D, 0x0000, 0x0000, 0x0000, 0x0000, 0x0000, 0x0000,
    0x0000, 0x0000, 0x0000, 0x0000, 0x0000, 0x6B6D, 0xB5B6, 0xEF7D, 0xFFFF, 0xFFFF, 0xD699, 0x4A69,
    0x0000, 0x0000, 0x0000, 0x0000, 0x0000, 0x0000, 0x0000, 0x0000, 0x0000, 0x0000, 0x0000, 0x0000,
    0x0000, 0x0000, 0x0000, 0x0000, 0x0000, 0x0000, 0x0000, 0x0000, 0x0000, 0x0000, 0x0000, 0x0000,
    0x0000, 0x0000, 0x0000, 0x0000, 0x0000, 0x0000, 0x0000, 0x0000, 0x0000, 0x0000, 0x0000, 0x0000,
    0x0000, 0x0000, 0x39E7, 0xCE79, 0xFFFF, 0xFFDF, 0xFFFF, 0xFFFF, 0xFFFF, 0xE71C, 0xA513, 0x630C,
    0x0000, 0x0000, 0x0000, 0x0000, 0x0000, 0x0000, 0x0000, 0x5ACB, 0xAD54, 0xEF5D, 0xFFFF, 0xFFFF,
    0xFFFF, 0xFFFF, 0xFFFF, 0xFFFF, 0xFFFF, 0xFFFF, 0xFFDF, 0xFFFF, 0xFFFF, 0xFFFF, 0xFFFF, 0xFFFF,
    0xF7BE, 0xFFFF, 0xFFFF, 0xFFFF, 0xFFFF, 0xFFFF, 0xFFFF, 0xFFFF, 0xFFFF, 0xDEFB, 0xA4F3, 0x5ACA,
    0x0000, 0x0000, 0x0000, 0x0000, 0x0000, 0x0000, 0x0000, 0x632C, 0xA554, 0xE71C, 0xFFFF, 0xFFFF,
    0xFFFF, 0xFFFF, 0xFFFF, 0x9491, 0x0000, 0x0000, 0x0000, 0x0000, 0x0000, 0x0000, 0x0000, 0x0000,
    0x0000, 0x0000, 0x0000, 0x0000, 0x0000, 0x0000, 0x0000, 0x0000, 0x0000, 0x0000, 0x0000, 0x0000,
    0x0000, 0x0000, 0x0000, 0x0000, 0x0000, 0x0000, 0x0000, 0x0000, 0x0000, 0x0000, 0x0000, 0x0000,
    0x0000, 0x0000, 0x0000, 0x0000, 0x0000, 0x0000, 0x39E7, 0xCE59, 0xFFFF, 0xFFDF, 0xFFFF, 0xFFFF,
    0xFFFF, 0xFFFF, 0xFFFF, 0xD699, 0x9491, 0x5AEB, 0x0000, 0x0000, 0x0000, 0x4A69, 0x9491, 0xDEDA,
    0xFFFF, 0xFFFF, 0xFFFF, 0xFFFF, 0xFFFF, 0xFFFF, 0xFFFF, 0xFFFF, 0xEF5D, 0xB596, 0xAD75, 0xFFFF,
    0xFFFF, 0xFFFF, 0xFFFF, 0xF7BE, 0xAD75, 0xC638, 0xF79E, 0xFFFF, 0xFFFF, 0xFFFF, 0xFFFF, 0xFFFF,
    0xFFFF, 0xFFFF, 0xFFDE, 0xCE79, 0x8430, 0x4228, 0x0000, 0x0000, 0x0000, 0x5ACB, 0xA514, 0xDEDA,
    0xFFFF, 0xFFFF, 0xFFFF, 0xFFFF, 0xFFFF, 0xFFDF, 0xFFFF, 0x9CD3, 0x0000, 0x0000, 0x0000, 0x0000,
    0x0000, 0x0000, 0x0000, 0x0000, 0x0000, 0x0000, 0x0000, 0x0000, 0x0000, 0x0000, 0x0000, 0x0000,
    0x0000, 0x0000, 0x0000, 0x0000, 0x0000, 0x0000, 0x0000, 0x0000, 0x0000, 0x0000, 0x0000, 0x0000,
    0x0000, 0x0000, 0x0000, 0x0000, 0x0000, 0x0000, 0x0000, 0x0000, 0x0000, 0x0000, 0x0000, 0x7BEF,
    0xEF7D, 0xFFFF, 0xFFFF, 0xFFFF, 0xFFFF, 0xFFFF, 0xFFFF, 0xFFFF, 0xFFDF, 0xD6BA, 0x9492, 0x5AEB,
    0x7BCE, 0xCE58, 0xF7DE, 0xFFFF, 0xFFFF, 0xFFFF, 0xFFFF, 0xFFFF, 0xFFFF, 0xFFFF, 0xF7BE, 0xC618,
    0x8410, 0x31A7, 0x94B2, 0xFFFF, 0xFFFF, 0xFFFF, 0xFFFF, 0xF7BE, 0x7BCE, 0x4228, 0x8C71, 0xC618,
    0xF79E, 0xFFFF, 0xFFFF, 0xFFFF, 0xFFFF, 0xFFFF, 0xFFFF, 0xFFFF, 0xF79D, 0xC617, 0x738D, 0x4A69,
    0x8C71, 0xCE79, 0xF7DE, 0xFFFF, 0xFFFF, 0xFFFF, 0xFFFF, 0xFFFF, 0xFFFF, 0xFFFF, 0xEF7D, 0x6B6D,
    0x0000, 0x0000, 0x0000, 0x0000, 0x0000, 0x0000, 0x0000, 0x0000, 0x0000, 0x0000, 0x0000, 0x0000,
    0x0000, 0x0000, 0x0000, 0x0000, 0x0000, 0x0000, 0x0000, 0x0000, 0x0000, 0x0000, 0x0000, 0x0000,
    0x0000, 0x0000, 0x0000, 0x0000, 0x0000, 0x0000, 0x0000, 0x0000, 0x0000, 0x0000, 0x0000, 0x0000,
    0x0000, 0x0000, 0x0000, 0x31A6, 0x7BF0, 0xCE59, 0xFFDF, 0xFFFF, 0xFFFF, 0xFFFF, 0xFFFF, 0xFFDF,
    0xFFFF, 0xFFFF, 0xF7BE, 0xDEFB, 0xF79D, 0xFFFF, 0xFFFF, 0xFFFF, 0xFFFF, 0xFFFF, 0xFFFF, 0xFFFF,
    0xFFDF, 0xD69A, 0x8C51, 0x4A49, 0x0000, 0x0000, 0x8C71, 0xFFFF, 0xFFFF, 0xFFFF, 0xFFFF, 0xF79D,
    0x7BEF, 0x0000, 0x0000, 0x5ACB, 0x94B2, 0xD6BA, 0xFFDF, 0xFFFF, 0xFFFF, 0xFFFF, 0xFFFF, 0xFFFF,
    0xFFFF, 0xFFFF, 0xEF5D, 0xD699, 0xF79D, 0xFFFF, 0xFFFF, 0xFFFF, 0xFFFF, 0xFFFF, 0xFFFF, 0xFFFF,
    0xFFFF, 0xC639, 0x6B6D, 0x0000, 0x0000, 0x0000, 0x0000, 0x0000, 0x0000, 0x0000, 0x0000, 0x0000,
    0x0000, 0x0000, 0x0000, 0x0000, 0x0000, 0x0000, 0x0000, 0x0000, 0x0000, 0x0000, 0x0000, 0x0000,
    0x0000, 0x0000, 0x0000, 0x0000, 0x0000, 0x0000, 0x0000, 0x0000, 0x0000, 0x0000, 0x0000, 0x0000,
    0x0000, 0x0000, 0x0000, 0x0000, 0x0000, 0x0000, 0x0000, 0x0000, 0x0000, 0x52AB, 0x9CF3, 0xDEDB,
    0xFFFF, 0xFFFF, 0xFFFF, 0xFFFF, 0xFFFF, 0xFFDF, 0xFFFF, 0xFFFF, 0xFFFF, 0xFFFF, 0xFFFF, 0xFFFF,
    0xFFFF, 0xFFFF, 0xFFFF, 0xE73C, 0xA514, 0x632C, 0x0000, 0x0000, 0x0000, 0x0000, 0x8C71, 0xFFFF,
    0xFFFF, 0xFFFF, 0xFFFF, 0xF79D, 0x7BEF, 0x0000, 0x0000, 0x0000, 0x0000, 0x630C, 0xAD55, 0xEF5D,
    0xFFFF, 0xFFFF, 0xFFFF, 0xFFFF, 0xFFFF, 0xFFFF, 0xFFFF, 0xFFFF, 0xFFFF, 0xFFDF, 0xFFFF, 0xFFFF,
    0xFFFF, 0xFFFF, 0xFFFF, 0xDEFB, 0x9492, 0x52AA, 0x0000, 0x0000, 0x0000, 0x0000, 0x0000, 0x0000,
    0x0000, 0x0000, 0x0000, 0x0000, 0x0000, 0x0000, 0x0000, 0x0000, 0x0000, 0x0000, 0x0000, 0x0000,
    0x0000, 0x0000, 0x0000, 0x0000, 0x0000, 0x0000, 0x0000, 0x0000, 0x0000, 0x0000, 0x0000, 0x0000,
    0x0000, 0x0000, 0x0000, 0x0000, 0x0000, 0x0000, 0x0000, 0x0000, 0x0000, 0x0000, 0x0000, 0x0000,
    0x0000, 0x0000, 0x0000, 0x6B6D, 0xAD55, 0xE73C, 0xFFFF, 0xFFFF, 0xFFFF, 0xFFFF, 0xFFFF, 0xFFDF,
    0xFFFF, 0xFFFF, 0xFFFF, 0xFFFF, 0xFFFF, 0xEF7D, 0xB5B6, 0x7BCF, 0x4208, 0x0000, 0x0000, 0x0000,
    0x0000, 0x0000, 0x8C71, 0xFFFF, 0xFFFF, 0xFFFF, 0xFFFF, 0xF79E, 0x7BEF, 0x0000, 0x0000, 0x0000,
    0x0000, 0x0000, 0x39E7, 0x738E, 0xBDF7, 0xF79E, 0xFFFF, 0xFFFF, 0xFFFF, 0xFFFF, 0xFFFF, 0xFFDF,
    0xFFDF, 0xFFFF, 0xFFFF, 0xFFFF, 0xFFFF, 0xE71C, 0xAD75, 0x630C, 0x0000, 0x0000, 0x0000, 0x0000,
    0x0000, 0x0000, 0x0000, 0x0000, 0x0000, 0x0000, 0x0000, 0x0000, 0x0000, 0x0000, 0x0000, 0x0000,
    0x0000, 0x0000, 0x0000, 0x0000, 0x0000, 0x0000, 0x0000, 0x0000, 0x0000, 0x0000, 0x0000, 0x0000,
    0x0000, 0x0000, 0x0000, 0x0000, 0x0000, 0x0000, 0x0000, 0x0000, 0x0000, 0x0000, 0x0000, 0x0000,
    0x0000, 0x0000, 0x0000, 0x0000, 0x0000, 0x0000, 0x0000, 0x0000, 0x4A69, 0xA513, 0xEF7D, 0xFFFF,
    0xFFFF, 0xFFFF, 0xFFFF, 0xFFFF, 0xFFFF, 0xFFFF, 0xFFFF, 0xFFDF, 0xCE59, 0x8410, 0x39E8, 0x0000,
    0x0000, 0x0000, 0x0000, 0x0000, 0x0000, 0x0000, 0x9CD3, 0xFFFF, 0xFFFF, 0xFFFF, 0xFFFF, 0xF79D,
    0x840F, 0x0000, 0x0000, 0x0000, 0x0000, 0x0000, 0x0000, 0x0000, 0x4A6A, 0x8C51, 0xCE79, 0xFFDF,
    0xFFFF, 0xFFFF, 0xFFFF, 0xFFFF, 0xFFFF, 0xFFFF, 0xFFDF, 0xFFFF, 0xE73C, 0x9471, 0x39C7, 0x0000,
    0x0000, 0x0000, 0x0000, 0x0000, 0x0000, 0x0000, 0x0000, 0x0000, 0x0000, 0x0000, 0x0000, 0x0000,
    0x0000, 0x0000, 0x0000, 0x0000, 0x0000, 0x0000, 0x0000, 0x0000, 0x0000, 0x0000, 0x0000, 0x0000,
    0x0000, 0x0000, 0x0000, 0x0000, 0x0000, 0x0000, 0x0000, 0x0000, 0x0000, 0x0000, 0x0000, 0x0000,
    0x0000, 0x0000, 0x0000, 0x0000, 0x0000, 0x0000, 0x0000, 0x0000, 0x0000, 0x0000, 0x0000, 0x6B4C,
    0xB5B6, 0xEF7D, 0xFFFF, 0xFFFF, 0xFFFF, 0xFFFF, 0xFFFF, 0xFFFF, 0xFFFF, 0xFFFF, 0xD6BA, 0x9CD3,
    0x5AEC, 0x0000, 0x0000, 0x0000, 0x0000, 0x0000, 0x0000, 0x0000, 0x0000, 0x0000, 0x8C51, 0xFFFF,
    0xFFFF, 0xFFFF, 0xFFFF, 0xF79D, 0x7BCF, 0x0000, 0x0000, 0x0000, 0x0000, 0x0000, 0x0000, 0x0000,
    0x0000, 0x0000, 0x5ACB, 0xA514, 0xEF5C, 0xFFFF, 0xFFFF, 0xFFFF, 0xFFFF, 0xFFFF, 0xFFFF, 0xFFFF,
    0xFFFF, 0xE71B, 0x9CD3, 0x4A49, 0x0000, 0x0000, 0x0000, 0x0000, 0x0000, 0x0000, 0x0000, 0x0000,
    0x0000, 0x0000, 0x0000, 0x0000, 0x0000, 0x0000, 0x0000, 0x0000, 0x0000, 0x0000, 0x0000, 0x0000,
    0x0000, 0x0000, 0x0000, 0x0000, 0x0000, 0x0000, 0x0000, 0x0000, 0x0000, 0x0000, 0x0000, 0x0000,
    0x0000, 0x0000, 0x0000, 0x0000, 0x0000, 0x0000, 0x0000, 0x0000, 0x0000, 0x0000, 0x0000, 0x0000,
    0x0000, 0x4A69, 0xAD54, 0xEF7D, 0xFFFF, 0xFFFF, 0xFFFF, 0xFFFF, 0xFFFF, 0xFFFF, 0xFFFF, 0xFFFF,
    0xFFFF, 0xFFFF, 0xB595, 0x41E8, 0x0000, 0x0000, 0x0000, 0x0000, 0x0000, 0x0000, 0x0000, 0x0000,
    0x0000, 0x0000, 0x9492, 0xFFFF, 0xFFFF, 0xFFFF, 0xFFFF, 0xF79E, 0x73AE, 0x0000, 0x0000, 0x0000,
    0x0000, 0x0000, 0x0000, 0x0000, 0x0000, 0x0000, 0x0000, 0x0000, 0xA4F3, 0xFFDF, 0xFFFF, 0xFFFF,
    0xFFFF, 0xFFFF, 0xFFFF, 0xFFFF, 0xFFFF, 0xFFFF, 0xFFFF, 0xD699, 0x8C30, 0x39E7, 0x0000, 0x0000,
    0x0000, 0x0000, 0x0000, 0x0000, 0x0000, 0x0000, 0x0000, 0x0000, 0x0000, 0x0000, 0x0000, 0x0000,
    0x0000, 0x0000, 0x0000, 0x0000, 0x0000, 0x0000, 0x0000, 0x0000, 0x0000, 0x0000, 0x0000, 0x0000,
    0x0000, 0x0000, 0x0000, 0x0000, 0x0000, 0x0000, 0x0000, 0x0000, 0x0000, 0x0000, 0x0000, 0x0000,
    0x0000, 0x0000, 0x0000, 0x0000, 0x8430, 0xD6BA, 0xFFFF, 0xFFFF, 0xFFFF, 0xFFFF, 0xFFFF, 0xFFFF,
    0xFFFF, 0xFFFF, 0xFFFF, 0xFFFF, 0xFFFF, 0xFFDE, 0x94B2, 0x0000, 0x0000, 0x0000, 0x0000, 0x0000,
    0x0000, 0x0000, 0x0000, 0x0000, 0x0000, 0x0000, 0x94B2, 0xFFFF, 0xFFFF, 0xFFFF, 0xFFFF, 0xF7BE,
    0x7BCE, 0x0000, 0x0000, 0x0000, 0x0000, 0x0000, 0x0000, 0x0000, 0x0000, 0x0000, 0x0000, 0x0000,
    0x8410, 0xF7BE, 0xFFFF, 0xFFFF, 0xFFFF, 0xFFFF, 0xFFFF, 0xFFFF, 0xFFFF, 0xFFFF, 0xFFFF, 0xFFFF,
    0xF7BE, 0xC5F7, 0x6B4D, 0x0000, 0x0000, 0x0000, 0x0000, 0x0000, 0x0000, 0x0000, 0x0000, 0x0000,
    0x0000, 0x0000, 0x0000, 0x0000, 0x0000, 0x0000, 0x0000, 0x0000, 0x0000, 0x0000, 0x0000, 0x0000,
    0x0000, 0x0000, 0x0000, 0x0000, 0x0000, 0x0000, 0x0000, 0x0000, 0x0000, 0x0000, 0x0000, 0x0000,
    0x0000, 0x0000, 0x0000, 0x0000, 0x0000, 0x0000, 0x0000, 0x8C51, 0xF7BE, 0xFFFF, 0xFFFF, 0xFFFF,
    0xFFFF, 0xFFFF, 0xFFFF, 0xFFFF, 0xFFFF, 0xFFFF, 0xFFFF, 0xFFFF, 0xFFFF, 0xFFFF, 0xA4F3, 0x0000,
    0x0000, 0x0000, 0x0000, 0x0000, 0x0000, 0x0000, 0x0000, 0x0000, 0x0000, 0x0000, 0x8C51, 0xFFFF,
    0xFFFF, 0xFFFF, 0xFFFF, 0xF79D, 0x7BEF, 0x0000, 0x0000, 0x0000, 0x0000, 0x0000, 0x0000, 0x0000,
    0x0000, 0x0000, 0x0000, 0x0000, 0x8410, 0xF7BE, 0xFFFF, 0xFFFF, 0xFFFF, 0xFFFF, 0xFFFF, 0xFFFF,
    0xFFFF, 0xFFFF, 0xFFFF, 0xFFFF, 0xFFFF, 0xFFFF, 0xD6BA, 0x52AA, 0x0000, 0x0000, 0x0000, 0x0000,
    0x0000, 0x0000, 0x0000, 0x0000, 0x0000, 0x0000, 0x0000, 0x0000, 0x0000, 0x0000, 0x0000, 0x0000,
    0x0000, 0x0000, 0x0000, 0x0000, 0x0000, 0x0000, 0x0000, 0x0000, 0x0000, 0x0000, 0x0000, 0x0000,
    0x0000, 0x0000, 0x0000, 0x0000, 0x0000, 0x0000, 0x0000, 0x0000, 0x0000, 0x0000, 0x0000, 0xCE79,
    0xFFFF, 0xFFDF, 0xFFFF, 0xFFFF, 0xFFFF, 0xFFFF, 0xFFFF, 0xCE79, 0xA534, 0xEF7D, 0xFFFF, 0xFFFF,
    0xFFFF, 0xFFDF, 0x9CD3, 0x31A6, 0x0000, 0x0000, 0x0000, 0x0000, 0x0000, 0x0000, 0x0000, 0x0000,
    0x0000, 0x0000, 0x9492, 0xFFFF, 0xFFFF, 0xFFFF, 0xFFFF, 0xF79E, 0x840F, 0x0000, 0x0000, 0x0000,
    0x0000, 0x0000, 0x0000, 0x0000, 0x0000, 0x0000, 0x0000, 0x0000, 0x8430, 0xF7BE, 0xFFFF, 0xFFFF,
    0xFFFF, 0xF79D, 0xCE59, 0xEF7D, 0xFFFF, 0xFFFF, 0xFFFF, 0xFFFF, 0xFFFF, 0xFFFF, 0xFFFF, 0x8C71,
    0x0000, 0x0000, 0x0000, 0x0000, 0x0000, 0x0000, 0x0000, 0x0000, 0x0000, 0x0000, 0x0000, 0x0000,
    0x0000, 0x0000, 0x0000, 0x0000, 0x0000, 0x0000, 0x0000, 0x0000, 0x0000, 0x0000, 0x0000, 0x0000,
    0x0000, 0x0000, 0x0000, 0x0000, 0x0000, 0x0000, 0x0000, 0x0000, 0x0000, 0x0000, 0x0000, 0x0000,
    0x0000, 0x0000, 0x0000, 0xB596, 0xFFFF, 0xFFDF, 0xFFFF, 0xFFFF, 0xFFFF, 0xEF5D, 0xA534, 0x4228,
    0x632C, 0xF7BE, 0xFFFF, 0xFFDF, 0xFFFF, 0xFFDF, 0x9CD3, 0x0000, 0x0000, 0x0000, 0x0000, 0x0000,
    0x0000, 0x0000, 0x0000, 0x0000, 0x0000, 0x0000, 0x9492, 0xFFFF, 0xFFFF, 0xFFFF, 0xFFFF, 0xF79D,
    0x7BCE, 0x0000, 0x0000, 0x0000, 0x0000, 0x0000, 0x0000, 0x0000, 0x0000, 0x0000, 0x0000, 0x0000,
    0x8430, 0xF7DE, 0xFFFF, 0xFFFF, 0xFFFF, 0xEF7D, 0x840F, 0x738E, 0xC618, 0xF79E, 0xFFFF, 0xFFFF,
    0xFFDF, 0xFFFF, 0xFFFF, 0x7BCF, 0x0000, 0x0000, 0x0000, 0x0000, 0x0000, 0x0000, 0x0000, 0x0000,
    0x0000, 0x0000, 0x0000, 0x0000, 0x0000, 0x0000, 0x0000, 0x0000, 0x0000, 0x0000, 0x0000, 0x0000,
    0x0000, 0x0000, 0x0000, 0x0000, 0x0000, 0x0000, 0x0000, 0x0000, 0x0000, 0x0000, 0x0000, 0x0000,
    0x0000, 0x0000, 0x0000, 0x0000, 0x0000, 0x0000, 0x0000, 0x630C, 0xEF5D, 0xFFFF, 0xFFFF, 0xF7BE,
    0xBDF7, 0x6B4D, 0x0000, 0x0000, 0x632C, 0xEF7D, 0xFFFF, 0xFFDF, 0xFFFF, 0xFFDF, 0x9CD3, 0x31A6,
    0x0000, 0x0000, 0x0000, 0x0000, 0x0000, 0x0000, 0x0000, 0x0000, 0x0000, 0x0000, 0x9CF3, 0xFFFF,
    0xFFFF, 0xFFFF, 0xFFFF, 0xF79D, 0x7BCE, 0x0000, 0x0000, 0x0000, 0x0000, 0x0000, 0x0000, 0x0000,
    0x0000, 0x0000, 0x0000, 0x0000, 0x840F, 0xF7BE, 0xFFFF, 0xFFFF, 0xFFFF, 0xF79D, 0x7BAE, 0x0000,
    0x31A7, 0x8431, 0xD6BA, 0xFFDF, 0xFFFF, 0xFFFF, 0xCE59, 0x4A69, 0x0000, 0x0000, 0x0000, 0x0000,
    0x0000, 0x0000, 0x0000, 0x0000, 0x0000, 0x0000, 0x0000, 0x0000, 0x0000, 0x0000, 0x0000, 0x0000,
    0x0000, 0x0000, 0x0000, 0x0000, 0x0000, 0x0000, 0x0000, 0x0000, 0x0000, 0x0000, 0x0000, 0x0000,
    0x0000, 0x0000, 0x0000, 0x0000, 0x0000, 0x0000, 0x0000, 0x0000, 0x0000, 0x0000, 0x0000, 0x0000,
    0x632D, 0xB5B6, 0xAD55, 0x7BCF, 0x4228, 0x0000, 0x0000, 0x0000, 0x6B6D, 0xF79D, 0xFFFF, 0xFFFF,
    0xFFFF, 0xFFFF, 0x9CD3, 0x0000, 0x0000, 0x0000, 0x0000, 0x0000, 0x0000, 0x0000, 0x0000, 0x0000,
    0x0000, 0x0000, 0x94B2, 0xFFFF, 0xFFFF, 0xFFDF, 0xFFFF, 0xEF7D, 0x840F, 0x0000, 0x0000, 0x0000,
    0x0000, 0x0000, 0x0000, 0x0000, 0x0000, 0x0000, 0x0000, 0x0000, 0x7C0F, 0xF7BE, 0xFFFF, 0xFFFF,
    0xFFFF, 0xF79D, 0x7BCF, 0x0000, 0x0000, 0x0000, 0x528A, 0x9CD3, 0xB5B7, 0xA514, 0x5AEB, 0x0000,
    0x0000, 0x0000, 0x0000, 0x0000, 0x0000, 0x0000, 0x0000, 0x0000, 0x0000, 0x0000, 0x0000, 0x0000,
    0x0000, 0x0000, 0x0000, 0x0000, 0x0000, 0x0000, 0x0000, 0x0000, 0x0000, 0x0000, 0x0000, 0x0000,
    0x0000, 0x0000, 0x0000, 0x0000, 0x0000, 0x0000, 0x0000, 0x0000, 0x0000, 0x0000, 0x0000, 0x0000,
    0x0000, 0x0000, 0x0000, 0x0000, 0x0000, 0x0000, 0x0000, 0x0000, 0x0000, 0x0000, 0x0000, 0x0000,
    0x6B6D, 0xEF7D, 0xFFFF, 0xFFFF, 0xFFFF, 0xFFDF, 0x9492, 0x0000, 0x0000, 0x0000, 0x0000, 0x0000,
    0x0000, 0x0000, 0x0000, 0x0000, 0x0000, 0x5ACB, 0xB5B6, 0xFFFF, 0xFFFF, 0xFFFF, 0xFFFF, 0xFFDF,
    0xB5B6, 0x630C, 0x0000, 0x0000, 0x0000, 0x0000, 0x0000, 0x0000, 0x0000, 0x0000, 0x0000, 0x0000,
    0x7C10, 0xF79D, 0xFFFF, 0xFFFF, 0xFFFF, 0xF79D, 0x83EF, 0x0000, 0x0000, 0x0000, 0x0000, 0x0000,
    0x31A7, 0x0000, 0x0000, 0x0000, 0x0000, 0x0000, 0x0000, 0x0000, 0x0000, 0x0000, 0x0000, 0x0000,
    0x0000, 0x0000, 0x0000, 0x0000, 0x0000, 0x0000, 0x0000, 0x0000, 0x0000, 0x0000, 0x0000, 0x0000,
    0x0000, 0x0000, 0x0000, 0x0000, 0x0000, 0x0000, 0x0000, 0x0000, 0x0000, 0x0000, 0x0000, 0x0000,
    0x0000, 0x0000, 0x0000, 0x0000, 0x0000, 0x0000, 0x0000, 0x0000, 0x0000, 0x0000, 0x0000, 0x0000,
    0x0000, 0x0000, 0x0000, 0x0000, 0x632C, 0xEF7D, 0xFFFF, 0xFFFF, 0xFFFF, 0xFFDE, 0xA4F4, 0x0000,
    0x0000, 0x0000, 0x0000, 0x0000, 0x0000, 0x0000, 0x0000, 0x4A48, 0x8C50, 0xCE79, 0xF7BE, 0xFFFF,
    0xFFFF, 0xFFFF, 0xFFFF, 0xFFFF, 0xFFFF, 0xDEDA, 0x9CD2, 0x52AA, 0x0000, 0x0000, 0x0000, 0x0000,
    0x0000, 0x0000, 0x0000, 0x0000, 0x8410, 0xF79E, 0xFFFF, 0xFFFF, 0xFFFF, 0xF79D, 0x7BAE, 0x0000,
    0x0000, 0x0000, 0x0000, 0x0000, 0x0000, 0x0000, 0x0000, 0x0000, 0x0000, 0x0000, 0x0000, 0x0000,
    0x0000, 0x0000, 0x0000, 0x0000, 0x0000, 0x0000, 0x0000, 0x0000, 0x0000, 0x0000, 0x0000, 0x0000,
    0x0000, 0x0000, 0x0000, 0x0000, 0x0000, 0x0000, 0x0000, 0x0000, 0x0000, 0x0000, 0x0000, 0x0000,
    0x0000, 0x0000, 0x0000, 0x0000, 0x0000, 0x0000, 0x0000, 0x0000, 0x0000, 0x0000, 0x0000, 0x0000,
    0x0000, 0x0000, 0x0000, 0x0000, 0x0000, 0x0000, 0x0000, 0x0000, 0x738E, 0xFFDE, 0xFFFF, 0xFFFF,
    0xFFFF, 0xFFFF, 0xA514, 0x0000, 0x0000, 0x0000, 0x0000, 0x0000, 0x0000, 0x39C7, 0x7BCF, 0xC638,
    0xEF7D, 0xFFFF, 0xFFFF, 0xFFFF, 0xFFFF, 0xFFFF, 0xFFFF, 0xFFFF, 0xFFFF, 0xFFFF, 0xF7BE, 0xCE79,
    0x7BEF, 0x0000, 0x0000, 0x0000, 0x0000, 0x0000, 0x0000, 0x0000, 0x8430, 0xFFDF, 0xFFFF, 0xFFFF,
    0xFFFF, 0xF79D, 0x738E, 0x0000, 0x0000, 0x0000, 0x0000, 0x0000, 0x0000, 0x0000, 0x0000, 0x0000,
    0x0000, 0x0000, 0x0000, 0x0000, 0x0000, 0x0000, 0x0000, 0x0000, 0x0000, 0x0000, 0x0000, 0x0000,
    0x0000, 0x0000, 0x0000, 0x0000, 0x0000, 0x0000, 0x0000, 0x0000, 0x0000, 0x0000, 0x0000, 0x0000,
    0x0000, 0x0000, 0x0000, 0x0000, 0x0000, 0x0000, 0x0000, 0x0000, 0x0000, 0x0000, 0x0000, 0x0000,
    0x0000, 0x0000, 0x0000, 0x0000, 0x0000, 0x0000, 0x0000, 0x0000, 0x0000, 0x0000, 0x0000, 0x0000,
    0x52AA, 0xD69A, 0xFFFF, 0xFFFF, 0xFFFF, 0xF7BE, 0x8410, 0x0000, 0x0000, 0x0000, 0x0000, 0x0000,
    0x632C, 0xAD75, 0xEF5C, 0xFFFF, 0xFFFF, 0xFFFF, 0xFFFF, 0xFFFF, 0xFFFF, 0xFFFF, 0xFFFF, 0xFFFF,
    0xFFFF, 0xFFFF, 0xFFFF, 0xFFFF, 0xEF5D, 0xAD55, 0x6B4D, 0x31A6, 0x0000, 0x0000, 0x0000, 0x0000,
    0x6B4D, 0xE73C, 0xFFFF, 0xFFFF, 0xFFFF, 0xE73C, 0x632C, 0x0000, 0x0000, 0x0000, 0x0000, 0x0000,
    0x0000, 0x0000, 0x0000, 0x0000, 0x0000, 0x0000, 0x0000, 0x0000, 0x0000, 0x0000, 0x0000, 0x0000,
    0x0000, 0x0000, 0x0000, 0x0000, 0x0000, 0x0000, 0x0000, 0x0000, 0x0000, 0x0000, 0x0000, 0x0000,
    0x0000, 0x0000, 0x0000, 0x0000, 0x0000, 0x0000, 0x0000, 0x0000, 0x0000, 0x0000, 0x0000, 0x0000,
    0x0000, 0x0000, 0x0000, 0x0000, 0x0000, 0x0000, 0x0000, 0x0000, 0x0000, 0x0000, 0x0000, 0x0000,
    0x0000, 0x0000, 0x0000, 0x0000, 0x31A6, 0x9492, 0xE73C, 0xFFFF, 0xFFDF, 0xAD55, 0x4228, 0x0000,
    0x0000, 0x0000, 0x4A69, 0x94B2, 0xDEDA, 0xFFFF, 0xFFFF, 0xFFFF, 0xFFFF, 0xFFFF, 0xFFFF, 0xFFFF,
    0xFFFF, 0xFFFF, 0xFFFF, 0xFFFF, 0xFFFF, 0xFFFF, 0xFFFF, 0xFFFF, 0xFFFF, 0xFFFF, 0xDEFB, 0xA514,
    0x5AAA, 0x0000, 0x0000, 0x0000, 0x39C7, 0xA514, 0xF79E, 0xFFDF, 0xEF7D, 0xA514, 0x31A7, 0x0000,
    0x0000, 0x0000, 0x0000, 0x0000, 0x0000, 0x0000, 0x0000, 0x0000, 0x0000, 0x0000, 0x0000, 0x0000,
    0x0000, 0x0000, 0x0000, 0x0000, 0x0000, 0x0000, 0x0000, 0x0000, 0x0000, 0x0000, 0x0000, 0x0000,
    0x0000, 0x0000, 0x0000, 0x0000, 0x0000, 0x0000, 0x0000, 0x0000, 0x0000, 0x0000, 0x0000, 0x0000,
    0x0000, 0x0000, 0x0000, 0x0000, 0x0000, 0x0000, 0x0000, 0x0000, 0x0000, 0x0000, 0x0000, 0x0000,
    0x0000, 0x0000, 0x0000, 0x0000, 0x0000, 0x0000, 0x0000, 0x0000, 0x0000, 0x31A6, 0x6B4D, 0x8C71,
    0x7BCF, 0x4208, 0x0000, 0x0000, 0x0000, 0x5AAA, 0xB5B6, 0xF7BE, 0xFFFF, 0xFFFF, 0xFFFF, 0xFFFF,
    0xFFFF, 0xFFFF, 0xFFFF, 0xFFFF, 0xFFFF, 0xFFFF, 0xFFFF, 0xFFFF, 0xFFFF, 0xFFFF, 0xFFFF, 0xFFFF,
    0xFFFF, 0xFFFF, 0xFFFF, 0xFFDF, 0xCE79, 0x630C, 0x0000, 0x0000, 0x0000, 0x39E7, 0x7BEF, 0x8C71,
    0x7BCF, 0x4208, 0x0000, 0x0000, 0x0000, 0x0000, 0x0000, 0x0000, 0x0000, 0x0000, 0x0000, 0x0000,
    0x0000, 0x0000, 0x0000, 0x0000, 0x0000, 0x0000, 0x0000, 0x0000, 0x0000, 0x0000, 0x0000, 0x0000,
    0x0000, 0x0000, 0x0000, 0x0000, 0x0000, 0x0000, 0x0000, 0x0000, 0x0000, 0x0000, 0x0000, 0x0000,
    0x0000, 0x0000, 0x0000, 0x0000, 0x0000, 0x0000, 0x0000, 0x0000, 0x0000, 0x0000, 0x0000, 0x0000,
    0x0000, 0x0000, 0x0000, 0x0000, 0x0000, 0x0000, 0x0000, 0x0000, 0x0000, 0x0000, 0x0000, 0x0000,
    0x0000, 0x0000, 0x0000, 0x0000, 0x0000, 0x0000, 0x0000, 0x0000, 0x0000, 0xBDD7, 0xFFFF, 0xFFFF,
    0xFFFF, 0xFFFF, 0xFFFF, 0xFFFF, 0xFFFF, 0xF7BE, 0xE71C, 0xFFFF, 0xFFFF, 0xFFFF, 0xFFFF, 0xFFDE,
    0xD6BA, 0xF7BE, 0xFFFF, 0xFFFF, 0xFFFF, 0xFFFF, 0xFFFF, 0xFFFF, 0xFFFF, 0xB5B6, 0x0000, 0x0000,
    0x0000, 0x0000, 0x0000, 0x0000, 0x0000, 0x0000, 0x0000, 0x0000, 0x0000, 0x0000, 0x0000, 0x0000,
    0x0000, 0x0000, 0x0000, 0x0000, 0x0000, 0x0000, 0x0000, 0x0000, 0x0000, 0x0000, 0x0000, 0x0000,
    0x0000, 0x0000, 0x0000, 0x0000, 0x0000, 0x0000, 0x0000, 0x0000, 0x0000, 0x0000, 0x0000, 0x0000,
    0x0000, 0x0000, 0x0000, 0x0000, 0x0000, 0x0000, 0x0000, 0x0000, 0x0000, 0x0000, 0x0000, 0x0000,
    0x0000, 0x0000, 0x0000, 0x0000, 0x0000, 0x0000, 0x0000, 0x0000, 0x0000, 0x0000, 0x0000, 0x0000,
    0x0000, 0x0000, 0x0000, 0x0000, 0x0000, 0x0000, 0x0000, 0x0000, 0x0000, 0x0000, 0x0000, 0x0000,
    0x4A28, 0xCE58, 0xFFFF, 0xFFDF, 0xFFFF, 0xFFFF, 0xFFFF, 0xFFFF, 0xD6BA, 0x8C71, 0xA514, 0xFFFF,
    0xFFFF, 0xFFFF, 0xFFFF, 0xF7BE, 0x8C30, 0x8C71, 0xD69A, 0xFFFF, 0xFFFF, 0xFFFF, 0xFFFF, 0xFFDF,
    0xFFFF, 0xCE58, 0x39C7, 0x0000, 0x0000, 0x0000, 0x0000, 0x0000, 0x0000, 0x0000, 0x0000, 0x0000,
    0x0000, 0x0000, 0x0000, 0x0000, 0x0000, 0x0000, 0x0000, 0x0000, 0x0000, 0x0000, 0x0000, 0x0000,
    0x0000, 0x0000, 0x0000, 0x0000, 0x0000, 0x0000, 0x0000, 0x0000, 0x0000, 0x0000, 0x0000, 0x0000,
    0x0000, 0x0000, 0x0000, 0x0000, 0x0000, 0x0000, 0x0000, 0x0000, 0x0000, 0x0000, 0x0000, 0x0000,
    0x0000, 0x0000, 0x0000, 0x0000, 0x0000, 0x0000, 0x0000, 0x0000, 0x0000, 0x0000, 0x0000, 0x0000,
    0x0000, 0x0000, 0x0000, 0x0000, 0x0000, 0x0000, 0x0000, 0x0000, 0x0000, 0x0000, 0x0000, 0x0000,
    0x0000, 0x0000, 0x0000, 0x0000, 0x31A7, 0xA514, 0xFFFF, 0xFFFF, 0xFFFF, 0xFFFF, 0xEF5C, 0xAD75,
    0x5AEC, 0x0000, 0x9CD3, 0xFFFF, 0xFFFF, 0xFFFF, 0xFFFF, 0xF79E, 0x73AE, 0x0000, 0x5ACB, 0x9492,
    0xE73C, 0xFFFF, 0xFFFF, 0xFFFF, 0xFFFF, 0xA514, 0x0000, 0x0000, 0x0000, 0x0000, 0x0000, 0x0000,
    0x0000, 0x0000, 0x0000, 0x0000, 0x0000, 0x0000, 0x0000, 0x0000, 0x0000, 0x0000, 0x0000, 0x0000,
    0x0000, 0x0000, 0x0000, 0x0000, 0x0000, 0x0000, 0x0000, 0x0000, 0x0000, 0x0000, 0x0000, 0x0000,
    0x0000, 0x0000, 0x0000, 0x0000, 0x0000, 0x0000, 0x0000, 0x0000, 0x0000, 0x0000, 0x0000, 0x0000,
    0x0000, 0x0000, 0x0000, 0x0000, 0x0000, 0x0000, 0x0000, 0x0000, 0x0000, 0x0000, 0x0000, 0x0000,
    0x0000, 0x0000, 0x0000, 0x0000, 0x0000, 0x0000, 0x0000, 0x0000, 0x0000, 0x0000, 0x0000, 0x0000,
    0x0000, 0x0000, 0x0000, 0x0000, 0x0000, 0x0000, 0x0000, 0x0000, 0x0000, 0x52AB, 0xBDD7, 0xF79E,
    0xF79E, 0xC618, 0x7BCF, 0x4208, 0x0000, 0x0000, 0x9492, 0xFFFF, 0xFFFF, 0xFFFF, 0xFFFF, 0xF79E,
    0x7BCE, 0x0000, 0x0000, 0x31A6, 0x738E, 0xB596, 0xEF5D, 0xF79E, 0xBDD7, 0x52AA, 0x0000, 0x0000,
    0x0000, 0x0000, 0x0000, 0x0000, 0x0000, 0x0000, 0x0000, 0x0000, 0x0000, 0x0000, 0x0000, 0x0000,
    0x0000, 0x0000, 0x0000, 0x0000, 0x0000, 0x0000, 0x0000, 0x0000, 0x0000, 0x0000, 0x0000, 0x0000,
    0x0000, 0x0000, 0x0000, 0x0000, 0x0000, 0x0000, 0x0000, 0x0000, 0x0000, 0x0000, 0x0000, 0x0000,
    0x0000, 0x0000, 0x0000, 0x0000, 0x0000, 0x0000, 0x0000, 0x0000, 0x0000, 0x0000, 0x0000, 0x0000,
    0x0000, 0x0000, 0x0000, 0x0000, 0x0000, 0x0000, 0x0000, 0x0000, 0x0000, 0x0000, 0x0000, 0x0000,
    0x0000, 0x0000, 0x0000, 0x0000, 0x0000, 0x0000, 0x0000, 0x0000, 0x0000, 0x0000, 0x0000, 0x0000,
    0x0000, 0x0000, 0x4229, 0x6B4D, 0x6B6D, 0x4A49, 0x0000, 0x0000, 0x0000, 0x0000, 0x94B2, 0xFFDF,
    0xFFFF, 0xFFFF, 0xFFFF, 0xEF9D, 0x736D, 0x0000, 0x0000, 0x0000, 0x0000, 0x39C7, 0x632C, 0x630C,
    0x39E7, 0x0000, 0x0000, 0x0000, 0x0000, 0x0000, 0x0000, 0x0000, 0x0000, 0x0000, 0x0000, 0x0000,
    0x0000, 0x0000, 0x0000, 0x0000, 0x0000, 0x0000, 0x0000, 0x0000, 0x0000, 0x0000, 0x0000, 0x0000,
    0x0000, 0x0000, 0x0000, 0x0000, 0x0000, 0x0000, 0x0000, 0x0000, 0x0000, 0x0000, 0x0000, 0x0000,
    0x0000, 0x0000, 0x0000, 0x0000, 0x0000, 0x0000, 0x0000, 0x0000, 0x0000, 0x0000, 0x0000, 0x0000,
    0x0000, 0x0000, 0x0000, 0x0000, 0x0000, 0x0000, 0x0000, 0x0000, 0x0000, 0x0000, 0x0000, 0x0000,
    0x0000, 0x0000, 0x0000, 0x0000, 0x0000, 0x0000, 0x0000, 0x0000, 0x0000, 0x0000, 0x0000, 0x0000,
    0x0000, 0x0000, 0x0000, 0x0000, 0x0000, 0x0000, 0x0000, 0x0000, 0x0000, 0x0000, 0x0000, 0x0000,
    0x0000, 0x0000, 0x9492, 0xFFFF, 0xFFFF, 0xFFFF, 0xFFFF, 0xF79E, 0x6B6D, 0x0000, 0x0000, 0x0000,
    0x0000, 0x0000, 0x0000, 0x0000, 0x0000, 0x0000, 0x0000, 0x0000, 0x0000, 0x0000, 0x0000, 0x0000,
    0x0000, 0x0000, 0x0000, 0x0000, 0x0000, 0x0000, 0x0000, 0x0000, 0x0000, 0x0000, 0x0000, 0x0000,
    0x0000, 0x0000, 0x0000, 0x0000, 0x0000, 0x0000, 0x0000, 0x0000, 0x0000, 0x0000, 0x0000, 0x0000,
    0x0000, 0x0000, 0x0000, 0x0000, 0x0000, 0x0000, 0x0000, 0x0000, 0x0000, 0x0000, 0x0000, 0x0000,
    0x0000, 0x0000, 0x0000, 0x0000, 0x0000, 0x0000, 0x0000, 0x0000, 0x0000, 0x0000, 0x0000, 0x0000,
    0x0000, 0x0000, 0x0000, 0x0000, 0x0000, 0x0000, 0x0000, 0x0000, 0x0000, 0x0000, 0x0000, 0x0000,
    0x0000, 0x0000, 0x0000, 0x0000, 0x0000, 0x0000, 0x0000, 0x0000, 0x0000, 0x0000, 0x0000, 0x0000,
    0x0000, 0x0000, 0x0000, 0x0000, 0x0000, 0x0000, 0x8C72, 0xFFFF, 0xFFFF, 0xFFFF, 0xFFFF, 0xF79D,
    0x632C, 0x0000, 0x0000, 0x0000, 0x0000, 0x0000, 0x0000, 0x0000, 0x0000, 0x0000, 0x0000, 0x0000,
    0x0000, 0x0000, 0x0000, 0x0000, 0x0000, 0x0000, 0x0000, 0x0000, 0x0000, 0x0000, 0x0000, 0x0000,
    0x0000, 0x0000, 0x0000, 0x0000, 0x0000, 0x0000, 0x0000, 0x0000, 0x0000, 0x0000, 0x0000, 0x0000,
    0x0000, 0x0000, 0x0000, 0x0000, 0x0000, 0x0000, 0x0000, 0x0000, 0x0000, 0x0000, 0x0000, 0x0000,
    0x0000, 0x0000, 0x0000, 0x0000, 0x0000, 0x0000, 0x0000, 0x0000, 0x0000, 0x0000, 0x0000, 0x0000,
    0x0000, 0x0000, 0x0000, 0x0000, 0x0000, 0x0000, 0x0000, 0x0000, 0x0000, 0x0000, 0x0000, 0x0000,
    0x0000, 0x0000, 0x0000, 0x0000, 0x0000, 0x0000, 0x0000, 0x0000, 0x0000, 0x0000, 0x0000, 0x0000,
    0x0000, 0x0000, 0x0000, 0x0000, 0x0000, 0x0000, 0x0000, 0x0000, 0x0000, 0x0000, 0x7BCF, 0xF7BE,
    0xFFFF, 0xFFFF, 0xFFFF, 0xEF5D, 0x630C, 0x0000, 0x0000, 0x0000, 0x0000, 0x0000, 0x0000, 0x0000,
    0x0000, 0x0000, 0x0000, 0x0000, 0x0000, 0x0000, 0x0000, 0x0000, 0x0000, 0x0000, 0x0000, 0x0000,
    0x0000, 0x0000, 0x0000, 0x0000, 0x0000, 0x0000, 0x0000, 0x0000, 0x0000, 0x0000, 0x0000, 0x0000,
    0x0000, 0x0000, 0x0000, 0x0000, 0x0000, 0x0000, 0x0000, 0x0000, 0x0000, 0x0000, 0x0000, 0x0000,
    0x0000, 0x0000, 0x0000, 0x0000, 0x0000, 0x0000, 0x0000, 0x0000, 0x0000, 0x0000, 0x0000, 0x0000,
    0x0000, 0x0000, 0x0000, 0x0000, 0x0000, 0x0000, 0x0000, 0x0000, 0x0000, 0x0000, 0x0000, 0x0000,
    0x0000, 0x0000, 0x0000, 0x0000, 0x0000, 0x0000, 0x0000, 0x0000, 0x0000, 0x0000, 0x0000, 0x0000,
    0x0000, 0x0000, 0x0000, 0x0000, 0x0000, 0x0000, 0x0000, 0x0000, 0x0000, 0x0000, 0x0000, 0x0000,
    0x0000, 0x0000, 0x4228, 0xB596, 0xF7BE, 0xFFFF, 0xF79E, 0x9CF3, 0x0000, 0x0000, 0x0000, 0x0000,
    0x0000, 0x0000, 0x0000, 0x0000, 0x0000, 0x0000, 0x0000, 0x0000, 0x0000, 0x0000, 0x0000, 0x0000,
    0x0000, 0x0000, 0x0000, 0x0000, 0x0000, 0x0000, 0x0000, 0x0000, 0x0000, 0x0000, 0x0000, 0x0000,
    0x0000, 0x0000, 0x0000, 0x0000, 0x0000, 0x0000, 0x0000, 0x0000, 0x0000, 0x0000, 0x0000, 0x0000,
    0x0000, 0x0000, 0x0000, 0x0000, 0x0000, 0x0000, 0x0000, 0x0000, 0x0000, 0x0000, 0x0000, 0x0000,
    0x0000, 0x0000, 0x0000, 0x0000, 0x0000, 0x0000, 0x0000, 0x0000, 0x0000, 0x0000, 0x0000, 0x0000,
    0x0000, 0x0000, 0x0000, 0x0000, 0x0000, 0x0000, 0x0000, 0x0000, 0x0000, 0x0000, 0x0000, 0x0000,
    0x0000, 0x0000, 0x0000, 0x0000, 0x0000, 0x0000, 0x0000, 0x0000, 0x0000, 0x0000, 0x0000, 0x0000,
    0x0000, 0x0000, 0x0000, 0x0000, 0x0000, 0x0000, 0x0000, 0x4A69, 0x8410, 0x8C51, 0x6B6E, 0x0000,
    0x0000, 0x0000, 0x0000, 0x0000, 0x0000, 0x0000, 0x0000, 0x0000, 0x0000, 0x0000, 0x0000, 0x0000,
    0x0000, 0x0000, 0x0000, 0x0000, 0x0000, 0x0000, 0x0000, 0x0000, 0x0000, 0x0000, 0x0000, 0x0000,
    0x0000, 0x0000, 0x0000, 0x0000, 0x0000, 0x0000, 0x0000, 0x0000, 0x0000, 0x0000, 0x0000, 0x0000,
    0x0000, 0x0000, 0x0000, 0x0000, 0x0000, 0x0000, 0x0000, 0x0000, 0x0000, 0x0000, 0x0000, 0x0000,
    0x0000, 0x0000, 0x0000, 0x0000, 0x0000, 0x0000, 0x0000, 0x0000, 0x0000, 0x0000, 0x0000, 0x0000,
    0x0000, 0x0000, 0x0000, 0x0000, 0x0000, 0x0000, 0x0000, 0x0000, 0x0000, 0x0000, 0x0000, 0x0000,
    0x0000, 0x0000, 0x0000, 0x0000, 0x0000, 0x0000, 0x0000, 0x0000, 0x0000, 0x0000, 0x0000, 0x0000,
    0x0000, 0x0000, 0x0000, 0x0000, 0x0000, 0x0000, 0x0000, 0x0000, 0x0000, 0x0000, 0x0000, 0x0000,
    0x0000, 0x0000, 0x0000, 0x0000, 0x0000, 0x0000, 0x0000, 0x0000, 0x0000, 0x0000, 0x0000, 0x0000,
    0x0000, 0x0000, 0x0000, 0x0000, 0x0000, 0x0000, 0x0000, 0x0000, 0x0000, 0x0000, 0x0000, 0x0000,
    0x0000, 0x0000, 0x0000, 0x0000, 0x0000, 0x0000, 0x0000, 0x0000, 0x0000, 0x0000, 0x0000, 0x0000,
    0x0000, 0x0000, 0x0000, 0x0000, 0x0000, 0x0000, 0x0000, 0x0000, 0x0000, 0x0000, 0x0000, 0x0000,
    0x0000, 0x0000, 0x0000, 0x0000, 0x0000, 0x0000, 0x0000, 0x0000, 0x0000, 0x0000, 0x0000, 0x0000,
    0x0000, 0x0000, 0x0000, 0x0000
  },
  { // 帧 1
    0x0000, 0x0000, 0x0000, 0x0000, 0x0000, 0x0000, 0x0000, 0x0000, 0x0000, 0x0000, 0x0000, 0x0000,
    0x0000, 0x0000, 0x0000, 0x0000, 0x0000, 0x0000, 0x0000, 0x0000, 0x0000, 0x0000, 0x0000, 0x0000,
    0x0000, 0x0000, 0x0000, 0x0000, 0x0000, 0x0000, 0x0000, 0x0000, 0x0000, 0x0000, 0x0000, 0x0000,
    0x0000, 0x0000, 0x0000, 0x0000, 0x0000, 0x0000, 0x0000, 0x0000, 0x0000, 0x0000, 0x0000, 0x0000,
    0x0000, 0x0000, 0x0000, 0x0000, 0x0000, 0x0000, 0x0000, 0x0000, 0x0000, 0x0000, 0x0000, 0x0000,
    0x0000, 0x0000, 0x0000, 0x0000, 0x0000, 0x0000, 0x0000, 0x0000, 0x0000, 0x0000, 0x0000, 0x0000,
    0x0000, 0x0000, 0x0000, 0x0000, 0x0000, 0x0000, 0x0000, 0x0000, 0x0000, 0x0000, 0x0000, 0x0000,
    0x0000, 0x0000, 0x0000, 0x0000, 0x0000, 0x0000, 0x0000, 0x0000, 0x0000, 0x0000, 0x0000, 0x0000,
    0x0000, 0x0000, 0x0000, 0x0000, 0x0000, 0x0000, 0x0000, 0x0000, 0x0000, 0x0000, 0x0000, 0x0000,
    0x0000, 0x0000, 0x0000, 0x0000, 0x0000, 0x0000, 0x0000, 0x0000, 0x0000, 0x0000, 0x0000, 0x0000,
    0x0000, 0x0000, 0x0000, 0x0000, 0x0000, 0x0000, 0x0000, 0x0000, 0x0000, 0x0000, 0x0000, 0x0000,
    0x0000, 0x0000, 0x0000, 0x0000, 0x0000, 0x0000, 0x0000, 0x0000, 0x0000, 0x0000, 0x0000, 0x0000,
    0x0000, 0x0000, 0x0000, 0x0000, 0x0000, 0x0000, 0x0000, 0x0000, 0x0000, 0x0000, 0x0000, 0x0000,
    0x0000, 0x0000, 0x0000, 0x0000, 0x0000, 0x0000, 0x0000, 0x0000, 0x0000, 0x0000, 0x0000, 0x0000,
    0x0000, 0x0000, 0x0000, 0x0000, 0x0000, 0x0000, 0x0000, 0x0000, 0x0000, 0x0000, 0x0000, 0x0000,
    0x0000, 0x0000, 0x0000, 0x0000, 0x0000, 0x0000, 0x0000, 0x0000, 0x0000, 0x0000, 0x0000, 0x0000,
    0x0000, 0x0000, 0x0000, 0x0000, 0x0000, 0x0000, 0x0000, 0x0000, 0x0000, 0x0000, 0x0000, 0x0000,
    0x0000, 0x0000, 0x0000, 0x0000, 0x0000, 0x0000, 0x0000, 0x0000, 0x0000, 0x0000, 0x0000, 0x0000,
    0x0000, 0x0000, 0x0000, 0x0000, 0x0000, 0x0000, 0x0000, 0x0000, 0x0000, 0x0000, 0x0000, 0x0000,
    0x0000, 0x0000, 0x0000, 0x0000, 0x0000, 0x0000, 0x0000, 0x0000, 0x0000, 0x0000, 0x0000, 0x0000,
    0x0000, 0x0000, 0x0000, 0x0000, 0x0000, 0x0000, 0x0000, 0x0000, 0x0000, 0x0000, 0x0000, 0x0000,
    0x0000, 0x0000, 0x0000, 0x0000, 0x0000, 0x0000, 0x0000, 0x0000, 0x0000, 0x0000, 0x0000, 0x0000,
    0x0000, 0x0000, 0x0000, 0x0000, 0x0000, 0x0000, 0x0000, 0x0000, 0x0000, 0x0000, 0x0000, 0x0000,
    0x0000, 0x0000, 0x0000, 0x0000, 0x0000, 0x0000, 0x0000, 0x0000, 0x0000, 0x0000, 0x0000, 0x0000,
    0x0000, 0x0000, 0x0000, 0x0000, 0x0000, 0x0000, 0x0000, 0x0000, 0x0000, 0x0000, 0x0000, 0x0000,
    0x0000, 0x0000, 0x0000, 0x0000, 0x0000, 0x0000, 0x0000, 0x0000, 0x0000, 0x0000, 0x0000, 0x0000,
    0x0000, 0x0000, 0x0000, 0x0000, 0x0000, 0x0000, 0x0000, 0x0000, 0x0000, 0x0000, 0x0000, 0x0000,
    0x0000, 0x0000, 0x0000, 0x0000, 0x0000, 0x0000, 0x0000, 0x0000, 0x0000, 0x0000, 0x0000, 0x0000,
    0x0000, 0x0000, 0x0000, 0x0000, 0x0000, 0x0000, 0x0000, 0x0000, 0x0000, 0x0000, 0x0000, 0x0000,
    0x0000, 0x0000, 0x0000, 0x0000, 0x0000, 0x0000, 0x0000, 0x0000, 0x0000, 0x0000, 0x0000, 0x0000,
    0x0000, 0x0000, 0x0000, 0x0000, 0x0000, 0x0000, 0x0000, 0x0000, 0x0000, 0x0000, 0x0000, 0x0000,
    0x0000, 0x0000, 0x0000, 0x0000, 0x0000, 0x0000, 0x0000, 0x0000, 0x0000, 0x0000, 0x0000, 0x0000,
    0x0000, 0x0000, 0x0000, 0x0000, 0x0000, 0x0000, 0x0000, 0x0000, 0x0000, 0x0000, 0x0000, 0x0000,
    0x0000, 0x0000, 0x0000, 0x0000, 0x0000, 0x0000, 0x0000, 0x0000, 0x0000, 0x0000, 0x0000, 0x0000,
    0x0000, 0x0000, 0x0000, 0x0000, 0x0000, 0x0000, 0x0000, 0x0000, 0x0000, 0x0000, 0x0000, 0x0000,
    0x0000, 0x0000, 0x0000, 0x0000, 0x0000, 0x0000, 0x0000, 0x0000, 0x0000, 0x0000, 0x0000, 0x0000,
    0x0000, 0x0000, 0x0000, 0x0000, 0x0000, 0x0000, 0x0000, 0x0000, 0x0000, 0x0000, 0x0000, 0x0000,
    0x0000, 0x0000, 0x0000, 0x0000, 0x0000, 0x0000, 0x0000, 0x0000, 0x0000, 0x0000, 0x0000, 0x0000,
    0x0000, 0x0000, 0x31A6, 0x31A6, 0x31A6, 0x31A6, 0x0000, 0x0000, 0x0000, 0x0000, 0x0000, 0x0000,
    0x0000, 0x0000, 0x0000, 0x0000, 0x0000, 0x0000, 0x0000, 0x0000, 0x0000, 0x0000, 0x0000, 0x0000,
    0x0000, 0x0000, 0x0000, 0x0000, 0x0000, 0x0000, 0x0000, 0x0000, 0x0000, 0x0000, 0x0000, 0x0000,
    0x0000, 0x0000, 0x0000, 0x0000, 0x0000, 0x0000, 0x0000, 0x0000, 0x0000, 0x0000, 0x0000, 0x0000,
    0x0000, 0x0000, 0x0000, 0x0000, 0x0000, 0x0000, 0x0000, 0x0000, 0x0000, 0x0000, 0x0000, 0x0000,
    0x0000, 0x0000, 0x0000, 0x0000, 0x0000, 0x0000, 0x0000, 0x0000, 0x0000, 0x0000, 0x0000, 0x0000,
    0x0000, 0x0000, 0x0000, 0x0000, 0x0000, 0x0000, 0x0000, 0x0000, 0x0000, 0x0000, 0x0000, 0x0000,
    0x0000, 0x0000, 0x0000, 0x0000, 0x0000, 0x0000, 0x0000, 0x0000, 0x0000, 0x0000, 0x0000, 0x4A69,
    0x6B6D, 0xAD76, 0xC659, 0xDEDB, 0xDEFB, 0xE73C, 0xE75D, 0xE75D, 0xE73D, 0xE73D, 0xE71C, 0xCE59,
    0xAD76, 0x8C72, 0x52AA, 0x0000, 0x0000, 0x0000, 0x0000, 0x0000, 0x0000, 0x0000, 0x0000, 0x0000,
    0x0000, 0x0000, 0x0000, 0x0000, 0x0000, 0x0000, 0x0000, 0x0000, 0x0000, 0x0000, 0x0000, 0x0000,
    0x0000, 0x0000, 0x0000, 0x0000, 0x0000, 0x0000, 0x0000, 0x0000, 0x0000, 0x0000, 0x0000, 0x0000,
    0x0000, 0x0000, 0x0000, 0x0000, 0x0000, 0x0000, 0x0000, 0x0000, 0x0000, 0x0000, 0x0000, 0x0000,
    0x0000, 0x0000, 0x0000, 0x0000, 0x0000, 0x0000, 0x0000, 0x0000, 0x0000, 0x0000, 0x0000, 0x0000,
    0x0000, 0x0000, 0x0000, 0x0000, 0x0000, 0x0000, 0x0000, 0x0000, 0x0000, 0x0000, 0x0000, 0x0000,
    0x0000, 0x0000, 0x0000, 0x0000, 0x0000, 0x0000, 0x0000, 0x0000, 0x0000, 0x0000, 0x0000, 0x0000,
    0x52CB, 0x94D3, 0xD6DB, 0xEF9E, 0xEF9E, 0xE75D, 0xE73C, 0xE73C, 0xE73C, 0xE73C, 0xE73C, 0xE73C,
    0xE71C, 0xE73C, 0xE73C, 0xE75D, 0xEF7D, 0xEF7D, 0xE75D, 0xDF1C, 0xC618, 0x5B0C, 0x0000, 0x0000,
    0x0000, 0x0000, 0x0000, 0x0000, 0x0000, 0x0000, 0x0000, 0x0000, 0x0000, 0x0000, 0x0000, 0x0000,
    0x0000, 0x0000, 0x0000, 0x0000, 0x0000, 0x0000, 0x0000, 0x0000, 0x0000, 0x0000, 0x0000, 0x0000,
    0x0000, 0x0000, 0x0000, 0x0000, 0x0000, 0x0000, 0x0000, 0x0000, 0x0000, 0x0000, 0x0000, 0x0000,
    0x0000, 0x0000, 0x0000, 0x0000, 0x0000, 0x0000, 0x0000, 0x0000, 0x0000, 0x0000, 0x0000, 0x0000,
    0x0000, 0x0000, 0x0000, 0x0000, 0x0000, 0x0000, 0x0000, 0x0000, 0x0000, 0x0000, 0x0000, 0x0000,
    0x0000, 0x0000, 0x0000, 0x0000, 0x0000, 0x0000, 0x0000, 0x0000, 0x0000, 0x0000, 0x0000, 0x0000,
    0x0000, 0x0000, 0x632C, 0xAD96, 0xE73C, 0xEF9E, 0xE73C, 0xDF1B, 0xDF1B, 0xDF1C, 0xE71C, 0xDF1C,
    0xDF1C, 0xDF1C, 0xE71C, 0xDF1C, 0xDF1C, 0xDF1C, 0xDF1B, 0xDF1B, 0xDF1B, 0xDF1B, 0xE71C, 0xE71C,
    0xE75D, 0xF7BE, 0xCE9A, 0x8C92, 0x31A6, 0x0000, 0x0000, 0x0000, 0x0000, 0x0000, 0x0000, 0x0000,
    0x0000, 0x0000, 0x0000, 0x0000, 0x0000, 0x0000, 0x0000, 0x0000, 0x0000, 0x0000, 0x0000, 0x0000,
    0x0000, 0x0000, 0x0000, 0x0000, 0x0000, 0x0000, 0x0000, 0x0000, 0x0000, 0x0000, 0x0000, 0x0000,
    0x0000, 0x0000, 0x0000, 0x0000, 0x0000, 0x0000, 0x0000, 0x0000, 0x0000, 0x0000, 0x0000, 0x0000,
    0x0000, 0x0000, 0x0000, 0x0000, 0x0000, 0x0000, 0x0000, 0x0000, 0x0000, 0x0000, 0x0000, 0x0000,
    0x0000, 0x0000, 0x0000, 0x0000, 0x0000, 0x0000, 0x0000, 0x0000, 0x0000, 0x0000, 0x0000, 0x0000,
    0x0000, 0x0000, 0x0000, 0x0000, 0x4228, 0xB5D7, 0xE73C, 0xEF9E, 0xE73C, 0xDF1C, 0xDF3C, 0xDF3C,
    0xE73C, 0xE71C, 0xDF1C, 0xE71C, 0xE71C, 0xDF1C, 0xDF1C, 0xDF1C, 0xDF1C, 0xDF1C, 0xDF1C, 0xDF1B,
    0xDF1B, 0xDF1B, 0xDF1B, 0xDF1C, 0xDF1B, 0xDF1B, 0xE75D, 0xEF7E, 0xDEDB, 0x8C51, 0x0000, 0x0000,
    0x0000, 0x0000, 0x0000, 0x0000, 0x0000, 0x0000, 0x0000, 0x0000, 0x0000, 0x0000, 0x0000, 0x0000,
    0x0000, 0x0000, 0x0000, 0x0000, 0x0000, 0x0000, 0x0000, 0x0000, 0x0000, 0x0000, 0x0000, 0x0000,
    0x0000, 0x0000, 0x0000, 0x0000, 0x0000, 0x0000, 0x0000, 0x0000, 0x0000, 0x0000, 0x0000, 0x0000,
    0x0000, 0x0000, 0x0000, 0x0000, 0x0000, 0x0000, 0x0000, 0x0000, 0x0000, 0x0000, 0x0000, 0x0000,
    0x0000, 0x0000, 0x0000, 0x0000, 0x0000, 0x0000, 0x0000, 0x0000, 0x0000, 0x0000, 0x0000, 0x0000,
    0x0000, 0x0000, 0x0000, 0x0000, 0x0000, 0x0000, 0x0000, 0x8C71, 0xDF1C, 0xEF7D, 0xE73C, 0xDF1C,
    0xDF1C, 0xDF1C, 0xDF3C, 0xDF1C, 0xDF1C, 0xDF1C, 0xE71C, 0xE71C, 0xDF1C, 0xDF1C, 0xDEFC, 0xDF1C,
    0xDF1C, 0xDF1C, 0xDF1C, 0xDF1C, 0xDF1C, 0xDF1C, 0xE71C, 0xE73C, 0xE71C, 0xDF1B, 0xDF1C, 0xDF1C,
    0xE73C, 0xEF7E, 0xC638, 0x5ACB, 0x0000, 0x0000, 0x0000, 0x0000, 0x0000, 0x0000, 0x0000, 0x0000,
    0x0000, 0x0000, 0x0000, 0x0000, 0x0000, 0x0000, 0x0000, 0x0000, 0x0000, 0x0000, 0x0000, 0x0000,
    0x0000, 0x0000, 0x0000, 0x0000, 0x0000, 0x0000, 0x0000, 0x0000, 0x0000, 0x0000, 0x0000, 0x0000,
    0x0000, 0x0000, 0x0000, 0x0000, 0x0000, 0x0000, 0x0000, 0x0000, 0x0000, 0x0000, 0x0000, 0x0000,
    0x0000, 0x0000, 0x0000, 0x0000, 0x0000, 0x0000, 0x0000, 0x0000, 0x0000, 0x0000, 0x0000, 0x0000,
    0x0000, 0x0000, 0x0000, 0x0000, 0x0000, 0x0000, 0x0000, 0x0000, 0x0000, 0x0000, 0xBDF8, 0xEF9E,
    0xE75D, 0xE73C, 0xDF1C, 0xDF1C, 0xDF1C, 0xDF1C, 0xDF3C, 0xDF3C, 0xDF1C, 0xE71C, 0xE71C, 0xDF1C,
    0xDF1C, 0xDEFC, 0xDEFC, 0xDEFC, 0xDEFC, 0xDF1C, 0xDF1C, 0xDF1C, 0xDF1C, 0xE71C, 0xDF1C, 0xDF1C,
    0xDF1C, 0xE71C, 0xE73C, 0xDF1C, 0xDF1C, 0xDF1C, 0xE75D, 0xE73D, 0x8C71, 0x0000, 0x0000, 0x0000,
    0x0000, 0x0000, 0x0000, 0x0000, 0x0000, 0x0000, 0x0000, 0x0000, 0x0000, 0x0000, 0x0000, 0x0000,
    0x0000, 0x0000, 0x0000, 0x0000, 0x0000, 0x0000, 0x0000, 0x0000, 0x0000, 0x0000, 0x0000, 0x0000,
    0x0000, 0x0000, 0x0000, 0x0000, 0x0000, 0x0000, 0x0000, 0x0000, 0x0000, 0x0000, 0x0000, 0x0000,
    0x0000, 0x0000, 0x0000, 0x0000, 0x0000, 0x0000, 0x0000, 0x0000, 0x0000, 0x0000, 0x0000, 0x0000,
    0x0000, 0x0000, 0x0000, 0x0000, 0x0000, 0x0000, 0x0000, 0x0000, 0x0000, 0x0000, 0x0000, 0x0000,
    0x4208, 0xD6BA, 0xEF7D, 0xDF1C, 0xE71C, 0xDF1C, 0xDF1C, 0xDF3C, 0xDF3C, 0xDF1C, 0xDF1C, 0xDF1C,
    0xE71C, 0xE71C, 0xE71C, 0xE71C, 0xDF1C, 0xDEFC, 0xDEFC, 0xDEFC, 0xDEFC, 0xDEFC, 0xDF1C, 0xDF1C,
    0xDEFC, 0xDF1C, 0xE71C, 0xDF1C, 0xDF1B, 0xDF1B, 0xDF1C, 0xE71C, 0xDF1C, 0xDF1C, 0xDEFC, 0xE71C,
    0xEF5D, 0xB595, 0x0000, 0x0000, 0x0000, 0x0000, 0x0000, 0x0000, 0x0000, 0x0000, 0x0000, 0x0000,
    0x0000, 0x0000, 0x0000, 0x0000, 0x0000, 0x0000, 0x0000, 0x0000, 0x0000, 0x0000, 0x0000, 0x0000,
    0x0000, 0x0000, 0x0000, 0x0000, 0x0000, 0x0000, 0x0000, 0x0000, 0x0000, 0x0000, 0x0000, 0x0000,
    0x0000, 0x0000, 0x0000, 0x0000, 0x0000, 0x0000, 0x0000, 0x0000, 0x0000, 0x0000, 0x0000, 0x0000,
    0x0000, 0x0000, 0x0000, 0x0000, 0x0000, 0x0000, 0x0000, 0x0000, 0x0000, 0x0000, 0x0000, 0x0000,
    0x0000, 0x0000, 0x0000, 0x528A, 0xDEFB, 0xE75D, 0xE71C, 0xE71C, 0xE71C, 0xE73C, 0xDF1C, 0xDF1B,
    0xDF1C, 0xDF1C, 0xDF1C, 0xDF1C, 0xDF1C, 0xDF1C, 0xDF1C, 0xDF1C, 0xDF1C, 0xDF1C, 0xDF1C, 0xDEFC,
    0xDEFC, 0xDEFC, 0xDF1C, 0xDF1C, 0xDF1C, 0xDF1C, 0xDF1C, 0xDF1C, 0xE71C, 0xDF1C, 0xDF1B, 0xDF1C,
    0xDF1C, 0xDF1C, 0xDF1C, 0xDF1C, 0xE71C, 0xEF7D, 0xC638, 0x0000, 0x0000, 0x0000, 0x0000, 0x0000,
    0x0000, 0x0000, 0x0000, 0x0000, 0x0000, 0x0000, 0x0000, 0x0000, 0x0000, 0x0000, 0x0000, 0x0000,
    0x0000, 0x0000, 0x0000, 0x0000, 0x0000, 0x0000, 0x0000, 0x0000, 0x0000, 0x0000, 0x0000, 0x0000,
    0x0000, 0x0000, 0x0000, 0x0000, 0x0000, 0x0000, 0x0000, 0x0000, 0x0000, 0x0000, 0x0000, 0x0000,
    0x0000, 0x0000, 0x0000, 0x0000, 0x0000, 0x0000, 0x0000, 0x0000, 0x0000, 0x0000, 0x0000, 0x0000,
    0x0000, 0x0000, 0x0000, 0x0000, 0x0000, 0x0000, 0x5289, 0xDF1C, 0xE73D, 0xDF1C, 0xE73C, 0xDF1C,
    0xDF1C, 0xE71C, 0xDF1C, 0xDF1B, 0xDF1B, 0xDF1B, 0xDF1C, 0xDF1C, 0xDF1C, 0xDF1C, 0xDF1C, 0xDF1C,
    0xDF1C, 0xDF1C, 0xDEFB, 0xDEFB, 0xDEFB, 0xDEFB, 0xDF1B, 0xDF1C, 0xDF1C, 0xDF1C, 0xDF1C, 0xDEFB,
    0xDEFB, 0xDF1B, 0xDF1C, 0xDF1C, 0xDF1C, 0xDF1C, 0xDF1C, 0xE71C, 0xDF1C, 0xDF1C, 0xE75D, 0xCE79,
    0x0000, 0x0000, 0x0000, 0x0000, 0x0000, 0x0000, 0x0000, 0x0000, 0x0000, 0x0000, 0x0000, 0x0000,
    0x0000, 0x0000, 0x0000, 0x0000, 0x0000, 0x0000, 0x0000, 0x0000, 0x0000, 0x0000, 0x0000, 0x0000,
    0x0000, 0x0000, 0x0000, 0x0000, 0x0000, 0x0000, 0x0000, 0x0000, 0x0000, 0x0000, 0x0000, 0x0000,
    0x0000, 0x0000, 0x0000, 0x0000, 0x0000, 0x0000, 0x0000, 0x0000, 0x0000, 0x0000, 0x0000, 0x0000,
    0x0000, 0x0000, 0x0000, 0x0000, 0x0000, 0x0000, 0x0000, 0x0000, 0x0000, 0x4207, 0xDEFB, 0xE73C,
    0xDEFC, 0xDF1C, 0xDF1C, 0xDF1C, 0xE71C, 0xDF1C, 0xDF1C, 0xDF1C, 0xDF1C, 0xDF1C, 0xDF1C, 0xDF1C,
    0xDF1C, 0xDF1C, 0xDF1C, 0xDF1C, 0xDF1C, 0xDF1C, 0xDF1B, 0xDEFB, 0xDEFB, 0xDEFB, 0xDF1C, 0xDF1C,
    0xDF1C, 0xDF1C, 0xDEFC, 0xDEFC, 0xDEFB, 0xDEFB, 0xDF1B, 0xDF1C, 0xDF1C, 0xDF1C, 0xE71C, 0xDF1C,
    0xE71C, 0xE71C, 0xDF1C, 0xEF5D, 0xC618, 0x0000, 0x0000, 0x0000, 0x0000, 0x0000, 0x0000, 0x0000,
    0x0000, 0x0000, 0x0000, 0x0000, 0x0000, 0x0000, 0x0000, 0x0000, 0x0000, 0x0000, 0x0000, 0x0000,
    0x0000, 0x0000, 0x0000, 0x0000, 0x0000, 0x0000, 0x0000, 0x0000, 0x0000, 0x0000, 0x0000, 0x0000,
    0x0000, 0x0000, 0x0000, 0x0000, 0x0000, 0x0000, 0x0000, 0x0000, 0x0000, 0x0000, 0x0000, 0x0000,
    0x0000, 0x0000, 0x0000, 0x0000, 0x0000, 0x0000, 0x0000, 0x0000, 0x0000, 0x0000, 0x0000, 0x0000,
    0x0000, 0xCE7A, 0xEF5D, 0xDEFB, 0xE71C, 0xDF1C, 0xDF1C, 0xDF1C, 0xDF1C, 0xDF1B, 0xDF1B, 0xDF1C,
    0xDF1C, 0xDF1C, 0xDF1C, 0xDF1C, 0xDF1C, 0xDF1C, 0xDF1C, 0xDF1C, 0xDF1C, 0xDEFC, 0xDEFC, 0xDEFB,
    0xDEFB, 0xDEFC, 0xDF1C, 0xDF1C, 0xDF1C, 0xDF1C, 0xDEFC, 0xDEFC, 0xDEFB, 0xDEFB, 0xDEFB, 0xDF1C,
    0xDF1C, 0xE71C, 0xE71C, 0xE71C, 0xE71C, 0xDF1C, 0xDF1C, 0xDF1C, 0xEF7D, 0xB596, 0x0000, 0x0000,
    0x0000, 0x0000, 0x0000, 0x0000, 0x0000, 0x0000, 0x0000, 0x0000, 0x0000, 0x0000, 0x0000, 0x0000,
    0x0000, 0x0000, 0x0000, 0x0000, 0x0000, 0x0000, 0x0000, 0x0000, 0x0000, 0x0000, 0x0000, 0x0000,
    0x0000, 0x0000, 0x0000, 0x0000, 0x0000, 0x0000, 0x0000, 0x0000, 0x0000, 0x0000, 0x0000, 0x0000,
    0x0000, 0x0000, 0x0000, 0x0000, 0x0000, 0x0000, 0x0000, 0x0000, 0x0000, 0x0000, 0x0000, 0x0000,
    0x0000, 0x0000, 0x0000, 0x0000, 0xAD55, 0xEF7D, 0xDF1B, 0xDF1B, 0xE71C, 0xDF1C, 0xDF1C, 0xDF1C,
    0xDF1C, 0xDF1B, 0xDF1C, 0xDF1C, 0xDF1C, 0xDF1C, 0xDF1C, 0xDF1C, 0xDF1C, 0xDF1C, 0xDF1C, 0xDF1C,
    0xDF1C, 0xDEFC, 0xDEFC, 0xDEFB, 0xDEFB, 0xDEFC, 0xDEFC, 0xDEFC, 0xDEFC, 0xDEFC, 0xDEFC, 0xDEFC,
    0xDEFB, 0xDEFB, 0xDEFB, 0xDEFB, 0xDEFC, 0xDEFC, 0xE71C, 0xE71C, 0xE71C, 0xE71C, 0xDF1C, 0xE71C,
    0xDF1C, 0xEF7D, 0x8C51, 0x0000, 0x0000, 0x0000, 0x0000, 0x0000, 0x0000, 0x0000, 0x0000, 0x0000,
    0x0000, 0x0000, 0x0000, 0x0000, 0x0000, 0x0000, 0x0000, 0x0000, 0x0000, 0x0000, 0x0000, 0x0000,
    0x0000, 0x0000, 0x0000, 0x0000, 0x0000, 0x0000, 0x0000, 0x0000, 0x0000, 0x0000, 0x0000, 0x0000,
    0x0000, 0x0000, 0x0000, 0x0000, 0x0000, 0x0000, 0x0000, 0x0000, 0x0000, 0x0000, 0x0000, 0x0000,
    0x0000, 0x0000, 0x0000, 0x0000, 0x0000, 0x0000, 0x0000, 0x738E, 0xEF9E, 0xDEFB, 0xDF1C, 0xE73C,
    0xDF1C, 0xDF1C, 0xDF1C, 0xDF1C, 0xDF1C, 0xDF1C, 0xDF1C, 0xDF1C, 0xDF1C, 0xDF1C, 0xDF1C, 0xDF1C,
    0xDF1C, 0xDF1C, 0xDF1C, 0xDF1C, 0xDF1C, 0xDEFC, 0xDEFC, 0xDEFC, 0xDEFB, 0xDEFB, 0xDEFC, 0xDEFB,
    0xDEFB, 0xDEFC, 0xDEFB, 0xDEFB, 0xDEFB, 0xDEFB, 0xDEFB, 0xDEFB, 0xDEFC, 0xDEFC, 0xE71C, 0xE71C,
    0xE71C, 0xE71C, 0xE71C, 0xDF1C, 0xDF1C, 0xDF1C, 0xE75D, 0x52AA, 0x0000, 0x0000, 0x0000, 0x0000,
    0x0000, 0x0000, 0x0000, 0x0000, 0x0000, 0x0000, 0x0000, 0x0000, 0x0000, 0x0000, 0x0000, 0x0000,
    0x0000, 0x0000, 0x0000, 0x0000, 0x0000, 0x0000, 0x0000, 0x0000, 0x0000, 0x0000, 0x0000, 0x0000,
    0x0000, 0x0000, 0x0000, 0x0000, 0x0000, 0x0000, 0x0000, 0x0000, 0x0000, 0x0000, 0x0000, 0x0000,
    0x0000, 0x0000, 0x0000, 0x0000, 0x0000, 0x0000, 0x0000, 0x0000, 0x0000, 0x0000, 0x0000, 0xDEFB,
    0xE73C, 0xDF1C, 0xDF1C, 0xE71C, 0xDF1C, 0xDF1C, 0xDF1C, 0xDF1C, 0xDF1C, 0xDF1C, 0xDF1C, 0xDEFB,
    0xDEFB, 0xDF1C, 0xDF1C, 0xDF1C, 0xDF1C, 0xDF1C, 0xDF1C, 0xDF1C, 0xDEFC, 0xDF1C, 0xDF1C, 0xDEFC,
    0xDEFC, 0xDEFC, 0xDEFC, 0xDEFB, 0xDEFB, 0xDEFC, 0xDEFB, 0xDEFC, 0xDEFB, 0xDEFB, 0xDEFB, 0xDEFB,
    0xDF1C, 0xDEFC, 0xE71C, 0xE71C, 0xE71C, 0xDF1C, 0xDF1C, 0xE71C, 0xDF1C, 0xDF1C, 0xE75D, 0xCE79,
    0x0000, 0x0000, 0x0000, 0x0000, 0x0000, 0x0000, 0x0000, 0x0000, 0x0000, 0x0000, 0x0000, 0x0000,
    0x0000, 0x0000, 0x0000, 0x0000, 0x0000, 0x0000, 0x0000, 0x0000, 0x0000, 0x0000, 0x0000, 0x0000,
    0x0000, 0x0000, 0x0000, 0x0000, 0x0000, 0x0000, 0x0000, 0x0000, 0x0000, 0x0000, 0x0000, 0x0000,
    0x0000, 0x0000, 0x0000, 0x0000, 0x0000, 0x0000, 0x0000, 0x0000, 0x0000, 0x0000, 0x0000, 0x0000,
    0x0000, 0x0000, 0x9CF3, 0xEF7D, 0xDEFB, 0xDF1C, 0xDF1C, 0xDF1C, 0xDF1C, 0xDF1C, 0xDF1C, 0xDF1C,
    0xDEFC, 0xDEFC, 0xDEFB, 0xDEFB, 0xDEFB, 0xDEFB, 0xDEFB, 0xDEFB, 0xDF1C, 0xDF1B, 0xDF1C, 0xDF1C,
    0xDEFC, 0xDF1C, 0xDF1C, 0xDF1C, 0xDF1C, 0xDF1C, 0xDEFC, 0xDEFB, 0xDEFB, 0xDEFC, 0xDEFC, 0xDEFB,
    0xDEFB, 0xDEFB, 0xDEFB, 0xDEFB, 0xDEFC, 0xDF1C, 0xDF1C, 0xDF1C, 0xDF1C, 0xDF1C, 0xDF1C, 0xDF1C,
    0xDF1C, 0xDF1C, 0xDF1C, 0xEF7D, 0x7BEF, 0x0000, 0x0000, 0x0000, 0x0000, 0x0000, 0x0000, 0x0000,
    0x0000, 0x0000, 0x0000, 0x0000, 0x0000, 0x0000, 0x0000, 0x0000, 0x0000, 0x0000, 0x0000, 0x0000,
    0x0000, 0x0000, 0x0000, 0x0000, 0x0000, 0x0000, 0x0000, 0x0000, 0x0000, 0x0000, 0x0000, 0x0000,
    0x0000, 0x0000, 0x0000, 0x0000, 0x0000, 0x0000, 0x0000, 0x0000, 0x0000, 0x0000, 0x0000, 0x0000,
    0x0000, 0x0000, 0x0000, 0x0000, 0x0000, 0x31A6, 0xE73C, 0xDF1C, 0xE71C, 0xE71C, 0xE71C, 0xDF1C,
    0xDF1C, 0xDF1C, 0xDF1C, 0xDF1C, 0xDF1C, 0xDF1C, 0xDEFB, 0xDEFB, 0xDEFB, 0xDEFB, 0xDEFB, 0xDEFB,
    0xDEFC, 0xDEFC, 0xDF1C, 0xDF1C, 0xDF1C, 0xDF1C, 0xDF1C, 0xDF1C, 0xDF1C, 0xDF1C, 0xDF1C, 0xDEFC,
    0xDEFC, 0xDF1C, 0xDF1C, 0xDF1B, 0xDEFB, 0xDEFB, 0xDEFB, 0xDF1B, 0xDEFC, 0xDEFC, 0xDF1C, 0xDF1C,
    0xDEFC, 0xDF1C, 0xDF1C, 0xDF1C, 0xE71C, 0xE71C, 0xDF1C, 0xE75D, 0xD69A, 0x0000, 0x0000, 0x0000,
    0x0000, 0x0000, 0x0000, 0x0000, 0x0000, 0x0000, 0x0000, 0x0000, 0x0000, 0x0000, 0x0000, 0x0000,
    0x0000, 0x0000, 0x0000, 0x0000, 0x0000, 0x0000, 0x0000, 0x0000, 0x0000, 0x0000, 0x0000, 0x0000,
    0x0000, 0x0000, 0x0000, 0x0000, 0x0000, 0x0000, 0x0000, 0x0000, 0x0000, 0x0000, 0x0000, 0x4A69,
    0x94B2, 0xBDD7, 0xCE59, 0xCE79, 0xCE79, 0xCE79, 0xCE59, 0xC638, 0x9D14, 0xB596, 0xE73C, 0xDF1C,
    0xE71C, 0xDF1C, 0xE71C, 0xDF1C, 0xDF1C, 0xDF1C, 0xDEFC, 0xDEFC, 0xDEFC, 0xDEFC, 0xDEFC, 0xDEFC,
    0xDEFB, 0xDEFB, 0xDEFB, 0xDEFB, 0xDEFB, 0xDEFC, 0xDF1C, 0xDF1C, 0xDF1C, 0xDF1C, 0xDEFC, 0xDEFC,
    0xDEFC, 0xDEFC, 0xDF1C, 0xDF1C, 0xDF1C, 0xDF1C, 0xDF1C, 0xDF1B, 0xDEFB, 0xDEFB, 0xDEFB, 0xDF1C,
    0xDF1C, 0xDF1C, 0xDF1C, 0xDF1C, 0xDF1C, 0xDF1C, 0xE71C, 0xDF1C, 0xE71C, 0xE71C, 0xDF1C, 0xE71C,
    0xE73D, 0x8430, 0x0000, 0x0000, 0x0000, 0x0000, 0x0000, 0x0000, 0x0000, 0x0000, 0x0000, 0x0000,
    0x0000, 0x0000, 0x0000, 0x0000, 0x0000, 0x0000, 0x0000, 0x0000, 0x0000, 0x0000, 0x0000, 0x0000,
    0x0000, 0x0000, 0x0000, 0x0000, 0x0000, 0x0000, 0x0000, 0x0000, 0x0000, 0x0000, 0x0000, 0x0000,
    0x0000, 0x6B6D, 0xC659, 0xDF1C, 0xE75D, 0xE75D, 0xE75D, 0xE75D, 0xE75C, 0xE75D, 0xE75D, 0xE75D,
    0xEF7D, 0xEF5D, 0xE73C, 0xE73C, 0xDF1C, 0xDF1C, 0xE71C, 0xDF1C, 0xDF1C, 0xDEFC, 0xDEFC, 0xDEFC,
    0xDEFC, 0xDEFC, 0xDEFC, 0xDEFC, 0xDEFB, 0xDEFB, 0xDEFB, 0xDEFB, 0xDEFC, 0xDEFC, 0xDF1C, 0xDF1C,
    0xDF1C, 0xDEFC, 0xDEFC, 0xDEFC, 0xDEFC, 0xDEFC, 0xDF1C, 0xDF1C, 0xDF1C, 0xDF1C, 0xDEFC, 0xDEFC,
    0xDEFC, 0xDEFB, 0xDF1C, 0xDF1C, 0xDF1C, 0xDF1C, 0xDF1C, 0xDF1C, 0xDF1C, 0xDF1C, 0xDF1C, 0xDF1C,
    0xE71C, 0xE71C, 0xE71C, 0xE71C, 0xE75D, 0xCE59, 0x0000, 0x0000, 0x0000, 0x0000, 0x0000, 0x0000,
    0x0000, 0x0000, 0x0000, 0x0000, 0x0000, 0x0000, 0x0000, 0x0000, 0x0000, 0x0000, 0x0000, 0x0000,
    0x0000, 0x0000, 0x0000, 0x0000, 0x0000, 0x0000, 0x0000, 0x0000, 0x0000, 0x0000, 0x0000, 0x0000,
    0x0000, 0x0000, 0x0000, 0x5ACB, 0xC638, 0xEF7D, 0xE73D, 0xDF1C, 0xDF1C, 0xDF1B, 0xDF1B, 0xDF1B,
    0xDF1B, 0xDF1B, 0xE71C, 0xDF1C, 0xDF1C, 0xDF1B, 0xE71C, 0xE71C, 0xDF1C, 0xDF1C, 0xDF1C, 0xE71C,
    0xDF1C, 0xDEFC, 0xDEFC, 0xDEFC, 0xDF1C, 0xDF1C, 0xDEFC, 0xDEFB, 0xDEFB, 0xDEFB, 0xDEFB, 0xDEFC,
    0xDEFC, 0xDEFC, 0xDF1C, 0xDF1C, 0xDF1C, 0xDEFC, 0xDEFC, 0xDEFC, 0xDEFC, 0xDEFC, 0xDF1C, 0xE71C,
    0xDF1C, 0xDF1C, 0xDEFC, 0xDEFC, 0xDEFC, 0xDF1C, 0xDF1C, 0xDF1C, 0xDF1C, 0xE71C, 0xDF1C, 0xDF1C,
    0xDF1C, 0xDF1C, 0xDF1C, 0xDF1C, 0xDF1C, 0xDF1C, 0xE71C, 0xDF1C, 0xE71C, 0xE75D, 0x5ACB, 0x0000,
    0x0000, 0x0000, 0x0000, 0x0000, 0x0000, 0x0000, 0x0000, 0x0000, 0x0000, 0x0000, 0x0000, 0x0000,
    0x0000, 0x0000, 0x0000, 0x0000, 0x0000, 0x0000, 0x0000, 0x0000, 0x0000, 0x0000, 0x0000, 0x0000,
    0x0000, 0x0000, 0x0000, 0x0000, 0x0000, 0x0000, 0x8C51, 0xE73C, 0xE75D, 0xE71C, 0xDF1C, 0xDF1C,
    0xDF1C, 0xDF1B, 0xDF1B, 0xDF1B, 0xDF1B, 0xDF1B, 0xDF1B, 0xE71B, 0xE71B, 0xE71C, 0xE71C, 0xE71C,
    0xDF1C, 0xDF1C, 0xDF1C, 0xDF1C, 0xDF1C, 0xDF1C, 0xDEFC, 0xDEFB, 0xDF1C, 0xDF1C, 0xDEFC, 0xDEFC,
    0xDEFB, 0xDEFB, 0xDEFC, 0xDEFC, 0xDEFC, 0xDF1C, 0xDF1C, 0xDEFC, 0xDEFC, 0xDEFC, 0xDEFB, 0xDEFB,
    0xDEFC, 0xDF1C, 0xDF1C, 0xDF1C, 0xDF1C, 0xDF1C, 0xDEFC, 0xDF1C, 0xDEFC, 0xDEFC, 0xDF1C, 0xDF1C,
    0xE71C, 0xE71C, 0xE71C, 0xE71C, 0xDF1C, 0xDF1C, 0xDF1C, 0xDF1B, 0xDF1B, 0xDF1B, 0xDF1B, 0xDF1C,
    0xDF1C, 0xEF9E, 0x73AF, 0x0000, 0x0000, 0x0000, 0x0000, 0x0000, 0x0000, 0x0000, 0x0000, 0x0000,
    0x0000, 0x0000, 0x0000, 0x0000, 0x0000, 0x0000, 0x0000, 0x0000, 0x0000, 0x0000, 0x0000, 0x0000,
    0x0000, 0x0000, 0x0000, 0x0000, 0x0000, 0x0000, 0x0000, 0x0000, 0x0000, 0x9CD3, 0xEF9E, 0xE71C,
    0xDF1B, 0xDF1C, 0xDF1B, 0xDF1C, 0xDF1C, 0xDF1C, 0xE71C, 0xDF1B, 0xDF1B, 0xDEFB, 0xDEFB, 0xE6FB,
    0xE6FC, 0xE6FC, 0xE6FC, 0xDEFC, 0xDF1C, 0xDF1C, 0xDF1C, 0xDF1C, 0xDF1C, 0xDF1C, 0xDF1C, 0xDEFC,
    0xDEFC, 0xDEFB, 0xDEFB, 0xDEFB, 0xDEFB, 0xDEFB, 0xDEFC, 0xDF1C, 0xDF1C, 0xDF1C, 0xDEFC, 0xDEFC,
    0xDEFC, 0xDEFC, 0xDEFB, 0xDEFB, 0xDEFC, 0xDF1C, 0xDF1C, 0xDF1C, 0xDF1C, 0xDF1C, 0xDEFC, 0xDEFC,
    0xDEFB, 0xDEFB, 0xDEFB, 0xDEFC, 0xDF1C, 0xE71C, 0xE71C, 0xDF1C, 0xDF1C, 0xDF1B, 0xDF1B, 0xDF1B,
    0xDF1B, 0xDF1B, 0xDF1B, 0xDF1B, 0xDF1C, 0xE73D, 0xB5B7, 0x0000, 0x0000, 0x0000, 0x0000, 0x0000,
    0x0000, 0x0000, 0x0000, 0x0000, 0x0000, 0x0000, 0x0000, 0x0000, 0x0000, 0x0000, 0x0000, 0x0000,
    0x0000, 0x0000, 0x0000, 0x0000, 0x0000, 0x0000, 0x0000, 0x0000, 0x0000, 0x0000, 0x0000, 0x0000,
    0x94B2, 0xEF7E, 0xDF1C, 0xE73C, 0xDF1C, 0xDF1B, 0xDF1C, 0xDF1C, 0xDF1C, 0xDF1C, 0xDF1C, 0xDF1C,
    0xDEFC, 0xDF1B, 0xDF1C, 0xDEFC, 0xDEFC, 0xDEFC, 0xDEFC, 0xDEFC, 0xDF1C, 0xDF1C, 0xDF1C, 0xDF1C,
    0xDF1C, 0xDF1C, 0xDF1C, 0xDEFC, 0xDEFB, 0xDEFB, 0xDEFB, 0xDEFB, 0xDEFB, 0xDEFC, 0xDF1C, 0xDF1C,
    0xDF1C, 0xDF1C, 0xDF1C, 0xDEFC, 0xDEFC, 0xDEFC, 0xDEFB, 0xDEFB, 0xDF1C, 0xE71C, 0xDF1C, 0xDF1C,
    0xDF1C, 0xDEFC, 0xDEFC, 0xDEFB, 0xDEFB, 0xDEFB, 0xDEFB, 0xDEFB, 0xDEFC, 0xDF1C, 0xDF1C, 0xDF1C,
    0xDEFC, 0xDEFB, 0xDEFB, 0xDEFB, 0xDEFB, 0xDF1B, 0xDF1C, 0xE71C, 0xDF1C, 0xDF1C, 0xDF1C, 0x4208,
    0x0000, 0x0000, 0x0000, 0x0000, 0x0000, 0x0000, 0x0000, 0x0000, 0x0000, 0x0000, 0x0000, 0x0000,
    0x0000, 0x0000, 0x0000, 0x0000, 0x0000, 0x0000, 0x0000, 0x0000, 0x0000, 0x0000, 0x0000, 0x0000,
    0x0000, 0x0000, 0x0000, 0x738E, 0xEF7E, 0xDF1C, 0xE73D, 0xE73C, 0xE71C, 0xE71C, 0xDF1C, 0xDF1B,
    0xDF1C, 0xDF1C, 0xDF1C, 0xDF1C, 0xDF1C, 0xDEFC, 0xDEFC, 0xDEFC, 0xDEFC, 0xDEFC, 0xDF1C, 0xDEFC,
    0xDF1C, 0xDF1C, 0xDF1C, 0xDF1C, 0xDF1C, 0xDF1C, 0xDEFC, 0xDEFC, 0xDEFC, 0xDEFB, 0xDEFB, 0xDEFC,
    0xDEFC, 0xDF1C, 0xDF1C, 0xDEFC, 0xDF1C, 0xDF1C, 0xDF1C, 0xDEFC, 0xDEFC, 0xDEFC, 0xDEFC, 0xDEFC,
    0xDF1C, 0xDF1C, 0xDF1C, 0xDF1C, 0xDF1C, 0xDEFC, 0xDEFB, 0xDEFB, 0xDEFB, 0xDEFB, 0xDEFB, 0xDEFB,
    0xDEFB, 0xDF1C, 0xDF1C, 0xDEFC, 0xDEFC, 0xDEFB, 0xDEFB, 0xDEFB, 0xDEFB, 0xDEFB, 0xDF1C, 0xDF1C,
    0xDF1C, 0xDEFB, 0xEF7E, 0x5ACB, 0x0000, 0x0000, 0x0000, 0x0000, 0x0000, 0x0000, 0x0000, 0x0000,
    0x0000, 0x0000, 0x0000, 0x0000, 0x0000, 0x0000, 0x0000, 0x0000, 0x0000, 0x0000, 0x0000, 0x0000,
    0x0000, 0x0000, 0x0000, 0x0000, 0x0000, 0x0000, 0x39C7, 0xDEFC, 0xDF1C, 0xE71C, 0xE73D, 0xE71C,
    0xE71C, 0xE71C, 0xDF1C, 0xDF1C, 0xE71C, 0xDF1C, 0xDF1C, 0xDEFC, 0xDEFC, 0xDEFC, 0xDEFC, 0xDEFC,
    0xDEFC, 0xDEFC, 0xDEFC, 0xDEFC, 0xDEFC, 0xDF1C, 0xDF1C, 0xDF1C, 0xDEFC, 0xDEFC, 0xDEFC, 0xDEFC,
    0xDEFC, 0xDEFB, 0xDEFC, 0xDEFC, 0xDF1C, 0xDF1C, 0xDF1C, 0xDF1C, 0xDEFC, 0xDF1C, 0xDF1C, 0xDEFC,
    0xDEFC, 0xDEFC, 0xDEFB, 0xDEFC, 0xDF1C, 0xDF1C, 0xDF1C, 0xDF1C, 0xDF1C, 0xDEFB, 0xDEFB, 0xDEFB,
    0xDEFB, 0xDEFB, 0xDEFB, 0xDEFB, 0xDEFB, 0xDF1C, 0xDF1C, 0xDEFC, 0xDEFC, 0xDF1B, 0xDF1B, 0xDEFB,
    0xDEFB, 0xDEFB, 0xDF1C, 0xDF1C, 0xDF1C, 0xDEFC, 0xEF9E, 0x6B6D, 0x0000, 0x0000, 0x0000, 0x0000,
    0x0000, 0x0000, 0x0000, 0x0000, 0x0000, 0x0000, 0x0000, 0x0000, 0x0000, 0x0000, 0x0000, 0x0000,
    0x0000, 0x0000, 0x0000, 0x0000, 0x0000, 0x0000, 0x0000, 0x0000, 0x0000, 0x0000, 0xA534, 0xEF5D,
    0xDEFC, 0xE71C, 0xDF1C, 0xE73C, 0xE71C, 0xDF1C, 0xDF1C, 0xDF1C, 0xDF1C, 0xDF1C, 0xDEFC, 0xDEFC,
    0xDEFC, 0xDEFC, 0xDEFC, 0xDEFC, 0xDEFC, 0xDEFC, 0xDEFC, 0xDEFC, 0xDF1C, 0xDF1C, 0xDF1C, 0xDF1C,
    0xDF1C, 0xDEFC, 0xDEFC, 0xDEFC, 0xDEFC, 0xDEFB, 0xDEFC, 0xDEFC, 0xDF1C, 0xDF1C, 0xDF1C, 0xDF1C,
    0xDF1C, 0xDEFC, 0xDEFC, 0xDEFC, 0xDEFC, 0xDEFB, 0xDEFB, 0xDEFB, 0xDF1C, 0xE71C, 0xE71C, 0xE71C,
    0xDF1C, 0xDEFC, 0xDEFB, 0xDEFB, 0xDEFC, 0xDEFB, 0xDEFB, 0xDEFB, 0xDEFC, 0xDF1C, 0xDF1C, 0xDEFC,
    0xDF1C, 0xDF1B, 0xDF1B, 0xDEFB, 0xDEFB, 0xDEFB, 0xDF1B, 0xDF1C, 0xDF1C, 0xDEFC, 0xEF9E, 0x73AE,
    0x0000, 0x0000, 0x0000, 0x0000, 0x0000, 0x0000, 0x0000, 0x0000, 0x0000, 0x0000, 0x0000, 0x0000,
    0x0000, 0x0000, 0x0000, 0x0000, 0x0000, 0x0000, 0x0000, 0x0000, 0x0000, 0x0000, 0x0000, 0x0000,
    0x0000, 0x0000, 0xDF1C, 0xE75D, 0xE71C, 0xE71C, 0xDF1C, 0xDF1C, 0xDF1C, 0xDF1C, 0xDF1C, 0xDEFC,
    0xDEFC, 0xDEFC, 0xDEFC, 0xDEFC, 0xDF1C, 0xDEFC, 0xDEFC, 0xDEFC, 0xDEFB, 0xDEFB, 0xDEFC, 0xDEFC,
    0xDF1C, 0xDF1C, 0xDF1C, 0xDF1C, 0xDF1C, 0xDF1C, 0xDEFC, 0xDEFC, 0xDEFB, 0xDEFC, 0xDEFC, 0xDEFC,
    0xDF1C, 0xDF1C, 0xDF1C, 0xDF1C, 0xDF1C, 0xDF1C, 0xDEFC, 0xDEFC, 0xDEFC, 0xDEFB, 0xDEFB, 0xDEFB,
    0xDF1C, 0xDF1C, 0xE71C, 0xE71C, 0xDF1C, 0xDEFB, 0xDEFB, 0xDEFB, 0xDEFB, 0xDEFB, 0xDEFB, 0xDEFC,
    0xDF1C, 0xDF1C, 0xDF1C, 0xDEFC, 0xDEFC, 0xDF1C, 0xDF1B, 0xDEFB, 0xDEFB, 0xDEFB, 0xDF1C, 0xDF1C,
    0xE71C, 0xDEFC, 0xEF9E, 0x7BCF, 0x0000, 0x0000, 0x0000, 0x0000, 0x0000, 0x0000, 0x0000, 0x0000,
    0x0000, 0x0000, 0x0000, 0x0000, 0x0000, 0x0000, 0x0000, 0x0000, 0x0000, 0x0000, 0x0000, 0x0000,
    0x0000, 0x0000, 0x0000, 0x0000, 0x0000, 0x8C51, 0xE75D, 0xE73C, 0xE73C, 0xDF1C, 0xE73C, 0xDF1C,
    0xDEFC, 0xDEFC, 0xDEFC, 0xDEFC, 0xDEFC, 0xDEFC, 0xDEFC, 0xDEFC, 0xDF1C, 0xDF1C, 0xDEFB, 0xDEFB,
    0xDEFB, 0xDEFB, 0xDEFC, 0xDF1C, 0xDF1C, 0xDF1C, 0xDF1C, 0xDEFC, 0xDF1C, 0xDEFC, 0xDEFC, 0xDEFC,
    0xDEFC, 0xDEFC, 0xDEFC, 0xDEFC, 0xDF1C, 0xDF1C, 0xDF1C, 0xDF1C, 0xDF1C, 0xDF1C, 0xDEFC, 0xDEFC,
    0xDEFB, 0xDEFB, 0xDEFB, 0xDEFB, 0xDF1C, 0xDF1C, 0xDF1C, 0xDF1C, 0xDF1C, 0xDF1C, 0xDEFC, 0xDEFB,
    0xDEFB, 0xDEFB, 0xDEFB, 0xDF1B, 0xDF1C, 0xDF1C, 0xDF1C, 0xDF1C, 0xDF1C, 0xDF1C, 0xDF1B, 0xDEFB,
    0xDEFB, 0xDF1B, 0xDF1C, 0xDF1C, 0xE71C, 0xDEFC, 0xEF9E, 0x7BEF, 0x0000, 0x0000, 0x0000, 0x0000,
    0x0000, 0x0000, 0x0000, 0x0000, 0x0000, 0x0000, 0x0000, 0x0000, 0x0000, 0x0000, 0x0000, 0x0000,
    0x0000, 0x0000, 0x0000, 0x0000, 0x0000, 0x0000, 0x0000, 0x0000, 0x0000, 0xB5D7, 0xEF9E, 0xE73C,
    0xE73D, 0xDF1C, 0xE71C, 0xDEFC, 0xDEFC, 0xDEFB, 0xDEFB, 0xDEFB, 0xDEFC, 0xDEFC, 0xDEFC, 0xDEFC,
    0xDF1C, 0xDF1C, 0xDF1C, 0xDF1C, 0xDEFC, 0xDF1C, 0xDF1C, 0xDF1C, 0xDF1C, 0xDF1C, 0xDF1C, 0xDEFC,
    0xDEFC, 0xDEFC, 0xDEFB, 0xDEFC, 0xDEFC, 0xDEFC, 0xDEFC, 0xDF1C, 0xDF1C, 0xDF1C, 0xDF1C, 0xDF1C,
    0xDF1C, 0xDEFC, 0xDEFC, 0xDEFC, 0xDEFB, 0xDEFB, 0xDEFC, 0xDEFC, 0xDF1C, 0xDF1C, 0xDF1C, 0xDF1C,
    0xDF1C, 0xDF1C, 0xDF1C, 0xDF1C, 0xDF1C, 0xDEFC, 0xDEFC, 0xDEFC, 0xDF1C, 0xE71C, 0xE71C, 0xDF1C,
    0xDF1C, 0xDF1C, 0xDF1C, 0xDF1B, 0xDF1B, 0xDF1C, 0xDF1C, 0xDF1C, 0xE71C, 0xDEFC, 0xEF9E, 0x7BEF,
    0x0000, 0x0000, 0x0000, 0x0000, 0x0000, 0x0000, 0x0000, 0x0000, 0x0000, 0x0000, 0x0000, 0x0000,
    0x0000, 0x0000, 0x0000, 0x0000, 0x0000, 0x0000, 0x0000, 0x0000, 0x0000, 0x0000, 0x0000, 0x0000,
    0x0000, 0xBE17, 0xEF7E, 0xE71C, 0xE73C, 0xDF1C, 0xDF1C, 0xDEFC, 0xDEFB, 0xDEFB, 0xDEFB, 0xDEFB,
    0xDEFC, 0xDEFC, 0xDEFC, 0xDF1C, 0xDF1C, 0xDF1C, 0xDEFC, 0xDEFC, 0xDF1C, 0xDEFC, 0xDF1C, 0xDF1C,
    0xDF1C, 0xDF1C, 0xDF1C, 0xDEFC, 0xDEFC, 0xDEFC, 0xDEFC, 0xDEFC, 0xDEFC, 0xDEFC, 0xDEFC, 0xDF1C,
    0xDF1C, 0xDF1C, 0xDF1C, 0xDF1C, 0xDEFC, 0xDEFB, 0xDEFB, 0xDEFC, 0xDEFC, 0xDEFC, 0xDF1C, 0xDF1C,
    0xDF1C, 0xDF1C, 0xDF1C, 0xDF1C, 0xDF1C, 0xDF1C, 0xDF1C, 0xDF1C, 0xDF1C, 0xDF1C, 0xDEFC, 0xDEFC,
    0xDEFC, 0xDF1C, 0xDF1C, 0xDF1C, 0xDF1C, 0xDF1C, 0xDF1C, 0xDF1C, 0xDF1C, 0xE71C, 0xDF1C, 0xDF1C,
    0xE71C, 0xDEFC, 0xEF9E, 0x7BEF, 0x0000, 0x0000, 0x0000, 0x0000, 0x0000, 0x0000, 0x0000, 0x0000,
    0x0000, 0x0000, 0x0000, 0x0000, 0x0000, 0x0000, 0x0000, 0x0000, 0x0000, 0x0000, 0x0000, 0x0000,
    0x0000, 0x0000, 0x0000, 0x0000, 0x0000, 0xC618, 0xEF7D, 0xDF1C, 0xDF1C, 0xDF1C, 0xDF1C, 0xDEFC,
    0xDEFB, 0xDEFB, 0xDEFB, 0xDEFC, 0xDEFC, 0xDEFC, 0xDEFC, 0xDEFC, 0xDEFC, 0xDEFC, 0xDEFC, 0xDEFC,
    0xDEFC, 0xDEFC, 0xDEFC, 0xDEFC, 0xDF1C, 0xDF1C, 0xDF1C, 0xDEFC, 0xDEFC, 0xDEFC, 0xDEFC, 0xDEFC,
    0xDEFC, 0xDEFB, 0xDEFB, 0xDEFC, 0xDEFC, 0xDEFC, 0xDEFC, 0xDEFC, 0xDEFC, 0xDEFB, 0xDEFB, 0xDEFC,
    0xDEFC, 0xDF1C, 0xDF1C, 0xE71C, 0xE71C, 0xDF1C, 0xDF1C, 0xDF1C, 0xDF1C, 0xDF1C, 0xDF1C, 0xDF1C,
    0xDF1C, 0xDF1C, 0xDEFC, 0xDEFC, 0xDEFC, 0xDEFC, 0xDF1C, 0xDF1C, 0xDF1C, 0xDF1C, 0xDF1C, 0xDF1B,
    0xE71C, 0xE71C, 0xDF1C, 0xE71C, 0xE71C, 0xDEFC, 0xEF9E, 0x7BEF, 0x0000, 0x0000, 0x0000, 0x0000,
    0x0000, 0x0000, 0x0000, 0x0000, 0x0000, 0x0000, 0x0000, 0x0000, 0x0000, 0x0000, 0x0000, 0x0000,
    0x0000, 0x0000, 0x0000, 0x0000, 0x0000, 0x0000, 0x0000, 0x39C6, 0x7BEF, 0xDEFB, 0xE73C, 0xDF1C,
    0xDF1C, 0xDF1C, 0xDF1C, 0xDEFC, 0xDEFB, 0xDEFB, 0xDEFB, 0xDEFC, 0xDEFB, 0xDEFB, 0xDEFC, 0xDEFC,
    0xDF1C, 0xDF1C, 0xDEFC, 0xDEFC, 0xDEFC, 0xDEFC, 0xDEFC, 0xDF1C, 0xDF1C, 0xDF1C, 0xDEFC, 0xDEFC,
    0xDEFC, 0xDF1C, 0xDF1C, 0xDEFC, 0xDEFC, 0xDEFB, 0xDEFB, 0xDEFC, 0xDEFC, 0xDEFB, 0xDEFB, 0xDEFC,
    0xDEFC, 0xDEFC, 0xDEFC, 0xDEFC, 0xDEFC, 0xDF1C, 0xDF1C, 0xE71C, 0xE71C, 0xDF1C, 0xDF1C, 0xDF1C,
    0xDF1C, 0xDF1C, 0xDEFC, 0xDF1C, 0xDF1C, 0xDEFC, 0xDEFC, 0xDEFC, 0xDEFC, 0xDEFC, 0xDEFC, 0xDF1C,
    0xDEFC, 0xDF1C, 0xDF1C, 0xDF1B, 0xDF1B, 0xDF1C, 0xDF1C, 0xE71C, 0xDF1C, 0xDF1C, 0xE73D, 0xC618,
    0x630C, 0x0000, 0x0000, 0x0000, 0x0000, 0x0000, 0x0000, 0x0000, 0x0000, 0x0000, 0x0000, 0x0000,
    0x0000, 0x0000, 0x0000, 0x0000, 0x0000, 0x0000, 0x0000, 0x0000, 0x0000, 0x39E7, 0xAD75, 0xE73C,
    0xEF7D, 0xE73C, 0xDF1B, 0xDF1B, 0xDF1B, 0xDF1B, 0xDF1C, 0xDF1C, 0xDEFC, 0xDEFB, 0xDEFC, 0xDEFC,
    0xDEFB, 0xDEFC, 0xDEFC, 0xDEFC, 0xDF1C, 0xDF1C, 0xDEFB, 0xDEFB, 0xDEFB, 0xDEFB, 0xDEFC, 0xDF1B,
    0xDF1C, 0xDF1C, 0xDF1C, 0xDF1C, 0xDF1C, 0xDF1C, 0xDF1C, 0xDEFC, 0xDEFC, 0xDEFB, 0xDEFB, 0xDEFC,
    0xDEFC, 0xDEFC, 0xDEFC, 0xDEFC, 0xDEFC, 0xDEFC, 0xDEFC, 0xDEFC, 0xDEFC, 0xDEFC, 0xDF1C, 0xE71C,
    0xE71C, 0xE71C, 0xDF1C, 0xDF1B, 0xDF1C, 0xDEFC, 0xDEFC, 0xDEFC, 0xDEFC, 0xDEFC, 0xDEFC, 0xDEFC,
    0xDEFC, 0xDEFC, 0xDF1C, 0xDF1C, 0xDEFC, 0xDF1C, 0xDF1C, 0xE71B, 0xDF1B, 0xDF1C, 0xDF1C, 0xDF1C,
    0xDEFC, 0xE71C, 0xDEFC, 0xE71C, 0xEF7D, 0xCE59, 0x5B0C, 0x0000, 0x0000, 0x0000, 0x0000, 0x0000,
    0x0000, 0x0000, 0x0000, 0x0000, 0x0000, 0x0000, 0x0000, 0x0000, 0x0000, 0x0000, 0x0000, 0x0000,
    0x94B2, 0xDF1C, 0xEF5D, 0xE71C, 0xE73C, 0xDF1B, 0xDF1B, 0xDF1B, 0xDF1B, 0xDF1B, 0xDEFB, 0xDEFB,
    0xDEFB, 0xDEFB, 0xDEFC, 0xDEFC, 0xDEFC, 0xDEFC, 0xDEFC, 0xDF1C, 0xDF1C, 0xDF1C, 0xDF1C, 0xDF1C,
    0xDF1C, 0xDF1C, 0xDEFC, 0xDEFC, 0xDF1C, 0xDF1C, 0xDF1C, 0xDEFC, 0xDF1C, 0xDF1C, 0xDF1C, 0xDEFC,
    0xDEFB, 0xDEFB, 0xDEFC, 0xDEFC, 0xDEFC, 0xDF1C, 0xDF1C, 0xDF1C, 0xDEFC, 0xDEFC, 0xDEFC, 0xDEFC,
    0xDF1C, 0xDF1C, 0xE71C, 0xE71C, 0xE71C, 0xE71C, 0xDF1C, 0xDF1C, 0xDEFC, 0xDEFC, 0xDEFC, 0xDEFC,
    0xDEFC, 0xDEFB, 0xDEFC, 0xDEFC, 0xDEFC, 0xDF1C, 0xDEFC, 0xDF1C, 0xDF1C, 0xDF1C, 0xDF1C, 0xE71C,
    0xE71C, 0xDF1C, 0xDF1C, 0xDF1C, 0xDEFC, 0xE71C, 0xDF1C, 0xDEFC, 0xE71C, 0xE73C, 0xEF7D, 0x9CF3,
    0x0000, 0x0000, 0x0000, 0x0000, 0x0000, 0x0000, 0x0000, 0x0000, 0x0000, 0x0000, 0x0000, 0x0000,
    0x0000, 0x0000, 0x31A6, 0xBDF7, 0xEF9E, 0xE71C, 0xE71C, 0xE71C, 0xDF1B, 0xDF1C, 0xDF1B, 0xDF1B,
    0xDF1B, 0xDEFB, 0xDEFB, 0xDEFB, 0xDEFB, 0xDEFB, 0xDEFC, 0xDEFC, 0xDEFC, 0xDEFC, 0xDF1C, 0xDF1C,
    0xDF1C, 0xDF1C, 0xDF1C, 0xDF1C, 0xDF1C, 0xDF1C, 0xDEFC, 0xDEFC, 0xDF1C, 0xDF1C, 0xDEFC, 0xDEFB,
    0xDEFB, 0xDEFC, 0xDF1C, 0xDEFC, 0xDEFC, 0xDEFB, 0xDF1B, 0xDF1B, 0xDF1C, 0xDF1C, 0xDF1C, 0xDF1C,
    0xDF1C, 0xDF1C, 0xDF1C, 0xDF1C, 0xDF1C, 0xDF1C, 0xDF1C, 0xE71C, 0xE71C, 0xE71C, 0xE71C, 0xE71C,
    0xDEFC, 0xDF1C, 0xDF1B, 0xDF1B, 0xDF1C, 0xDEFB, 0xDEFB, 0xDEFC, 0xDF1C, 0xDF1C, 0xDEFC, 0xDEFC,
    0xDEFC, 0xDF1C, 0xDF1C, 0xDF1C, 0xDF1C, 0xE71C, 0xDF1C, 0xDF1C, 0xE71C, 0xDEFC, 0xDF1C, 0xDEFC,
    0xDEFC, 0xDEFC, 0xDEFB, 0xEF7D, 0xB5D7, 0x0000, 0x0000, 0x0000, 0x0000, 0x0000, 0x0000, 0x0000,
    0x0000, 0x0000, 0x0000, 0x0000, 0x0000, 0x0000, 0xCE9A, 0xEF7D, 0xE71C, 0xE71C, 0xE71C, 0xE71C,
    0xDF1C, 0xDF1C, 0xDF1B, 0xDF1B, 0xDEFB, 0xDEFB, 0xDEFB, 0xDEFB, 0xDEFB, 0xDEFB, 0xDEFC, 0xDEFC,
    0xDEFC, 0xDEFC, 0xDEFC, 0xDF1C, 0xDF1C, 0xE71C, 0xDF1C, 0xDF1C, 0xDF1C, 0xDF1C, 0xDF1C, 0xDF1C,
    0xDEFC, 0xDEFC, 0xDEFC, 0xDEFB, 0xDEFB, 0xDF1B, 0xDF1C, 0xDF1C, 0xDF1B, 0xDF1B, 0xDF1B, 0xDF1B,
    0xDF1C, 0xDF1B, 0xDF1C, 0xDF1C, 0xDF1C, 0xDF1C, 0xDF1C, 0xDF1C, 0xDF1C, 0xDF1C, 0xDF1C, 0xE71C,
    0xE71C, 0xE71C, 0xE71C, 0xE71C, 0xDF1C, 0xDF1C, 0xDF1B, 0xDF1B, 0xDF1C, 0xDEFC, 0xDEFB, 0xDEFC,
    0xDF1C, 0xDF1C, 0xDF1C, 0xDEFC, 0xDEFB, 0xDF1C, 0xDF1C, 0xE71C, 0xDF1C, 0xDF1C, 0xDF1C, 0xDF1C,
    0xDF1C, 0xDF1C, 0xE71C, 0xDEFC, 0xDEFC, 0xE71C, 0xDF1B, 0xDEFB, 0xEF7D, 0xB5B6, 0x0000, 0x0000,
    0x0000, 0x0000, 0x0000, 0x0000, 0x0000, 0x0000, 0x0000, 0x0000, 0x0000, 0xC618, 0xEF5D, 0xDEFC,
    0xE73C, 0xE71C, 0xDF1C, 0xDF1C, 0xDF1C, 0xDEFB, 0xDF1B, 0xDF1B, 0xDEFB, 0xDEFB, 0xDEFB, 0xDEFB,
    0xDEFB, 0xDEFB, 0xDEFC, 0xDEFC, 0xDEFB, 0xDEFB, 0xDEFB, 0xDEFC, 0xDF1C, 0xDF1C, 0xDF1C, 0xDEFC,
    0xDEFC, 0xDEFC, 0xDEFC, 0xDF1C, 0xDEFC, 0xDEFC, 0xDEFC, 0xDF1C, 0xDF1C, 0xDF1C, 0xDF1C, 0xDF1C,
    0xDF1C, 0xDF1C, 0xE71C, 0xDF1C, 0xDF1C, 0xDF1C, 0xE71C, 0xE71C, 0xE71C, 0xE71C, 0xE71C, 0xDF1C,
    0xDF1C, 0xDF1C, 0xDF1C, 0xDF1C, 0xDF1C, 0xE71C, 0xE71C, 0xE71C, 0xE71C, 0xDF1C, 0xDF1C, 0xDF1B,
    0xDF1C, 0xDF1C, 0xDEFC, 0xDEFC, 0xDF1C, 0xDF1C, 0xDF1C, 0xDEFC, 0xDEFC, 0xDF1C, 0xDF1C, 0xDF1C,
    0xDF1C, 0xDF1C, 0xDF1C, 0xDEFC, 0xE71C, 0xDF1C, 0xDF1C, 0xDF1C, 0xDF1C, 0xE71C, 0xDF1C, 0xE71C,
    0xDF1C, 0xEF7D, 0xA514, 0x0000, 0x0000, 0x0000, 0x0000, 0x0000, 0x0000, 0x0000, 0x0000, 0x0000,
    0xAD75, 0xEF5D, 0xDEDB, 0xE71C, 0xDF1C, 0xDF1C, 0xDEFC, 0xDEFC, 0xDEFB, 0xDEFB, 0xDEFB, 0xDF1C,
    0xDEFC, 0xDEFB, 0xDEFB, 0xDEFB, 0xDEFB, 0xDEFB, 0xDF1C, 0xDF1C, 0xDEFC, 0xDEFB, 0xDEFB, 0xDEFC,
    0xDF1C, 0xDF1C, 0xDF1C, 0xDEFB, 0xDEFB, 0xDEFB, 0xDEFB, 0xDEFB, 0xDEFB, 0xDEFC, 0xDF1C, 0xDF1C,
    0xDF1C, 0xDF1C, 0xDF1C, 0xDF1C, 0xDF1C, 0xE71C, 0xE71C, 0xE71C, 0xE71C, 0xE71C, 0xE71C, 0xE71C,
    0xE71C, 0xE71C, 0xE71C, 0xDF1C, 0xDF1C, 0xDF1B, 0xDF1B, 0xDF1C, 0xDF1C, 0xE71C, 0xE71C, 0xE71C,
    0xE71C, 0xE71C, 0xE71C, 0xE71C, 0xDF1C, 0xDF1C, 0xDEFC, 0xDEFC, 0xDF1C, 0xDF1C, 0xDF1C, 0xDEFC,
    0xDF1C, 0xDF1C, 0xDEFB, 0xDF1B, 0xDF1B, 0xDF1C, 0xDEFC, 0xDEFC, 0xDF1C, 0xDF1C, 0xDF1C, 0xDF1C,
    0xDEFB, 0xDF1C, 0xDEFB, 0xDEFB, 0xDF1C, 0xDEFB, 0xEF7D, 0x6B6D, 0x0000, 0x0000, 0x0000, 0x0000,
    0x0000, 0x0000, 0x0000, 0x632C, 0xEF7E, 0xDF1C, 0xE71C, 0xDF1C, 0xDF1C, 0xDEFC, 0xDEFC, 0xDEFB,
    0xDEFB, 0xDEFB, 0xDEFB, 0xDF1C, 0xDEFB, 0xDEFB, 0xDEFB, 0xDEFB, 0xDEFB, 0xDEFB, 0xDEFC, 0xDEFC,
    0xDEFC, 0xDEFC, 0xDEFC, 0xDEFC, 0xDF1C, 0xDF1C, 0xDF1C, 0xDEFB, 0xDEFB, 0xDEFB, 0xDEFB, 0xDEFB,
    0xDEFB, 0xDEFC, 0xDF1C, 0xDF1C, 0xDEFC, 0xDEFC, 0xE71C, 0xDF1C, 0xE71C, 0xDF1C, 0xDF1C, 0xE71C,
    0xE71D, 0xE71D, 0xE71D, 0xE71D, 0xE71C, 0xE71C, 0xE71C, 0xE71C, 0xDF1B, 0xDF1B, 0xDF3B, 0xDF3B,
    0xE73B, 0xE73B, 0xDF1C, 0xDF1C, 0xE71C, 0xE71C, 0xE71C, 0xDF1C, 0xDF1C, 0xDF1C, 0xDEFC, 0xDEFC,
    0xDF1C, 0xDF1C, 0xDF1C, 0xDEFC, 0xDEFC, 0xDEFB, 0xDEFB, 0xDF1B, 0xDEFC, 0xDEFB, 0xDEFB, 0xDF1C,
    0xDF1C, 0xDF1C, 0xDF1C, 0xDF1C, 0xDEFB, 0xDF1C, 0xE71C, 0xDF1C, 0xDF1C, 0xDF1C, 0xE73C, 0xD6BB,
    0x0000, 0x0000, 0x0000, 0x0000, 0x0000, 0x0000, 0x0000, 0xC638, 0xE73D, 0xDF1C, 0xE73C, 0xDF1C,
    0xE71C, 0xDF1C, 0xDEFC, 0xDEFB, 0xDEFB, 0xDEFB, 0xDEFB, 0xDF1C, 0xDEFB, 0xDEFB, 0xDEFB, 0xDEFB,
    0xDEFB, 0xDEFB, 0xDEFB, 0xDEFB, 0xDEFC, 0xDEFC, 0xDEFC, 0xDF1C, 0xDF1C, 0xDF1C, 0xDF1C, 0xDF1C,
    0xDEFB, 0xDEFB, 0xDEFB, 0xDEFB, 0xDEFC, 0xDEFC, 0xDF1C, 0xDEFC, 0xDEFC, 0xDF1C, 0xDF1C, 0xE71C,
    0xE71C, 0xE71C, 0xE73C, 0xE73C, 0xE73D, 0xE73D, 0xE73D, 0xEF5D, 0xE75D, 0xE75D, 0xE75C, 0xE75C,
    0xE75C, 0xE75C, 0xE75C, 0xE75D, 0xE77D, 0xE77C, 0xE75C, 0xE73C, 0xE71C, 0xE71C, 0xE71C, 0xE71C,
    0xDEFC, 0xDEFC, 0xDEFC, 0xDEFC, 0xDEFC, 0xDF1C, 0xDF1C, 0xDF1C, 0xDEFC, 0xDEFB, 0xDEFB, 0xDF1C,
    0xDEFB, 0xDEFB, 0xDF1C, 0xDF1C, 0xDF1C, 0xDF1C, 0xDEFC, 0xDF1C, 0xDF1B, 0xDEFB, 0xDF1C, 0xE73C,
    0xE73C, 0xE73C, 0xDF1C, 0xE75D, 0x8C71, 0x0000, 0x0000, 0x0000, 0x0000, 0x0000, 0x738E, 0xEF9E,
    0xDF1C, 0xDF1C, 0xDF1C, 0xDF1C, 0xDF1C, 0xDF1C, 0xDEFC, 0xDEFC, 0xDEFB, 0xDEFB, 0xDEFB, 0xDF1C,
    0xDEFB, 0xDEFB, 0xDEFB, 0xDEFB, 0xDEFB, 0xDEFB, 0xDEFB, 0xDEFC, 0xDEFC, 0xDEFB, 0xDEFC, 0xDF1C,
    0xDF1C, 0xDF1C, 0xDF1C, 0xDF1C, 0xDEFC, 0xDEFC, 0xDEFC, 0xDF1C, 0xDEFC, 0xDEFC, 0xDEFC, 0xDEFC,
    0xDF1C, 0xDF1C, 0xDF1C, 0xDF1B, 0xE71C, 0xE73C, 0xDEFB, 0xD6DA, 0xD6BA, 0xD6DA, 0xD6BA, 0xD6BA,
    0xD69A, 0xD69A, 0xCE9A, 0xCE9A, 0xCE9A, 0xCE9A, 0xCE9A, 0xCEBA, 0xCEBA, 0xCE9A, 0xD6DA, 0xDF3B,
    0xE73C, 0xE71C, 0xE6FC, 0xE6FC, 0xDF1C, 0xDF1C, 0xDF1C, 0xDEFC, 0xDF1C, 0xDF1C, 0xDF1C, 0xDF1C,
    0xDEFB, 0xDEFB, 0xDEFB, 0xDEFC, 0xDEFC, 0xDEFC, 0xDF1C, 0xDF1C, 0xDF1C, 0xDEFC, 0xDEFC, 0xDEFC,
    0xDF1C, 0xDF1C, 0xDF1C, 0xDF1C, 0xDF1C, 0xE71C, 0xDF1C, 0xE73C, 0xD6BA, 0x0000, 0x0000, 0x0000,
    0x0000, 0x0000, 0x94B2, 0xEF9E, 0xDF1C, 0xE73C, 0xDF1C, 0xDF1C, 0xDF1C, 0xDF1C, 0xDEFB, 0xDEFB,
    0xDEFB, 0xDEFB, 0xDEFB, 0xDEFB, 0xDEFB, 0xDEFB, 0xDEFB, 0xDEFB, 0xDEFB, 0xDEFB, 0xDEFB, 0xDEFB,
    0xDEFB, 0xDEFB, 0xDEFC, 0xDF1C, 0xDF1C, 0xDF1C, 0xDF1C, 0xDF1C, 0xDF1C, 0xDEFC, 0xDF1C, 0xDF1C,
    0xDF1C, 0xDEFC, 0xDEFC, 0xDEFC, 0xDF1C, 0xDF1C, 0xDF1C, 0xDF1C, 0xE71C, 0xE75D, 0x528A, 0x0000,
    0x0000, 0x0000, 0x0000, 0x0000, 0x0000, 0x0000, 0x0000, 0x0000, 0x0000, 0x0000, 0x0000, 0x0000,
    0x0000, 0x0000, 0x3A08, 0xCEB9, 0xE75C, 0xE71C, 0xE6FC, 0xE71D, 0xDF1C, 0xDF1C, 0xDF1C, 0xDEFC,
    0xDF1C, 0xDF1C, 0xDF1C, 0xDEFB, 0xDEFB, 0xDEFB, 0xDEFB, 0xDEFB, 0xDEFC, 0xDEFC, 0xDEFC, 0xDF1C,
    0xDF1C, 0xDEFC, 0xDF1C, 0xDEFC, 0xDEFB, 0xDEFC, 0xDF1C, 0xDF1C, 0xE71C, 0xE71C, 0xDF1C, 0xE71C,
    0xDF1C, 0x4A69, 0x0000, 0x0000, 0x0000, 0x4208, 0xDF1C, 0xDF3C, 0xDF3C, 0xDF1C, 0xDF1C, 0xDF1C,
    0xDF1C, 0xDF1B, 0xDEFB, 0xDEFB, 0xDEFB, 0xDEFB, 0xDEFB, 0xDEFB, 0xDEFB, 0xDEFB, 0xDEFB, 0xDEFB,
    0xDEFB, 0xDEFB, 0xDEFB, 0xDEFB, 0xDEFB, 0xDEFB, 0xDEFC, 0xDF1C, 0xDF1C, 0xDF1C, 0xDF1C, 0xDF1C,
    0xDF1C, 0xDEFC, 0xDEFC, 0xDF1C, 0xDF1C, 0xDF1C, 0xDF1C, 0xDEFC, 0xDF1C, 0xDF1C, 0xDF1C, 0xE73C,
    0xE73C, 0xD6BA, 0x0000, 0x0000, 0x0000, 0x0000, 0x0000, 0x0000, 0x0000, 0x0000, 0x0000, 0x0000,
    0x0000, 0x0000, 0x0000, 0x0000, 0x0000, 0x0000, 0x528A, 0xEF7C, 0xDF3B, 0xE73C, 0xE71C, 0xE71C,
    0xDF1C, 0xDF1C, 0xDF1C, 0xDF1C, 0xDF1C, 0xDF1C, 0xDEFC, 0xDEFB, 0xDEFB, 0xDEFB, 0xDEFB, 0xDEFB,
    0xDEFB, 0xDEFB, 0xDEFB, 0xDEFB, 0xDEFB, 0xDEFC, 0xDEFC, 0xDEFB, 0xDEFB, 0xDEFC, 0xDF1C, 0xDF1C,
    0xDF1C, 0xE71C, 0xDF1C, 0xDF1C, 0xEF5D, 0x9CF3, 0x0000, 0x0000, 0x0000, 0x528A, 0xEF7D, 0xDEFC,
    0xDF3C, 0xDF1C, 0xDF1C, 0xDF1C, 0xDF1C, 0xDEFB, 0xDEFB, 0xDEFB, 0xDEFB, 0xDEFB, 0xDEFB, 0xDEFB,
    0xDEFB, 0xDEFB, 0xDEFB, 0xDEFB, 0xDEFB, 0xDEFB, 0xDEFB, 0xDEFB, 0xDEFB, 0xDEFB, 0xDEFC, 0xDEFC,
    0xDF1C, 0xDF1C, 0xDF1C, 0xDEFC, 0xDEFC, 0xDEFC, 0xDEFC, 0xDEFB, 0xDF1C, 0xDF1C, 0xDF1C, 0xDEFC,
    0xDEFC, 0xDF1C, 0xE71C, 0xE71C, 0xEF9E, 0x94D3, 0x0000, 0x0000, 0x0000, 0x0000, 0x0000, 0x0000,
    0x0000, 0x0000, 0x0000, 0x0000, 0x0000, 0x0000, 0x0000, 0x0000, 0x0000, 0x0000, 0x8C71, 0xEF9D,
    0xDF1A, 0xE71C, 0xE71C, 0xE71C, 0xDF1C, 0xDF1C, 0xDF1C, 0xDF1C, 0xDF1C, 0xDF1C, 0xDEFB, 0xDEFB,
    0xDEFB, 0xDEFB, 0xDEFB, 0xDEFB, 0xDEFB, 0xDEFB, 0xDEFB, 0xDEFB, 0xDEFB, 0xDEFB, 0xDEFB, 0xDEFB,
    0xDEFB, 0xDEFB, 0xDEFC, 0xDEFC, 0xDEFC, 0xDF1C, 0xE71C, 0xDF1C, 0xE73D, 0xBDD7, 0x0000, 0x0000,
    0x0000, 0x5ACB, 0xF7BE, 0xDF1C, 0xDF1C, 0xE71C, 0xE71C, 0xDF1C, 0xDF1C, 0xDEFC, 0xDEFC, 0xDEFB,
    0xDEFB, 0xDEFB, 0xDEFB, 0xDEFC, 0xDEFC, 0xDEFC, 0xDEFC, 0xDEFB, 0xDEFB, 0xDEFB, 0xDEFB, 0xDEFB,
    0xDEFB, 0xDEFC, 0xDF1C, 0xDEFC, 0xDEFC, 0xDEFC, 0xDEFC, 0xDEFC, 0xDEFB, 0xDEFC, 0xDF1C, 0xDF1C,
    0xDF1C, 0xDF1C, 0xDF1C, 0xDEFC, 0xDF1C, 0xDF1C, 0xDF1C, 0xE73C, 0xEF7D, 0x6B6D, 0x0000, 0x0000,
    0x0000, 0xBCE2, 0xBD01, 0xBCE0, 0xBCE0, 0xBD00, 0xBD00, 0xBCE0, 0xC501, 0xA421, 0x0000, 0x0000,
    0x0000, 0x0000, 0xD6DB, 0xE75C, 0xE71B, 0xDF1C, 0xDF1C, 0xE71C, 0xDF1C, 0xDEFB, 0xDEFB, 0xDEFC,
    0xDEFC, 0xDEFC, 0xDEFB, 0xDEFB, 0xDEFB, 0xDEFB, 0xDEFB, 0xDEFB, 0xDEFB, 0xDEFB, 0xDEFC, 0xDEFB,
    0xDEFB, 0xDEFB, 0xDEFB, 0xDEFB, 0xDEFB, 0xDEFB, 0xDEFC, 0xDEFC, 0xDEFC, 0xDF1C, 0xE71C, 0xDF1C,
    0xE75D, 0xCE7A, 0x0000, 0x0000, 0x0000, 0x630C, 0xF7BF, 0xDF1C, 0xDF1C, 0xE71C, 0xE71C, 0xDF1C,
    0xDF1C, 0xDF1C, 0xDEFC, 0xDEFB, 0xDEFB, 0xDEFB, 0xDEFC, 0xDEFC, 0xDEFC, 0xDEFC, 0xDEFC, 0xDEFB,
    0xDEFB, 0xDEFB, 0xDEFB, 0xDEFB, 0xDEFB, 0xDEFC, 0xDF1C, 0xDF1C, 0xDEFC, 0xDEFC, 0xDEFC, 0xDEFC,
    0xDEFC, 0xDF1C, 0xDF1C, 0xDF1C, 0xDF1C, 0xDF1C, 0xDF1C, 0xDF1C, 0xDF1C, 0xE71C, 0xDF1C, 0xEF5D,
    0xD6BA, 0x0000, 0x0000, 0x0000, 0x5A61, 0xFF01, 0xFEC0, 0xFEE0, 0xFEC0, 0xFEC0, 0xFEC0, 0xFEC0,
    0xFF20, 0xBCE1, 0x0000, 0x0000, 0x0000, 0x4229, 0xE73C, 0xE73C, 0xDF1B, 0xE71C, 0xE71C, 0xDF1C,
    0xDEFC, 0xDEFB, 0xDEFB, 0xDEFC, 0xDEFC, 0xDEFC, 0xDEFB, 0xDEFB, 0xDEFB, 0xDEFB, 0xDEFB, 0xDEFB,
    0xDEFB, 0xDEFB, 0xDF1C, 0xDEFB, 0xDEFB, 0xDEFB, 0xDEFB, 0xDEFB, 0xDEFB, 0xDEFB, 0xDEFC, 0xDEFC,
    0xDEFC, 0xDF1C, 0xDF1C, 0xDF1C, 0xE73D, 0xD6BB, 0x0000, 0x0000, 0x0000, 0x630C, 0xF7BE, 0xDF1C,
    0xE71C, 0xE71C, 0xE71C, 0xDF1C, 0xE71C, 0xDF1C, 0xDEFC, 0xDEFC, 0xDEFC, 0xDEFC, 0xDEFC, 0xDEFC,
    0xDEFC, 0xDEFC, 0xDEFC, 0xDEFB, 0xDEFB, 0xDEFB, 0xDEFB, 0xDEFB, 0xDEFB, 0xDF1C, 0xDF1C, 0xDF1C,
    0xDEFC, 0xDEFC, 0xDF1C, 0xDEFC, 0xDEFC, 0xDF1C, 0xDF1C, 0xDF1C, 0xDF1C, 0xDF1C, 0xDF1C, 0xDF1B,
    0xDF1B, 0xE71C, 0xE71C, 0xEF7D, 0xBDF7, 0x0000, 0x0000, 0x0000, 0x93C1, 0xFEE0, 0xF660, 0xF680,
    0xF680, 0xF680, 0xF680, 0xF680, 0xFEA0, 0x72C1, 0x0000, 0x0000, 0x0000, 0x9492, 0xEF9E, 0xE73C,
    0xE71C, 0xE71C, 0xE71C, 0xDF1C, 0xDF1C, 0xDEFC, 0xDEFC, 0xDEFC, 0xDEFB, 0xDEFC, 0xDEFB, 0xDEFB,
    0xDEFB, 0xDEFB, 0xDEFB, 0xDEFB, 0xDEFB, 0xDEFB, 0xDEFC, 0xDEFB, 0xDEFB, 0xDEFB, 0xDEFB, 0xDEFB,
    0xDEFB, 0xDF1B, 0xDEFC, 0xDEFC, 0xDEFC, 0xDF1C, 0xDF1C, 0xE71C, 0xE73C, 0xD69A, 0x0000, 0x0000,
    0x0000, 0x630C, 0xF7BE, 0xDF1C, 0xE71C, 0xE71C, 0xE71C, 0xE71C, 0xE71C, 0xDF1C, 0xDEFC, 0xDEFC,
    0xDEFC, 0xDEFC, 0xDEFC, 0xDEFC, 0xDEFC, 0xDEFC, 0xDEFC, 0xDEFC, 0xDEFC, 0xDEFB, 0xDEFB, 0xDEFC,
    0xDEFC, 0xDF1C, 0xDF1C, 0xDF1C, 0xDF1C, 0xDF1C, 0xDF1C, 0xDF1C, 0xDF1C, 0xDF1C, 0xDF1C, 0xDF1C,
    0xDF1C, 0xDF1C, 0xDF1C, 0xDF1B, 0xE71C, 0xE71C, 0xE71C, 0xE75D, 0x7BCF, 0x0000, 0x0000, 0x0000,
    0xCD81, 0xFEC0, 0xF660, 0xFE80, 0xFE80, 0xFE80, 0xFE80, 0xFEA0, 0xEE21, 0x0000, 0x0000, 0x0000,
    0x0000, 0xBDD7, 0xEF7D, 0xE73C, 0xE71C, 0xE71D, 0xE71C, 0xDEFC, 0xDF1C, 0xDF1C, 0xDEFC, 0xDEFC,
    0xDEFB, 0xDEFB, 0xDEFC, 0xDEFC, 0xDEFC, 0xDEFC, 0xDF1C, 0xDEFB, 0xDEFB, 0xDEFB, 0xDEFB, 0xDEFB,
    0xDEFB, 0xDEFB, 0xDEFB, 0xDEFB, 0xDF1B, 0xDF1C, 0xDEFC, 0xDF1C, 0xDF1C, 0xDF1C, 0xE71C, 0xE71C,
    0xE73C, 0xD69A, 0x0000, 0x0000, 0x0000, 0x5AEB, 0xF7BE, 0xDF1C, 0xE71C, 0xE71C, 0xE71C, 0xE71C,
    0xDF1C, 0xDF1C, 0xDEFC, 0xDEFC, 0xDEFC, 0xDEFC, 0xDEFC, 0xDEFC, 0xDF1C, 0xDF1C, 0xDF1C, 0xDEFC,
    0xDEFC, 0xDEFC, 0xDF1C, 0xDEFC, 0xDF1C, 0xDF1C, 0xDF1C, 0xDF1C, 0xDF1C, 0xDF1C, 0xDF1C, 0xDF1C,
    0xDF1C, 0xDF1C, 0xDF1C, 0xDF1C, 0xDF1C, 0xE71C, 0xE71C, 0xE71C, 0xE71C, 0xE71C, 0xE75D, 0xDEDB,
    0x0000, 0x0000, 0x0000, 0x49E0, 0xF681, 0xFEA0, 0xFE80, 0xFEA0, 0xFE80, 0xFE80, 0xFE60, 0xFEE1,
    0xC522, 0x0000, 0x0000, 0x0000, 0x5ACB, 0xE75D, 0xE73B, 0xE71C, 0xE6FC, 0xE71D, 0xE71C, 0xDF1C,
    0xDF1C, 0xDF1C, 0xDF1C, 0xDEFC, 0xDF1C, 0xDF1C, 0xDF1C, 0xDF1C, 0xDEFC, 0xDEFC, 0xDF1C, 0xDF1C,
    0xDF1C, 0xDF1C, 0xDEFC, 0xDEFB, 0xDEFB, 0xDEFC, 0xDEFC, 0xDEFC, 0xDF1C, 0xDF1C, 0xDF1C, 0xE71C,
    0xE71C, 0xE71C, 0xE71C, 0xE73C, 0xE73D, 0xD69A, 0x0000, 0x0000, 0x0000, 0x52AA, 0xEF9E, 0xDF1C,
    0xE71C, 0xE71C, 0xDF1C, 0xDF1C, 0xDF1C, 0xDF1C, 0xDEFC, 0xDEFC, 0xDEFC, 0xDEFC, 0xDEFC, 0xDF1C,
    0xDF1C, 0xDF1C, 0xDF1C, 0xDEFC, 0xDF1B, 0xDF1C, 0xDEFC, 0xDF1C, 0xDF1C, 0xDEFC, 0xDEFC, 0xDF1C,
    0xDF1C, 0xDF1C, 0xDF1C, 0xDF1C, 0xDF1C, 0xDF1C, 0xDF1C, 0xDF1C, 0xDF1C, 0xE71C, 0xDF1C, 0xDF1C,
    0xE71C, 0xE71C, 0xEF7D, 0xBE18, 0x0000, 0x0000, 0x0000, 0x7B61, 0xFF00, 0xF680, 0xFE80, 0xFE80,
    0xFE80, 0xFE80, 0xFE80, 0xFEE0, 0x8B81, 0x0000, 0x0000, 0x0000, 0x8451, 0xEF7D, 0xDF1B, 0xE71C,
    0xE71D, 0xE6FC, 0xE71C, 0xDF1C, 0xDF1C, 0xDF1C, 0xDF1C, 0xDF1C, 0xDF1C, 0xDF1C, 0xDF1C, 0xDEFC,
    0xDEFC, 0xDEFC, 0xDEFC, 0xDF1C, 0xDF1C, 0xDF1C, 0xDEFC, 0xDEFC, 0xDEFB, 0xDEFC, 0xDEFC, 0xDF1C,
    0xDF1C, 0xDF1C, 0xDF1C, 0xE71C, 0xE71C, 0xE71C, 0xE71C, 0xE73C, 0xE75D, 0xC618, 0x0000, 0x0000,
    0x0000, 0x52AA, 0xEF9E, 0xDF1C, 0xDF1C, 0xDF1C, 0xDF1C, 0xDEFC, 0xDEFC, 0xDEFC, 0xDEFC, 0xDEFC,
    0xDEFC, 0xDEFC, 0xDEFC, 0xDF1C, 0xDF1C, 0xDF1C, 0xDF1C, 0xDF1C, 0xDEFC, 0xDEFC, 0xDEFC, 0xDF1C,
    0xDF1C, 0xDEFC, 0xDEFC, 0xDF1C, 0xDF1C, 0xDF1C, 0xDF1C, 0xDF1C, 0xDF1C, 0xDF1C, 0xDF1C, 0xDF1C,
    0xDF1B, 0xE71C, 0xE71C, 0xE71C, 0xE73C, 0xE71C, 0xEF7D, 0xA534, 0x0000, 0x0000, 0x0000, 0x9C21,
    0xFF00, 0xF680, 0xF640, 0xFE60, 0xFE60, 0xFE80, 0xFEA0, 0xF660, 0x3960, 0x0000, 0x0000, 0x0000,
    0xCE9A, 0xE75B, 0xE71B, 0xE71C, 0xE71D, 0xE6FC, 0xDF1C, 0xDF1C, 0xDF1C, 0xDF1C, 0xE71C, 0xDF1C,
    0xDEFB, 0xDEFC, 0xDF1C, 0xDEFC, 0xDF1C, 0xDF1C, 0xDF1C, 0xDF1C, 0xDF1C, 0xDF1C, 0xDF1C, 0xDEFC,
    0xDEFC, 0xDEFC, 0xDEFB, 0xDF1C, 0xDF1C, 0xDF1C, 0xDF1C, 0xDF1C, 0xDF1C, 0xE71C, 0xE71C, 0xE73C,
    0xEF7E, 0xAD76, 0x0000, 0x0000, 0x0000, 0x0000, 0xC618, 0xE75D, 0xDF1C, 0xE73D, 0xE71C, 0xDEFC,
    0xDEFC, 0xDF1C, 0xDEFC, 0xDEFC, 0xDEFC, 0xDEFC, 0xDEFC, 0xDF1C, 0xDF1C, 0xE71C, 0xE71C, 0xDF1C,
    0xDF1C, 0xDF1C, 0xDF1C, 0xDF1C, 0xDF1C, 0xDEFC, 0xDEFC, 0xDF1C, 0xDEFC, 0xDF1C, 0xDF1C, 0xDF1C,
    0xDF1C, 0xDF1C, 0xDF1C, 0xDF1C, 0xDF1C, 0xE71C, 0xE71C, 0xE71C, 0xE71C, 0xE73C, 0xE71B, 0x4A49,
    0x0000, 0x0000, 0x0000, 0xE621, 0xFEA0, 0xF680, 0xFE60, 0xFE60, 0xF660, 0xFE80, 0xFEE0, 0xD561,
    0x0000, 0x0000, 0x0000, 0x39E8, 0xDF1B, 0xE73B, 0xE71B, 0xE71C, 0xE71C, 0xE71C, 0xDF1C, 0xDF1C,
    0xDF1C, 0xDF1B, 0xDF1C, 0xDF1C, 0xDF1C, 0xDF1C, 0xDF1C, 0xDF1C, 0xDF1C, 0xDF1C, 0xDF1C, 0xDF1C,
    0xDF1C, 0xDF1C, 0xDF1C, 0xDF1C, 0xDF1C, 0xDF1C, 0xDEFC, 0xDEFC, 0xDF1C, 0xDF1C, 0xDF1C, 0xDF1C,
    0xE71C, 0xE71C, 0xE73C, 0xE71C, 0xE75D, 0x5ACB, 0x0000, 0x0000, 0x0000, 0x0000, 0x94D3, 0xEF9E,
    0xDF1C, 0xDF1C, 0xDF1C, 0xDF1C, 0xDF1C, 0xDF1C, 0xE71C, 0xE71C, 0xE71C, 0xDEFC, 0xDEFC, 0xDF1C,
    0xDF1C, 0xE71C, 0xE71C, 0xE71C, 0xDF1C, 0xDF1C, 0xDF1C, 0xDEFC, 0xDEFC, 0xDEFC, 0xDEFC, 0xDEFB,
    0xDEFB, 0xDF1C, 0xE71C, 0xDF1C, 0xE71C, 0xDF1C, 0xDF1C, 0xDF1C, 0xE71C, 0xE71C, 0xE71C, 0xDF1C,
    0xE71C, 0xE75D, 0xD6DA, 0x0000, 0x0000, 0x0000, 0x41C0, 0xFEE1, 0xFEA0, 0xFE80, 0xFE60, 0xFE60,
    0xFE80, 0xF680, 0xFEE1, 0x93E1, 0x0000, 0x0000, 0x0000, 0x94B2, 0xEF7C, 0xE71B, 0xE71C, 0xE71D,
    0xE71D, 0xE71C, 0xDF3C, 0xDF1C, 0xDF1C, 0xE71C, 0xDF1C, 0xDF1C, 0xDF1C, 0xDF1C, 0xDF1C, 0xDF1C,
    0xDF1C, 0xDF1C, 0xDF1C, 0xDF1C, 0xDF1C, 0xDEFC, 0xDF1C, 0xDF1C, 0xDF1C, 0xDF1C, 0xDEFC, 0xDEFC,
    0xDF1C, 0xDF1C, 0xDF1C, 0xDF1C, 0xE71C, 0xE73D, 0xE73D, 0xEF5D, 0xD6BA, 0x0000, 0x0000, 0x0000,
    0x0000, 0x0000, 0x4228, 0xE73C, 0xDF1C, 0xDF1C, 0xE71C, 0xE71C, 0xDF1C, 0xE71C, 0xE71C, 0xE71C,
    0xE71C, 0xDF1C, 0xDEFC, 0xDF1C, 0xDF1C, 0xE71C, 0xE71C, 0xDF1C, 0xDF1C, 0xDEFC, 0xDEFC, 0xDEFC,
    0xDEFC, 0xDEFC, 0xDEFC, 0xDEFC, 0xDEFB, 0xDF1C, 0xDF1C, 0xDF1C, 0xE71C, 0xDF1C, 0xDF1C, 0xE71C,
    0xDF1C, 0xE71C, 0xE71C, 0xE71C, 0xDF1C, 0xF79E, 0xA534, 0x0000, 0x0000, 0x0000, 0x8B60, 0xFEC0,
    0xFE80, 0xFE80, 0xFE80, 0xFE60, 0xFEA0, 0xFEA0, 0xFEE1, 0x6281, 0x0000, 0x0000, 0x0000, 0xBDD6,
    0xEF7C, 0xE73B, 0xE73C, 0xE71D, 0xE71D, 0xE73C, 0xE73C, 0xE73C, 0xE73C, 0xE73C, 0xE71C, 0xDEFB,
    0xDF1C, 0xDF1C, 0xDF1C, 0xDF1C, 0xDF1C, 0xDF1C, 0xDF1C, 0xDF1C, 0xDF1C, 0xDF1C, 0xDF1C, 0xDF1C,
    0xDF1C, 0xDF1C, 0xDF1C, 0xDEFC, 0xDF1C, 0xDF1C, 0xE71C, 0xE71C, 0xE71C, 0xE71C, 0xE71C, 0xF79E,
    0x9CD3, 0x0000, 0x0000, 0x0000, 0x0000, 0x0000, 0x0000, 0xA534, 0xEF7E, 0xE71C, 0xE71C, 0xE71C,
    0xE71C, 0xE71C, 0xE71C, 0xE71C, 0xE71C, 0xDF1C, 0xDF1C, 0xDF1C, 0xDF1C, 0xDF1C, 0xDF1C, 0xDF1C,
    0xDF1C, 0xDEFC, 0xDEFC, 0xDEFC, 0xDEFC, 0xDEFC, 0xDEFC, 0xDEFC, 0xDEFB, 0xDF1C, 0xDF1C, 0xDF1C,
    0xDF1C, 0xDF1C, 0xE71C, 0xDF1C, 0xDF1C, 0xE71C, 0xE71C, 0xDF1C, 0xDF1C, 0xEF7D, 0x73AE, 0x0000,
    0x0000, 0x0000, 0xCD80, 0xFEC0, 0xF680, 0xFE80, 0xFE80, 0xFE80, 0xFE80, 0xFEE0, 0xDDE1, 0x0000,
    0x0000, 0x0000, 0x0000, 0xDEFB, 0xEF5D, 0xE73C, 0xE71C, 0xE71C, 0xE71C, 0xE71C, 0xDF1C, 0xDF1C,
    0xDEFB, 0xE71C, 0xE71C, 0xDF1C, 0xDF1C, 0xDF1C, 0xDF1C, 0xDEFC, 0xDEFC, 0xDEFC, 0xDEFC, 0xDEFC,
    0xDEFC, 0xDF1C, 0xDF1C, 0xDF1C, 0xDF1C, 0xDF1C, 0xDF1C, 0xDF1C, 0xDF1C, 0xDF1C, 0xE71C, 0xE71C,
    0xE71C, 0xE71C, 0xE73D, 0xDEFB, 0x39C7, 0x0000, 0x0000, 0x0000, 0x0000, 0x0000, 0x0000, 0x31A6,
    0xDEDB, 0xE73C, 0xE71C, 0xE73C, 0xE71C, 0xDF1C, 0xE71C, 0xE71C, 0xE71C, 0xDF1C, 0xDF1C, 0xDF1C,
    0xDF1C, 0xDF1C, 0xE71C, 0xDF1C, 0xDF1C, 0xDEFC, 0xDF1C, 0xDEFC, 0xDEFC, 0xDEFC, 0xDEFC, 0xDEFC,
    0xDEFC, 0xDEFC, 0xDF1C, 0xDEFC, 0xE71C, 0xE71C, 0xE71C, 0xDF1C, 0xDF1C, 0xE6FC, 0xE71C, 0xDF1C,
    0xE77D, 0xD6BA, 0x0000, 0x0000, 0x0000, 0x0000, 0xE621, 0xFEA0, 0xF660, 0xFE80, 0xFE80, 0xFEA0,
    0xF680, 0xFEE0, 0xACA1, 0x0000, 0x0000, 0x0000, 0x0000, 0x31A6, 0x31A7, 0x31A7, 0x0000, 0x0000,
    0x31A6, 0x0000, 0x0000, 0x0000, 0x8C51, 0xEF7D, 0xE71C, 0xDF1C, 0xE71C, 0xDF1C, 0xDF1C, 0xDEFC,
    0xDF1C, 0xDF1C, 0xDF1C, 0xDF1C, 0xDEFC, 0xDEFC, 0xDF1C, 0xDF1C, 0xDF1C, 0xDF1C, 0xE71C, 0xE71C,
    0xE71C, 0xE71C, 0xE71C, 0xE71C, 0xE71C, 0xDF1C, 0xEF7D, 0x7BEF, 0x0000, 0x0000, 0x0000, 0x0000,
    0x0000, 0x0000, 0x0000, 0x0000, 0x6B6D, 0xEF7E, 0xE73C, 0xE73C, 0xE73C, 0xE73C, 0xE71C, 0xE71C,
    0xE71C, 0xDF1C, 0xDF1C, 0xDF1C, 0xE71C, 0xDF1C, 0xDF1C, 0xDF1C, 0xDF1C, 0xDF1C, 0xDF1C, 0xDF1C,
    0xDF1C, 0xDEFC, 0xDEFC, 0xDEFC, 0xDEFC, 0xDEFC, 0xDEFC, 0xDEFC, 0xDEFC, 0xE71C, 0xE71C, 0xDF1C,
    0xE71C, 0xE6FC, 0xE71C, 0xDF3B, 0xE77C, 0xBDF7, 0x0000, 0x0000, 0x0000, 0x7301, 0xFEC1, 0xFEA0,
    0xFE80, 0xFE80, 0xFE80, 0xFE80, 0xF6A0, 0xFEE0, 0x6AE1, 0x0000, 0x0000, 0x0000, 0x0000, 0x0000,
    0x0000, 0x0000, 0x0000, 0x0000, 0x0000, 0x0000, 0x0000, 0x0000, 0xAD75, 0xEF7D, 0xDF1C, 0xE71C,
    0xDF1C, 0xDF1C, 0xDF1C, 0xDF1C, 0xDF1C, 0xE71C, 0xE71C, 0xDF1C, 0xDF1C, 0xDF1C, 0xDF1C, 0xDF1C,
    0xE71C, 0xE71C, 0xDF1C, 0xE71C, 0xDF1C, 0xDF1B, 0xE73C, 0xDF1B, 0xDEFB, 0xF79E, 0xAD75, 0x0000,
    0x0000, 0x0000, 0x0000, 0x0000, 0x0000, 0x0000, 0x0000, 0x0000, 0x0000, 0x8C71, 0xF79E, 0xE73C,
    0xE73C, 0xE71C, 0xDF1C, 0xDEFC, 0xDF1C, 0xE71C, 0xDF1C, 0xDF1C, 0xE71C, 0xE71C, 0xDF1C, 0xDF1C,
    0xDF1C, 0xDF1C, 0xE71C, 0xDF1C, 0xE71C, 0xDEFC, 0xDEFC, 0xDEFC, 0xDEFC, 0xDEFC, 0xDEFC, 0xDF1C,
    0xDF1C, 0xDF1C, 0xE71C, 0xDF1C, 0xDF1C, 0xE6FC, 0xE71C, 0xDF1B, 0xE75C, 0x6B6D, 0x0000, 0x0000,
    0x0000, 0x9C21, 0xFF00, 0xF660, 0xFE60, 0xFE80, 0xFE60, 0xF660, 0xFEC0, 0xEE40, 0x0000, 0x0000,
    0x0000, 0x0000, 0x0000, 0x0000, 0x0000, 0x0000, 0x0000, 0x0000, 0x0000, 0x0000, 0x0000, 0x4A69,
    0xEF5D, 0xE71C, 0xE73C, 0xE71C, 0xE71C, 0xDF1C, 0xDF1C, 0xDF1C, 0xDF1C, 0xE71C, 0xE71C, 0xDF1C,
    0xDF1C, 0xDF1C, 0xE71C, 0xE71C, 0xE71C, 0xE71C, 0xE71C, 0xE73C, 0xE71C, 0xE73C, 0xDF1B, 0xDF1B,
    0xEF9D, 0xB5B6, 0x0000, 0x0000, 0x0000, 0x0000, 0x0000, 0x0000, 0x0000, 0x0000, 0x0000, 0x0000,
    0x0000, 0x0000, 0x8C92, 0xEF7E, 0xE75D, 0xE71C, 0xE73C, 0xE73D, 0xDF1C, 0xDF1C, 0xDF1C, 0xDF1C,
    0xDF1C, 0xDF1C, 0xDF1C, 0xDF1C, 0xDF1C, 0xDF1C, 0xDF1C, 0xDF1C, 0xDF1C, 0xDF1C, 0xDF1C, 0xDF1C,
    0xDF1C, 0xDF1C, 0xDF1C, 0xE71C, 0xDF1C, 0xDF1C, 0xDF1C, 0xE73C, 0xDF1B, 0xE71C, 0xE71D, 0xDF1B,
    0xE73C, 0x31A6, 0x0000, 0x0000, 0x0000, 0xE601, 0xFEC0, 0xFE60, 0xFE60, 0xFE80, 0xF660, 0xFE80,
    0xFEC0, 0xDDA1, 0x6A83, 0x49E1, 0x5200, 0x5201, 0x5200, 0x5200, 0x5220, 0x5A41, 0x49E1, 0x0000,
    0x0000, 0x0000, 0x0000, 0xA534, 0xEF9D, 0xDF1B, 0xE73D, 0xDF1C, 0xE71C, 0xDF1C, 0xDF1C, 0xDF1C,
    0xE71C, 0xE71C, 0xE71C, 0xE71C, 0xDF1C, 0xE71C, 0xE71C, 0xE71C, 0xE71C, 0xE73C, 0xE73C, 0xE71C,
    0xDEFB, 0xDF1C, 0xE73C, 0xF79E, 0xB596, 0x0000, 0x0000, 0x0000, 0x0000, 0x0000, 0x0000, 0x0000,
    0x0000, 0x0000, 0x0000, 0x0000, 0x0000, 0x0000, 0x0000, 0x6B4D, 0xDF1C, 0xEF7E, 0xDF1C, 0xDF1C,
    0xE73D, 0xE73D, 0xE73C, 0xE71C, 0xE71C, 0xE71C, 0xE71C, 0xE71C, 0xE71C, 0xE71C, 0xDF1C, 0xDF1C,
    0xDF1C, 0xE71C, 0xE71C, 0xE71C, 0xE71C, 0xDF1C, 0xE71C, 0xE71C, 0xE71C, 0xE71C, 0xDF1C, 0xDF3C,
    0xDF1B, 0xE71C, 0xE6FC, 0xEF7E, 0xAD75, 0x0000, 0x0000, 0x0000, 0x41A0, 0xFEA1, 0xF6A0, 0xFE60,
    0xFE80, 0xFE80, 0xF660, 0xFE80, 0xFE80, 0xF660, 0xFE81, 0xFE80, 0xFE80, 0xFE80, 0xFE80, 0xFE80,
    0xFEA0, 0xFF01, 0xA401, 0x0000, 0x0000, 0x0000, 0x39E7, 0xDEFB, 0xE75D, 0xE71C, 0xE73D, 0xDF1C,
    0xE73C, 0xDF1C, 0xE71C, 0xE71C, 0xE71C, 0xE71C, 0xE71C, 0xE71C, 0xE71C, 0xE71C, 0xE73C, 0xE73D,
    0xE73C, 0xE71C, 0xE73D, 0xE73C, 0xE75D, 0xEF9E, 0xDF1C, 0x9492, 0x0000, 0x0000, 0x0000, 0x0000,
    0x0000, 0x0000, 0x0000, 0x0000, 0x0000, 0x0000, 0x0000, 0x0000, 0x0000, 0x0000, 0x0000, 0x0000,
    0x39C7, 0xB596, 0xE73D, 0xEF7E, 0xE73C, 0xE73D, 0xE73D, 0xE73C, 0xE71C, 0xE71C, 0xDF1C, 0xDF1C,
    0xDF1C, 0xDF1C, 0xDF1C, 0xDF1C, 0xDF1C, 0xDF1C, 0xE71C, 0xE71C, 0xE71C, 0xDF1C, 0xDF1C, 0xDF1C,
    0xDF1C, 0xDF1C, 0xDF1C, 0xDF3B, 0xDF1B, 0xE71C, 0xDEFC, 0xF79F, 0x7BCF, 0x0000, 0x0000, 0x0000,
    0x7B40, 0xFEE0, 0xF680, 0xFE80, 0xFE80, 0xF660, 0xF660, 0xFE80, 0xFE80, 0xFE80, 0xFE80, 0xFE60,
    0xFE60, 0xFE80, 0xFE80, 0xFEA0, 0xFEE0, 0xEE21, 0x0000, 0x0000, 0x0000, 0x0000, 0x9CF3, 0xEF9E,
    0xDF1B, 0xE73D, 0xDF1C, 0xE73C, 0xE73C, 0xDF1C, 0xDF1C, 0xDF1C, 0xDF1C, 0xDF1C, 0xDF1C, 0xDF1C,
    0xE71C, 0xE71C, 0xE71C, 0xE71C, 0xE73C, 0xE75D, 0xEF7D, 0xEF7D, 0xE71C, 0xB5B7, 0x5269, 0x0000,
    0x0000, 0x0000, 0x0000, 0x0000, 0x0000, 0x0000, 0x0000, 0x0000, 0x0000, 0x0000, 0x0000, 0x0000,
    0x0000, 0x0000, 0x0000, 0x0000, 0x0000, 0x0000, 0x52AA, 0xB5B6, 0xD69A, 0xDF1C, 0xE75D, 0xE75D,
    0xEF7D, 0xEF7E, 0xE75D, 0xE75D, 0xE75D, 0xE75D, 0xE75D, 0xEF5D, 0xEF5D, 0xEF5D, 0xEF7D, 0xEF7D,
    0xEF7D, 0xEF7D, 0xEF7D, 0xE75D, 0xE77D, 0xE77D, 0xE77D, 0xEF7D, 0xE77C, 0xEF5D, 0xEF5E, 0xEF5E,
    0x4208, 0x0000, 0x0000, 0x0000, 0xBCE1, 0xFF00, 0xF680, 0xFE80, 0xFE80, 0xFE60, 0xF660, 0xFE60,
    0xFE80, 0xFE80, 0xFE80, 0xFE80, 0xFE60, 0xFE80, 0xFEA0, 0xFEA0, 0xFF20, 0x9C20, 0x0000, 0x0000,
    0x0000, 0x31C7, 0xE75D, 0xEF7D, 0xEF7D, 0xE77D, 0xE75D, 0xEF7D, 0xE75D, 0xE75D, 0xE75D, 0xE75D,
    0xE75D, 0xE75D, 0xE75D, 0xE75D, 0xE75D, 0xEF5D, 0xEF5D, 0xEF5D, 0xEF5D, 0xE71C, 0xDEDB, 0xAD55,
    0x630C, 0x0000, 0x0000, 0x0000, 0x0000, 0x0000, 0x0000, 0x0000, 0x0000, 0x0000, 0x0000, 0x0000,
    0x0000, 0x0000, 0x0000, 0x0000, 0x0000, 0x0000, 0x0000, 0x0000, 0x0000, 0x0000, 0x0000, 0x0000,
    0x0000, 0x5B0C, 0x9D14, 0xAD75, 0xBDF8, 0xC638, 0xC618, 0xBE18, 0xBE18, 0xBE18, 0xBE18, 0xC618,
    0xC618, 0xC618, 0xC618, 0xC638, 0xC618, 0xC638, 0xC638, 0xC638, 0xC638, 0xC639, 0xC638, 0xC659,
    0xBE18, 0xC638, 0xC639, 0xB5B7, 0x0000, 0x0000, 0x0000, 0x41A1, 0xF681, 0xFEA0, 0xFE80, 0xFE80,
    0xFE60, 0xFE80, 0xFE60, 0xFE60, 0xFE60, 0xFE80, 0xFE80, 0xFE80, 0xFE80, 0xFEA0, 0xFEA0, 0xFEC0,
    0xF680, 0x49C0, 0x0000, 0x0000, 0x0000, 0x7C10, 0xCE9A, 0xC618, 0xC618, 0xBE18, 0xC618, 0xC618,
    0xC618, 0xBE18, 0xC618, 0xBE18, 0xBE18, 0xC618, 0xC618, 0xC618, 0xC639, 0xC618, 0xB5D7, 0xAD75,
    0x9CF4, 0x528A, 0x0000, 0x0000, 0x0000, 0x0000, 0x0000, 0x0000, 0x0000, 0x0000, 0x0000, 0x0000,
    0x0000, 0x0000, 0x0000, 0x0000, 0x0000, 0x0000, 0x0000, 0x0000, 0x0000, 0x0000, 0x0000, 0x0000,
    0x0000, 0x0000, 0x0000, 0x0000, 0x0000, 0x0000, 0x0000, 0x0000, 0x0000, 0x0000, 0x0000, 0x0000,
    0x0000, 0x0000, 0x0000, 0x0000, 0x0000, 0x0000, 0x0000, 0x0000, 0x0000, 0x0000, 0x0000, 0x0000,
    0x0000, 0x0000, 0x0000, 0x0000, 0x0000, 0x0000, 0x0000, 0x0000, 0x0000, 0x0000, 0x0000, 0x62A1,
    0xFF00, 0xFE80, 0xFE80, 0xFE80, 0xFE60, 0xFE60, 0xFE60, 0xFE60, 0xFE80, 0xFE80, 0xFE80, 0xFE80,
    0xFEA0, 0xFEA0, 0xFEA0, 0xFF01, 0xB481, 0x0000, 0x0000, 0x0000, 0x0000, 0x0000, 0x0000, 0x0000,
    0x0000, 0x0000, 0x0000, 0x0000, 0x0000, 0x0000, 0x0000, 0x0000, 0x0000, 0x0000, 0x0000, 0x0000,
    0x0000, 0x0000, 0x0000, 0x0000, 0x0000, 0x0000, 0x0000, 0x0000, 0x0000, 0x0000, 0x0000, 0x0000,
    0x0000, 0x0000, 0x0000, 0x0000, 0x0000, 0x0000, 0x0000, 0x0000, 0x0000, 0x0000, 0x0000, 0x0000,
    0x0000, 0x0000, 0x0000, 0x0000, 0x0000, 0x0000, 0x0000, 0x0000, 0x0000, 0x0000, 0x0000, 0x0000,
    0x0000, 0x0000, 0x0000, 0x0000, 0x0000, 0x0000, 0x0000, 0x0000, 0x0000, 0x0000, 0x0000, 0x0000,
    0x0000, 0x0000, 0x0000, 0x0000, 0x0000, 0x0000, 0x0000, 0x0000, 0x0000, 0x0000, 0x0000, 0x0000,
    0x0000, 0x0000, 0x0000, 0xAC60, 0xFEE0, 0xFE60, 0xFE80, 0xFE60, 0xFE80, 0xFE60, 0xFE60, 0xFE60,
    0xFE80, 0xFE80, 0xFE80, 0xFEA0, 0xFE80, 0xFE80, 0xFEA1, 0xF6A2, 0x41C0, 0x0000, 0x0000, 0x0000,
    0x0000, 0x0000, 0x0000, 0x0000, 0x0000, 0x0000, 0x0000, 0x0000, 0x0000, 0x0000, 0x0000, 0x0000,
    0x0000, 0x0000, 0x0000, 0x0000, 0x0000, 0x0000, 0x0000, 0x0000, 0x0000, 0x0000, 0x0000, 0x0000,
    0x0000, 0x0000, 0x0000, 0x0000, 0x0000, 0x0000, 0x0000, 0x0000, 0x0000, 0x0000, 0x0000, 0x0000,
    0x0000, 0x0000, 0x0000, 0x0000, 0x0000, 0x0000, 0x0000, 0x0000, 0x0000, 0x0000, 0x0000, 0x0000,
    0x0000, 0x0000, 0x0000, 0x0000, 0x0000, 0x0000, 0x0000, 0x0000, 0x0000, 0x0000, 0x0000, 0x0000,
    0x0000, 0x0000, 0x0000, 0x0000, 0x0000, 0x0000, 0x0000, 0x0000, 0x0000, 0x0000, 0x0000, 0x0000,
    0x0000, 0x0000, 0x0000, 0x0000, 0x0000, 0x0000, 0x0000, 0xE620, 0xFEC0, 0xFE80, 0xFE80, 0xFE80,
    0xFE80, 0xFE60, 0xFE60, 0xFE60, 0xFE80, 0xFE80, 0xFE80, 0xFE80, 0xFE80, 0xF680, 0xFEC1, 0xB481,
    0x0000, 0x0000, 0x0000, 0x0000, 0x0000, 0x0000, 0x0000, 0x0000, 0x0000, 0x0000, 0x0000, 0x0000,
    0x0000, 0x0000, 0x0000, 0x0000, 0x0000, 0x0000, 0x0000, 0x0000, 0x0000, 0x0000, 0x0000, 0x0000,
    0x0000, 0x0000, 0x0000, 0x0000, 0x0000, 0x0000, 0x0000, 0x0000, 0x0000, 0x0000, 0x0000, 0x0000,
    0x0000, 0x0000, 0x0000, 0x0000, 0x0000, 0x0000, 0x0000, 0x0000, 0x0000, 0x0000, 0x0000, 0x0000,
    0x0000, 0x0000, 0x0000, 0x0000, 0x0000, 0x0000, 0x0000, 0x0000, 0x0000, 0x0000, 0x0000, 0x0000,
    0x0000, 0x0000, 0x0000, 0x0000, 0x0000, 0x0000, 0x0000, 0x0000, 0x0000, 0x0000, 0x0000, 0x0000,
    0x0000, 0x0000, 0x0000, 0x0000, 0x0000, 0x0000, 0x0000, 0x0000, 0x0000, 0x0000, 0x5A40, 0xFF41,
    0xFF20, 0xFF00, 0xFF00, 0xFEE0, 0xFF00, 0xFEE0, 0xFF00, 0xFEE0, 0xFE80, 0xFE60, 0xFE80, 0xFE60,
    0xFE80, 0xFEA0, 0xFE81, 0x5220, 0x0000, 0x0000, 0x0000, 0x0000, 0x0000, 0x0000, 0x0000, 0x0000,
    0x0000, 0x0000, 0x0000, 0x0000, 0x0000, 0x0000, 0x0000, 0x0000, 0x0000, 0x0000, 0x0000, 0x0000,
    0x0000, 0x0000, 0x0000, 0x0000, 0x0000, 0x0000, 0x0000, 0x0000, 0x0000, 0x0000, 0x0000, 0x0000,
    0x0000, 0x0000, 0x0000, 0x0000, 0x0000, 0x0000, 0x0000, 0x0000, 0x0000, 0x0000, 0x0000, 0x0000,
    0x0000, 0x0000, 0x0000, 0x0000, 0x0000, 0x0000, 0x0000, 0x0000, 0x0000, 0x0000, 0x0000, 0x0000,
    0x0000, 0x0000, 0x0000, 0x0000, 0x0000, 0x0000, 0x0000, 0x0000, 0x0000, 0x0000, 0x0000, 0x0000,
    0x0000, 0x0000, 0x0000, 0x0000, 0x0000, 0x0000, 0x0000, 0x0000, 0x0000, 0x0000, 0x0000, 0x0000,
    0x0000, 0x0000, 0x6AE1, 0xD5E1, 0xC521, 0xBD21, 0xBD01, 0xBCE1, 0xBCE1, 0xBCE1, 0xBCC0, 0xC520,
    0xF680, 0xFEA0, 0xFE80, 0xFE80, 0xFE80, 0xFEC1, 0xC501, 0x0000, 0x0000, 0x0000, 0x0000, 0x0000,
    0x0000, 0x0000, 0x0000, 0x0000, 0x0000, 0x0000, 0x0000, 0x0000, 0x0000, 0x0000, 0x0000, 0x0000,
    0x0000, 0x0000, 0x0000, 0x0000, 0x0000, 0x0000, 0x0000, 0x0000, 0x0000, 0x0000, 0x0000, 0x0000,
    0x0000, 0x0000, 0x0000, 0x0000, 0x0000, 0x0000, 0x0000, 0x0000, 0x0000, 0x0000, 0x0000, 0x0000,
    0x0000, 0x0000, 0x0000, 0x0000, 0x0000, 0x0000, 0x0000, 0x0000, 0x0000, 0x0000, 0x0000, 0x0000,
    0x0000, 0x0000, 0x0000, 0x0000, 0x0000, 0x0000, 0x0000, 0x0000, 0x0000, 0x0000, 0x0000, 0x0000,
    0x0000, 0x0000, 0x0000, 0x0000, 0x0000, 0x0000, 0x0000, 0x0000, 0x0000, 0x0000, 0x0000, 0x0000,
    0x0000, 0x0000, 0x0000, 0x0000, 0x0000, 0x0000, 0x0000, 0x0000, 0x0000, 0x0000, 0x0000, 0x0000,
    0x0000, 0x0000, 0x0000, 0x0000, 0xEE80, 0xFEC0, 0xFEA0, 0xFEA0, 0xFEA0, 0xFEA1, 0x5A61, 0x0000,
    0x0000, 0x0000, 0x0000, 0x0000, 0x0000, 0x0000, 0x0000, 0x0000, 0x0000, 0x0000, 0x0000, 0x0000,
    0x0000, 0x0000, 0x0000, 0x0000, 0x0000, 0x0000, 0x0000, 0x0000, 0x0000, 0x0000, 0x0000, 0x0000,
    0x0000, 0x0000, 0x0000, 0x0000, 0x0000, 0x0000, 0x0000, 0x0000, 0x0000, 0x0000, 0x0000, 0x0000,
    0x0000, 0x0000, 0x0000, 0x0000, 0x0000, 0x0000, 0x0000, 0x0000, 0x0000, 0x0000, 0x0000, 0x0000,
    0x0000, 0x0000, 0x0000, 0x0000, 0x0000, 0x0000, 0x0000, 0x0000, 0x0000, 0x0000, 0x0000, 0x0000,
    0x0000, 0x0000, 0x0000, 0x0000, 0x0000, 0x0000, 0x0000, 0x0000, 0x0000, 0x0000, 0x0000, 0x0000,
    0x0000, 0x0000, 0x0000, 0x0000, 0x0000, 0x0000, 0x0000, 0x0000, 0x0000, 0x0000, 0x0000, 0x0000,
    0x0000, 0x0000, 0x0000, 0x0000, 0x0000, 0x0000, 0x0000, 0x7300, 0xFEC0, 0xF6A0, 0xFEA0, 0xFE80,
    0xFEE1, 0xD581, 0x0000, 0x0000, 0x0000, 0x0000, 0x0000, 0x0000, 0x0000, 0x0000, 0x0000, 0x0000,
    0x0000, 0x0000, 0x0000, 0x0000, 0x0000, 0x0000, 0x0000, 0x0000, 0x0000, 0x0000, 0x0000, 0x0000,
    0x0000, 0x0000, 0x0000, 0x0000, 0x0000, 0x0000, 0x0000, 0x0000, 0x0000, 0x0000, 0x0000, 0x0000,
    0x0000, 0x0000, 0x0000, 0x0000, 0x0000, 0x0000, 0x0000, 0x0000, 0x0000, 0x0000, 0x0000, 0x0000,
    0x0000, 0x0000, 0x0000, 0x0000, 0x0000, 0x0000, 0x0000, 0x0000, 0x0000, 0x0000, 0x0000, 0x0000,
    0x0000, 0x0000, 0x0000, 0x0000, 0x0000, 0x0000, 0x23F3, 0x4E3D, 0x461C, 0x1B91, 0x0000, 0x0000,
    0x0000, 0x0000, 0x0000, 0x0000, 0x0000, 0x0000, 0x0000, 0x1B91, 0x4DFC, 0x561C, 0x2C12, 0x0000,
    0x0000, 0x0000, 0x0000, 0x0000, 0x0000, 0x0000, 0x0000, 0x0000, 0x0000, 0x0000, 0x0000, 0xA480,
    0xFEE0, 0xF660, 0xFEA0, 0xFEA0, 0xFEC2, 0x72E1, 0x0000, 0x0000, 0x0000, 0x0000, 0x0000, 0x0000,
    0x0000, 0x0000, 0x0000, 0x0000, 0x3CF7, 0x4E1D, 0x45BB, 0x128C, 0x0000, 0x0000, 0x0000, 0x0000,
    0x0000, 0x0000, 0x0000, 0x0000, 0x0000, 0x3518, 0x4E1D, 0x457A, 0x126C, 0x0000, 0x0000, 0x0000,
    0x0000, 0x0000, 0x0000, 0x0000, 0x0000, 0x0000, 0x0000, 0x0000, 0x0000, 0x0000, 0x0000, 0x0000,
    0x0000, 0x0000, 0x0000, 0x0000, 0x0000, 0x0000, 0x0000, 0x0000, 0x0000, 0x0000, 0x0000, 0x0000,
    0x0000, 0x0000, 0x0000, 0x0000, 0x0000, 0x0000, 0x0000, 0x0000, 0x0000, 0x1B0E, 0x4EBF, 0x4E5E,
    0x4E7F, 0x4EBF, 0x11E9, 0x0000, 0x0000, 0x0000, 0x0000, 0x0000, 0x0000, 0x0000, 0x1AAD, 0x469F,
    0x4E7F, 0x569F, 0x5EDF, 0x1A4A, 0x0000, 0x0000, 0x0000, 0x0000, 0x0000, 0x0000, 0x0000, 0x0000,
    0x0000, 0x0000, 0x0000, 0xDDC0, 0xFEC0, 0xFEA0, 0xFE80, 0xFE80, 0xD561, 0x0000, 0x0000, 0x0000,
    0x0000, 0x0000, 0x0000, 0x0000, 0x0000, 0x0000, 0x0000, 0x2C13, 0x56DF, 0x567E, 0x5EBF, 0x45FC,
    0x0000, 0x0000, 0x0000, 0x0000, 0x0000, 0x0000, 0x0000, 0x0000, 0x2C75, 0x4EBF, 0x567F, 0x5EDF,
    0x45BB, 0x0000, 0x0000, 0x0000, 0x0000, 0x0000, 0x0000, 0x0000, 0x0000, 0x0000, 0x0000, 0x0000,
    0x0000, 0x0000, 0x0000, 0x0000, 0x0000, 0x0000, 0x0000, 0x0000, 0x0000, 0x0000, 0x0000, 0x0000,
    0x0000, 0x0000, 0x0000, 0x0000, 0x0000, 0x0000, 0x0000, 0x0000, 0x0000, 0x0000, 0x0000, 0x0000,
    0x0000, 0x3D7A, 0x4E9F, 0x4E5E, 0x567E, 0x4EBF, 0x1A4A, 0x0000, 0x0000, 0x0000, 0x0000, 0x0000,
    0x0000, 0x0000, 0x3CF7, 0x4E9F, 0x4E5E, 0x4E7E, 0x5EBF, 0x230E, 0x0000, 0x0000, 0x0000, 0x0000,
    0x0000, 0x0000, 0x0000, 0x0000, 0x0000, 0x0000, 0x41A0, 0xFEC1, 0xF6A0, 0xFEA0, 0xFE80, 0xFEC0,
    0x7B01, 0x0000, 0x0000, 0x0000, 0x0000, 0x0000, 0x0000, 0x0000, 0x0000, 0x0000, 0x0000, 0x3DFD,
    0x465E, 0x4E7E, 0x567E, 0x4E7E, 0x0000, 0x0000, 0x0000, 0x0000, 0x0000, 0x0000, 0x0000, 0x0000,
    0x3E3E, 0x4E7F, 0x4E5F, 0x56BF, 0x4DFC, 0x0000, 0x0000, 0x0000, 0x0000, 0x0000, 0x0000, 0x0000,
    0x0000, 0x0000, 0x0000, 0x0000, 0x0000, 0x0000, 0x0000, 0x0000, 0x0000, 0x0000, 0x0000, 0x0000,
    0x0000, 0x0000, 0x0000, 0x0000, 0x0000, 0x0000, 0x0000, 0x0000, 0x0000, 0x0000, 0x0000, 0x0000,
    0x0000, 0x0000, 0x0000, 0x0000, 0x1A4B, 0x467E, 0x4E5E, 0x4E7E, 0x569F, 0x45DC, 0x0000, 0x0000,
    0x0000, 0x0000, 0x0000, 0x0000, 0x0000, 0x09C9, 0x467F, 0x4E7E, 0x465E, 0x4E5E, 0x569F, 0x11C9,
    0x0000, 0x0000, 0x0000, 0x0000, 0x0000, 0x0000, 0x0000, 0x0000, 0x0000, 0x0000, 0x62A1, 0xFF00,
    0xFE80, 0xFE80, 0xFEE0, 0xDDA1, 0x0000, 0x0000, 0x0000, 0x0000, 0x0000, 0x0000, 0x0000, 0x0000,
    0x0000, 0x0000, 0x1B50, 0x469F, 0x4E5E, 0x4E5E, 0x569F, 0x3D39, 0x0000, 0x0000, 0x0000, 0x0000,
    0x0000, 0x0000, 0x0000, 0x23D2, 0x46BF, 0x4E5E, 0x465E, 0x4EBF, 0x3D39, 0x0000, 0x0000, 0x0000,
    0x0000, 0x0000, 0x0000, 0x0000, 0x0000, 0x0000, 0x0000, 0x0000, 0x0000, 0x0000, 0x0000, 0x0000,
    0x0000, 0x0000, 0x0000, 0x0000, 0x0000, 0x0000, 0x0000, 0x0000, 0x0000, 0x0000, 0x0000, 0x0000,
    0x0000, 0x0000, 0x0000, 0x0000, 0x0000, 0x0000, 0x0000, 0x0000, 0x2C95, 0x4E9F, 0x4E7E, 0x4E7E,
    0x56BF, 0x2C33, 0x0000, 0x0000, 0x0000, 0x0000, 0x0000, 0x0000, 0x0000, 0x2434, 0x469F, 0x4E5E,
    0x4E7E, 0x569F, 0x3D38, 0x0000, 0x0000, 0x0000, 0x0000, 0x0000, 0x0000, 0x0000, 0x0000, 0x0000,
    0x0000, 0x0000, 0xAC80, 0xFEE0, 0xFE60, 0xFE80, 0xFEE1, 0x8341, 0x0000, 0x0000, 0x0000, 0x0000,
    0x0000, 0x0000, 0x0000, 0x0000, 0x0000, 0x0000, 0x3D7A, 0x4E9F, 0x463E, 0x4E5E, 0x4E9F, 0x1AEE,
    0x0000, 0x0000, 0x0000, 0x0000, 0x0000, 0x0000, 0x0000, 0x359B, 0x467F, 0x4E7F, 0x465E, 0x4E7F,
    0x1AEE, 0x0000, 0x0000, 0x0000, 0x0000, 0x0000, 0x0000, 0x0000, 0x0000, 0x0000, 0x0000, 0x0000,
    0x0000, 0x0000, 0x0000, 0x0000, 0x0000, 0x0000, 0x0000, 0x0000, 0x0000, 0x0000, 0x0000, 0x0000,
    0x0000, 0x0000, 0x0000, 0x0000, 0x0000, 0x0000, 0x0000, 0x0000, 0x0000, 0x0000, 0x0000, 0x0000,
    0x465E, 0x465E, 0x4E5E, 0x5E9F, 0x4E9F, 0x11A8, 0x0000, 0x0000, 0x0000, 0x0000, 0x0000, 0x0000,
    0x0000, 0x3DFD, 0x4E7F, 0x4E5E, 0x463D, 0x56BF, 0x232F, 0x0000, 0x0000, 0x0000, 0x0000, 0x0000,
    0x0000, 0x0000, 0x0000, 0x0000, 0x0000, 0x0000, 0xD580, 0xFEC0, 0xF680, 0xFEC1, 0xE601, 0x0000,
    0x0000, 0x0000, 0x0000, 0x0000, 0x0000, 0x0000, 0x0000, 0x0000, 0x0000, 0x1A6C, 0x4E9F, 0x463E,
    0x461E, 0x4E7E, 0x45BC, 0x0000, 0x0000, 0x0000, 0x0000, 0x0000, 0x0000, 0x0000, 0x128C, 0x46BF,
    0x465E, 0x465E, 0x4E9F, 0x45DC, 0x0000, 0x0000, 0x0000, 0x0000, 0x0000, 0x0000, 0x0000, 0x0000,
    0x0000, 0x0000, 0x0000, 0x0000, 0x0000, 0x0000, 0x0000, 0x0000, 0x0000, 0x0000, 0x0000, 0x0000,
    0x0000, 0x0000, 0x0000, 0x0000, 0x0000, 0x0000, 0x0000, 0x0000, 0x0000, 0x0000, 0x0000, 0x0000,
    0x0000, 0x0000, 0x0000, 0x23D2, 0x4EBF, 0x4E5E, 0x4E5E, 0x569F, 0x3518, 0x0000, 0x0000, 0x0000,
    0x0000, 0x0000, 0x0000, 0x0000, 0x234F, 0x469F, 0x4E5E, 0x567E, 0x4E7E, 0x45DB, 0x0000, 0x0000,
    0x0000, 0x0000, 0x0000, 0x0000, 0x0000, 0x0000, 0x0000, 0x0000, 0x0000, 0x41C1, 0xF680, 0xFE80,
    0xFE80, 0xFF01, 0x93E1, 0x0000, 0x0000, 0x0000, 0x0000, 0x0000, 0x0000, 0x0000, 0x0000, 0x0000,
    0x0000, 0x2C75, 0x469F, 0x4E5E, 0x463E, 0x569F, 0x2BD2, 0x0000, 0x0000, 0x0000, 0x0000, 0x0000,
    0x0000, 0x0000, 0x2CF8, 0x46BF, 0x465E, 0x465E, 0x56BF, 0x2BF2, 0x0000, 0x0000, 0x0000, 0x0000,
    0x0000, 0x0000, 0x0000, 0x0000, 0x0000, 0x0000, 0x0000, 0x0000, 0x0000, 0x0000, 0x0000, 0x0000,
    0x0000, 0x0000, 0x0000, 0x0000, 0x0000, 0x0000, 0x0000, 0x0000, 0x0000, 0x0000, 0x0000, 0x0000,
    0x0000, 0x0000, 0x0000, 0x0000, 0x0000, 0x0000, 0x0000, 0x3DDC, 0x4E7F, 0x567E, 0x565E, 0x4EBF,
    0x1ACD, 0x0000, 0x0000, 0x0000, 0x0000, 0x0000, 0x0000, 0x0000, 0x3538, 0x4E9F, 0x567E, 0x4E5E,
    0x4E9F, 0x2434, 0x0000, 0x0000, 0x0000, 0x0000, 0x0000, 0x0000, 0x0000, 0x0000, 0x0000, 0x0000,
    0x0000, 0x62C2, 0xFF01, 0xFE80, 0xFEC0, 0xEE40, 0x0000, 0x0000, 0x0000, 0x0000, 0x0000, 0x0000,
    0x0000, 0x0000, 0x0000, 0x0000, 0x1167, 0x467E, 0x465E, 0x463E, 0x463E, 0x4E7F, 0x09A8, 0x0000,
    0x0000, 0x0000, 0x0000, 0x0000, 0x0000, 0x09A8, 0x3E1D, 0x4E9F, 0x4E7E, 0x567F, 0x4E5E, 0x09C9,
    0x0000, 0x0000, 0x0000, 0x0000, 0x0000, 0x0000, 0x0000, 0x0000, 0x0000, 0x0000, 0x0000, 0x0000,
    0x0000, 0x0000, 0x0000, 0x0000, 0x0000, 0x0000, 0x0000, 0x0000, 0x0000, 0x0000, 0x0000, 0x0000,
    0x0000, 0x0000, 0x0000, 0x0000, 0x0000, 0x0000, 0x0000, 0x0000, 0x0000, 0x0000, 0x1B0F, 0x469F,
    0x4E5E, 0x4E3E, 0x569F, 0x459A, 0x0000, 0x0000, 0x0000, 0x0000, 0x0000, 0x0000, 0x0000, 0x120A,
    0x469F, 0x4E5E, 0x567F, 0x567E, 0x4E5E, 0x09A8, 0x0000, 0x0000, 0x0000, 0x0000, 0x0000, 0x0000,
    0x0000, 0x0000, 0x0000, 0x0000, 0x0000, 0xAC82, 0xFF01, 0xFE60, 0xFF00, 0x93E0, 0x0000, 0x0000,
    0x0000, 0x0000, 0x0000, 0x0000, 0x0000, 0x0000, 0x0000, 0x0000, 0x2BF3, 0x469F, 0x463E, 0x4E5E,
    0x56BF, 0x34B6, 0x0000, 0x0000, 0x0000, 0x0000, 0x0000, 0x0000, 0x0000, 0x2391, 0x46BF, 0x4E5E,
    0x4E5E, 0x567F, 0x34D8, 0x0000, 0x0000, 0x0000, 0x0000, 0x0000, 0x0000, 0x0000, 0x0000, 0x0000,
    0x0000, 0x0000, 0x0000, 0x0000, 0x0000, 0x0000, 0x0000, 0x0000, 0x0000, 0x0000, 0x0000, 0x0000,
    0x0000, 0x0000, 0x0000, 0x0000, 0x0000, 0x0000, 0x0000, 0x0000, 0x0000, 0x0000, 0x0000, 0x0000,
    0x0000, 0x0000, 0x3518, 0x4E9F, 0x4E3E, 0x4E3E, 0x4E7F, 0x2C54, 0x0000, 0x0000, 0x0000, 0x0000,
    0x0000, 0x0000, 0x0000, 0x2CD7, 0x4E9F, 0x4E5E, 0x4E5E, 0x56BF, 0x3CF7, 0x0000, 0x0000, 0x0000,
    0x0000, 0x0000, 0x0000, 0x0000, 0x0000, 0x0000, 0x0000, 0x0000, 0x0000, 0xD581, 0xFEE1, 0xFEA0,
    0xF661, 0x41A0, 0x0000, 0x0000, 0x0000, 0x0000, 0x0000, 0x0000, 0x0000, 0x0000, 0x0000, 0x0000,
    0x3DDC, 0x467F, 0x463E, 0x463E, 0x569F, 0x1AEE, 0x0000, 0x0000, 0x0000, 0x0000, 0x0000, 0x0000,
    0x0000, 0x2D9C, 0x4E9F, 0x465F, 0x4E7E, 0x4EBF, 0x1A8C, 0x0000, 0x0000, 0x0000, 0x0000, 0x0000,
    0x0000, 0x0000, 0x0000, 0x0000, 0x0000, 0x0000, 0x0000, 0x0000, 0x0000, 0x0000, 0x0000, 0x0000,
    0x0000, 0x0000, 0x0000, 0x0000, 0x0000, 0x0000, 0x0000, 0x0000, 0x0000, 0x0000, 0x0000, 0x0000,
    0x0000, 0x0000, 0x0000, 0x0000, 0x0000, 0x120A, 0x465E, 0x465E, 0x4E5E, 0x4E5E, 0x463D, 0x0000,
    0x0000, 0x0000, 0x0000, 0x0000, 0x0000, 0x0000, 0x0000, 0x461D, 0x4E7F, 0x567F, 0x5E7F, 0x4E7E,
    0x1B0E, 0x0000, 0x0000, 0x0000, 0x0000, 0x0000, 0x0000, 0x0000, 0x0000, 0x0000, 0x0000, 0x0000,
    0x41C1, 0xEE41, 0xFEA0, 0xFEE0, 0xA421, 0x0000, 0x0000, 0x0000, 0x0000, 0x0000, 0x0000, 0x0000,
    0x0000, 0x0000, 0x0000, 0x1AEE, 0x46BF, 0x463E, 0x4E5E, 0x569F, 0x3D9A, 0x0000, 0x0000, 0x0000,
    0x0000, 0x0000, 0x0000, 0x0000, 0x124B, 0x467F, 0x4E7F, 0x4E5E, 0x56BF, 0x3D7A, 0x0000, 0x0000,
    0x0000, 0x0000, 0x0000, 0x0000, 0x0000, 0x0000, 0x0000, 0x0000, 0x0000, 0x0000, 0x0000, 0x0000,
    0x0000, 0x0000, 0x0000, 0x0000, 0x0000, 0x0000, 0x0000, 0x0000, 0x0000, 0x0000, 0x0000, 0x0000,
    0x0000, 0x0000, 0x0000, 0x0000, 0x0000, 0x0000, 0x0000, 0x0000, 0x0000, 0x2C55, 0x4E9F, 0x4E5E,
    0x4E3E, 0x567F, 0x34D6, 0x0000, 0x0000, 0x0000, 0x0000, 0x0000, 0x0000, 0x0000, 0x2371, 0x4EBF,
    0x4E5E, 0x567E, 0x567F, 0x3DDC, 0x0000, 0x0000, 0x0000, 0x0000, 0x0000, 0x0000, 0x0000, 0x0000,
    0x0000, 0x0000, 0x0000, 0x0000, 0x62C1, 0xFEE0, 0xFEA0, 0xF681, 0x41A0, 0x0000, 0x0000, 0x0000,
    0x0000, 0x0000, 0x0000, 0x0000, 0x0000, 0x0000, 0x0000, 0x3539, 0x467F, 0x465E, 0x4E5E, 0x4E9F,
    0x2BF3, 0x0000, 0x0000, 0x0000, 0x0000, 0x0000, 0x0000, 0x0000, 0x2CB7, 0x46BF, 0x4E7E, 0x463E,
    0x56FF, 0x2BB1, 0x0000, 0x0000, 0x0000, 0x0000, 0x0000, 0x0000, 0x0000, 0x0000, 0x0000, 0x0000,
    0x0000, 0x0000, 0x0000, 0x0000, 0x0000, 0x0000, 0x0000, 0x0000, 0x0000, 0x0000, 0x0000, 0x0000,
    0x0000, 0x0000, 0x0000, 0x0000, 0x0000, 0x0000, 0x0000, 0x0000, 0x0000, 0x0000, 0x0000, 0x0000,
    0x1167, 0x3DFC, 0x4E7F, 0x4E5E, 0x4E3E, 0x4E7F, 0x1A8C, 0x0000, 0x0000, 0x0000, 0x0000, 0x0000,
    0x0000, 0x0000, 0x355A, 0x4E7F, 0x4E3E, 0x567E, 0x56BF, 0x2391, 0x0000, 0x0000, 0x0000, 0x0000,
    0x0000, 0x0000, 0x0000, 0x0000, 0x0000, 0x0000, 0x0000, 0x0000, 0x9C01, 0xFF00, 0xFEE0, 0xAC61,
    0x0000, 0x0000, 0x0000, 0x0000, 0x0000, 0x0000, 0x0000, 0x0000, 0x0000, 0x0000, 0x124B, 0x465E,
    0x465E, 0x4E5E, 0x567F, 0x461E, 0x0000, 0x0000, 0x0000, 0x0000, 0x0000, 0x0000, 0x0000, 0x1187,
    0x3E1D, 0x467F, 0x4E7F, 0x4E7F, 0x4DFC, 0x11A8, 0x0000, 0x0000, 0x0000, 0x0000, 0x0000, 0x0000,
    0x0000, 0x0000, 0x0000, 0x0000, 0x0000, 0x0000, 0x0000, 0x0000, 0x0000, 0x0000, 0x0000, 0x0000,
    0x0000, 0x0000, 0x0000, 0x0000, 0x0000, 0x0000, 0x0000, 0x0000, 0x0000, 0x0000, 0x0000, 0x0000,
    0x0000, 0x0000, 0x0000, 0x0000, 0x2370, 0x4E9F, 0x4E3E, 0x4E3E, 0x569F, 0x3D7A, 0x0000, 0x0000,
    0x0000, 0x0000, 0x0000, 0x0000, 0x0000, 0x11EA, 0x4E9F, 0x4E5E, 0x4E5E, 0x567E, 0x4E3D, 0x0967,
    0x0000, 0x0000, 0x0000, 0x0000, 0x0000, 0x0000, 0x0000, 0x0000, 0x0000, 0x0000, 0x0000, 0x0000,
    0xCD60, 0xFEC0, 0xF661, 0x49C0, 0x0000, 0x0000, 0x0000, 0x0000, 0x0000, 0x0000, 0x0000, 0x0000,
    0x0000, 0x0000, 0x2C76, 0x469F, 0x463E, 0x4E3E, 0x569F, 0x3496, 0x0000, 0x0000, 0x0000, 0x0000,
    0x0000, 0x0000, 0x0000, 0x2391, 0x4EBF, 0x465E, 0x567F, 0x56BF, 0x2CB7, 0x0000, 0x0000, 0x0000,
    0x0000, 0x0000, 0x0000, 0x0000, 0x0000, 0x0000, 0x0000, 0x0000, 0x0000, 0x0000, 0x0000, 0x0000,
    0x0000, 0x0000, 0x0000, 0x0000, 0x0000, 0x0000, 0x0000, 0x0000, 0x0000, 0x0000, 0x0000, 0x0000,
    0x0000, 0x0000, 0x0000, 0x0000, 0x0000, 0x0000, 0x0000, 0x0000, 0x359B, 0x4E9F, 0x4E5E, 0x4E5E,
    0x4E7E, 0x23D2, 0x0000, 0x0000, 0x0000, 0x0000, 0x0000, 0x0000, 0x0000, 0x2CD7, 0x4E9F, 0x4E3E,
    0x4E5E, 0x567F, 0x34B6, 0x0000, 0x0000, 0x0000, 0x0000, 0x0000, 0x0000, 0x0000, 0x0000, 0x0000,
    0x0000, 0x0000, 0x0000, 0x4180, 0xE621, 0xFF00, 0xAC61, 0x0000, 0x0000, 0x0000, 0x0000, 0x0000,
    0x0000, 0x0000, 0x0000, 0x0000, 0x0000, 0x0987, 0x361D, 0x465F, 0x4E5E, 0x4E5E, 0x4E5E, 0x120A,
    0x0000, 0x0000, 0x0000, 0x0000, 0x0000, 0x0000, 0x0000, 0x3DDC, 0x4E9F, 0x465E, 0x4E5F, 0x569F,
    0x122A, 0x0000, 0x0000, 0x0000, 0x0000, 0x0000, 0x0000, 0x0000, 0x0000, 0x0000, 0x0000, 0x0000,
    0x0000, 0x0000, 0x0000, 0x0000, 0x0000, 0x0000, 0x0000, 0x0000, 0x0000, 0x0000, 0x0000, 0x0000,
    0x0000, 0x0000, 0x0000, 0x0000, 0x0000, 0x0000, 0x0000, 0x0000, 0x0000, 0x0000, 0x0000, 0x1A6C,
    0x469F, 0x4E5E, 0x465E, 0x567E, 0x465E, 0x0000, 0x0000, 0x0000, 0x0000, 0x0000, 0x0000, 0x0000,
    0x0000, 0x463E, 0x4E7F, 0x4E5E, 0x565E, 0x4E5E, 0x124B, 0x0000, 0x0000, 0x0000, 0x0000, 0x0000,
    0x0000, 0x0000, 0x0000, 0x0000, 0x0000, 0x0000, 0x0000, 0x7B01, 0xFEE1, 0xF660, 0x5200, 0x0000,
    0x0000, 0x0000, 0x0000, 0x0000, 0x0000, 0x0000, 0x0000, 0x0000, 0x0000, 0x1B4F, 0x46BF, 0x4E5E,
    0x4E5E, 0x567F, 0x3559, 0x0000, 0x0000, 0x0000, 0x0000, 0x0000, 0x0000, 0x0000, 0x1ACD, 0x469F,
    0x4E5E, 0x4E5E, 0x569F, 0x3D9B, 0x0000, 0x0000, 0x0000, 0x0000, 0x0000, 0x0000, 0x0000, 0x0000,
    0x0000, 0x0000, 0x0000, 0x0000, 0x0000, 0x0000, 0x0000, 0x0000, 0x0000, 0x0000, 0x0000, 0x0000,
    0x0000, 0x0000, 0x0000, 0x0000, 0x0000, 0x0000, 0x0000, 0x0000, 0x0000, 0x0000, 0x0000, 0x0000,
    0x0000, 0x0000, 0x0000, 0x3CD6, 0x4EBF, 0x463E, 0x567E, 0x4E9F, 0x2455, 0x0000, 0x0000, 0x0000,
    0x0000, 0x0000, 0x0000, 0x0000, 0x2C34, 0x4EBF, 0x4E5E, 0x4E5E, 0x569F, 0x3D39, 0x0000, 0x0000,
    0x0000, 0x0000, 0x0000, 0x0000, 0x0000, 0x0000, 0x0000, 0x0000, 0x0000, 0x0000, 0x0000, 0x93C1,
    0xFF21, 0xBCE1, 0x0000, 0x0000, 0x0000, 0x0000, 0x0000, 0x0000, 0x0000, 0x0000, 0x0000, 0x0000,
    0x0000, 0x35BB, 0x4E9F, 0x463E, 0x4E3E, 0x56BF, 0x230E, 0x0000, 0x0000, 0x0000, 0x0000, 0x0000,
    0x0000, 0x0000, 0x3538, 0x56BF, 0x4E5E, 0x567E, 0x4EBF, 0x232F, 0x0000, 0x0000, 0x0000, 0x0000,
    0x0000, 0x0000, 0x0000, 0x0000, 0x0000, 0x0000, 0x0000, 0x0000, 0x0000, 0x0000, 0x0000, 0x0000,
    0x0000, 0x0000, 0x0000, 0x0000, 0x0000, 0x0000, 0x0000, 0x0000, 0x0000, 0x0000, 0x0000, 0x0000,
    0x0000, 0x0000, 0x0000, 0x0000, 0x0000, 0x0000, 0x0987, 0x3DFC, 0x4E5E, 0x4E5E, 0x4E5E, 0x4E7E,
    0x128C, 0x0000, 0x0000, 0x0000, 0x0000, 0x0000, 0x0000, 0x0000, 0x3DBB, 0x4E9F, 0x4E5E, 0x463E,
    0x56BF, 0x2370, 0x0000, 0x0000, 0x0000, 0x0000, 0x0000, 0x0000, 0x0000, 0x0000, 0x0000, 0x0000,
    0x0000, 0x0000, 0x0000, 0xC501, 0xFEE1, 0x49E1, 0x0000, 0x0000, 0x0000, 0x0000, 0x0000, 0x0000,
    0x0000, 0x0000, 0x0000, 0x0000, 0x126B, 0x3E5E, 0x4E7F, 0x4E5E, 0x4E5E, 0x45FD, 0x0000, 0x0000,
    0x0000, 0x0000, 0x0000, 0x0000, 0x0000, 0x120A, 0x467F, 0x4E7E, 0x4E7E, 0x4E7F, 0x461D, 0x0987,
    0x0000, 0x0000, 0x0000, 0x0000, 0x0000, 0x0000, 0x0000, 0x0000, 0x0000, 0x0000, 0x0000, 0x0000,
    0x0000, 0x0000, 0x0000, 0x0000, 0x0000, 0x0000, 0x0000, 0x0000, 0x0000, 0x0000, 0x0000, 0x0000,
    0x0000, 0x0000, 0x0000, 0x0000, 0x0000, 0x0000, 0x0000, 0x0000, 0x0000, 0x0000, 0x2BF3, 0x56DF,
    0x463E, 0x4E5E, 0x569F, 0x357A, 0x0000, 0x0000, 0x0000, 0x0000, 0x0000, 0x0000, 0x0000, 0x230E,
    0x4EDF, 0x4E7E, 0x4E5E, 0x569F, 0x45FC, 0x0000, 0x0000, 0x0000, 0x0000, 0x0000, 0x0000, 0x0000,
    0x0000, 0x0000, 0x0000, 0x0000, 0x0000, 0x0000, 0x0000, 0xF661, 0xC521, 0x0000, 0x0000, 0x0000,
    0x0000, 0x0000, 0x0000, 0x0000, 0x0000, 0x0000, 0x0000, 0x0000, 0x3CB6, 0x4EBF, 0x463E, 0x4E5E,
    0x4EBF, 0x2C13, 0x0000, 0x0000, 0x0000, 0x0000, 0x0000, 0x0000, 0x0000, 0x2C75, 0x4EDF, 0x4E7E,
    0x4E7F, 0x4E9F, 0x2C55, 0x0000, 0x0000, 0x0000, 0x0000, 0x0000, 0x0000, 0x0000, 0x0000, 0x0000,
    0x0000, 0x0000, 0x0000, 0x0000, 0x0000, 0x0000, 0x0000, 0x0000, 0x0000, 0x0000, 0x0000, 0x0000,
    0x0000, 0x0000, 0x0000, 0x0000, 0x0000, 0x0000, 0x0000, 0x0000, 0x0000, 0x0000, 0x0000, 0x0000,
    0x0000, 0x0000, 0x3495, 0x4EDF, 0x465E, 0x4E5E, 0x56BF, 0x2391, 0x0000, 0x0000, 0x0000, 0x0000,
    0x0000, 0x0000, 0x0000, 0x2B70, 0x56FF, 0x463E, 0x4E5E, 0x5EDF, 0x2C96, 0x0000, 0x0000, 0x0000,
    0x0000, 0x0000, 0x0000, 0x0000, 0x0000, 0x0000, 0x0000, 0x0000, 0x0000, 0x0000, 0x6261, 0xFEC2,
    0x4A00, 0x0000, 0x0000, 0x0000, 0x0000, 0x0000, 0x0000, 0x0000, 0x0000, 0x0000, 0x0000, 0x0000,
    0x3D18, 0x569F, 0x461E, 0x567E, 0x4E7E, 0x11E9, 0x0000, 0x0000, 0x0000, 0x0000, 0x0000, 0x0000,
    0x0000, 0x3CD6, 0x4EDF, 0x463E, 0x4E7E, 0x4E7E, 0x126B, 0x0000, 0x0000, 0x0000, 0x0000, 0x0000,
    0x0000, 0x0000, 0x0000, 0x0000, 0x0000, 0x0000, 0x0000, 0x0000, 0x0000, 0x0000, 0x0000, 0x0000,
    0x0000, 0x0000, 0x0000, 0x0000, 0x0000, 0x0000, 0x0000, 0x0000, 0x0000, 0x0000, 0x0000, 0x0000,
    0x0000, 0x0000, 0x0000, 0x0000, 0x0000, 0x0000, 0x1B71, 0x46FF, 0x4E9F, 0x56DF, 0x3DFC, 0x0000,
    0x0000, 0x0000, 0x0000, 0x0000, 0x0000, 0x0000, 0x0000, 0x128C, 0x4EBF, 0x56BF, 0x56DF, 0x467F,
    0x11E9, 0x0000, 0x0000, 0x0000, 0x0000, 0x0000, 0x0000, 0x0000, 0x0000, 0x0000, 0x0000, 0x0000,
    0x0000, 0x0000, 0x9C01, 0xC522, 0x0000, 0x0000, 0x0000, 0x0000, 0x0000, 0x0000, 0x0000, 0x0000,
    0x0000, 0x0000, 0x0000, 0x0000, 0x3475, 0x56FF, 0x569F, 0x4EBF, 0x3559, 0x0000, 0x0000, 0x0000,
    0x0000, 0x0000, 0x0000, 0x0000, 0x0000, 0x2413, 0x46FF, 0x4E9F, 0x4EDF, 0x3559, 0x0000, 0x0000,
    0x0000, 0x0000, 0x0000, 0x0000, 0x0000, 0x0000, 0x0000, 0x0000, 0x0000, 0x0000, 0x0000, 0x0000,
    0x0000, 0x0000, 0x0000, 0x0000, 0x0000, 0x0000, 0x0000, 0x0000, 0x0000, 0x0000, 0x0000, 0x0000,
    0x0000, 0x0000, 0x0000, 0x0000, 0x0000, 0x0000, 0x0000, 0x0000, 0x0000, 0x0000, 0x0000, 0x2C54,
    0x45FB, 0x3559, 0x0A09, 0x0000, 0x0000, 0x0000, 0x0000, 0x0000, 0x0000, 0x0000, 0x0000, 0x0000,
    0x1B50, 0x45DB, 0x459A, 0x1ACD, 0x0000, 0x0000, 0x0000, 0x0000, 0x0000, 0x0000, 0x0000, 0x0000,
    0x0000, 0x0000, 0x0000, 0x0000, 0x0000, 0x0000, 0xACA2, 0x5241, 0x0000, 0x0000, 0x0000, 0x0000,
    0x0000, 0x0000, 0x0000, 0x0000, 0x0000, 0x0000, 0x0000, 0x0000, 0x0000, 0x2CB7, 0x45DB, 0x2C96,
    0x0000, 0x0000, 0x0000, 0x0000, 0x0000, 0x0000, 0x0000, 0x0000, 0x0000, 0x0000, 0x2496, 0x3DDB,
    0x2CB6, 0x0000, 0x0000, 0x0000, 0x0000, 0x0000, 0x0000, 0x0000, 0x0000, 0x0000, 0x0000, 0x0000,
    0x0000, 0x0000, 0x0000, 0x0000, 0x0000, 0x0000, 0x0000, 0x0000, 0x0000, 0x0000, 0x0000, 0x0000,
    0x0000, 0x0000, 0x0000, 0x0000, 0x0000, 0x0000, 0x0000, 0x0000, 0x0000, 0x0000, 0x0000, 0x0000,
    0x0000, 0x0000, 0x0000, 0x0000, 0x0000, 0x0000, 0x0000, 0x0000, 0x0000, 0x0000, 0x0000, 0x0000,
    0x0000, 0x0000, 0x0000, 0x0000, 0x0000, 0x0000, 0x0000, 0x0000, 0x0000, 0x0000, 0x0000, 0x0000,
    0x0000, 0x0000, 0x0000, 0x0000, 0x0000, 0x0000, 0x0000, 0x0000, 0x0000, 0x0000, 0x0000, 0x0000,
    0x0000, 0x0000, 0x0000, 0x0000, 0x0000, 0x0000, 0x0000, 0x0000, 0x0000, 0x0000, 0x0000, 0x0000,
    0x0000, 0x0000, 0x0000, 0x0000, 0x0000, 0x0000, 0x0000, 0x0000, 0x0000, 0x0000, 0x0000, 0x0000,
    0x0000, 0x0000, 0x0000, 0x0000, 0x0000, 0x0000, 0x0000, 0x0000, 0x0000, 0x0000, 0x0000, 0x0000,
    0x0000, 0x0000, 0x0000, 0x0000, 0x0000, 0x0000, 0x0000, 0x0000, 0x0000, 0x0000, 0x0000, 0x0000,
    0x0000, 0x0000, 0x0000, 0x0000, 0x0000, 0x0000, 0x0000, 0x0000, 0x0000, 0x0000, 0x0000, 0x0000,
    0x0000, 0x0000, 0x0000, 0x0000, 0x0000, 0x0000, 0x0000, 0x0000, 0x0000, 0x0000, 0x0000, 0x0000,
    0x0000, 0x0000, 0x0000, 0x0000, 0x0000, 0x0000, 0x0000, 0x0000, 0x0000, 0x0000, 0x0000, 0x0000,
    0x0000, 0x0000, 0x0000, 0x0000, 0x0000, 0x0000, 0x0000, 0x0000, 0x0000, 0x0000, 0x0000, 0x0000,
    0x0000, 0x0000, 0x0000, 0x0000, 0x0000, 0x0000, 0x0000, 0x0000, 0x0000, 0x0000, 0x0000, 0x0000,
    0x0000, 0x0000, 0x0000, 0x0000, 0x0000, 0x0000, 0x0000, 0x0000, 0x0000, 0x0000, 0x0000, 0x0000,
    0x0000, 0x0000, 0x0000, 0x0000, 0x0000, 0x0000, 0x0000, 0x0000, 0x0000, 0x0000, 0x0000, 0x0000,
    0x0000, 0x0000, 0x0000, 0x0000, 0x0000, 0x0000, 0x0000, 0x0000, 0x0000, 0x0000, 0x0000, 0x0000,
    0x0000, 0x0000, 0x0000, 0x0000, 0x0000, 0x0000, 0x0000, 0x0000, 0x0000, 0x0000, 0x0000, 0x0000,
    0x0000, 0x0000, 0x0000, 0x0000, 0x0000, 0x0000, 0x0000, 0x0000, 0x0000, 0x0000, 0x0000, 0x0000,
    0x0000, 0x0000, 0x0000, 0x0000, 0x0000, 0x0000, 0x0000, 0x0000, 0x0000, 0x0000, 0x0000, 0x0000,
    0x0000, 0x0000, 0x0000, 0x0000, 0x0000, 0x0000, 0x0000, 0x0000, 0x0000, 0x0000, 0x0000, 0x0000,
    0x0000, 0x0000, 0x0000, 0x0000, 0x0000, 0x0000, 0x0000, 0x0000, 0x0000, 0x0000, 0x0000, 0x0000,
    0x0000, 0x0000, 0x0000, 0x0000, 0x0000, 0x0000, 0x0000, 0x0000, 0x0000, 0x0000, 0x0000, 0x0000,
    0x0000, 0x0000, 0x0000, 0x0000, 0x0000, 0x0000, 0x0000, 0x0000, 0x0000, 0x0000, 0x0000, 0x0000,
    0x0000, 0x0000, 0x0000, 0x0000, 0x0000, 0x0000, 0x0000, 0x0000, 0x0000, 0x0000, 0x0000, 0x0000,
    0x0000, 0x0000, 0x0000, 0x0000, 0x0000, 0x0000, 0x0000, 0x0000, 0x0000, 0x0000, 0x0000, 0x0000,
    0x0000, 0x0000, 0x0000, 0x0000, 0x0000, 0x0000, 0x0000, 0x0000, 0x0000, 0x0000, 0x0000, 0x0000,
    0x0000, 0x0000, 0x0000, 0x0000, 0x0000, 0x0000, 0x0000, 0x0000, 0x0000, 0x0000, 0x0000, 0x0000,
    0x0000, 0x0000, 0x0000, 0x0000, 0x0000, 0x0000, 0x0000, 0x0000, 0x0000, 0x0000, 0x0000, 0x0000,
    0x0000, 0x0000, 0x0000, 0x0000, 0x0000, 0x0000, 0x0000, 0x0000, 0x0000, 0x0000, 0x0000, 0x0000,
    0x0000, 0x0000, 0x0000, 0x0000, 0x0000, 0x0000, 0x0000, 0x0000, 0x0000, 0x0000, 0x0000, 0x0000,
    0x0000, 0x0000, 0x0000, 0x0000, 0x0000, 0x0000, 0x0000, 0x0000, 0x0000, 0x0000, 0x0000, 0x0000,
    0x0000, 0x0000, 0x0000, 0x0000, 0x0000, 0x0000, 0x0000, 0x0000, 0x0000, 0x0000, 0x0000, 0x0000,
    0x0000, 0x0000, 0x0000, 0x0000, 0x0000, 0x0000, 0x0000, 0x0000, 0x0000, 0x0000, 0x0000, 0x0000,
    0x0000, 0x0000, 0x0000, 0x0000
  },
  { // 帧 2
    0x0000, 0x0000, 0x0000, 0x0000, 0x0000, 0x0000, 0x0000, 0x0000, 0x0000, 0x0000, 0x0000, 0x0000,
    0x0000, 0x0000, 0x0000, 0x0000, 0x0000, 0x0000, 0x0000, 0x0000, 0x0000, 0x0000, 0x0000, 0x0000,
    0x0000, 0x0000, 0x0000, 0x0000, 0x0000, 0x0000, 0x0000, 0x0000, 0x0000, 0x0000, 0x0000, 0x0000,
    0x0000, 0x0000, 0x0000, 0x0000, 0x0000, 0x0000, 0x0000, 0x0000, 0x0000, 0x0000, 0x0000, 0x0000,
    0x0000, 0x0000, 0x0000, 0x0000, 0x0000, 0x0000, 0x0000, 0x0000, 0x0000, 0x0000, 0x0000, 0x0000,
    0x0000, 0x0000, 0x0000, 0x0000, 0x0000, 0x0000, 0x0000, 0x0000, 0x0000, 0x0000, 0x0000, 0x0000,
    0x0000, 0x0000, 0x0000, 0x0000, 0x0000, 0x0000, 0x0000, 0x0000, 0x0000, 0x0000, 0x0000, 0x0000,
    0x0000, 0x0000, 0x0000, 0x0000, 0x0000, 0x0000, 0x0000, 0x0000, 0x0000, 0x0000, 0x0000, 0x0000,
    0x0000, 0x0000, 0x0000, 0x0000, 0x0000, 0x0000, 0x0000, 0x0000, 0x0000, 0x0000, 0x0000, 0x0000,
    0x0000, 0x0000, 0x0000, 0x0000, 0x0000, 0x0000, 0x0000, 0x0000, 0x0000, 0x0000, 0x0000, 0x0000,
    0x0000, 0x0000, 0x0000, 0x0000, 0x0000, 0x0000, 0x0000, 0x0000, 0x0000, 0x0000, 0x0000, 0x0000,
    0x0000, 0x0000, 0x0000, 0x0000, 0x0000, 0x0000, 0x0000, 0x0000, 0x0000, 0x0000, 0x0000, 0x0000,
    0x0000, 0x0000, 0x0000, 0x0000, 0x0000, 0x0000, 0x0000, 0x0000, 0x0000, 0x0000, 0x0000, 0x0000,
    0x0000, 0x0000, 0x0000, 0x0000, 0x0000, 0x0000, 0x0000, 0x0000, 0x0000, 0x0000, 0x0000, 0x0000,
    0x0000, 0x0000, 0x0000, 0x0000, 0x0000, 0x0000, 0x0000, 0x0000, 0x0000, 0x0000, 0x0000, 0x0000,
    0x0000, 0x0000, 0x0000, 0x0000, 0x0000, 0x0000, 0x0000, 0x0000, 0x0000, 0x0000, 0x0000, 0x0000,
    0x0000, 0x0000, 0x0000, 0x0000, 0x0000, 0x0000, 0x0000, 0x0000, 0x0000, 0x0000, 0x0000, 0x0000,
    0x0000, 0x0000, 0x0000, 0x0000, 0x0000, 0x0000, 0x0000, 0x0000, 0x0000, 0x0000, 0x0000, 0x0000,
    0x0000, 0x0000, 0x0000, 0x0000, 0x0000, 0x0000, 0x0000, 0x0000, 0x0000, 0x0000, 0x0000, 0x0000,
    0x0000, 0x0000, 0x0000, 0x0000, 0x0000, 0x0000, 0x0000, 0x0000, 0x0000, 0x0000, 0x0000, 0x0000,
    0x0000, 0x0000, 0x0000, 0x0000, 0x0000, 0x0000, 0x0000, 0x0000, 0x0000, 0x0000, 0x0000, 0x0000,
    0x0000, 0x0000, 0x0000, 0x0000, 0x0000, 0x0000, 0x0000, 0x0000, 0x0000, 0x0000, 0x0000, 0x0000,
    0x0000, 0x0000, 0x0000, 0x0000, 0x0000, 0x0000, 0x0000, 0x0000, 0x0000, 0x0000, 0x0000, 0x0000,
    0x0000, 0x0000, 0x0000, 0x0000, 0x0000, 0x0000, 0x0000, 0x0000, 0x0000, 0x0000, 0x0000, 0x0000,
    0x0000, 0x0000, 0x0000, 0x0000, 0x0000, 0x0000, 0x0000, 0x0000, 0x0000, 0x0000, 0x0000, 0x0000,
    0x0000, 0x0000, 0x0000, 0x0000, 0x0000, 0x0000, 0x0000, 0x0000, 0x0000, 0x0000, 0x0000, 0x0000,
    0x0000, 0x0000, 0x0000, 0x0000, 0x0000, 0x0000, 0x0000, 0x0000, 0x0000, 0x0000, 0x0000, 0x0000,
    0x0000, 0x0000, 0x0000, 0x0000, 0x0000, 0x0000, 0x0000, 0x0000, 0x0000, 0x0000, 0x0000, 0x0000,
    0x0000, 0x0000, 0x0000, 0x0000, 0x0000, 0x0000, 0x0000, 0x0000, 0x0000, 0x0000, 0x0000, 0x0000,
    0x0000, 0x0000, 0x0000, 0x0000, 0x0000, 0x0000, 0x0000, 0x0000, 0x0000, 0x0000, 0x0000, 0x0000,
    0x0000, 0x0000, 0x0000, 0x0000, 0x0000, 0x0000, 0x0000, 0x0000, 0x0000, 0x0000, 0x0000, 0x0000,
    0x0000, 0x0000, 0x0000, 0x0000, 0x0000, 0x0000, 0x0000, 0x0000, 0x0000, 0x0000, 0x0000, 0x0000,
    0x0000, 0x0000, 0x0000, 0x0000, 0x0000, 0x0000, 0x0000, 0x0000, 0x0000, 0x0000, 0x0000, 0x0000,
    0x0000, 0x0000, 0x0000, 0x0000, 0x0000, 0x0000, 0x0000, 0x0000, 0x0000, 0x0000, 0x0000, 0x0000,
    0x0000, 0x0000, 0x0000, 0x0000, 0x0000, 0x0000, 0x0000, 0x0000, 0x0000, 0x0000, 0x0000, 0x0000,
    0x0000, 0x0000, 0x0000, 0x0000, 0x0000, 0x0000, 0x0000, 0x0000, 0x0000, 0x0000, 0x0000, 0x0000,
    0x0000, 0x0000, 0x0000, 0x0000, 0x0000, 0x0000, 0x0000, 0x0000, 0x0000, 0x0000, 0x0000, 0x0000,
    0x0000, 0x0000, 0x0000, 0x0000, 0x0000, 0x0000, 0x0000, 0x0000, 0x0000, 0x0000, 0x0000, 0x0000,
    0x0000, 0x0000, 0x0000, 0x0000, 0x0000, 0x0000, 0x0000, 0x0000, 0x0000, 0x0000, 0x0000, 0x0000,
    0x0000, 0x0000, 0x0000, 0x0000, 0x0000, 0x0000, 0x0000, 0x0000, 0x0000, 0x0000, 0x0000, 0x0000,
    0x0000, 0x0000, 0x0000, 0x0000, 0x0000, 0x0000, 0x0000, 0x0000, 0x0000, 0x0000, 0x0000, 0x0000,
    0x0000, 0x0000, 0x0000, 0x0000, 0x0000, 0x0000, 0x0000, 0x0000, 0x0000, 0x0000, 0x0000, 0x0000,
    0x0000, 0x0000, 0x0000, 0x0000, 0x0000, 0x0000, 0x0000, 0x0000, 0x0000, 0x0000, 0x0000, 0x0000,
    0x0000, 0x0000, 0x0000, 0x0000, 0x0000, 0x0000, 0x0000, 0x0000, 0x0000, 0x0000, 0x0000, 0x0000,
    0x0000, 0x0000, 0x0000, 0x0000, 0x0000, 0x0000, 0x0000, 0x0000, 0x0000, 0x0000, 0x0000, 0x0000,
    0x0000, 0x0000, 0x0000, 0x0000, 0x0000, 0x0000, 0x0000, 0x0000, 0x0000, 0x0000, 0x0000, 0x0000,
    0x0000, 0x0000, 0x0000, 0x0000, 0x0000, 0x0000, 0x0000, 0x0000, 0x0000, 0x0000, 0x0000, 0x0000,
    0x0000, 0x0000, 0x0000, 0x0000, 0x0000, 0x0000, 0x0000, 0x0000, 0x0000, 0x0000, 0x0000, 0x0000,
    0x0000, 0x0000, 0x0000, 0x0000, 0x0000, 0x0000, 0x0000, 0x0000, 0x0000, 0x0000, 0x0000, 0x0000,
    0x0000, 0x0000, 0x0000, 0x0000, 0x0000, 0x0000, 0x0000, 0x0000, 0x0000, 0x0000, 0x0000, 0x0000,
    0x0000, 0x0000, 0x0000, 0x0000, 0x0000, 0x0000, 0x0000, 0x0000, 0x0000, 0x0000, 0x0000, 0x0000,
    0x0000, 0x0000, 0x0000, 0x0000, 0x0000, 0x0000, 0x0000, 0x0000, 0x0000, 0x0000, 0x0000, 0x0000,
    0x0000, 0x0000, 0x0000, 0x0000, 0x0000, 0x0000, 0x0000, 0x0000, 0x0000, 0x0000, 0x0000, 0x0000,
    0x0000, 0x0000, 0x0000, 0x0000, 0x0000, 0x0000, 0x0000, 0x0000, 0x0000, 0x0000, 0x0000, 0x0000,
    0x0000, 0x0000, 0x0000, 0x0000, 0x0000, 0x0000, 0x0000, 0x0000, 0x0000, 0x0000, 0x0000, 0x0000,
    0x0000, 0x0000, 0x0000, 0x0000, 0x0000, 0x0000, 0x0000, 0x0000, 0x0000, 0x0000, 0x0000, 0x0000,
    0x0000, 0x0000, 0x0000, 0x0000, 0x0000, 0x0000, 0x0000, 0x0000, 0x0000, 0x0000, 0x0000, 0x0000,
    0x0000, 0x0000, 0x0000, 0x0000, 0x0000, 0x0000, 0x0000, 0x0000, 0x0000, 0x0000, 0x0000, 0x0000,
    0x0000, 0x0000, 0x0000, 0x0000, 0x0000, 0x0000, 0x0000, 0x0000, 0x0000, 0x0000, 0x0000, 0x0000,
    0x0000, 0x0000, 0x0000, 0x0000, 0x0000, 0x0000, 0x0000, 0x0000, 0x0000, 0x0000, 0x0000, 0x0000,
    0x0000, 0x0000, 0x0000, 0x0000, 0x0000, 0x0000, 0x0000, 0x0000, 0x0000, 0x0000, 0x0000, 0x0000,
    0x0000, 0x0000, 0x0000, 0x0000, 0x0000, 0x0000, 0x0000, 0x0000, 0x0000, 0x0000, 0x0000, 0x0000,
    0x0000, 0x0000, 0x0000, 0x0000, 0x0000, 0x0000, 0x0000, 0x0000, 0x39E7, 0x632C, 0x8C51, 0xA534,
    0xB5B6, 0xBDF7, 0xC618, 0xBDF7, 0xB596, 0xA514, 0x8C51, 0x632C, 0x39E7, 0x0000, 0x0000, 0x0000,
    0x0000, 0x0000, 0x0000, 0x0000, 0x0000, 0x0000, 0x0000, 0x0000, 0x0000, 0x0000, 0x0000, 0x0000,
    0x0000, 0x0000, 0x0000, 0x0000, 0x0000, 0x0000, 0x0000, 0x0000, 0x0000, 0x0000, 0x0000, 0x0000,
    0x0000, 0x0000, 0x0000, 0x0000, 0x0000, 0x0000, 0x0000, 0x0000, 0x0000, 0x0000, 0x0000, 0x0000,
    0x0000, 0x0000, 0x0000, 0x0000, 0x0000, 0x0000, 0x0000, 0x0000, 0x0000, 0x0000, 0x0000, 0x0000,
    0x0000, 0x0000, 0x0000, 0x0000, 0x0000, 0x0000, 0x0000, 0x0000, 0x0000, 0x0000, 0x0000, 0x0000,
    0x0000, 0x0000, 0x0000, 0x0000, 0x0000, 0x0000, 0x0000, 0x0000, 0x0000, 0x0000, 0x0000, 0x0000,
    0x0000, 0x0000, 0x0000, 0x0000, 0x0000, 0x0000, 0x0000, 0x0000, 0x0000, 0x5ACB, 0xA513, 0xD699,
    0xE73C, 0xEF7D, 0xEF7D, 0xEF5D, 0xE73C, 0xE71C, 0xE71C, 0xE73C, 0xE73C, 0xEF5D, 0xEF7D, 0xEF7D,
    0xEF5D, 0xD6BA, 0xAD54, 0x632C, 0x0000, 0x0000, 0x0000, 0x0000, 0x0000, 0x0000, 0x0000, 0x0000,
    0x0000, 0x0000, 0x0000, 0x0000, 0x0000, 0x0000, 0x0000, 0x0000, 0x0000, 0x0000, 0x0000, 0x0000,
    0x0000, 0x0000, 0x0000, 0x0000, 0x0000, 0x0000, 0x0000, 0x0000, 0x0000, 0x0000, 0x0000, 0x0000,
    0x0000, 0x0000, 0x0000, 0x0000, 0x0000, 0x0000, 0x0000, 0x0000, 0x0000, 0x0000, 0x0000, 0x0000,
    0x0000, 0x0000, 0x0000, 0x0000, 0x0000, 0x0000, 0x0000, 0x0000, 0x0000, 0x0000, 0x0000, 0x0000,
    0x0000, 0x0000, 0x0000, 0x0000, 0x0000, 0x0000, 0x0000, 0x0000, 0x0000, 0x0000, 0x0000, 0x0000,
    0x0000, 0x0000, 0x0000, 0x0000, 0x0000, 0x0000, 0x0000, 0x0000, 0x0000, 0x0000, 0x0000, 0x8C51,
    0xD69A, 0xEF7D, 0xEF5D, 0xE71C, 0xDEDB, 0xDEDB, 0xDEDB, 0xDEDB, 0xDEDB, 0xDEDB, 0xDEDB, 0xDEDB,
    0xDEDB, 0xDEDB, 0xDEDB, 0xDEDB, 0xDEFB, 0xE71C, 0xEF5D, 0xEF7D, 0xDEFB, 0xA514, 0x4228, 0x0000,
    0x0000, 0x0000, 0x0000, 0x0000, 0x0000, 0x0000, 0x0000, 0x0000, 0x0000, 0x0000, 0x0000, 0x0000,
    0x0000, 0x0000, 0x0000, 0x0000, 0x0000, 0x0000, 0x0000, 0x0000, 0x0000, 0x0000, 0x0000, 0x0000,
    0x0000, 0x0000, 0x0000, 0x0000, 0x0000, 0x0000, 0x0000, 0x0000, 0x0000, 0x0000, 0x0000, 0x0000,
    0x0000, 0x0000, 0x0000, 0x0000, 0x0000, 0x0000, 0x0000, 0x0000, 0x0000, 0x0000, 0x0000, 0x0000,
    0x0000, 0x0000, 0x0000, 0x0000, 0x0000, 0x0000, 0x0000, 0x0000, 0x0000, 0x0000, 0x0000, 0x0000,
    0x0000, 0x0000, 0x0000, 0x0000, 0x0000, 0x0000, 0x0000, 0x0000, 0x0000, 0x0000, 0x0000, 0x0000,
    0x0000, 0x8C51, 0xDEFB, 0xEF7D, 0xE71C, 0xDEDB, 0xDEDB, 0xDEFB, 0xDEFB, 0xDEFB, 0xDEDB, 0xDEDB,
    0xDEDB, 0xDEDB, 0xDEDB, 0xDEDB, 0xDEDB, 0xDEDB, 0xDEFB, 0xDEFB, 0xDEFB, 0xDEFB, 0xDEDB, 0xDEDB,
    0xDF1B, 0xEF7D, 0xEF7D, 0xB596, 0x4228, 0x0000, 0x0000, 0x0000, 0x0000, 0x0000, 0x0000, 0x0000,
    0x0000, 0x0000, 0x0000, 0x0000, 0x0000, 0x0000, 0x0000, 0x0000, 0x0000, 0x0000, 0x0000, 0x0000,
    0x0000, 0x0000, 0x0000, 0x0000, 0x0000, 0x0000, 0x0000, 0x0000, 0x0000, 0x0000, 0x0000, 0x0000,
    0x0000, 0x0000, 0x0000, 0x0000, 0x0000, 0x0000, 0x0000, 0x0000, 0x0000, 0x0000, 0x0000, 0x0000,
    0x0000, 0x0000, 0x0000, 0x0000, 0x0000, 0x0000, 0x0000, 0x0000, 0x0000, 0x0000, 0x0000, 0x0000,
    0x0000, 0x0000, 0x0000, 0x0000, 0x0000, 0x0000, 0x0000, 0x0000, 0x0000, 0x0000, 0x0000, 0x0000,
    0x0000, 0x0000, 0x0000, 0x5ACB, 0xD6BA, 0xEF7D, 0xDEFB, 0xDEDB, 0xDEFB, 0xDEFB, 0xDEFB, 0xDEFB,
    0xDEDB, 0xDEDB, 0xDEDB, 0xDEDB, 0xDEDB, 0xDEDB, 0xDEDB, 0xDEDB, 0xDEDB, 0xDEDB, 0xDEDB, 0xDEDB,
    0xDEDB, 0xDEFB, 0xDEFB, 0xDEFB, 0xDEFB, 0xDEDB, 0xDEFB, 0xEF5D, 0xEF5D, 0x9CF3, 0x0000, 0x0000,
    0x0000, 0x0000, 0x0000, 0x0000, 0x0000, 0x0000, 0x0000, 0x0000, 0x0000, 0x0000, 0x0000, 0x0000,
    0x0000, 0x0000, 0x0000, 0x0000, 0x0000, 0x0000, 0x0000, 0x0000, 0x0000, 0x0000, 0x0000, 0x0000,
    0x0000, 0x0000, 0x0000, 0x0000, 0x0000, 0x0000, 0x0000, 0x0000, 0x0000, 0x0000, 0x0000, 0x0000,
    0x0000, 0x0000, 0x0000, 0x0000, 0x0000, 0x0000, 0x0000, 0x0000, 0x0000, 0x0000, 0x0000, 0x0000,
    0x0000, 0x0000, 0x0000, 0x0000, 0x0000, 0x0000, 0x0000, 0x0000, 0x0000, 0x0000, 0x0000, 0x0000,
    0x0000, 0x0000, 0x0000, 0x0000, 0x0000, 0x0000, 0x9CD2, 0xF79D, 0xE71C, 0xDEDB, 0xDEFB, 0xDEFB,
    0xDEFB, 0xDEDB, 0xDEDB, 0xDEDB, 0xDEDB, 0xDEDB, 0xDEDB, 0xDEDB, 0xDEDB, 0xDEDB, 0xDEDB, 0xDEDB,
    0xDEDB, 0xDEDB, 0xDEDB, 0xDEDB, 0xDEDB, 0xDEFB, 0xDEDB, 0xDEFB, 0xDEFB, 0xDEFB, 0xDEFB, 0xDEDB,
    0xDEFB, 0xEF7D, 0xDEFB, 0x5ACB, 0x0000, 0x0000, 0x0000, 0x0000, 0x0000, 0x0000, 0x0000, 0x0000,
    0x0000, 0x0000, 0x0000, 0x0000, 0x0000, 0x0000, 0x0000, 0x0000, 0x0000, 0x0000, 0x0000, 0x0000,
    0x0000, 0x0000, 0x0000, 0x0000, 0x0000, 0x0000, 0x0000, 0x0000, 0x0000, 0x0000, 0x0000, 0x0000,
    0x0000, 0x0000, 0x0000, 0x0000, 0x0000, 0x0000, 0x0000, 0x0000, 0x0000, 0x0000, 0x0000, 0x0000,
    0x0000, 0x0000, 0x0000, 0x0000, 0x0000, 0x0000, 0x0000, 0x0000, 0x0000, 0x0000, 0x0000, 0x0000,
    0x0000, 0x0000, 0x0000, 0x0000, 0x0000, 0x0000, 0x0000, 0x0000, 0x0000, 0xC618, 0xEF7D, 0xDEDB,
    0xDEFB, 0xDEFB, 0xDEFB, 0xDEFB, 0xDEDB, 0xDEDB, 0xDEDB, 0xDEDB, 0xDEDB, 0xDEDB, 0xDEDB, 0xDEDB,
    0xDEDB, 0xDEDB, 0xDEDB, 0xDEDB, 0xDEDB, 0xDEDB, 0xDEDB, 0xDEDB, 0xDEDB, 0xDEFB, 0xDEDB, 0xDEDB,
    0xDEDB, 0xDEDB, 0xDEFB, 0xDEFB, 0xDEFB, 0xDEDB, 0xE71C, 0xEF7D, 0x8C51, 0x0000, 0x0000, 0x0000,
    0x0000, 0x0000, 0x0000, 0x0000, 0x0000, 0x0000, 0x0000, 0x0000, 0x0000, 0x0000, 0x0000, 0x0000,
    0x0000, 0x0000, 0x0000, 0x0000, 0x0000, 0x0000, 0x0000, 0x0000, 0x0000, 0x0000, 0x0000, 0x0000,
    0x0000, 0x0000, 0x0000, 0x0000, 0x0000, 0x0000, 0x0000, 0x0000, 0x0000, 0x0000, 0x0000, 0x0000,
    0x0000, 0x0000, 0x0000, 0x0000, 0x0000, 0x0000, 0x0000, 0x0000, 0x0000, 0x0000, 0x0000, 0x0000,
    0x0000, 0x0000, 0x0000, 0x0000, 0x0000, 0x0000, 0x0000, 0x0000, 0x0000, 0x0000, 0x0000, 0x0000,
    0xD6BA, 0xEF5D, 0xDEDB, 0xDEFB, 0xDEFB, 0xDEFB, 0xDEDB, 0xDEDB, 0xDEDB, 0xDEDB, 0xDEDB, 0xDEDB,
    0xDEDB, 0xDEDB, 0xDEDB, 0xDEDB, 0xDEDB, 0xDEDB, 0xDEDB, 0xDEDB, 0xDEDB, 0xDEDB, 0xDEDB, 0xDEDB,
    0xDEFB, 0xDEDB, 0xDEDB, 0xDEDB, 0xDEDB, 0xDEDB, 0xDEDB, 0xDEDB, 0xDEFB, 0xDEFB, 0xDEFB, 0xDEDB,
    0xF79E, 0xAD54, 0x0000, 0x0000, 0x0000, 0x0000, 0x0000, 0x0000, 0x0000, 0x0000, 0x0000, 0x0000,
    0x0000, 0x0000, 0x0000, 0x0000, 0x0000, 0x0000, 0x0000, 0x0000, 0x0000, 0x0000, 0x0000, 0x0000,
    0x0000, 0x0000, 0x0000, 0x0000, 0x0000, 0x0000, 0x0000, 0x0000, 0x0000, 0x0000, 0x0000, 0x0000,
    0x0000, 0x0000, 0x0000, 0x0000, 0x0000, 0x0000, 0x0000, 0x0000, 0x0000, 0x0000, 0x0000, 0x0000,
    0x0000, 0x0000, 0x0000, 0x0000, 0x0000, 0x0000, 0x0000, 0x0000, 0x0000, 0x0000, 0x0000, 0x0000,
    0x0000, 0x0000, 0x0000, 0xD6BA, 0xE73C, 0xDEDB, 0xDEFB, 0xDEFB, 0xDEDB, 0xDEDB, 0xDEDB, 0xDEDB,
    0xDEDB, 0xDEDB, 0xDEDB, 0xDEDB, 0xDEDB, 0xDEDB, 0xDEDB, 0xDEDB, 0xDEDB, 0xDEDB, 0xDEDB, 0xDEDB,
    0xDEDB, 0xDEDB, 0xDEDB, 0xDEDB, 0xDEDB, 0xDEDB, 0xDEDB, 0xDEDB, 0xDEDB, 0xDEDB, 0xDEDB, 0xDEDB,
    0xDEDB, 0xDEFB, 0xDEFB, 0xDEFB, 0xDEDB, 0xEF7D, 0xB5B6, 0x0000, 0x0000, 0x0000, 0x0000, 0x0000,
    0x0000, 0x0000, 0x0000, 0x0000, 0x0000, 0x0000, 0x0000, 0x0000, 0x0000, 0x0000, 0x0000, 0x0000,
    0x0000, 0x0000, 0x0000, 0x0000, 0x0000, 0x0000, 0x0000, 0x0000, 0x0000, 0x0000, 0x0000, 0x0000,
    0x0000, 0x0000, 0x0000, 0x0000, 0x0000, 0x0000, 0x0000, 0x0000, 0x0000, 0x0000, 0x0000, 0x0000,
    0x0000, 0x0000, 0x0000, 0x0000, 0x0000, 0x0000, 0x0000, 0x0000, 0x0000, 0x0000, 0x0000, 0x0000,
    0x0000, 0x0000, 0x0000, 0x0000, 0x0000, 0x0000, 0xCE79, 0xE73C, 0xDEDB, 0xDEFB, 0xDEFB, 0xDEDB,
    0xDEDB, 0xDEDB, 0xDEDB, 0xDEDB, 0xDEDB, 0xDEDB, 0xDEDB, 0xDEDB, 0xDEDB, 0xDEDB, 0xDEDB, 0xDEDB,
    0xDEDB, 0xDEDB, 0xDEDB, 0xDEDB, 0xDEDB, 0xDEDB, 0xDEDB, 0xDEDB, 0xDEDB, 0xDEDB, 0xDEDB, 0xDEDB,
    0xDEDB, 0xDEDB, 0xDEDB, 0xDEDB, 0xDEDB, 0xDEDB, 0xDEFB, 0xDEFB, 0xDEFB, 0xDEDB, 0xEF7D, 0xAD75,
    0x0000, 0x0000, 0x0000, 0x0000, 0x0000, 0x0000, 0x0000, 0x0000, 0x0000, 0x0000, 0x0000, 0x0000,
    0x0000, 0x0000, 0x0000, 0x0000, 0x0000, 0x0000, 0x0000, 0x0000, 0x0000, 0x0000, 0x0000, 0x0000,
    0x0000, 0x0000, 0x0000, 0x0000, 0x0000, 0x0000, 0x0000, 0x0000, 0x0000, 0x0000, 0x0000, 0x0000,
    0x0000, 0x0000, 0x0000, 0x0000, 0x0000, 0x0000, 0x0000, 0x0000, 0x0000, 0x0000, 0x0000, 0x0000,
    0x0000, 0x0000, 0x0000, 0x0000, 0x0000, 0x0000, 0x0000, 0x0000, 0x0000, 0xBDD7, 0xEF7D, 0xDEDB,
    0xDEFB, 0xDEFB, 0xDEDB, 0xDEDB, 0xDEDB, 0xDEDB, 0xDEDB, 0xDEDB, 0xDEDB, 0xDEDB, 0xDEDB, 0xDEDB,
    0xDEDB, 0xDEDB, 0xDEDB, 0xDEDB, 0xDEDB, 0xDEDB, 0xDEDB, 0xDEDB, 0xDEDB, 0xDEDB, 0xDEDB, 0xDEDB,
    0xDEDB, 0xDEDB, 0xDEDB, 0xDEDB, 0xDEDB, 0xDEDB, 0xDEDB, 0xDEDB, 0xDEDB, 0xDEDB, 0xDEDB, 0xDEDB,
    0xDEFB, 0xDEFB, 0xDEDB, 0xEF7D, 0x9CD3, 0x0000, 0x0000, 0x0000, 0x0000, 0x0000, 0x0000, 0x0000,
    0x0000, 0x0000, 0x0000, 0x0000, 0x0000, 0x0000, 0x0000, 0x0000, 0x0000, 0x0000, 0x0000, 0x0000,
    0x0000, 0x0000, 0x0000, 0x0000, 0x0000, 0x0000, 0x0000, 0x0000, 0x0000, 0x0000, 0x0000, 0x0000,
    0x0000, 0x0000, 0x0000, 0x0000, 0x0000, 0x0000, 0x0000, 0x0000, 0x0000, 0x0000, 0x0000, 0x0000,
    0x0000, 0x0000, 0x0000, 0x0000, 0x0000, 0x0000, 0x0000, 0x0000, 0x0000, 0x0000, 0x0000, 0x0000,
    0x8430, 0xF79E, 0xDEDB, 0xDEFB, 0xDEFB, 0xDEDB, 0xDEDB, 0xDEDB, 0xDEDB, 0xDEDB, 0xDEDB, 0xDEDB,
    0xDEDB, 0xDEDB, 0xDEDB, 0xDEDB, 0xDEDB, 0xDEFB, 0xDEDB, 0xDEDB, 0xDEDB, 0xDEDB, 0xDEDB, 0xDEDB,
    0xDEDB, 0xDEDB, 0xDEDB, 0xDEDB, 0xDEDB, 0xDEDB, 0xDEDB, 0xDEDB, 0xDEDB, 0xDEDB, 0xDEDB, 0xDEDB,
    0xDEDB, 0xDEDB, 0xDEDB, 0xDEFB, 0xDEFB, 0xDEFB, 0xDEFB, 0xDEDB, 0xF79E, 0x6B6D, 0x0000, 0x0000,
    0x0000, 0x0000, 0x0000, 0x0000, 0x0000, 0x0000, 0x0000, 0x0000, 0x0000, 0x0000, 0x0000, 0x0000,
    0x0000, 0x0000, 0x0000, 0x0000, 0x0000, 0x0000, 0x0000, 0x0000, 0x0000, 0x0000, 0x0000, 0x0000,
    0x0000, 0x0000, 0x0000, 0x0000, 0x0000, 0x0000, 0x0000, 0x0000, 0x0000, 0x0000, 0x0000, 0x0000,
    0x0000, 0x0000, 0x0000, 0x0000, 0x0000, 0x0000, 0x0000, 0x0000, 0x0000, 0x0000, 0x0000, 0x0000,
    0x0000, 0x0000, 0x0000, 0x39E7, 0xEF7D, 0xDEFB, 0xDEFB, 0xDEFB, 0xDEFB, 0xDEDB, 0xDEDB, 0xDEDB,
    0xDEDB, 0xDEDB, 0xDEDB, 0xDEDB, 0xDEDB, 0xDEDB, 0xDEDB, 0xDEDB, 0xDEDB, 0xDEDB, 0xDEDB, 0xDEDB,
    0xDEDB, 0xDEDB, 0xDEDB, 0xDEDB, 0xDEDB, 0xDEDB, 0xDEDB, 0xDEDB, 0xDEDB, 0xDEDB, 0xDEDB, 0xDEDB,
    0xDEDB, 0xDEDB, 0xDEDB, 0xDEDB, 0xDEDB, 0xDEFB, 0xDEFB, 0xDEFB, 0xDEFB, 0xDEFB, 0xDEFB, 0xDEFB,
    0xDEFB, 0xEF5C, 0x31A6, 0x0000, 0x0000, 0x0000, 0x0000, 0x0000, 0x0000, 0x0000, 0x0000, 0x0000,
    0x0000, 0x0000, 0x0000, 0x0000, 0x0000, 0x0000, 0x0000, 0x0000, 0x0000, 0x0000, 0x0000, 0x0000,
    0x0000, 0x0000, 0x0000, 0x0000, 0x0000, 0x0000, 0x0000, 0x0000, 0x0000, 0x0000, 0x0000, 0x0000,
    0x0000, 0x0000, 0x0000, 0x0000, 0x0000, 0x0000, 0x0000, 0x0000, 0x0000, 0x0000, 0x0000, 0x0000,
    0x0000, 0x0000, 0x0000, 0x0000, 0x0000, 0x0000, 0x0000, 0xC618, 0xE73C, 0xDEFB, 0xDEFB, 0xDEFB,
    0xDEDB, 0xDEDB, 0xDEDB, 0xDEDB, 0xDEDB, 0xDEDB, 0xDEDB, 0xDEDB, 0xDEDB, 0xDEDB, 0xDEDB, 0xDEDB,
    0xDEDB, 0xDEDB, 0xDEDB, 0xDEFB, 0xDEFB, 0xDEFB, 0xDEFB, 0xDEFB, 0xDEFB, 0xDEFB, 0xDEDB, 0xDEDB,
    0xDEDB, 0xDEDB, 0xDEDB, 0xDEDB, 0xDEDB, 0xDEFB, 0xDEFB, 0xDEFB, 0xDEFB, 0xDEFB, 0xDEFB, 0xDEFB,
    0xDEFB, 0xDEFB, 0xDEFB, 0xDEFB, 0xDEFB, 0xEF5D, 0xC618, 0x0000, 0x0000, 0x0000, 0x0000, 0x0000,
    0x0000, 0x0000, 0x0000, 0x0000, 0x0000, 0x0000, 0x0000, 0x0000, 0x0000, 0x0000, 0x0000, 0x0000,
    0x0000, 0x0000, 0x0000, 0x0000, 0x0000, 0x0000, 0x0000, 0x0000, 0x0000, 0x0000, 0x0000, 0x0000,
    0x0000, 0x0000, 0x0000, 0x0000, 0x0000, 0x0000, 0x0000, 0x0000, 0x0000, 0x0000, 0x0000, 0x0000,
    0x0000, 0x0000, 0x0000, 0x0000, 0x0000, 0x0000, 0x0000, 0x0000, 0x0000, 0x0000, 0x632C, 0xF79E,
    0xDEDB, 0xDEFB, 0xDEFB, 0xDEDB, 0xDEDB, 0xDEDB, 0xDEFB, 0xDEDB, 0xDEDB, 0xDEDB, 0xDEDB, 0xDEDB,
    0xDEDB, 0xDEDB, 0xDEDB, 0xDEDB, 0xDEDB, 0xDEDB, 0xDEDB, 0xDEDB, 0xDEDB, 0xDEFB, 0xDEFB, 0xDEFB,
    0xDEFB, 0xDEFB, 0xDEDB, 0xDEFB, 0xDEDB, 0xDEDB, 0xDEFB, 0xDEDB, 0xDEDB, 0xDEDB, 0xDEFB, 0xDEFB,
    0xDEFB, 0xDEFB, 0xDEFB, 0xDEFB, 0xDEFB, 0xDEFB, 0xDEFB, 0xDEFB, 0xDEFB, 0xDEDB, 0xF79E, 0x6B6D,
    0x0000, 0x0000, 0x0000, 0x0000, 0x0000, 0x0000, 0x0000, 0x0000, 0x0000, 0x0000, 0x0000, 0x0000,
    0x0000, 0x0000, 0x0000, 0x0000, 0x0000, 0x0000, 0x0000, 0x0000, 0x0000, 0x0000, 0x0000, 0x0000,
    0x0000, 0x0000, 0x0000, 0x0000, 0x0000, 0x0000, 0x0000, 0x0000, 0x0000, 0x0000, 0x0000, 0x0000,
    0x0000, 0x0000, 0x0000, 0x0000, 0x0000, 0x0000, 0x0000, 0x0000, 0x0000, 0x0000, 0x0000, 0x0000,
    0x0000, 0x0000, 0xCE59, 0xE73C, 0xDEFB, 0xDEFB, 0xDEFB, 0xDEDB, 0xDEDB, 0xDEDB, 0xDEDB, 0xDEDB,
    0xDEDB, 0xDEDB, 0xDEDB, 0xDEDB, 0xDEDB, 0xDEDB, 0xDEDB, 0xDEDB, 0xDEDB, 0xDEDB, 0xDEDB, 0xDEDB,
    0xDEDB, 0xDEDB, 0xDEFB, 0xDEFB, 0xDEFB, 0xDEFB, 0xDEFB, 0xDEDB, 0xDEDB, 0xDEFB, 0xDEFB, 0xDEDB,
    0xDEFB, 0xDEDB, 0xDEFB, 0xDEFB, 0xDEFB, 0xDEFB, 0xDEFB, 0xDEDB, 0xDEDB, 0xDEDB, 0xDEFB, 0xDEFB,
    0xDEFB, 0xDEFB, 0xE71C, 0xD6BA, 0x0000, 0x0000, 0x0000, 0x0000, 0x0000, 0x0000, 0x0000, 0x0000,
    0x0000, 0x0000, 0x0000, 0x0000, 0x0000, 0x0000, 0x0000, 0x0000, 0x0000, 0x0000, 0x0000, 0x0000,
    0x0000, 0x0000, 0x0000, 0x0000, 0x0000, 0x0000, 0x0000, 0x0000, 0x0000, 0x0000, 0x0000, 0x0000,
    0x0000, 0x0000, 0x0000, 0x0000, 0x0000, 0x0000, 0x0000, 0x0000, 0x4A69, 0x7BEF, 0xA513, 0xB595,
    0xB596, 0xA554, 0x8C71, 0x632C, 0x0000, 0x5ACB, 0xEF7D, 0xDEFB, 0xDEFB, 0xDEFB, 0xDEDB, 0xDEDB,
    0xDEDB, 0xDEDB, 0xDEDB, 0xDEDB, 0xDEDB, 0xDEDB, 0xDEDB, 0xDEDB, 0xDEDB, 0xDEDB, 0xDEDB, 0xDEDB,
    0xDEDB, 0xDEDB, 0xDEDB, 0xDEDB, 0xDEDB, 0xDEDB, 0xDEFB, 0xDEFB, 0xDEFB, 0xDEFB, 0xDEFB, 0xDEDB,
    0xDEFB, 0xDEFB, 0xDEDB, 0xDEDB, 0xDEDB, 0xDEDB, 0xDEFB, 0xDEFB, 0xDEFB, 0xDEFB, 0xDEDB, 0xDEDB,
    0xDEDB, 0xDEDB, 0xDEDB, 0xDEFB, 0xDEFB, 0xDEFB, 0xDEDB, 0xEF7D, 0x7BCF, 0x0000, 0x0000, 0x0000,
    0x0000, 0x0000, 0x0000, 0x0000, 0x0000, 0x0000, 0x0000, 0x0000, 0x0000, 0x0000, 0x0000, 0x0000,
    0x0000, 0x0000, 0x0000, 0x0000, 0x0000, 0x0000, 0x0000, 0x0000, 0x0000, 0x0000, 0x0000, 0x0000,
    0x0000, 0x0000, 0x0000, 0x0000, 0x0000, 0x0000, 0x0000, 0x0000, 0x0000, 0x0000, 0x8C71, 0xD699,
    0xEF5D, 0xEF7D, 0xEF5D, 0xE75C, 0xEF5C, 0xEF5D, 0xEF7D, 0xF79D, 0xDEFB, 0xD6BA, 0xDF1C, 0xDEFB,
    0xDEFB, 0xDEFB, 0xDEDB, 0xDEDB, 0xDEFB, 0xDEDB, 0xDEDB, 0xDEDB, 0xDEDB, 0xDEDB, 0xDEDB, 0xDEDB,
    0xDEDB, 0xDEDB, 0xDEDB, 0xDEDB, 0xDEDB, 0xDEDB, 0xDEDB, 0xDEDB, 0xDEDB, 0xDEFB, 0xDEFB, 0xDEFB,
    0xDEFB, 0xDEFB, 0xDEFB, 0xDEFB, 0xDEFB, 0xDEFB, 0xDEDB, 0xDEDB, 0xDEDB, 0xDEDB, 0xDEFB, 0xDEFB,
    0xDEFB, 0xDEDB, 0xDEDB, 0xDEDB, 0xDEDB, 0xDEDB, 0xDEDB, 0xDEDB, 0xDEFB, 0xDEFB, 0xDEFB, 0xE71C,
    0xD699, 0x0000, 0x0000, 0x0000, 0x0000, 0x0000, 0x0000, 0x0000, 0x0000, 0x0000, 0x0000, 0x0000,
    0x0000, 0x0000, 0x0000, 0x0000, 0x0000, 0x0000, 0x0000, 0x0000, 0x0000, 0x0000, 0x0000, 0x0000,
    0x0000, 0x0000, 0x0000, 0x0000, 0x0000, 0x0000, 0x0000, 0x0000, 0x0000, 0x0000, 0x0000, 0x0000,
    0x8C50, 0xE71C, 0xEF5D, 0xE71C, 0xDEDB, 0xDEDB, 0xDEDB, 0xDEDB, 0xDEDB, 0xDEDB, 0xDEDB, 0xDEDB,
    0xDEFB, 0xDEFB, 0xDEFB, 0xDEFB, 0xDEFB, 0xDEFB, 0xDEFB, 0xDEDB, 0xDEDB, 0xDEDB, 0xDEDB, 0xDEDB,
    0xDEDB, 0xDEDB, 0xDEDB, 0xDEDB, 0xDEDB, 0xDEDB, 0xDEDB, 0xDEDB, 0xDEDB, 0xDEDB, 0xDEDB, 0xDEFB,
    0xDEDB, 0xDEFB, 0xDEFB, 0xDEFB, 0xDEFB, 0xDEFB, 0xDEFB, 0xDEFB, 0xDEFB, 0xDEDB, 0xDEDB, 0xDEDB,
    0xDEDB, 0xDEDB, 0xDEDB, 0xDEFB, 0xDEDB, 0xDEDB, 0xDEDB, 0xDEDB, 0xDEDB, 0xDEDB, 0xDEDB, 0xDEDB,
    0xDEFB, 0xDEFB, 0xDEFB, 0xDEDB, 0xEF7D, 0x5ACB, 0x0000, 0x0000, 0x0000, 0x0000, 0x0000, 0x0000,
    0x0000, 0x0000, 0x0000, 0x0000, 0x0000, 0x0000, 0x0000, 0x0000, 0x0000, 0x0000, 0x0000, 0x0000,
    0x0000, 0x0000, 0x0000, 0x0000, 0x0000, 0x0000, 0x0000, 0x0000, 0x0000, 0x0000, 0x0000, 0x0000,
    0x0000, 0x0000, 0x0000, 0xC638, 0xF79D, 0xDEFB, 0xDEDB, 0xDEFB, 0xDEFB, 0xDEFB, 0xDEFB, 0xDEFB,
    0xDEFB, 0xDEFB, 0xDEFB, 0xDEFB, 0xDEDB, 0xDEFB, 0xDEFB, 0xDEFB, 0xDEFB, 0xDEFB, 0xDEFB, 0xDEDB,
    0xDEDB, 0xDEDB, 0xDEDB, 0xDEDB, 0xDEDB, 0xDEDB, 0xDEDB, 0xDEDB, 0xDEDB, 0xDEDB, 0xDEDB, 0xDEFB,
    0xDEDB, 0xDEDB, 0xDEDB, 0xDEDB, 0xDEDB, 0xDEFB, 0xDEFB, 0xDEFB, 0xDEFB, 0xDEFB, 0xDEFB, 0xDEFB,
    0xDEDB, 0xDEDB, 0xDEFB, 0xDEDB, 0xDEDB, 0xDEDB, 0xDEDB, 0xDEDB, 0xDEDB, 0xDEDB, 0xDEDB, 0xDEDB,
    0xDEDB, 0xDEDB, 0xDEDB, 0xDEDB, 0xDEFB, 0xDEFB, 0xDEFB, 0xDEFB, 0xEF5D, 0xA554, 0x0000, 0x0000,
    0x0000, 0x0000, 0x0000, 0x0000, 0x0000, 0x0000, 0x0000, 0x0000, 0x0000, 0x0000, 0x0000, 0x0000,
    0x0000, 0x0000, 0x0000, 0x0000, 0x0000, 0x0000, 0x0000, 0x0000, 0x0000, 0x0000, 0x0000, 0x0000,
    0x0000, 0x0000, 0x0000, 0x0000, 0x0000, 0x39C7, 0xDEFB, 0xEF5D, 0xDEDB, 0xDEFB, 0xDEFB, 0xDEFB,
    0xDEFB, 0xDEFB, 0xDEDB, 0xDEDB, 0xDEDB, 0xDEDB, 0xDEDB, 0xDEDB, 0xDEDB, 0xDEDB, 0xDEDB, 0xDEDB,
    0xDEDB, 0xDEFB, 0xDEFB, 0xDEFB, 0xDEDB, 0xDEDB, 0xDEDB, 0xDEDB, 0xDEDB, 0xDEDB, 0xDEDB, 0xDEDB,
    0xDEDB, 0xDEDB, 0xDEDB, 0xDEFB, 0xDEFB, 0xDEFB, 0xDEDB, 0xDEDB, 0xDEDB, 0xDEFB, 0xDEFB, 0xDEFB,
    0xDEFB, 0xDEFB, 0xDEFB, 0xDEFB, 0xDEDB, 0xDEDB, 0xDEDB, 0xDEDB, 0xDEDB, 0xDEDB, 0xDEDB, 0xDEDB,
    0xDEDB, 0xDEDB, 0xDEDB, 0xDEDB, 0xDEDB, 0xDEDB, 0xDEFB, 0xDEFB, 0xDEFB, 0xDEFB, 0xDEFB, 0xDEFB,
    0xE71C, 0xDEDB, 0x0000, 0x0000, 0x0000, 0x0000, 0x0000, 0x0000, 0x0000, 0x0000, 0x0000, 0x0000,
    0x0000, 0x0000, 0x0000, 0x0000, 0x0000, 0x0000, 0x0000, 0x0000, 0x0000, 0x0000, 0x0000, 0x0000,
    0x0000, 0x0000, 0x0000, 0x0000, 0x0000, 0x0000, 0x0000, 0x0000, 0x0000, 0xDEFB, 0xE73C, 0xDEDB,
    0xDEFB, 0xDEFB, 0xDEDB, 0xDEDB, 0xDEDB, 0xDEDB, 0xDEDB, 0xDEDB, 0xDEDB, 0xDEDB, 0xDEDB, 0xDEDB,
    0xDEDB, 0xDEDB, 0xDEDB, 0xDEDB, 0xDEDB, 0xDEFB, 0xDEFB, 0xDEDB, 0xDEDB, 0xDEDB, 0xDEDB, 0xDEDB,
    0xDEDB, 0xDEDB, 0xDEDB, 0xDEFB, 0xDEDB, 0xDEDB, 0xDEDB, 0xDEFB, 0xDEFB, 0xDEDB, 0xDEDB, 0xDEDB,
    0xDEDB, 0xDEFB, 0xDEFB, 0xDEFB, 0xDEFB, 0xDEFB, 0xDEFB, 0xDEDB, 0xDEDB, 0xDEDB, 0xDEDB, 0xDEDB,
    0xDEDB, 0xDEDB, 0xDEDB, 0xDEDB, 0xDEDB, 0xDEDB, 0xDEDB, 0xDEDB, 0xDEDB, 0xDEDB, 0xDEFB, 0xDEFB,
    0xDEFB, 0xDEFB, 0xDEFB, 0xDEFB, 0xDEFB, 0xEF7D, 0x4A69, 0x0000, 0x0000, 0x0000, 0x0000, 0x0000,
    0x0000, 0x0000, 0x0000, 0x0000, 0x0000, 0x0000, 0x0000, 0x0000, 0x0000, 0x0000, 0x0000, 0x0000,
    0x0000, 0x0000, 0x0000, 0x0000, 0x0000, 0x0000, 0x0000, 0x0000, 0x0000, 0x0000, 0x0000, 0x0000,
    0xBDF7, 0xEF5D, 0xDEDB, 0xDEFB, 0xDEFB, 0xDEFB, 0xDEDB, 0xDEDB, 0xDEDB, 0xDEDB, 0xDEDB, 0xDEDB,
    0xDEDB, 0xDEDB, 0xDEDB, 0xDEDB, 0xDEDB, 0xDEDB, 0xDEDB, 0xDEDB, 0xDEDB, 0xDEDB, 0xDEDB, 0xDEDB,
    0xDEDB, 0xDEDB, 0xDEDB, 0xDEDB, 0xDEDB, 0xDEDB, 0xDEDB, 0xDEFB, 0xDEDB, 0xDEDB, 0xDEDB, 0xDEFB,
    0xDEDB, 0xDEDB, 0xDEDB, 0xDEDB, 0xDEFB, 0xDEFB, 0xDEFB, 0xDEFB, 0xDEFB, 0xDEFB, 0xDEFB, 0xDEFB,
    0xDEDB, 0xDEDB, 0xDEDB, 0xDEFB, 0xDEDB, 0xDEFB, 0xDEDB, 0xDEDB, 0xDEDB, 0xDEDB, 0xDEDB, 0xDEDB,
    0xDEFB, 0xDEFB, 0xDEFB, 0xDEFB, 0xDEFB, 0xDEFB, 0xDEFB, 0xDEFB, 0xDEFB, 0xEF7D, 0x7BEF, 0x0000,
    0x0000, 0x0000, 0x0000, 0x0000, 0x0000, 0x0000, 0x0000, 0x0000, 0x0000, 0x0000, 0x0000, 0x0000,
    0x0000, 0x0000, 0x0000, 0x0000, 0x0000, 0x0000, 0x0000, 0x0000, 0x0000, 0x0000, 0x0000, 0x0000,
    0x0000, 0x0000, 0x0000, 0x73AE, 0xF79E, 0xDEDB, 0xDEFB, 0xDEFB, 0xDEFB, 0xDEDB, 0xDEDB, 0xDEDB,
    0xDEDB, 0xDEDB, 0xDEDB, 0xDEDB, 0xDEDB, 0xDEDB, 0xDEDB, 0xDEDB, 0xDEDB, 0xDEDB, 0xDEDB, 0xDEDB,
    0xDEDB, 0xDEDB, 0xDEDB, 0xDEDB, 0xDEDB, 0xDEDB, 0xDEDB, 0xDEDB, 0xDEDB, 0xDEDB, 0xDEFB, 0xDEFB,
    0xDEDB, 0xDEDB, 0xDEDB, 0xDEFB, 0xDEDB, 0xDEDB, 0xDEDB, 0xDEDB, 0xDEDB, 0xDEDB, 0xDEDB, 0xDEFB,
    0xDEFB, 0xDEFB, 0xDEFB, 0xDEFB, 0xDEDB, 0xDEDB, 0xDEDB, 0xDEFB, 0xDEFB, 0xDEFB, 0xDEDB, 0xDEDB,
    0xDEDB, 0xDEDB, 0xDEDB, 0xDEFB, 0xDEFB, 0xDEDB, 0xDEFB, 0xDEFB, 0xDEFB, 0xDEFB, 0xDEFB, 0xDEFB,
    0xDEDB, 0xEF5D, 0xA534, 0x0000, 0x0000, 0x0000, 0x0000, 0x0000, 0x0000, 0x0000, 0x0000, 0x0000,
    0x0000, 0x0000, 0x0000, 0x0000, 0x0000, 0x0000, 0x0000, 0x0000, 0x0000, 0x0000, 0x0000, 0x0000,
    0x0000, 0x0000, 0x0000, 0x0000, 0x0000, 0x0000, 0x0000, 0xDEDB, 0xE71C, 0xDEFB, 0xDEFB, 0xDEFB,
    0xDEDB, 0xDEDB, 0xDEDB, 0xDEDB, 0xDEDB, 0xDEDB, 0xDEDB, 0xDEDB, 0xDEDB, 0xDEDB, 0xDEDB, 0xDEDB,
    0xDEDB, 0xDEDB, 0xDEDB, 0xDEDB, 0xDEDB, 0xDEDB, 0xDEDB, 0xDEDB, 0xDEDB, 0xDEFB, 0xDEDB, 0xDEDB,
    0xDEDB, 0xDEDB, 0xDEFB, 0xDEFB, 0xDEDB, 0xDEDB, 0xDEFB, 0xDEDB, 0xDEDB, 0xDEDB, 0xDEDB, 0xDEDB,
    0xDEDB, 0xDEDB, 0xDEDB, 0xDEFB, 0xDEFB, 0xDEFB, 0xDEDB, 0xDEDB, 0xDEDB, 0xDEFB, 0xDEFB, 0xDEFB,
    0xDEFB, 0xDEFB, 0xDEDB, 0xDEDB, 0xDEDB, 0xDEDB, 0xDEDB, 0xDEDB, 0xDEDB, 0xDEDB, 0xDEFB, 0xDEFB,
    0xDEFB, 0xDEFB, 0xDEFB, 0xDEFB, 0xDEFB, 0xE73C, 0xBDF7, 0x0000, 0x0000, 0x0000, 0x0000, 0x0000,
    0x0000, 0x0000, 0x0000, 0x0000, 0x0000, 0x0000, 0x0000, 0x0000, 0x0000, 0x0000, 0x0000, 0x0000,
    0x0000, 0x0000, 0x0000, 0x0000, 0x0000, 0x0000, 0x0000, 0x0000, 0x0000, 0x0000, 0x738E, 0xEF9D,
    0xDEDB, 0xDEFB, 0xDEFB, 0xDEDB, 0xDEDB, 0xDEFB, 0xDEFB, 0xDEDB, 0xDEDB, 0xDEDB, 0xDEDB, 0xDEDB,
    0xDEDB, 0xDEDB, 0xDEDB, 0xDEDB, 0xDEDB, 0xDEDB, 0xDEDB, 0xDEDB, 0xDEDB, 0xDEDB, 0xDEFB, 0xDEFB,
    0xDEFB, 0xDEFB, 0xDEDB, 0xDEDB, 0xDEDB, 0xDEDB, 0xDEFB, 0xDEFB, 0xDEDB, 0xDEDB, 0xDEDB, 0xDEDB,
    0xDEDB, 0xDEDB, 0xDEDB, 0xDEDB, 0xDEDB, 0xDEFB, 0xDEFB, 0xDEFB, 0xDEFB, 0xDEFB, 0xDEDB, 0xDEFB,
    0xDEDB, 0xDEFB, 0xDEFB, 0xDEFB, 0xDEFB, 0xDEFB, 0xDEDB, 0xDEDB, 0xDEDB, 0xDEDB, 0xDEDB, 0xDEDB,
    0xDEDB, 0xDEDB, 0xDEFB, 0xDEFB, 0xDEFB, 0xDEFB, 0xDEFB, 0xDEFB, 0xDEFB, 0xE73C, 0xCE99, 0x0000,
    0x0000, 0x0000, 0x0000, 0x0000, 0x0000, 0x0000, 0x0000, 0x0000, 0x0000, 0x0000, 0x0000, 0x0000,
    0x0000, 0x0000, 0x0000, 0x0000, 0x0000, 0x0000, 0x0000, 0x0000, 0x0000, 0x0000, 0x0000, 0x0000,
    0x0000, 0x0000, 0xBDD7, 0xE73C, 0xDEDB, 0xDEFB, 0xDEDB, 0xDEDB, 0xDEDB, 0xDEDB, 0xDEDB, 0xDEDB,
    0xDEDB, 0xDEDB, 0xDEDB, 0xDEDB, 0xDEDB, 0xDEDB, 0xDEDB, 0xDEDB, 0xDEDB, 0xDEDB, 0xDEDB, 0xDEDB,
    0xDEDB, 0xDEDB, 0xDEDB, 0xDEFB, 0xDEFB, 0xDEFB, 0xDEDB, 0xDEDB, 0xDEDB, 0xDEDB, 0xDEFB, 0xDEFB,
    0xDEFB, 0xDEFB, 0xDEDB, 0xDEDB, 0xDEDB, 0xDEDB, 0xDEDB, 0xDEDB, 0xDEDB, 0xDEFB, 0xDEFB, 0xDEFB,
    0xDEFB, 0xDEFB, 0xDEFB, 0xDEFB, 0xDEFB, 0xDEFB, 0xDEFB, 0xDEFB, 0xDEFB, 0xDEFB, 0xDEFB, 0xDEDB,
    0xDEDB, 0xDEDB, 0xDEFB, 0xDEDB, 0xDEDB, 0xDEDB, 0xDEFB, 0xDEFB, 0xDEFB, 0xDEFB, 0xDEFB, 0xDEFB,
    0xDEFB, 0xE71C, 0xDEDB, 0x0000, 0x0000, 0x0000, 0x0000, 0x0000, 0x0000, 0x0000, 0x0000, 0x0000,
    0x0000, 0x0000, 0x0000, 0x0000, 0x0000, 0x0000, 0x0000, 0x0000, 0x0000, 0x0000, 0x0000, 0x0000,
    0x0000, 0x0000, 0x0000, 0x0000, 0x0000, 0x0000, 0xDEFB, 0xDEFB, 0xDEFB, 0xDEDB, 0xDEDB, 0xDEDB,
    0xDEDB, 0xDEDB, 0xDEDB, 0xDEDB, 0xDEDB, 0xDEDB, 0xDEDB, 0xDEDB, 0xDEDB, 0xDEDB, 0xDEDB, 0xDEDB,
    0xDEDB, 0xDEDB, 0xDEDB, 0xDEDB, 0xDEDB, 0xDEFB, 0xDEFB, 0xDEFB, 0xDEFB, 0xDEDB, 0xDEDB, 0xDEDB,
    0xDEDB, 0xDEDB, 0xDEFB, 0xDEFB, 0xDEFB, 0xDEDB, 0xDEDB, 0xDEDB, 0xDEDB, 0xDEDB, 0xDEDB, 0xDEDB,
    0xDEDB, 0xDEFB, 0xDEFB, 0xDEFB, 0xDEFB, 0xDEFB, 0xDEFB, 0xDEFB, 0xDEFB, 0xDEDB, 0xDEDB, 0xDEDB,
    0xDEDB, 0xDEDB, 0xDEFB, 0xDEFB, 0xDEDB, 0xDEFB, 0xDEFB, 0xDEDB, 0xDEDB, 0xDEDB, 0xDEDB, 0xDEDB,
    0xDEFB, 0xDEFB, 0xDEFB, 0xDEFB, 0xDEFB, 0xE71C, 0xDEFB, 0x0000, 0x0000, 0x0000, 0x0000, 0x0000,
    0x0000, 0x0000, 0x0000, 0x0000, 0x0000, 0x0000, 0x0000, 0x0000, 0x0000, 0x0000, 0x0000, 0x0000,
    0x0000, 0x0000, 0x0000, 0x0000, 0x0000, 0x0000, 0x0000, 0x0000, 0x0000, 0x4A69, 0xEF5D, 0xDEDB,
    0xDEFB, 0xDEDB, 0xDEDB, 0xDEDB, 0xDEDB, 0xDEDB, 0xDEDB, 0xDEDB, 0xDEDB, 0xDEDB, 0xDEDB, 0xDEDB,
    0xDEDB, 0xDEDB, 0xDEDB, 0xDEDB, 0xDEDB, 0xDEDB, 0xDEDB, 0xDEFB, 0xDEDB, 0xDEDB, 0xDEDB, 0xDEFB,
    0xDEFB, 0xDEDB, 0xDEDB, 0xDEDB, 0xDEDB, 0xDEDB, 0xDEFB, 0xDEFB, 0xDEDB, 0xDEDB, 0xDEDB, 0xDEDB,
    0xDEDB, 0xDEDB, 0xDEDB, 0xDEFB, 0xDEFB, 0xDEFB, 0xDEFB, 0xDEFB, 0xDEFB, 0xDEFB, 0xDEDB, 0xDEFB,
    0xDEFB, 0xDEDB, 0xDEDB, 0xDEDB, 0xDEDB, 0xDEFB, 0xDEFB, 0xDEFB, 0xDEDB, 0xDEFB, 0xDEFB, 0xDEFB,
    0xDEFB, 0xDEDB, 0xDEDB, 0xDEDB, 0xDEDB, 0xDEDB, 0xDEDB, 0xDEDB, 0xDEFB, 0xDEFC, 0xDEDB, 0x0000,
    0x0000, 0x0000, 0x0000, 0x0000, 0x0000, 0x0000, 0x0000, 0x0000, 0x0000, 0x0000, 0x0000, 0x0000,
    0x0000, 0x0000, 0x0000, 0x0000, 0x0000, 0x0000, 0x0000, 0x0000, 0x0000, 0x0000, 0x0000, 0x0000,
    0x0000, 0x5AEB, 0xEF7D, 0xDEDB, 0xDEFB, 0xDEDB, 0xDEDB, 0xDEDB, 0xDEDB, 0xDEDB, 0xDEDB, 0xDEDB,
    0xDEDB, 0xDEDB, 0xDEDB, 0xDEDB, 0xDEDB, 0xDEDB, 0xDEDB, 0xDEDB, 0xDEDB, 0xDEDB, 0xDEDB, 0xDEDB,
    0xDEDB, 0xDEDB, 0xDEDB, 0xDEFB, 0xDEFB, 0xDEDB, 0xDEDB, 0xDEDB, 0xDEDB, 0xDEDB, 0xDEFB, 0xDEDB,
    0xDEDB, 0xDEDB, 0xDEDB, 0xDEDB, 0xDEDB, 0xDEDB, 0xDEDB, 0xDEDB, 0xDEDB, 0xDEDB, 0xDEDB, 0xDEFB,
    0xDEFB, 0xDEFB, 0xDEFB, 0xDEFB, 0xDEFB, 0xDEFB, 0xDEFB, 0xDEFB, 0xDEDB, 0xDEFB, 0xDEFB, 0xDEFB,
    0xDEFB, 0xDEFB, 0xDEFB, 0xDEFB, 0xDEFB, 0xDEDB, 0xDEDB, 0xDEFB, 0xDEDB, 0xDEDB, 0xDEDB, 0xDEDB,
    0xDEDB, 0xE71C, 0xD69A, 0x0000, 0x0000, 0x0000, 0x0000, 0x0000, 0x0000, 0x0000, 0x0000, 0x0000,
    0x0000, 0x0000, 0x0000, 0x0000, 0x0000, 0x0000, 0x0000, 0x0000, 0x0000, 0x0000, 0x0000, 0x0000,
    0x0000, 0x0000, 0x0000, 0x0000, 0x0000, 0x94B2, 0xE73C, 0xDEDB, 0xDEFB, 0xDEDB, 0xDEDB, 0xDEDB,
    0xDEDB, 0xDEDB, 0xDEDB, 0xDEDB, 0xDEDB, 0xDEDB, 0xDEDB, 0xDEDB, 0xDEDB, 0xDEDB, 0xDEDB, 0xDEDB,
    0xDEDB, 0xDEFB, 0xDEDB, 0xDEDB, 0xDEDB, 0xDEDB, 0xDEFB, 0xDEFB, 0xDEDB, 0xDEDB, 0xDEDB, 0xDEDB,
    0xDEFB, 0xDEDB, 0xDEFB, 0xDEFB, 0xDEDB, 0xDEFB, 0xDEDB, 0xDEDB, 0xDEDB, 0xDEDB, 0xDEDB, 0xDEDB,
    0xDEDB, 0xDEDB, 0xDEDB, 0xDEDB, 0xDEFB, 0xDEFB, 0xDEFB, 0xDEFB, 0xDEFB, 0xDEFB, 0xDEFB, 0xDEFB,
    0xDEDB, 0xDEFB, 0xDEFB, 0xDEFB, 0xDEFB, 0xDEFB, 0xDEFB, 0xDEFB, 0xDEFB, 0xDEDB, 0xDEDB, 0xDEFB,
    0xDEFB, 0xDEFB, 0xDEFB, 0xDEFB, 0xDEDB, 0xDEFB, 0xDEDB, 0x52AA, 0x0000, 0x0000, 0x0000, 0x0000,
    0x0000, 0x0000, 0x0000, 0x0000, 0x0000, 0x0000, 0x0000, 0x0000, 0x0000, 0x0000, 0x0000, 0x0000,
    0x0000, 0x0000, 0x0000, 0x0000, 0x0000, 0x0000, 0x4A49, 0xAD75, 0xDEFB, 0xE73C, 0xDEDB, 0xDEFB,
    0xDEDB, 0xDEDB, 0xDEDB, 0xDEDB, 0xDEDB, 0xDEDB, 0xDEDB, 0xDEDB, 0xDEDB, 0xDEDB, 0xDEDB, 0xDEDB,
    0xDEDB, 0xDEDB, 0xDEDB, 0xDEDB, 0xDEDB, 0xDEDB, 0xDEDB, 0xDEDB, 0xDEDB, 0xDEDB, 0xDEDB, 0xDEDB,
    0xDEDB, 0xDEDB, 0xDEDB, 0xDEDB, 0xDEDB, 0xDEDB, 0xDEDB, 0xDEDB, 0xDEDB, 0xDEFB, 0xDEFB, 0xDEFB,
    0xDEFB, 0xDEDB, 0xDEDB, 0xDEDB, 0xDEDB, 0xDEDB, 0xDEDB, 0xDEDB, 0xDEDB, 0xDEDB, 0xDEDB, 0xDEFB,
    0xDEFB, 0xDEDB, 0xDEFB, 0xDEDB, 0xDEDB, 0xDEDB, 0xDEFB, 0xDEDB, 0xDEDB, 0xDEFB, 0xDEFB, 0xDEFB,
    0xDEFB, 0xDEDB, 0xDEDB, 0xDEDB, 0xDEDB, 0xDEDB, 0xDEDB, 0xDEFB, 0xDEFB, 0xDEDB, 0xE71B, 0xEF7D,
    0xC618, 0x52AA, 0x0000, 0x0000, 0x0000, 0x0000, 0x0000, 0x0000, 0x0000, 0x0000, 0x0000, 0x0000,
    0x0000, 0x0000, 0x0000, 0x0000, 0x0000, 0x0000, 0x0000, 0x0000, 0x0000, 0xAD55, 0xEF7D, 0xEF5D,
    0xDEFB, 0xDEDB, 0xDEFB, 0xDEDB, 0xDEDB, 0xDEDB, 0xDEDB, 0xDEFB, 0xDEDB, 0xDEDB, 0xDEDB, 0xDEDB,
    0xDEDB, 0xDEDB, 0xDEDB, 0xDEDB, 0xDEDB, 0xDEDB, 0xDEDB, 0xDEDB, 0xDEDB, 0xDEDB, 0xDEDB, 0xDEDB,
    0xDEDB, 0xDEDB, 0xDEDB, 0xDEDB, 0xDEDB, 0xDEDB, 0xDEDB, 0xDEDB, 0xDEDB, 0xDEDB, 0xDEDB, 0xDEFB,
    0xDEFB, 0xDEFB, 0xDEFB, 0xDEFB, 0xDEFB, 0xDEFB, 0xDEDB, 0xDEDB, 0xDEDB, 0xDEDB, 0xDEDB, 0xDEFB,
    0xDEDB, 0xDEDB, 0xDEFB, 0xDEFB, 0xDEFB, 0xDEFB, 0xDEFB, 0xDEFB, 0xDEDB, 0xDEFB, 0xDEFB, 0xDEFB,
    0xDEFB, 0xDEFB, 0xDEFB, 0xDEFB, 0xDEFB, 0xDEFB, 0xDEFB, 0xDEFB, 0xDEFB, 0xDEFB, 0xDEFB, 0xDEFB,
    0xDEFB, 0xDEFB, 0xDEFB, 0xDEFB, 0xE73C, 0xEF7D, 0xAD54, 0x0000, 0x0000, 0x0000, 0x0000, 0x0000,
    0x0000, 0x0000, 0x0000, 0x0000, 0x0000, 0x0000, 0x0000, 0x0000, 0x0000, 0x0000, 0x0000, 0x528A,
    0xDEFB, 0xEF7D, 0xDEFB, 0xDEFB, 0xDEFB, 0xDEFB, 0xDEFB, 0xDEDB, 0xDEFB, 0xDEDB, 0xDEDB, 0xDEDB,
    0xDEDB, 0xDEDB, 0xDEDB, 0xDEDB, 0xDEDB, 0xDEDB, 0xDEDB, 0xDEDB, 0xDEDB, 0xDEDB, 0xDEDB, 0xDEDB,
    0xDEDB, 0xDEDB, 0xDEDB, 0xDEDB, 0xDEDB, 0xDEDB, 0xDEDB, 0xDEDB, 0xDEDB, 0xDEDB, 0xDEDB, 0xDEDB,
    0xDEDB, 0xDEDB, 0xDEFB, 0xDEFB, 0xDEFB, 0xDEFB, 0xDEFB, 0xDEFB, 0xDEFB, 0xDEFB, 0xDEDB, 0xDEDB,
    0xDEDB, 0xDEDB, 0xDEDB, 0xDEFB, 0xDEFB, 0xDEFB, 0xDEFB, 0xDEFB, 0xDEFB, 0xDEFB, 0xDEFB, 0xDEFB,
    0xDEFB, 0xDEFB, 0xDEFB, 0xDEFB, 0xDEFB, 0xDEFB, 0xDEFB, 0xDEFB, 0xDEFB, 0xDEFB, 0xDEFB, 0xDEFB,
    0xDEFB, 0xDEFB, 0xDEFB, 0xDEFB, 0xDEDB, 0xDEFB, 0xDEFB, 0xDEFB, 0xDEFB, 0xDEFB, 0xEF7D, 0xD6BA,
    0x39E7, 0x0000, 0x0000, 0x0000, 0x0000, 0x0000, 0x0000, 0x0000, 0x0000, 0x0000, 0x0000, 0x0000,
    0x0000, 0x0000, 0x630C, 0xEF7D, 0xE71C, 0xDEDB, 0xDEFB, 0xDEFB, 0xDEFB, 0xDEFB, 0xDEDB, 0xDEDB,
    0xDEDB, 0xDEDB, 0xDEDB, 0xDEDB, 0xDEDB, 0xDEDB, 0xDEDB, 0xDEDB, 0xDEDB, 0xDEDB, 0xDEDB, 0xDEDB,
    0xDEDB, 0xDEDB, 0xDEDB, 0xDEDB, 0xDEDB, 0xDEDB, 0xDEDB, 0xDEDB, 0xDEDB, 0xDEDB, 0xDEDB, 0xDEDB,
    0xDEDB, 0xDEDB, 0xDEDB, 0xDEDB, 0xDEDB, 0xDEDB, 0xDEDB, 0xDEDB, 0xDEFB, 0xDEFB, 0xDEFB, 0xDEFB,
    0xDEDB, 0xDEDB, 0xDEDB, 0xDEDB, 0xDEDB, 0xDEDB, 0xDEDB, 0xDEDB, 0xDEFB, 0xDEFB, 0xDEFB, 0xDEFB,
    0xDEFB, 0xDEDB, 0xDEDB, 0xDEFB, 0xDEFB, 0xDEFB, 0xDEFB, 0xDEFB, 0xDEFB, 0xDEFB, 0xDEDB, 0xDEDB,
    0xDEDB, 0xDEDB, 0xDEDB, 0xDEDB, 0xDEFB, 0xDEFB, 0xDEDB, 0xDEDB, 0xDEDB, 0xDEDB, 0xDEFB, 0xDEFB,
    0xDEFB, 0xDEFB, 0xDEDB, 0xE73C, 0xE73C, 0x4208, 0x0000, 0x0000, 0x0000, 0x0000, 0x0000, 0x0000,
    0x0000, 0x0000, 0x0000, 0x0000, 0x0000, 0x52AA, 0xF79D, 0xDEFB, 0xDEFB, 0xDEFB, 0xDEFB, 0xDEFB,
    0xDEFB, 0xDEDB, 0xDEDB, 0xDEDB, 0xDEDB, 0xDEDB, 0xDEDB, 0xDEDB, 0xDEDB, 0xDEDB, 0xDEDB, 0xDEDB,
    0xDEDB, 0xDEDB, 0xDEDB, 0xDEDB, 0xDEDB, 0xDEDB, 0xDEDB, 0xDEDB, 0xDEDB, 0xDEDB, 0xDEDB, 0xDEDB,
    0xDEDB, 0xDEDB, 0xDEDB, 0xDEDB, 0xDEDB, 0xDEDB, 0xDEDB, 0xDEDB, 0xDEDB, 0xDEDB, 0xDEDB, 0xDEDB,
    0xDEDB, 0xDEDB, 0xDEDB, 0xDEDB, 0xDEDB, 0xDEDB, 0xDEDB, 0xDEDB, 0xDEDB, 0xDEDB, 0xDEDB, 0xDEDB,
    0xDEDB, 0xDEDB, 0xDEFB, 0xDEFB, 0xDEFB, 0xDEFB, 0xDEFB, 0xDEFB, 0xDEFB, 0xDEFB, 0xDEFB, 0xDEFB,
    0xDEFB, 0xDEDB, 0xDEDB, 0xDEDB, 0xDEDB, 0xDEDB, 0xDEDB, 0xDEDB, 0xDEDB, 0xDEDB, 0xDEDB, 0xDEDB,
    0xDEDB, 0xDEDB, 0xDEDB, 0xDEFB, 0xDEFB, 0xDEFB, 0xDEFB, 0xDEFB, 0xE71C, 0xE71B, 0x0000, 0x0000,
    0x0000, 0x0000, 0x0000, 0x0000, 0x0000, 0x0000, 0x0000, 0x0000, 0x0000, 0xE73C, 0xE71C, 0xDEFB,
    0xDEFB, 0xDEFB, 0xDEFB, 0xDEFB, 0xDEFB, 0xDEDB, 0xDEDB, 0xDEDB, 0xDEDB, 0xDEDB, 0xDEDB, 0xDEDB,
    0xDEDB, 0xDEDB, 0xDEFB, 0xDEFB, 0xDEFB, 0xDEDB, 0xDEDB, 0xDEDB, 0xDEFB, 0xDEFB, 0xDEFB, 0xDEFB,
    0xDEFB, 0xDEDB, 0xDEFB, 0xDEFB, 0xDEDB, 0xDEFB, 0xDEFB, 0xDEDB, 0xDEDB, 0xDEDB, 0xDEDB, 0xDEDB,
    0xDEDB, 0xDEDB, 0xDEFB, 0xDEFB, 0xDEDB, 0xDEFB, 0xDEFB, 0xDEFB, 0xDEFB, 0xDEFB, 0xDEDB, 0xDEFB,
    0xDEFB, 0xDEFB, 0xDEFB, 0xDEFB, 0xDEFB, 0xDEFB, 0xDEFB, 0xDEFB, 0xDEFB, 0xDEFB, 0xDEFB, 0xDEFB,
    0xDEFB, 0xDEFB, 0xDEFB, 0xDEFB, 0xDEFB, 0xDEDB, 0xDEFB, 0xDEDB, 0xDEFB, 0xDEFB, 0xDEFB, 0xDEFB,
    0xDEFB, 0xDEFB, 0xDEFB, 0xDEFB, 0xDEFB, 0xDEFB, 0xDEFB, 0xDEFB, 0xDEFB, 0xDEFB, 0xDEFB, 0xDEFB,
    0xDEFB, 0xEF5D, 0xC618, 0x0000, 0x0000, 0x0000, 0x0000, 0x0000, 0x0000, 0x0000, 0x0000, 0x0000,
    0xB5B6, 0xEF5D, 0xDEFB, 0xDEFB, 0xDEFB, 0xDEFB, 0xDEFB, 0xDEFB, 0xDEDB, 0xDEDB, 0xDEDB, 0xDEDB,
    0xDEDB, 0xDEDB, 0xDEDB, 0xDEDB, 0xDEDB, 0xDEDB, 0xDEDB, 0xDEFB, 0xDEDB, 0xDEDB, 0xDEDB, 0xDEDB,
    0xDEFB, 0xDEFB, 0xDEFB, 0xDEFB, 0xDEFB, 0xDEFB, 0xDEFB, 0xDEDB, 0xDEFB, 0xDEFB, 0xDEFB, 0xDEDB,
    0xDEDB, 0xDEFB, 0xDEDB, 0xDEDB, 0xDEDB, 0xDEDB, 0xDEDB, 0xDEDB, 0xDEDB, 0xDEDB, 0xDEDB, 0xDEFB,
    0xDEDB, 0xDEDB, 0xDEFB, 0xDEFB, 0xDEFB, 0xDEFB, 0xDEFB, 0xDEFB, 0xDEFB, 0xDEFB, 0xDEFB, 0xDEDB,
    0xDEFB, 0xDEFB, 0xDEFB, 0xDEFB, 0xDEFB, 0xDEFB, 0xDEFB, 0xDEFB, 0xDEDB, 0xDEDB, 0xDEFB, 0xDEFB,
    0xDEFB, 0xDEFB, 0xDEFB, 0xDEFB, 0xDEFB, 0xDEFB, 0xDEFB, 0xDEFB, 0xDEFB, 0xDEFB, 0xDEFB, 0xDEFB,
    0xDEFB, 0xDEFB, 0xDEFB, 0xDEFB, 0xDEFB, 0xDEDB, 0xF79E, 0x7BCF, 0x0000, 0x0000, 0x0000, 0x0000,
    0x0000, 0x0000, 0x0000, 0x5AEB, 0xEF9D, 0xDEDB, 0xDEFB, 0xDEFB, 0xDEFB, 0xDEFB, 0xDEDB, 0xDEDB,
    0xDEDB, 0xDEDB, 0xDEDB, 0xDEDB, 0xDEDB, 0xDEDB, 0xDEDB, 0xDEDB, 0xDEDB, 0xDEDB, 0xDEFB, 0xDEFB,
    0xDEFB, 0xDEDB, 0xDEDB, 0xDEFB, 0xDEFB, 0xDEFB, 0xDEFB, 0xDEFB, 0xDEFB, 0xDEFB, 0xDEDB, 0xDEDB,
    0xDEDB, 0xDEFB, 0xDEFB, 0xDEFB, 0xDEFB, 0xDEFB, 0xDEDB, 0xDEFB, 0xDEDB, 0xDEDB, 0xDEDB, 0xDEDB,
    0xDEDB, 0xDEDB, 0xDEDB, 0xDEFB, 0xDEDB, 0xDEFB, 0xDEFB, 0xDEFB, 0xDEFB, 0xDEFB, 0xDEFB, 0xDEFB,
    0xDEFB, 0xDEFB, 0xDEFB, 0xDEFB, 0xDEFB, 0xDEFB, 0xDEFB, 0xDEFB, 0xDEFB, 0xDEFB, 0xDEFB, 0xDEFB,
    0xDEFB, 0xDEDB, 0xDEFB, 0xDEFB, 0xDEFB, 0xDEFB, 0xDEFB, 0xDEFB, 0xDEFB, 0xDEFB, 0xDEFB, 0xDEFB,
    0xDEFB, 0xDEDB, 0xDEFB, 0xDEFB, 0xDEFB, 0xDEFB, 0xDEFB, 0xDEFB, 0xDEFB, 0xDEFB, 0xE71C, 0xDEFB,
    0x0000, 0x0000, 0x0000, 0x0000, 0x0000, 0x0000, 0x0000, 0xC618, 0xE73C, 0xDEFB, 0xDEFB, 0xDEFB,
    0xDEFB, 0xDEDB, 0xDEDB, 0xDEDB, 0xDEDB, 0xDEDB, 0xDEDB, 0xDEDB, 0xDEDB, 0xDEDB, 0xDEDB, 0xDEDB,
    0xDEFB, 0xDEFB, 0xDEFB, 0xDEFB, 0xDEFB, 0xDEFB, 0xDEDB, 0xDEFB, 0xDEFB, 0xDEFB, 0xDEFB, 0xDEFB,
    0xDEFB, 0xDEFB, 0xDEDB, 0xDEDB, 0xDEDB, 0xDEDB, 0xDEFB, 0xDEFB, 0xDEFB, 0xDEFB, 0xDEFB, 0xDEFB,
    0xDEFB, 0xDEDB, 0xDEDB, 0xDEDB, 0xDEDB, 0xDEFB, 0xDEFB, 0xDEFB, 0xDEFB, 0xDEFB, 0xDEFB, 0xDEFB,
    0xDEFB, 0xDEFB, 0xDEFB, 0xDEFB, 0xDEFB, 0xDEFB, 0xDEFB, 0xDEFB, 0xDEFB, 0xDEFB, 0xDEFB, 0xDEFB,
    0xDEFB, 0xDEFB, 0xDEFB, 0xDEFB, 0xDEFB, 0xDEDB, 0xDEFB, 0xDEFB, 0xDEFB, 0xDEFB, 0xDEFB, 0xDEFB,
    0xDEFB, 0xDEFB, 0xDEFB, 0xDEFB, 0xDEFB, 0xDEDB, 0xDEFB, 0xDEDB, 0xDEFB, 0xDEFB, 0xDEFB, 0xDEFB,
    0xDEFB, 0xDEFB, 0xDEFB, 0xF79E, 0x7BCF, 0x0000, 0x0000, 0x0000, 0x0000, 0x0000, 0x4207, 0xEF5D,
    0xDEFB, 0xDEFB, 0xDEFB, 0xDEFB, 0xDEFB, 0xDEDB, 0xDEDB, 0xDEDB, 0xDEDB, 0xDEDB, 0xDEDB, 0xDEDB,
    0xDEDB, 0xDEDB, 0xDEDB, 0xDEFB, 0xDEFB, 0xDEFB, 0xDEFB, 0xDEFB, 0xDEFB, 0xDEFB, 0xDEDB, 0xDEDB,
    0xDEFB, 0xDEFB, 0xDEFB, 0xDEFB, 0xDEFB, 0xDEFB, 0xDEDB, 0xDEDB, 0xDEDB, 0xDEDB, 0xDEFB, 0xDEFB,
    0xDEFB, 0xDEFB, 0xDEFB, 0xDEFB, 0xDEDB, 0xDEDB, 0xDEDB, 0xDEDB, 0xDEDB, 0xDEFB, 0xDEFB, 0xDEFB,
    0xDEFB, 0xDEFB, 0xDEFB, 0xDEFB, 0xDEFB, 0xDEFB, 0xDEFB, 0xDEFB, 0xDEFB, 0xDEFB, 0xDEFB, 0xDEFB,
    0xDEFB, 0xDEFB, 0xDEFB, 0xDEFB, 0xDEFB, 0xDEFB, 0xDEFB, 0xDEFB, 0xDEFB, 0xDEFB, 0xDEFB, 0xDEFB,
    0xDEFB, 0xDEFB, 0xDEFB, 0xDEFB, 0xDEFB, 0xDEFB, 0xDEFB, 0xDEFB, 0xDEFB, 0xDEFB, 0xDEFB, 0xDEDB,
    0xDEDB, 0xDEDB, 0xDEDB, 0xDEFB, 0xDEFB, 0xDEFB, 0xDEFB, 0xE73C, 0xC638, 0x0000, 0x0000, 0x0000,
    0x0000, 0x0000, 0x8C50, 0xEF9D, 0xDEFB, 0xDEFB, 0xDEFB, 0xDEFB, 0xDEFB, 0xDEDB, 0xDEDB, 0xDEDB,
    0xDEDB, 0xDEDB, 0xDEDB, 0xDEDB, 0xDEDB, 0xDEDB, 0xDEDB, 0xDEFB, 0xDEFB, 0xDEFB, 0xDEFB, 0xDEFB,
    0xDEDB, 0xDEDB, 0xDEDB, 0xDEDB, 0xDEFB, 0xDEFB, 0xDEFB, 0xDEFB, 0xDEFB, 0xDEFB, 0xDEDB, 0xDEDB,
    0xDEDB, 0xDEDB, 0xDEDB, 0xDEDB, 0xDEDB, 0xDEFB, 0xDEFB, 0xDEFB, 0xDEFB, 0xDEFB, 0xDEDB, 0xDEFB,
    0xDEFB, 0xDEFB, 0xDEFB, 0xDEFB, 0xDEFB, 0xDEFB, 0xDEFB, 0xDEFB, 0xDEFB, 0xDEFB, 0xDEFB, 0xDEFB,
    0xDEFB, 0xDEFB, 0xDEFB, 0xDEFB, 0xDEFB, 0xDEFB, 0xDEFB, 0xDEFB, 0xDEFB, 0xDEFB, 0xDEFB, 0xDEFB,
    0xDEFB, 0xDEFB, 0xDEFB, 0xDEFB, 0xDEFB, 0xDEFB, 0xDEFB, 0xDEFB, 0xDEFB, 0xDEFB, 0xDEFB, 0xDEFB,
    0xDEFB, 0xDEFB, 0xDEFB, 0xDEDB, 0xDEDB, 0xDEDB, 0xDEDB, 0xDEDB, 0xDEDB, 0xDEDB, 0xDEFB, 0xDEFB,
    0xE75C, 0x31A6, 0x0000, 0x0000, 0x0000, 0x0000, 0xBDD7, 0xEF5D, 0xDEFB, 0xDEFB, 0xDEFB, 0xDEFB,
    0xDEFB, 0xDEDB, 0xDEDB, 0xDEDB, 0xDEDB, 0xDEDB, 0xDEDB, 0xDEDB, 0xDEDB, 0xDEDB, 0xDEDB, 0xDEFB,
    0xDEDB, 0xDEDB, 0xDEFB, 0xDEDB, 0xDEDB, 0xDEDB, 0xDEDB, 0xDEDB, 0xDEFB, 0xDEFB, 0xDEFB, 0xDEFB,
    0xDEFB, 0xDEFB, 0xDEFB, 0xDEDB, 0xDEDB, 0xDEDB, 0xDEDB, 0xDEDB, 0xDEDB, 0xDEFB, 0xDEFB, 0xDEFB,
    0xDEFB, 0xDEFB, 0xDEDB, 0xDEFB, 0xDEFB, 0xDEFB, 0xDEFB, 0xDEFB, 0xDEFB, 0xDEFB, 0xDEFB, 0xDEFB,
    0xDEFB, 0xDEFB, 0xDEFB, 0xDEFB, 0xDEFB, 0xDEFB, 0xDEFB, 0xDEFB, 0xDEFB, 0xDEFB, 0xDEFB, 0xDEFB,
    0xDEFB, 0xDEFB, 0xDEFB, 0xDEFB, 0xDEFB, 0xDEFB, 0xDEFB, 0xDEFB, 0xDEFB, 0xDEFB, 0xDEFB, 0xDEFB,
    0xDEFB, 0xDEFB, 0xDEFB, 0xDEDB, 0xDEFB, 0xDEFB, 0xDEDB, 0xDEDB, 0xDEDB, 0xDEDB, 0xDEDB, 0xDEDB,
    0xDEDB, 0xDEDB, 0xDEFB, 0xDEDB, 0xF79E, 0x6B4D, 0x0000, 0x0000, 0x0000, 0x0000, 0xD69A, 0xE71C,
    0xDEFB, 0xDEFB, 0xDEFB, 0xDEDB, 0xDEDB, 0xDEDB, 0xDEDB, 0xDEDB, 0xDEDB, 0xDEDB, 0xDEDB, 0xDEDB,
    0xDEDB, 0xDEDB, 0xDEDB, 0xDEDB, 0xDEDB, 0xDEDB, 0xDEDB, 0xDEFB, 0xDEDB, 0xDEDB, 0xDEFB, 0xDEFB,
    0xDEFB, 0xDEFB, 0xDEFB, 0xDEFB, 0xDEFB, 0xDEFB, 0xDEFB, 0xDEFB, 0xDEFB, 0xDEDB, 0xDEDB, 0xDEDB,
    0xDEDB, 0xDEFB, 0xDEFB, 0xDEFB, 0xDEFB, 0xDEFB, 0xDEFB, 0xDEFB, 0xDEFB, 0xDEFB, 0xDEFB, 0xDEFB,
    0xDEFB, 0xDEFB, 0xDEFB, 0xDEFB, 0xDEFB, 0xDEFB, 0xDEFB, 0xDEFB, 0xDEFB, 0xDEFB, 0xDEFB, 0xDEFB,
    0xDEFB, 0xDEFB, 0xDEFB, 0xDEFB, 0xDEFB, 0xDEFB, 0xDF1C, 0xDEFB, 0xDEFB, 0xDEFB, 0xDEFB, 0xDEFB,
    0xDEFB, 0xDEFB, 0xDEFB, 0xDEFB, 0xDEFB, 0xDEFB, 0xDEFB, 0xDEFB, 0xDEFB, 0xDEDB, 0xDEDB, 0xDEDB,
    0xDEDB, 0xDEDB, 0xDEDB, 0xDEDB, 0xDEDB, 0xDEDB, 0xDEFB, 0xDEFB, 0xEF7E, 0x8C51, 0x0000, 0x0000,
    0x0000, 0x0000, 0xDEFB, 0xE71C, 0xDEFB, 0xDEFB, 0xDEDB, 0xDEDB, 0xDEDB, 0xDEDB, 0xDEDB, 0xDEDB,
    0xDEDB, 0xDEDB, 0xDEFB, 0xDEDB, 0xDEDB, 0xDEDB, 0xDEDB, 0xDEDB, 0xDEFB, 0xDEFB, 0xDEFB, 0xDEFB,
    0xDEFB, 0xDEFB, 0xDEFB, 0xDEFB, 0xDEFB, 0xDEFB, 0xDEFB, 0xDEFB, 0xDEFB, 0xDEFB, 0xDEFB, 0xDEFB,
    0xDEFB, 0xDEFB, 0xDEFB, 0xDEFB, 0xDEFB, 0xDEFB, 0xDEFB, 0xDEFB, 0xDEFB, 0xDEFB, 0xDEFB, 0xDEFB,
    0xDEFB, 0xDEFB, 0xDEFB, 0xDEFB, 0xDEFB, 0xDEFB, 0xDEFB, 0xDEFB, 0xDEFB, 0xDEFB, 0xDEFB, 0xDEFB,
    0xDEFB, 0xDEFB, 0xDEFB, 0xDEFB, 0xDEFB, 0xDEFB, 0xDEFB, 0xDEFB, 0xDEFB, 0xDEFB, 0xDEFB, 0xDEFB,
    0xDEFB, 0xDEFB, 0xDEFB, 0xDEFB, 0xDEFB, 0xDEFB, 0xDEFB, 0xDEFB, 0xDEFB, 0xDEFB, 0xDEFB, 0xDEFB,
    0xDEDB, 0xDEDB, 0xDEDB, 0xDEDB, 0xDEFB, 0xDEDB, 0xDEFB, 0xDEFB, 0xDEFB, 0xDEFB, 0xDEFB, 0xDEFB,
    0xEF7D, 0x9CF3, 0x0000, 0x0000, 0x0000, 0x0000, 0xE71C, 0xDF1C, 0xDEFB, 0xDEFB, 0xDEDB, 0xDEDB,
    0xDEDB, 0xDEDB, 0xDEDB, 0xDEDB, 0xDEDB, 0xDEFB, 0xDEFB, 0xDEDB, 0xDEDB, 0xDEDB, 0xDEDB, 0xDEFB,
    0xDEFB, 0xDEFB, 0xDEFB, 0xDEFB, 0xDEFB, 0xDEFB, 0xDEFB, 0xDEFB, 0xDEFB, 0xDEFB, 0xDEFB, 0xDEFB,
    0xDEFB, 0xDEFB, 0xDEDB, 0xDEDB, 0xDEFB, 0xDEFB, 0xDEFB, 0xDEFB, 0xDEFB, 0xDEFB, 0xDEFB, 0xDEFB,
    0xDEFB, 0xDEFB, 0xDEFB, 0xDEFB, 0xDEFB, 0xDEFB, 0xDEFB, 0xDEFB, 0xDEFB, 0xDEFB, 0xDEFB, 0xDEFB,
    0xDEFB, 0xDEFB, 0xDEFB, 0xDEFB, 0xDEFB, 0xDEFB, 0xDEFB, 0xDEFB, 0xDEFB, 0xDEFB, 0xDEFB, 0xDEFB,
    0xDEFB, 0xDEFB, 0xDEFB, 0xDEFB, 0xDEFB, 0xDEFB, 0xDEFB, 0xDEFB, 0xDEFB, 0xDEFB, 0xDEFB, 0xDEFB,
    0xDEFB, 0xDEFB, 0xDEFB, 0xDEDB, 0xDEDB, 0xDEDB, 0xDEFB, 0xDEFB, 0xDEDB, 0xDEDB, 0xDEFB, 0xDEFB,
    0xDEFB, 0xDEFB, 0xDEFB, 0xDEFB, 0xEF7D, 0xA534, 0x0000, 0x0000, 0x0000, 0x0000, 0xE71C, 0xDF1C,
    0xDEFB, 0xDEFB, 0xDEDB, 0xDEDB, 0xDEDB, 0xDEDB, 0xDEDB, 0xDEFB, 0xDEDB, 0xDEFB, 0xDEFB, 0xDEDB,
    0xDEDB, 0xDEDB, 0xDEFB, 0xDEFB, 0xDEFB, 0xDEFB, 0xDEDB, 0xDEFB, 0xDEFB, 0xDEFB, 0xDEFB, 0xDEFB,
    0xDEFB, 0xDEFB, 0xDEFB, 0xDEFB, 0xDEFB, 0xDEFB, 0xDEDB, 0xDEDB, 0xDEFB, 0xDEFB, 0xDEFB, 0xDEFB,
    0xDEFB, 0xDEFB, 0xDEFB, 0xDEFB, 0xDEFB, 0xDEFB, 0xDEFB, 0xDEFB, 0xDEFB, 0xDEFB, 0xDEFB, 0xDEFB,
    0xDEDB, 0xDEFB, 0xDEFB, 0xDEFB, 0xDEFB, 0xDEFB, 0xDEFB, 0xDEFB, 0xDEFB, 0xDEFB, 0xDEFB, 0xDEFB,
    0xDEFB, 0xDEFB, 0xDEFB, 0xDEFB, 0xDEFB, 0xDEFB, 0xDEFB, 0xDEFB, 0xDEFB, 0xDEFB, 0xDEFB, 0xDEFB,
    0xDEFB, 0xDEFB, 0xDEFB, 0xDEFB, 0xDEDB, 0xDEDB, 0xDEDB, 0xDEDB, 0xDEDB, 0xDEFB, 0xDEFB, 0xDEFB,
    0xDEFB, 0xDEDB, 0xDEDB, 0xDEFB, 0xDEFB, 0xDEFB, 0xDEFB, 0xDEFB, 0xEF7D, 0xA534, 0x0000, 0x0000,
    0x0000, 0x0000, 0xDEDB, 0xE71C, 0xDEFB, 0xDEFB, 0xDEFB, 0xDEFB, 0xDEDB, 0xDEDB, 0xDEDB, 0xDEFB,
    0xDEFB, 0xDEFB, 0xDEFB, 0xDEFB, 0xDEFB, 0xDEDB, 0xDEFB, 0xDEDB, 0xDEFB, 0xDEFB, 0xDEFB, 0xDEDB,
    0xDEFB, 0xDEFB, 0xDEFB, 0xDEFB, 0xDEFB, 0xDEFB, 0xDEFB, 0xDEFB, 0xDEFB, 0xDEFB, 0xDEFB, 0xDEFB,
    0xDEFB, 0xDEFB, 0xDEFB, 0xDEFB, 0xDEFB, 0xDEFB, 0xDEFB, 0xDEFB, 0xDEDB, 0xDEDB, 0xDEFB, 0xDEFB,
    0xDEFB, 0xDEFB, 0xDEFB, 0xDEFB, 0xDEFB, 0xDEFB, 0xDEFB, 0xDEFB, 0xDEFB, 0xDEFB, 0xDEFB, 0xDEFB,
    0xDEFB, 0xDEFB, 0xDEFB, 0xDEFB, 0xDEFB, 0xDEFB, 0xDEFB, 0xDEFB, 0xDEDB, 0xDEFB, 0xDEFB, 0xDEFB,
    0xDEFB, 0xDEFB, 0xDEFB, 0xDEFB, 0xDEFB, 0xDEFB, 0xDEFB, 0xDEFB, 0xDEFB, 0xDEDB, 0xDEDB, 0xDEDB,
    0xDEDB, 0xDEFB, 0xDEFB, 0xDEFB, 0xDEDB, 0xDEDB, 0xDEDB, 0xDEFB, 0xDEFB, 0xDEFB, 0xDEFB, 0xDEFB,
    0xEF7D, 0x94B2, 0x0000, 0x0000, 0x0000, 0x0000, 0xC638, 0xE73C, 0xDEFB, 0xDEFB, 0xDEFB, 0xDEFB,
    0xDEFB, 0xDEDB, 0xDEDB, 0xDEFB, 0xDEFB, 0xDEFB, 0xDEFB, 0xDEFB, 0xDEDB, 0xDEDB, 0xDEDB, 0xDEDB,
    0xDEFB, 0xDEFB, 0xDEFB, 0xDEFB, 0xDEFB, 0xDEFB, 0xDEFB, 0xDEFB, 0xDEFB, 0xDEFB, 0xDEFB, 0xDEFB,
    0xDEFB, 0xDEFB, 0xDEFB, 0xDEFB, 0xDEFB, 0xDEFB, 0xDEFB, 0xDEFB, 0xDEFB, 0xDEFB, 0xDEFB, 0xDEDB,
    0xDEDB, 0xDEFB, 0xDEFB, 0xDEFB, 0xDEFB, 0xDEFB, 0xDEFB, 0xDEFB, 0xDEFB, 0xDEFB, 0xDEFB, 0xDEFB,
    0xDEFB, 0xDEFB, 0xDEFB, 0xDEFB, 0xDEFB, 0xDEFB, 0xDEFB, 0xDEFB, 0xDEFB, 0xDEFB, 0xDEFB, 0xDEFB,
    0xDEFB, 0xDEFB, 0xDEFB, 0xDEFB, 0xDEFB, 0xDEFB, 0xDEFB, 0xDEFB, 0xDEFB, 0xDEFB, 0xDEFB, 0xDEFB,
    0xDEFB, 0xDEDB, 0xDEDB, 0xDEDB, 0xDEDB, 0xDEFB, 0xDEDB, 0xDEDB, 0xDEDB, 0xDEDB, 0xDEDB, 0xDEFB,
    0xDEFB, 0xDEFB, 0xDEFB, 0xDEFB, 0xF79E, 0x73AE, 0x0000, 0x0000, 0x0000, 0x0000, 0xA513, 0xEF7D,
    0xDEFB, 0xDEFB, 0xDEFB, 0xDEFB, 0xDEFB, 0xDEDB, 0xDEDB, 0xDEFB, 0xDEFB, 0xDEFB, 0xDEFB, 0xDEDB,
    0xDEDB, 0xDEDB, 0xDEDB, 0xDEFB, 0xDEFB, 0xDEFB, 0xDEFB, 0xDEFB, 0xDEFB, 0xDEFB, 0xDEFB, 0xDEFB,
    0xDEFB, 0xDEDB, 0xDEFB, 0xDEFB, 0xDEFB, 0xDEFB, 0xDEFB, 0xDEFB, 0xDEFB, 0xDEFB, 0xDEFB, 0xDEFB,
    0xDEFB, 0xDEFB, 0xDEFB, 0xDEFB, 0xDEFB, 0xDEFB, 0xDEDB, 0xDEFB, 0xDEFB, 0xDEFB, 0xDEFB, 0xDEFB,
    0xDEFB, 0xDEFB, 0xDEFB, 0xDEFB, 0xDEFB, 0xDEFB, 0xDEFB, 0xDEFB, 0xDEFB, 0xDEFB, 0xDEFB, 0xDEFB,
    0xDEFB, 0xDEFB, 0xDEFB, 0xDEFB, 0xDEFB, 0xDEFB, 0xDEFB, 0xDEFB, 0xDEFB, 0xDEFB, 0xDEFB, 0xDEFB,
    0xDEFB, 0xDEFB, 0xDEDB, 0xDEDB, 0xDEFB, 0xDEFB, 0xDEFB, 0xDEFB, 0xDEDB, 0xDEDB, 0xDEDB, 0xDEDB,
    0xDEDB, 0xDEDB, 0xDEDB, 0xDEFB, 0xDEFB, 0xDEFB, 0xDEFB, 0xDEFB, 0xEF7D, 0x4228, 0x0000, 0x0000,
    0x0000, 0x0000, 0x630C, 0xF79E, 0xDEFB, 0xDEFB, 0xDEFB, 0xDEFB, 0xDEFB, 0xDEDB, 0xDEDB, 0xDEFB,
    0xDEFB, 0xDEFB, 0xDEFB, 0xDEDB, 0xDEDB, 0xDEDB, 0xDEDB, 0xDEFB, 0xDEFB, 0xDEFB, 0xDEFB, 0xDEFB,
    0xDEFB, 0xDEFB, 0xDEFB, 0xDEFB, 0xDEFB, 0xDEFB, 0xDEFB, 0xDEFB, 0xDEFB, 0xDEFB, 0xDEFB, 0xDEDB,
    0xDEFB, 0xDEFB, 0xDEFB, 0xDEFB, 0xDEFB, 0xDEFB, 0xDEFB, 0xDEFB, 0xDEFB, 0xDEFB, 0xDEFB, 0xDEFB,
    0xDEFB, 0xDEFB, 0xDEFB, 0xDEFB, 0xDEFB, 0xDEFB, 0xDEFB, 0xDEFB, 0xDEFB, 0xDEFB, 0xDEFB, 0xDEFB,
    0xDEFB, 0xDEFB, 0xDEFB, 0xDEFB, 0xDEFB, 0xDEFB, 0xDEFB, 0xDEFB, 0xDEFB, 0xDEFB, 0xDEDB, 0xDEFB,
    0xDEFB, 0xDEFB, 0xDEFB, 0xDEFB, 0xDEFB, 0xDEDB, 0xDEDB, 0xDEDB, 0xDEFB, 0xDEFB, 0xDEFB, 0xDEFB,
    0xDEDB, 0xDEDB, 0xDEFB, 0xDEFB, 0xDEFB, 0xDEFB, 0xDEDB, 0xDEDB, 0xDEDB, 0xDEFB, 0xDEFB, 0xE71C,
    0xD6DB, 0x0000, 0x0000, 0x0000, 0x0000, 0x0000, 0x0000, 0xDEFB, 0xE71C, 0xDF1C, 0xDEFB, 0xDEFB,
    0xDEFB, 0xDEFB, 0xDEFB, 0xDEFB, 0xDEFB, 0xDEFB, 0xDEFB, 0xDEDB, 0xDEDB, 0xDEDB, 0xDEDB, 0xDEDB,
    0xDEFB, 0xDEFB, 0xDEFB, 0xDEFB, 0xDEFB, 0xDEFB, 0xDEFB, 0xDEFB, 0xDEFB, 0xDEFB, 0xDEFB, 0xDEFB,
    0xDEFB, 0xDEFB, 0xDEFB, 0xDEFB, 0xDEFB, 0xDEFB, 0xDEFB, 0xDEFB, 0xDEFB, 0xDEFB, 0xDEFB, 0xDEDB,
    0xDEFB, 0xDEFB, 0xDEFB, 0xDEFB, 0xDEFB, 0xDEFB, 0xDEFB, 0xDEFB, 0xDEFB, 0xDEFB, 0xDEFB, 0xDEFB,
    0xDEFB, 0xDEFB, 0xDEFB, 0xDEFB, 0xDEFB, 0xDEFB, 0xDEFB, 0xDEFB, 0xDEFB, 0xDEFB, 0xDEFB, 0xDEFB,
    0xDEFB, 0xDEFB, 0xDEDB, 0xDEDB, 0xDEFB, 0xDEFB, 0xDEFB, 0xDEFB, 0xDEFB, 0xDEDB, 0xDEDB, 0xDEDB,
    0xDEFB, 0xDEFB, 0xDEFB, 0xDEDB, 0xDEDB, 0xDEDB, 0xDEFB, 0xDEFB, 0xDEFB, 0xDEFB, 0xDEFB, 0xDEDB,
    0xDEFB, 0xDEFB, 0xDEFB, 0xEF7D, 0x9CF3, 0x0000, 0x0000, 0x0000, 0x0000, 0x0000, 0x0000, 0x94B2,
    0xEF9E, 0xDEFB, 0xDEFB, 0xDEFB, 0xDEFB, 0xDEFB, 0xDEFB, 0xDEFB, 0xDEFB, 0xDEFB, 0xDEDB, 0xDEDB,
    0xDEDB, 0xDEDB, 0xDEDB, 0xDEDB, 0xDEFB, 0xDEFB, 0xDEFB, 0xDEFB, 0xDEFB, 0xDEFB, 0xDEFB, 0xDEFB,
    0xDEFB, 0xDEFB, 0xDEFB, 0xDEFB, 0xDEFB, 0xDEFB, 0xDEFB, 0xDEFB, 0xDEFB, 0xDEFB, 0xDEFB, 0xDEFB,
    0xDEFB, 0xDEFB, 0xDEFB, 0xDEFB, 0xDEFB, 0xDEFB, 0xDEFB, 0xDEFB, 0xDEFB, 0xDEFB, 0xDEFB, 0xDEFB,
    0xDEFB, 0xDEFB, 0xDEFB, 0xDEFB, 0xDEFB, 0xDEDB, 0xDEFB, 0xDEFB, 0xDEFB, 0xDEFB, 0xDEFB, 0xDEFB,
    0xDEFB, 0xDEFB, 0xDEFB, 0xDEFB, 0xDEFB, 0xDEFB, 0xDEFB, 0xDEFB, 0xDEFB, 0xDEFB, 0xDEFB, 0xDEDB,
    0xDEDB, 0xDEDB, 0xDEDB, 0xDEFB, 0xDEFB, 0xDEFB, 0xDEFB, 0xDEFB, 0xDEFB, 0xDEFB, 0xDEDB, 0xDEFB,
    0xDEFB, 0xDEFB, 0xDEFB, 0xDEFB, 0xDEFB, 0xDEFB, 0xDEFB, 0xEF7D, 0x39E7, 0x0000, 0x0000, 0x0000,
    0x0000, 0x0000, 0x0000, 0x0000, 0xE71C, 0xE71C, 0xDEFB, 0xDEFB, 0xDEFB, 0xDEFB, 0xDEFB, 0xDEFB,
    0xDEFB, 0xDEDB, 0xDEDB, 0xDEDB, 0xDEDB, 0xDEDB, 0xDEDB, 0xDEFB, 0xDEDB, 0xDEFB, 0xDEFB, 0xDEFB,
    0xDEFB, 0xDEFB, 0xDEDB, 0xDEFB, 0xDEFB, 0xDEFB, 0xDEFB, 0xDEFB, 0xDEFB, 0xDEFB, 0xDEFB, 0xDEFB,
    0xDEFB, 0xDEFB, 0xDEFB, 0xDEFB, 0xDEFB, 0xDEFB, 0xDEFB, 0xDEFB, 0xDEFB, 0xDEFB, 0xDEFB, 0xDEFB,
    0xDEFB, 0xDEFB, 0xDEFB, 0xDEFB, 0xDEFB, 0xDEFB, 0xDEFB, 0xDEFB, 0xDEDB, 0xDEDB, 0xDEFB, 0xDEFB,
    0xDEFB, 0xDEFB, 0xDEFB, 0xDEFB, 0xDEFB, 0xDEDB, 0xDEDB, 0xDEDB, 0xDEFB, 0xDEFB, 0xDEFB, 0xDEFB,
    0xDEFB, 0xDEFB, 0xDEFB, 0xDEFB, 0xDEDB, 0xDEDB, 0xDEFB, 0xDEFB, 0xDEFB, 0xDEFB, 0xDEFB, 0xDEFB,
    0xDEFB, 0xDEFB, 0xDEFB, 0xDEFB, 0xDEFB, 0xDEFB, 0xDEFB, 0xDEFB, 0xDEFB, 0xDEFB, 0xEF7E, 0xA514,
    0x0000, 0x0000, 0x0000, 0x0000, 0x0000, 0x0000, 0x0000, 0x0000, 0x738E, 0xF7BE, 0xDEFB, 0xDF1B,
    0xDEFB, 0xDEFB, 0xDEFB, 0xDEFB, 0xDEFB, 0xDEFB, 0xDEDB, 0xDEDB, 0xDEDB, 0xDEDB, 0xDEDB, 0xDEFB,
    0xDEFB, 0xDEFB, 0xDEFB, 0xDEFB, 0xDEFB, 0xDEDB, 0xDEFB, 0xDEFB, 0xDEFB, 0xDEFB, 0xDEFB, 0xDEFB,
    0xDEFB, 0xDEFB, 0xDEFB, 0xDEFB, 0xDEFB, 0xDEFB, 0xDEFB, 0xDEFB, 0xDEFB, 0xDEFB, 0xDEFB, 0xDEFB,
    0xDEFB, 0xDEFB, 0xDEFB, 0xDEFB, 0xDEFB, 0xDEFB, 0xDEFB, 0xDEFB, 0xDEFB, 0xDEFB, 0xDEFB, 0xDEFB,
    0xDEFB, 0xDEDB, 0xDEDB, 0xDEFB, 0xDEFB, 0xDEFB, 0xDEFB, 0xDEFB, 0xDEFB, 0xDEDB, 0xDEDB, 0xDEDB,
    0xDEFB, 0xDEFB, 0xDEFB, 0xDEFB, 0xDEFB, 0xDEFB, 0xDEFB, 0xDEFB, 0xDEFB, 0xDEFB, 0xDEFB, 0xDEFB,
    0xDEFB, 0xDEFB, 0xDEFB, 0xDEFB, 0xDEFB, 0xDEFB, 0xDEFB, 0xDEFB, 0xDEFB, 0xDEFB, 0xDEFB, 0xDEFB,
    0xDEFB, 0xE71C, 0xDF1C, 0x0000, 0x0000, 0x0000, 0x0000, 0x0000, 0x0000, 0x0000, 0x0000, 0x0000,
    0x0000, 0xAD55, 0xF79E, 0xDEFB, 0xE71C, 0xDEFB, 0xDEFB, 0xDEFB, 0xDEFB, 0xDEDB, 0xDEDB, 0xDEDB,
    0xDEFB, 0xDEDB, 0xDEDB, 0xDEFB, 0xDEFB, 0xDEFB, 0xDEFB, 0xDEFB, 0xDEFB, 0xDEFB, 0xDEFB, 0xDEFB,
    0xDEFB, 0xDEFB, 0xDEFB, 0xDEFB, 0xDEFB, 0xDEFB, 0xDEFB, 0xDEFB, 0xDEFB, 0xDEFB, 0xDEFB, 0xDEFB,
    0xDEFB, 0xDEFB, 0xDEFB, 0xDEFB, 0xDEFB, 0xDEFB, 0xDEFB, 0xDEFB, 0xDEFB, 0xDEFB, 0xDEFB, 0xDEFB,
    0xDEFB, 0xDEFB, 0xDEFB, 0xDEFB, 0xDEFB, 0xDEFB, 0xDEFB, 0xDEDB, 0xDEFB, 0xDEFB, 0xDEFB, 0xDEFB,
    0xDEFB, 0xDEFB, 0xDEDB, 0xDEDB, 0xDEFB, 0xDEFB, 0xDEFB, 0xDEFB, 0xDEFB, 0xDEFB, 0xDEFB, 0xDEFB,
    0xDEFB, 0xDEFB, 0xDEFB, 0xDEFB, 0xDEFB, 0xDEFB, 0xDEFB, 0xDEFB, 0xDEFB, 0xDEFB, 0xDEFB, 0xDEFB,
    0xDEFB, 0xDEFB, 0xDEFB, 0xDEFB, 0xDEFB, 0xF79E, 0x52AA, 0x0000, 0x0000, 0x0000, 0x0000, 0x0000,
    0x0000, 0x0000, 0x0000, 0x0000, 0x0000, 0x0000, 0xBDD7, 0xF79E, 0xDEFB, 0xDF1C, 0xDEFB, 0xDEFB,
    0xDEFB, 0xDEFB, 0xDEFB, 0xDEFB, 0xDEFB, 0xDEFB, 0xDEFB, 0xDEFB, 0xDEFB, 0xDEFB, 0xDEFB, 0xDEFB,
    0xDEFB, 0xDEFB, 0xDEDB, 0xDEDB, 0xDEFB, 0xDEDB, 0xDEFB, 0xDEFB, 0xDEFB, 0xDEFB, 0xDEFB, 0xDEFB,
    0xDEFB, 0xDEFB, 0xDEFB, 0xDEFB, 0xDEFB, 0xDEFB, 0xDEFB, 0xDEFB, 0xDEFB, 0xDEFB, 0xDEFB, 0xDEFB,
    0xDEFB, 0xDEFB, 0xDEFB, 0xDEFB, 0xDEFB, 0xDEFB, 0xDEFB, 0xDEFB, 0xDEFB, 0xDEFB, 0xDEFB, 0xDEFB,
    0xDEFB, 0xDEFB, 0xDEFB, 0xDEFB, 0xDEFB, 0xDEDB, 0xDEFB, 0xDEDB, 0xDEFB, 0xDEFB, 0xDEFB, 0xDEFB,
    0xDEFB, 0xDEFB, 0xDEFB, 0xDEFB, 0xDEFB, 0xDEFB, 0xDEFB, 0xDEFB, 0xDEFB, 0xDEFB, 0xDEFB, 0xDEFB,
    0xDEFB, 0xDEFB, 0xDEFB, 0xDEFB, 0xDEFB, 0xDEFB, 0xDEFB, 0xE71C, 0xF7BE, 0x738E, 0x0000, 0x0000,
    0x0000, 0x0000, 0x0000, 0x0000, 0x0000, 0x0000, 0x0000, 0x0000, 0x0000, 0x0000, 0x0000, 0xAD75,
    0xF7BE, 0xDF1C, 0xDEFB, 0xDEFB, 0xDEFB, 0xDEFB, 0xDEFB, 0xDEFB, 0xDEFB, 0xDEFB, 0xDEFB, 0xDEFB,
    0xDEFB, 0xDEFB, 0xDEFB, 0xDEFB, 0xDEFB, 0xDEDB, 0xDEFB, 0xDEDB, 0xDEFB, 0xDEFB, 0xDEFB, 0xDEFB,
    0xDEFB, 0xDEFB, 0xDEFB, 0xDEFB, 0xDEFB, 0xDEFB, 0xDEFB, 0xDEFB, 0xDEFB, 0xDEFB, 0xDEFB, 0xDEFB,
    0xDEFB, 0xDEFB, 0xDEFB, 0xDEFB, 0xDEFB, 0xDEFB, 0xDEFB, 0xDEFB, 0xDEFB, 0xDEFB, 0xDEFB, 0xDEFB,
    0xDEFB, 0xDEFB, 0xDEFB, 0xDEFB, 0xDEFB, 0xDEFB, 0xDEFB, 0xDEFB, 0xDEFB, 0xDEFB, 0xDEFB, 0xDEFB,
    0xDEFB, 0xDEFB, 0xDEFB, 0xDEFB, 0xDEFB, 0xDEFB, 0xDEFB, 0xDEFB, 0xDEFB, 0xDEFB, 0xDEFB, 0xDEFB,
    0xDEFB, 0xDEFB, 0xDEFB, 0xDEFB, 0xDEFB, 0xDEFB, 0xDEFB, 0xDEFB, 0xDEFB, 0xDEFB, 0xE75D, 0xEF9E,
    0x6B6D, 0x0000, 0x0000, 0x0000, 0x0000, 0x0000, 0x0000, 0x0000, 0x0000, 0x0000, 0x0000, 0x0000,
    0x0000, 0x0000, 0x0000, 0x0000, 0x8410, 0xEF5D, 0xEF7D, 0xDEFB, 0xDEFB, 0xDEFB, 0xDEFB, 0xDEFB,
    0xDEFB, 0xDEFB, 0xDEFB, 0xDEFB, 0xDEFB, 0xDEFB, 0xDEFB, 0xDEFB, 0xDEFB, 0xDEFB, 0xDEFB, 0xDEFB,
    0xDEFB, 0xDEFB, 0xDEFB, 0xDEFB, 0xDEFB, 0xDEFB, 0xDEFB, 0xDEFB, 0xDEFB, 0xDEFB, 0xDEFB, 0xDEFB,
    0xDEFB, 0xDEFB, 0xDEFB, 0xDEFB, 0xDEFB, 0xDEFB, 0xDEFB, 0xDEFB, 0xDEFB, 0xDEFB, 0xDEFB, 0xDEFB,
    0xDEFB, 0xDEFB, 0xDEFB, 0xDEFB, 0xDEFB, 0xDEFB, 0xDEFB, 0xDEFB, 0xDEFB, 0xDEFB, 0xDEFB, 0xDEFB,
    0xDEFB, 0xDEFB, 0xDEFB, 0xDEFB, 0xDEFB, 0xDEFB, 0xDEFB, 0xDEFB, 0xDEFB, 0xDEFB, 0xDEFB, 0xDEFB,
    0xDEFB, 0xDEFB, 0xDEFB, 0xDEFB, 0xDEFB, 0xDEFB, 0xDEFB, 0xDEFB, 0xDEFB, 0xDEFB, 0xDEFB, 0xDEFB,
    0xE71C, 0xF79E, 0xD69A, 0x4228, 0x0000, 0x0000, 0x0000, 0x0000, 0x0000, 0x0000, 0x0000, 0x0000,
    0x0000, 0x0000, 0x0000, 0x0000, 0x0000, 0x0000, 0x0000, 0x0000, 0x0000, 0x39C7, 0xB5B6, 0xEF7D,
    0xEF7D, 0xE73C, 0xDEFB, 0xDEFB, 0xDEFB, 0xDEFB, 0xDEFB, 0xDEFB, 0xDEFB, 0xDEFB, 0xDEFB, 0xDEDB,
    0xDEDB, 0xDEDB, 0xDEDB, 0xDEDB, 0xDEFB, 0xDEFB, 0xDEFB, 0xDEFB, 0xDEFB, 0xDEFB, 0xDEFB, 0xDEFB,
    0xDEFB, 0xDEFB, 0xDEDB, 0xDEFB, 0xDEFB, 0xDEFB, 0xDEFB, 0xDEFB, 0xDEDB, 0xDEDB, 0xDEDB, 0xDEDB,
    0xDEDB, 0xDEFB, 0xDEFB, 0xDEFB, 0xDEFB, 0xDEFB, 0xDEDB, 0xDEFB, 0xDEFB, 0xDEFB, 0xDEFB, 0xDEDB,
    0xDEDB, 0xDEDB, 0xDEDB, 0xDEFB, 0xDEFB, 0xDEFB, 0xDEFB, 0xDEFB, 0xDEFB, 0xDEFB, 0xDEFB, 0xDEFB,
    0xDEDB, 0xDEDB, 0xDEDB, 0xDEDB, 0xDEFB, 0xDEFB, 0xDEFB, 0xDEFB, 0xDEFB, 0xDEDB, 0xDEDB, 0xDEDB,
    0xDEFB, 0xDEFC, 0xEF5D, 0xF79E, 0xDF1C, 0x8430, 0x0000, 0x0000, 0x0000, 0x0000, 0x0000, 0x0000,
    0x0000, 0x0000, 0x0000, 0x0000, 0x0000, 0x0000, 0x0000, 0x0000, 0x0000, 0x0000, 0x0000, 0x0000,
    0x0000, 0x0000, 0x0000, 0x4228, 0x9CF3, 0xD6BA, 0xEF7D, 0xF79E, 0xF79E, 0xEF7D, 0xEF7D, 0xEF7D,
    0xEF7D, 0xEF7D, 0xEF7D, 0xEF7D, 0xEF7D, 0xEF7D, 0xEF7D, 0xEF7D, 0xEF7D, 0xEF7D, 0xEF7D, 0xEF7D,
    0xEF7D, 0xEF7D, 0xEF7D, 0xEF7D, 0xEF7D, 0xEF7D, 0xEF7D, 0xEF7D, 0xEF7D, 0xEF7D, 0xEF7D, 0xEF7D,
    0xEF7D, 0xEF7D, 0xEF7D, 0xEF7D, 0xEF7D, 0xEF7D, 0xEF7D, 0xEF7D, 0xEF7D, 0xEF7D, 0xEF7D, 0xEF7D,
    0xEF7D, 0xEF7D, 0xEF7D, 0xEF7D, 0xEF7D, 0xEF7D, 0xEF7D, 0xEF7D, 0xEF7D, 0xEF7D, 0xEF7D, 0xEF7D,
    0xEF7D, 0xEF7D, 0xEF7D, 0xEF7D, 0xEF7D, 0xEF7D, 0xEF7D, 0xEF7D, 0xEF7D, 0xEF7D, 0xEF7D, 0xEF7D,
    0xEF7D, 0xEF7D, 0xEF7D, 0xF79E, 0xF79E, 0xE75D, 0xC638, 0x7BEF, 0x0000, 0x0000, 0x0000, 0x0000,
    0x0000, 0x0000, 0x0000, 0x0000, 0x0000, 0x0000, 0x0000, 0x0000, 0x0000, 0x0000, 0x0000, 0x0000,
    0x0000, 0x0000, 0x0000, 0x0000, 0x0000, 0x0000, 0x0000, 0x0000, 0x0000, 0x0000, 0x4228, 0x738E,
    0x94B2, 0xA534, 0xAD55, 0xAD55, 0xAD55, 0xAD55, 0xAD75, 0xAD75, 0xAD75, 0xAD75, 0xAD75, 0xAD75,
    0xAD55, 0xAD55, 0xAD55, 0xAD55, 0xAD55, 0xAD55, 0xAD75, 0xAD55, 0xAD55, 0xAD75, 0xAD75, 0xAD55,
    0xAD55, 0xAD75, 0xAD75, 0xAD75, 0xAD75, 0xAD75, 0xAD75, 0xAD75, 0xAD75, 0xAD75, 0xAD75, 0xAD75,
    0xAD75, 0xAD75, 0xAD75, 0xAD75, 0xAD75, 0xAD75, 0xAD75, 0xAD75, 0xAD55, 0xAD55, 0xAD55, 0xAD55,
    0xAD75, 0xAD75, 0xAD75, 0xAD55, 0xAD55, 0xAD55, 0xAD55, 0xAD55, 0xAD55, 0xAD55, 0xAD55, 0xAD55,
    0xAD75, 0xAD55, 0xAD55, 0xAD55, 0xAD55, 0xA535, 0x9CF3, 0x8430, 0x5B0C, 0x0000, 0x0000, 0x0000,
    0x0000, 0x0000, 0x0000, 0x0000, 0x0000, 0x0000, 0x0000, 0x0000, 0x0000, 0x0000, 0x0000, 0x0000,
    0x0000, 0x0000, 0x0000, 0x0000, 0x0000, 0x0000, 0x0000, 0x0000, 0x0000, 0x0000, 0x0000, 0x0000,
    0x0000, 0x0000, 0x0000, 0x0000, 0x0000, 0x0000, 0x0000, 0x0000, 0x0000, 0x0000, 0x0000, 0x0000,
    0x0000, 0x0000, 0x0000, 0x0000, 0x0000, 0x0000, 0x0000, 0x0000, 0x0000, 0x0000, 0x0000, 0x0000,
    0x0000, 0x0000, 0x0000, 0x0000, 0x0000, 0x0000, 0x0000, 0x0000, 0x0000, 0x0000, 0x0000, 0x0000,
    0x0000, 0x0000, 0x0000, 0x0000, 0x0000, 0x0000, 0x0000, 0x0000, 0x0000, 0x0000, 0x0000, 0x0000,
    0x0000, 0x0000, 0x0000, 0x0000, 0x0000, 0x0000, 0x0000, 0x0000, 0x0000, 0x0000, 0x0000, 0x0000,
    0x0000, 0x0000, 0x0000, 0x0000, 0x0000, 0x0000, 0x0000, 0x0000, 0x0000, 0x0000, 0x0000, 0x0000,
    0x0000, 0x0000, 0x0000, 0x0000, 0x0000, 0x0000, 0x0000, 0x0000, 0x0000, 0x0000, 0x0000, 0x0000,
    0x0000, 0x0000, 0x0000, 0x0000, 0x0000, 0x0000, 0x0000, 0x0000, 0x0000, 0x0000, 0x0000, 0x0000,
    0x0000, 0x0000, 0x0000, 0x0000, 0x0000, 0x0000, 0x0000, 0x0000, 0x0000, 0x0000, 0x0000, 0x0000,
    0x0000, 0x0000, 0x0000, 0x0000, 0x0000, 0x0000, 0x0000, 0x0000, 0x0000, 0x0000, 0x0000, 0x0000,
    0x0000, 0x0000, 0x0000, 0x0000, 0x0000, 0x0000, 0x0000, 0x0000, 0x0000, 0x0000, 0x0000, 0x0000,
    0x0000, 0x0000, 0x0000, 0x0000, 0x0000, 0x0000, 0x0000, 0x0000, 0x0000, 0x0000, 0x0000, 0x0000,
    0x0000, 0x0000, 0x0000, 0x0000, 0x0000, 0x0000, 0x0000, 0x0000, 0x0000, 0x0000, 0x0000, 0x0000,
    0x0000, 0x0000, 0x0000, 0x0000, 0x0000, 0x0000, 0x0000, 0x0000, 0x0000, 0x0000, 0x0000, 0x0000,
    0x0000, 0x0000, 0x0000, 0x0000, 0x0000, 0x0000, 0x0000, 0x0000, 0x0000, 0x0000, 0x0000, 0x0000,
    0x0000, 0x0000, 0x0000, 0x0000, 0x0000, 0x0000, 0x0000, 0x0000, 0x0000, 0x0000, 0x0000, 0x0000,
    0x0000, 0x0000, 0x0000, 0x0000, 0x0000, 0x0000, 0x0000, 0x0000, 0x0000, 0x0000, 0x0000, 0x0000,
    0x0000, 0x0000, 0x0000, 0x0000, 0x0000, 0x0000, 0x0000, 0x0000, 0x0000, 0x0000, 0x0000, 0x0000,
    0x0000, 0x0000, 0x0000, 0x0000, 0x0000, 0x0000, 0x0000, 0x0000, 0x0000, 0x0000, 0x0000, 0x0000,
    0x0000, 0x0000, 0x0000, 0x0000, 0x0000, 0x0000, 0x0000, 0x0000, 0x0000, 0x0000, 0x0000, 0x0000,
    0x0000, 0x0000, 0x0000, 0x0000, 0x0000, 0x0000, 0x0000, 0x0000, 0x0000, 0x0000, 0x0000, 0x0000,
    0x0000, 0x0000, 0x0000, 0x0000, 0x0000, 0x0000, 0x0000, 0x0000, 0x0000, 0x0000, 0x0000, 0x0000,
    0x0000, 0x0000, 0x0000, 0x0000, 0x0000, 0x0000, 0x0000, 0x0000, 0x0000, 0x0000, 0x0000, 0x0000,
    0x0000, 0x0000, 0x0000, 0x0000, 0x0000, 0x0000, 0x0000, 0x0000, 0x0000, 0x0000, 0x0000, 0x0000,
    0x0000, 0x0000, 0x0000, 0x0000, 0x0000, 0x0000, 0x0000, 0x0000, 0x0000, 0x0000, 0x0000, 0x0000,
    0x0000, 0x0000, 0x0000, 0x0000, 0x0000, 0x0000, 0x0000, 0x0000, 0x0000, 0x0000, 0x0000, 0x0000,
    0x0000, 0x0000, 0x0000, 0x0000, 0x0000, 0x0000, 0x0000, 0x0000, 0x0000, 0x0000, 0x0000, 0x0000,
    0x0000, 0x0000, 0x0000, 0x0000, 0x0000, 0x0000, 0x0000, 0x0000, 0x0000, 0x0000, 0x0000, 0x0000,
    0x0000, 0x0000, 0x0000, 0x0000, 0x0000, 0x0000, 0x0000, 0x0000, 0x0000, 0x0000, 0x0000, 0x0000,
    0x0000, 0x0000, 0x0000, 0x0000, 0x0000, 0x0000, 0x0000, 0x0000, 0x0000, 0x0000, 0x0000, 0x0000,
    0x0000, 0x0000, 0x0000, 0x0000, 0x0000, 0x0000, 0x0000, 0x0000, 0x0000, 0x0000, 0x0000, 0x0000,
    0x0000, 0x0000, 0x0000, 0x0000, 0x0000, 0x0000, 0x0000, 0x0000, 0x0000, 0x0000, 0x0000, 0x0000,
    0x0000, 0x0000, 0x0000, 0x0000, 0x0000, 0x0000, 0x0000, 0x0000, 0x0000, 0x0000, 0x0000, 0x0000,
    0x0000, 0x0000, 0x0000, 0x0000, 0x0000, 0x0000, 0x0000, 0x0000, 0x0000, 0x0000, 0x0000, 0x0000,
    0x0000, 0x0000, 0x0000, 0x0000, 0x0000, 0x0000, 0x0000, 0x0000, 0x0000, 0x0000, 0x0000, 0x0000,
    0x0000, 0x0000, 0x0000, 0x0000, 0x0000, 0x0000, 0x0000, 0x0000, 0x0000, 0x0000, 0x0000, 0x0000,
    0x0000, 0x0000, 0x0000, 0x0000, 0x0000, 0x0000, 0x0000, 0x0000, 0x0000, 0x0000, 0x0000, 0x0000,
    0x0000, 0x0000, 0x0000, 0x0000, 0x0000, 0x0000, 0x0000, 0x0000, 0x0000, 0x0000, 0x0000, 0x0000,
    0x0000, 0x0000, 0x0000, 0x0000, 0x0000, 0x0000, 0x0000, 0x0000, 0x0000, 0x0000, 0x0000, 0x0000,
    0x0000, 0x0000, 0x0000, 0x0000, 0x0000, 0x0000, 0x0000, 0x0000, 0x0000, 0x0000, 0x0000, 0x0000,
    0x0000, 0x0000, 0x0000, 0x0000, 0x0000, 0x0000, 0x0000, 0x0000, 0x0000, 0x0000, 0x0000, 0x0000,
    0x0000, 0x0000, 0x0000, 0x0000, 0x0000, 0x0000, 0x0000, 0x0000, 0x0000, 0x0000, 0x0000, 0x0000,
    0x0000, 0x0000, 0x0000, 0x0000, 0x0000, 0x0000, 0x0000, 0x0000, 0x0000, 0x0000, 0x0000, 0x0000,
    0x0000, 0x0000, 0x0000, 0x0000, 0x0000, 0x0000, 0x0000, 0x0000, 0x0000, 0x0000, 0x0000, 0x0000,
    0x0000, 0x0000, 0x0000, 0x0000, 0x0000, 0x0000, 0x0000, 0x0000, 0x0000, 0x0000, 0x0000, 0x0000,
    0x0000, 0x0000, 0x0000, 0x0000, 0x0000, 0x0000, 0x0000, 0x0000, 0x0000, 0x0000, 0x0000, 0x0000,
    0x0000, 0x0000, 0x0000, 0x0000, 0x0000, 0x0000, 0x0000, 0x0000, 0x0000, 0x0000, 0x0000, 0x0000,
    0x0000, 0x0000, 0x0000, 0x0000, 0x0000, 0x0000, 0x0000, 0x0000, 0x0000, 0x0000, 0x0000, 0x0000,
    0x0000, 0x0000, 0x0000, 0x0000, 0x0000, 0x0000, 0x0000, 0x0000, 0x0000, 0x0000, 0x0000, 0x0000,
    0x0000, 0x0000, 0x0000, 0x0000, 0x0000, 0x0000, 0x0000, 0x0000, 0x0000, 0x0000, 0x0000, 0x0000,
    0x0000, 0x0000, 0x0000, 0x0000, 0x0000, 0x0000, 0x0000, 0x0000, 0x0000, 0x0000, 0x0000, 0x0000,
    0x0000, 0x0000, 0x0000, 0x0000, 0x0000, 0x0000, 0x0000, 0x0000, 0x0000, 0x0000, 0x0000, 0x0000,
    0x0000, 0x0000, 0x0000, 0x0000, 0x0000, 0x0000, 0x0000, 0x0000, 0x0000, 0x0000, 0x0000, 0x0000,
    0x0000, 0x0000, 0x0000, 0x0000, 0x0000, 0x0000, 0x0000, 0x0000, 0x0000, 0x0000, 0x0000, 0x0000,
    0x0000, 0x0000, 0x0000, 0x0000, 0x0000, 0x0000, 0x0000, 0x0000, 0x0000, 0x0000, 0x0000, 0x0000,
    0x0000, 0x0000, 0x0000, 0x0000, 0x0000, 0x0000, 0x0000, 0x0000, 0x0000, 0x0000, 0x0000, 0x0000,
    0x0000, 0x0000, 0x0000, 0x0000, 0x0000, 0x0000, 0x0000, 0x0000, 0x0000, 0x0000, 0x0000, 0x0000,
    0x0000, 0x0000, 0x0000, 0x0000, 0x0000, 0x0000, 0x0000, 0x0000, 0x0000, 0x0000, 0x0000, 0x0000,
    0x0000, 0x0000, 0x0000, 0x0000, 0x0000, 0x0000, 0x0000, 0x0000, 0x0000, 0x0000, 0x6B4D, 0x6B6D,
    0x6B6D, 0x6B6D, 0x6B6D, 0x6B6D, 0x6B6D, 0x6B6D, 0x6B6D, 0x6B6D, 0x6B6D, 0x6B6D, 0x6B6D, 0x6B6D,
    0x6B6D, 0x6B6D, 0x6B6D, 0x6B6D, 0x6B6D, 0x6B6D, 0x6B6D, 0x6B6D, 0x6B6D, 0x6B4D, 0x6B6D, 0x6B6D,
    0x6B6D, 0x6B6D, 0x6B6D, 0x6B6D, 0x6B6D, 0x6B6D, 0x6B6D, 0x6B6D, 0x6B6D, 0x6B6D, 0x6B6D, 0x6B6D,
    0x6B6D, 0x6B6D, 0x6B6D, 0x6B6D, 0x630C, 0x0000, 0x0000, 0x0000, 0x0000, 0x0000, 0x0000, 0x0000,
    0x5ACB, 0x6B6D, 0x6B6D, 0x6B6D, 0x6B6D, 0x6B6D, 0x6B6D, 0x6B6E, 0x6B8E, 0x6B6E, 0x6B6D, 0x6B6D,
    0x6B4D, 0x0000, 0x0000, 0x0000, 0x0000, 0x0000, 0x0000, 0x0000, 0x0000, 0x0000, 0x0000, 0x0000,
    0x0000, 0x0000, 0x0000, 0x0000, 0x0000, 0x0000, 0x0000, 0x0000, 0x0000, 0x0000, 0x0000, 0x0000,
    0x0000, 0x0000, 0x0000, 0x0000, 0x0000, 0x0000, 0x0000, 0x0000, 0x0000, 0x0000, 0x0000, 0x0000,
    0x0000, 0xDEFB, 0xFFDE, 0xF7BE, 0xF7BE, 0xF7BE, 0xF7BE, 0xF7BE, 0xF7BE, 0xF79E, 0xF79E, 0xF79E,
    0xF7BE, 0xF79E, 0xF7BE, 0xF7BE, 0xF7BE, 0xF7BE, 0xF7BE, 0xF7BE, 0xF7BE, 0xF7BE, 0xF7BE, 0xF79E,
    0xF79E, 0xF79E, 0xF79E, 0xF7BE, 0xF7BE, 0xF7BE, 0xF7BE, 0xF7BE, 0xF7BE, 0xF7BE, 0xF7BE, 0xF7BE,
    0xF7BE, 0xF79E, 0xF7BE, 0xF7BE, 0xF7BE, 0xF7BE, 0xF7BE, 0xF7BE, 0xFFDF, 0xC638, 0x0000, 0x0000,
    0x0000, 0x0000, 0x0000, 0xAD75, 0xFFFF, 0xF7BE, 0xF7BE, 0xF7BE, 0xF7BE, 0xF7BE, 0xF7BE, 0xF7BE,
    0xF7BE, 0xF7BE, 0xF7BE, 0xF7BE, 0xF7DE, 0xDEDB, 0x0000, 0x0000, 0x0000, 0x0000, 0x0000, 0x0000,
    0x0000, 0x0000, 0x0000, 0x0000, 0x0000, 0x0000, 0x0000, 0x0000, 0x0000, 0x0000, 0x0000, 0x0000,
    0x0000, 0x0000, 0x0000, 0x0000, 0x0000, 0x0000, 0x0000, 0x0000, 0x0000, 0x0000, 0x0000, 0x0000,
    0x0000, 0x0000, 0x0000, 0x0000, 0x8C71, 0xFFDF, 0xDEFB, 0xDF1C, 0xDEFB, 0xDEFB, 0xDEFC, 0xDEFC,
    0xDF1C, 0xDEFB, 0xDEFB, 0xDEFB, 0xDEFB, 0xDEFB, 0xDEFB, 0xDEFB, 0xDEFB, 0xDEFB, 0xDEFB, 0xDF1B,
    0xDEFB, 0xDEFB, 0xDEFB, 0xDEFB, 0xDEFB, 0xDEFB, 0xDEFB, 0xDEFB, 0xDEFB, 0xDEFB, 0xDEFB, 0xDEFB,
    0xDF1B, 0xDEFC, 0xDEFB, 0xDEFB, 0xDEFB, 0xDEFB, 0xDEFB, 0xDEFC, 0xDEFB, 0xDEFB, 0xDF1B, 0xE71C,
    0xDEFB, 0xFFDF, 0x630C, 0x0000, 0x0000, 0x0000, 0x4208, 0xF79E, 0xDEFB, 0xDF1C, 0xDF1B, 0xDF1B,
    0xDEFB, 0xDEFB, 0xDEFC, 0xDEFB, 0xDEFB, 0xDEFB, 0xDF1B, 0xDF1B, 0xDEFB, 0xF7DE, 0x8410, 0x0000,
    0x0000, 0x0000, 0x0000, 0x0000, 0x0000, 0x0000, 0x0000, 0x0000, 0x0000, 0x0000, 0x0000, 0x0000,
    0x0000, 0x0000, 0x0000, 0x0000, 0x0000, 0x0000, 0x0000, 0x0000, 0x0000, 0x0000, 0x0000, 0x0000,
    0x0000, 0x0000, 0x0000, 0x0000, 0x0000, 0x0000, 0x0000, 0x0000, 0x8C51, 0xFFDF, 0xDEFB, 0xDF1C,
    0xDF1B, 0xDF1B, 0xDEFC, 0xDF1B, 0xDF1B, 0xDEFB, 0xDEFB, 0xDEFB, 0xDEFB, 0xDEFB, 0xDEFB, 0xDF1B,
    0xDF1B, 0xDF1C, 0xDF1C, 0xDF1C, 0xDF1B, 0xDEFB, 0xDEFB, 0xDEFB, 0xDEFB, 0xDEFB, 0xDEFB, 0xDEFB,
    0xDEFB, 0xDEFB, 0xDF1B, 0xE71B, 0xE71C, 0xDF1B, 0xDEFB, 0xDEFB, 0xDEFB, 0xDEFB, 0xDEFB, 0xE71C,
    0xE71B, 0xE71C, 0xE71C, 0xE71C, 0xDF1B, 0xFFFF, 0x5AEB, 0x0000, 0x0000, 0x0000, 0x39E7, 0xF79E,
    0xE71C, 0xE71C, 0xE71C, 0xE71C, 0xE71C, 0xE71C, 0xE71C, 0xE71C, 0xE71C, 0xE71C, 0xDF1B, 0xE71C,
    0xDEFB, 0xFFFF, 0x7BEF, 0x0000, 0x0000, 0x0000, 0x0000, 0x0000, 0x0000, 0x0000, 0x0000, 0x0000,
    0x0000, 0x0000, 0x0000, 0x0000, 0x0000, 0x0000, 0x0000, 0x0000, 0x0000, 0x0000, 0x0000, 0x0000,
    0x0000, 0x0000, 0x0000, 0x0000, 0x0000, 0x0000, 0x0000, 0x0000, 0x0000, 0x0000, 0x0000, 0x0000,
    0x0000, 0xD6BA, 0xFFDF, 0xF7BE, 0xF7BE, 0xF7BE, 0xF7BE, 0xF7BE, 0xF7BE, 0xF7BE, 0xF7BE, 0xF7BE,
    0xF7BE, 0xF7BE, 0xF7BE, 0xF7BE, 0xF7BE, 0xF7BE, 0xF7BE, 0xF7BE, 0xF7BE, 0xF7BE, 0xF7BE, 0xF7BE,
    0xF7BE, 0xF7BE, 0xF7BE, 0xF7BE, 0xF7BE, 0xF7BE, 0xF7BE, 0xF7BE, 0xF7BE, 0xF7BE, 0xF7BE, 0xF7BE,
    0xF7BE, 0xF7BE, 0xF7BE, 0xF7BE, 0xF7BE, 0xF7BE, 0xF7BE, 0xF7BE, 0xFFFF, 0xBDD7, 0x0000, 0x0000,
    0x0000, 0x0000, 0x0000, 0x9CF3, 0xFFDF, 0xF7BE, 0xF7BE, 0xF7BF, 0xF7DE, 0xF7BE, 0xF7BE, 0xF7BF,
    0xF7BF, 0xF7BE, 0xF7BE, 0xF7BE, 0xFFDF, 0xCE79, 0x0000, 0x0000, 0x0000, 0x0000, 0x0000, 0x0000,
    0x0000, 0x0000, 0x0000, 0x0000, 0x0000, 0x0000, 0x0000, 0x0000, 0x0000, 0x0000, 0x0000, 0x0000,
    0x0000, 0x0000, 0x0000, 0x0000, 0x0000, 0x0000, 0x0000, 0x0000, 0x0000, 0x0000, 0x0000, 0x0000,
    0x0000, 0x0000, 0x0000, 0x0000, 0x0000, 0x0000, 0x5ACB, 0x630C, 0x630C, 0x630C, 0x630C, 0x5B0B,
    0x5B0B, 0x630C, 0x630C, 0x630C, 0x630C, 0x630C, 0x630B, 0x630C, 0x630C, 0x630C, 0x630C, 0x630C,
    0x630C, 0x630C, 0x630C, 0x630C, 0x630C, 0x630C, 0x630C, 0x630C, 0x630C, 0x630C, 0x630C, 0x630C,
    0x630C, 0x630C, 0x630C, 0x630C, 0x630C, 0x630C, 0x630C, 0x630C, 0x630C, 0x632C, 0x630C, 0x632C,
    0x52AA, 0x0000, 0x0000, 0x0000, 0x0000, 0x0000, 0x0000, 0x0000, 0x4A69, 0x632C, 0x630C, 0x630C,
    0x630C, 0x630C, 0x630C, 0x630C, 0x5B0B, 0x630C, 0x630C, 0x632C, 0x5ACB, 0x0000, 0x0000, 0x0000,
    0x0000, 0x0000, 0x0000, 0x0000, 0x0000, 0x0000, 0x0000, 0x0000, 0x0000, 0x0000, 0x0000, 0x0000,
    0x0000, 0x0000, 0x0000, 0x0000, 0x0000, 0x0000, 0x0000, 0x0000, 0x0000, 0x0000, 0x0000, 0x0000,
    0x0000, 0x0000, 0x0000, 0x0000, 0x0000, 0x0000, 0x0000, 0x0000, 0x0000, 0x0000, 0x0000, 0x0000,
    0x0000, 0x0000, 0x0000, 0x0000, 0x0000, 0x0000, 0x0000, 0x0000, 0x0000, 0x0000, 0x0000, 0x0000,
    0x0000, 0x0000, 0x0000, 0x0000, 0x0000, 0x0000, 0x0000, 0x0000, 0x0000, 0x0000, 0x0000, 0x0000,
    0x0000, 0x0000, 0x0000, 0x0000, 0x0000, 0x0000, 0x0000, 0x0000, 0x0000, 0x0000, 0x0000, 0x0000,
    0x0000, 0x0000, 0x0000, 0x0000, 0x0000, 0x0000, 0x0000, 0x0000, 0x0000, 0x0000, 0x0000, 0x0000,
    0x0000, 0x0000, 0x0000, 0x0000, 0x0000, 0x0000, 0x0000, 0x0000, 0x0000, 0x0000, 0x0000, 0x0000,
    0x0000, 0x0000, 0x0000, 0x0000, 0x0000, 0x0000, 0x0000, 0x0000, 0x0000, 0x0000, 0x0000, 0x0000,
    0x0000, 0x0000, 0x0000, 0x0000, 0x0000, 0x0000, 0x0000, 0x0000, 0x0000, 0x0000, 0x0000, 0x0000,
    0x0000, 0x0000, 0x0000, 0x0000, 0x0000, 0x0000, 0x0000, 0x0000, 0x0000, 0x0000, 0x0000, 0x0000,
    0x0000, 0x0000, 0x0000, 0x0000, 0x0000, 0x0000, 0x0000, 0x0000, 0x0000, 0x0000, 0x0000, 0x0000,
    0x0000, 0x0000, 0x0000, 0x0000, 0x0000, 0x0000, 0x0000, 0x0000, 0x0000, 0x0000, 0x0000, 0x0000,
    0x0000, 0x0000, 0x0000, 0x0000, 0x0000, 0x0000, 0x0000, 0x0000, 0x0000, 0x0000, 0x0000, 0x0000,
    0x0000, 0x0000, 0x0000, 0x0000, 0x0000, 0x0000, 0x0000, 0x0000, 0x0000, 0x0000, 0x0000, 0x0000,
    0x0000, 0x0000, 0x0000, 0x0000, 0x0000, 0x0000, 0x0000, 0x0000, 0x0000, 0x0000, 0x0000, 0x0000,
    0x0000, 0x0000, 0x0000, 0x0000, 0x0000, 0x0000, 0x0000, 0x0000, 0x0000, 0x0000, 0x0000, 0x0000,
    0x0000, 0x0000, 0x0000, 0x0000, 0x0000, 0x0000, 0x0000, 0x0000, 0x0000, 0x0000, 0x0000, 0x0000,
    0x0000, 0x0000, 0x0000, 0x0000, 0x0000, 0x0000, 0x0000, 0x0000, 0x0000, 0x0000, 0x0000, 0x0000,
    0x0000, 0x0000, 0x0000, 0x0000, 0x0000, 0x0000, 0x0000, 0x0000, 0x0000, 0x0000, 0x0000, 0x0000,
    0x0000, 0x0000, 0x0000, 0x0000, 0x0000, 0x0000, 0x0000, 0x0000, 0x0000, 0x0000, 0x0000, 0x0000,
    0x0000, 0x0000, 0x0000, 0x0000, 0x0000, 0x0000, 0x0000, 0x0000, 0x0000, 0x0000, 0x0000, 0x0000,
    0x0000, 0x0000, 0x0000, 0x0000, 0x0000, 0x0000, 0x0000, 0x0000, 0x0000, 0x0000, 0x0000, 0x0000,
    0x0000, 0x0000, 0x0000, 0x0000, 0x0000, 0x0000, 0x0000, 0x0000, 0x0000, 0x0000, 0x0000, 0x0000,
    0x0000, 0x0000, 0x0000, 0x0000, 0x0000, 0x0000, 0x0000, 0x0000, 0x0000, 0x0000, 0x0000, 0x0000,
    0x0000, 0x0000, 0x0000, 0x0000, 0x0000, 0x0000, 0x0000, 0x0000, 0x0000, 0x0000, 0x0000, 0x0000,
    0x0000, 0x0000, 0x0000, 0x0000, 0x0000, 0x0000, 0x0000, 0x0000, 0x0000, 0x0000, 0x0000, 0x0000,
    0x0000, 0x0000, 0x0000, 0x0000, 0x0000, 0x0000, 0x0000, 0x0000, 0x0000, 0x0000, 0x0000, 0x0000,
    0x0000, 0x0000, 0x0000, 0x0000, 0x0000, 0x0000, 0x0000, 0x0000, 0x0000, 0x0000, 0x0000, 0x0000,
    0x0000, 0x0000, 0x0000, 0x0000, 0x0000, 0x0000, 0x0000, 0x0000, 0x0000, 0x0000, 0x0000, 0x0000,
    0x0000, 0x0000, 0x0000, 0x0000, 0x0000, 0x0000, 0x0000, 0x0000, 0x0000, 0x0000, 0x0000, 0x0000,
    0x0000, 0x0000, 0x0000, 0x0000, 0x0000, 0x0000, 0x0000, 0x0000, 0x0000, 0x0000, 0x0000, 0x0000,
    0x0000, 0x0000, 0x0000, 0x0000, 0x0000, 0x0000, 0x0000, 0x0000, 0x0000, 0x0000, 0x0000, 0x0000,
    0x0000, 0x0000, 0x0000, 0x0000, 0x0000, 0x0000, 0x0000, 0x0000, 0x0000, 0x0000, 0x0000, 0x0000,
    0x0000, 0x0000, 0x0000, 0x0000, 0x0000, 0x0000, 0x0000, 0x0000, 0x0000, 0x0000, 0x0000, 0x0000,
    0x0000, 0x0000, 0x0000, 0x0000, 0x0000, 0x0000, 0x0000, 0x0000, 0x0000, 0x0000, 0x0000, 0x0000,
    0x0000, 0x0000, 0x0000, 0x0000, 0x0000, 0x0000, 0x0000, 0x0000, 0x0000, 0x0000, 0x0000, 0x0000,
    0x0000, 0x0000, 0x0000, 0x0000, 0x0000, 0x0000, 0x0000, 0x0000, 0x0000, 0x0000, 0x0000, 0x0000,
    0x0000, 0x0000, 0x0000, 0x0000, 0x0000, 0x0000, 0x0000, 0x0000, 0x0000, 0x0000, 0x0000, 0x0000,
    0x0000, 0x0000, 0x0000, 0x0000, 0x0000, 0x0000, 0x0000, 0x0000, 0x0000, 0x0000, 0x0000, 0x0000,
    0x0000, 0x0000, 0x0000, 0x0000, 0x0000, 0x0000, 0x0000, 0x0000, 0x0000, 0x0000, 0x0000, 0x0000,
    0x0000, 0x0000, 0x0000, 0x0000, 0x0000, 0x0000, 0x0000, 0x0000, 0x0000, 0x0000, 0x0000, 0x0000,
    0x0000, 0x0000, 0x0000, 0x0000, 0x0000, 0x0000, 0x0000, 0x0000, 0x0000, 0x0000, 0x0000, 0x0000,
    0x0000, 0x0000, 0x0000, 0x0000, 0x0000, 0x0000, 0x0000, 0x0000, 0x0000, 0x0000, 0x0000, 0x0000,
    0x0000, 0x0000, 0x0000, 0x0000, 0x0000, 0x0000, 0x0000, 0x4208, 0xC638, 0xD69A, 0xD69A, 0xD6BA,
    0xD6BA, 0xD69A, 0xD69A, 0xD69A, 0xD69A, 0xD69A, 0xD69A, 0xD69A, 0xD69A, 0xD69A, 0xD6BA, 0xCE59,
    0x528A, 0x0000, 0x0000, 0x0000, 0x0000, 0x0000, 0x0000, 0x632C, 0xCE79, 0xD6BA, 0xD6BA, 0xD6BA,
    0xD6BA, 0xD69A, 0xD69A, 0xD69A, 0xD69A, 0xD69A, 0xD699, 0xD699, 0xCE79, 0xD699, 0xD69A, 0xD69A,
    0xD69A, 0xD6BA, 0xD6BA, 0xD6BA, 0xD69A, 0xD69A, 0xD69A, 0xD69A, 0xD69A, 0xD69A, 0xD6BA, 0xD6BA,
    0xD699, 0xCE79, 0xD699, 0xD69A, 0xD69A, 0xD69A, 0xD6BA, 0x8430, 0x0000, 0x0000, 0x0000, 0x0000,
    0x0000, 0x0000, 0x0000, 0x0000, 0x0000, 0x0000, 0x0000, 0x0000, 0x0000, 0x0000, 0x0000, 0x0000,
    0x0000, 0x0000, 0x0000, 0x0000, 0x0000, 0x0000, 0x0000, 0x0000, 0x0000, 0x0000, 0x0000, 0x0000,
    0x0000, 0x0000, 0x0000, 0x0000, 0x0000, 0x0000, 0x0000, 0x0000, 0x0000, 0x0000, 0x0000, 0xDEFB,
    0xF79E, 0xE75D, 0xE75D, 0xE75D, 0xE75D, 0xE75D, 0xE75D, 0xE75D, 0xE75D, 0xE75D, 0xE75D, 0xE73C,
    0xE73C, 0xE75C, 0xE73C, 0xEF7D, 0xEF5C, 0x0000, 0x0000, 0x0000, 0x0000, 0x0000, 0x39E7, 0xF7BE,
    0xEF7D, 0xE75D, 0xE75D, 0xE75D, 0xE75C, 0xE73C, 0xE73C, 0xE73C, 0xE73C, 0xE73C, 0xE73C, 0xE73C,
    0xE73C, 0xE73C, 0xE73C, 0xE73D, 0xE75D, 0xE75D, 0xE75C, 0xE75D, 0xE75D, 0xE73C, 0xE73C, 0xE73C,
    0xE75C, 0xE73C, 0xE73C, 0xE73C, 0xE73C, 0xE73C, 0xE73C, 0xE73C, 0xE73C, 0xE75C, 0xE73C, 0xFFFF,
    0x6B4D, 0x0000, 0x0000, 0x0000, 0x0000, 0x0000, 0x0000, 0x0000, 0x0000, 0x0000, 0x0000, 0x0000,
    0x0000, 0x0000, 0x0000, 0x0000, 0x0000, 0x0000, 0x0000, 0x0000, 0x0000, 0x0000, 0x0000, 0x0000,
    0x0000, 0x0000, 0x0000, 0x0000, 0x0000, 0x0000, 0x0000, 0x0000, 0x0000, 0x0000, 0x0000, 0x0000,
    0x0000, 0x0000, 0x4228, 0xF7BE, 0xDEFB, 0xE71C, 0xE71C, 0xE71C, 0xE71C, 0xE71C, 0xE71C, 0xE71C,
    0xE71C, 0xE71C, 0xE71C, 0xE71C, 0xDF1B, 0xE71C, 0xE71C, 0xDEFB, 0xF7BE, 0x528A, 0x0000, 0x0000,
    0x0000, 0x0000, 0x6B6D, 0xF7BE, 0xDEFB, 0xE71C, 0xE71C, 0xE71C, 0xE71C, 0xE71C, 0xE71B, 0xE71B,
    0xE71C, 0xE71B, 0xDEFB, 0xDEFB, 0xE71C, 0xE71C, 0xE71C, 0xE71C, 0xE71C, 0xE71C, 0xE71C, 0xE71C,
    0xE71C, 0xE71C, 0xE71C, 0xE71C, 0xE71C, 0xE71B, 0xDEFB, 0xDEFB, 0xDEFB, 0xDF1B, 0xDEFB, 0xDF1B,
    0xE71C, 0xE71C, 0xDEFB, 0xEF9E, 0xA514, 0x0000, 0x0000, 0x0000, 0x0000, 0x0000, 0x0000, 0x0000,
    0x0000, 0x0000, 0x0000, 0x0000, 0x0000, 0x0000, 0x0000, 0x0000, 0x0000, 0x0000, 0x0000, 0x0000,
    0x0000, 0x0000, 0x0000, 0x0000, 0x0000, 0x0000, 0x0000, 0x0000, 0x0000, 0x0000, 0x0000, 0x0000,
    0x0000, 0x0000, 0x0000, 0x0000, 0x0000, 0x0000, 0x0000, 0xE71C, 0xF7BE, 0xEF5D, 0xEF5D, 0xEF5D,
    0xEF5D, 0xEF5D, 0xE75D, 0xEF5D, 0xEF5D, 0xEF5D, 0xEF5D, 0xEF5D, 0xEF5D, 0xEF5D, 0xE73D, 0xF79E,
    0xE73C, 0x0000, 0x0000, 0x0000, 0x0000, 0x0000, 0x39C7, 0xF7BE, 0xEF7D, 0xEF5D, 0xEF5D, 0xEF5D,
    0xEF5D, 0xEF5D, 0xEF5D, 0xEF5D, 0xEF5D, 0xEF5D, 0xE75D, 0xE75D, 0xEF5D, 0xEF5D, 0xEF5D, 0xEF5D,
    0xEF5D, 0xEF5D, 0xEF5D, 0xEF5D, 0xEF5D, 0xEF5D, 0xEF5D, 0xEF5D, 0xEF5D, 0xEF5D, 0xEF5D, 0xEF5D,
    0xEF5D, 0xE75D, 0xE75D, 0xE75C, 0xE75D, 0xEF5D, 0xEF5D, 0xFFFF, 0x632C, 0x0000, 0x0000, 0x0000,
    0x0000, 0x0000, 0x0000, 0x0000, 0x0000, 0x0000, 0x0000, 0x0000, 0x0000, 0x0000, 0x0000, 0x0000,
    0x0000, 0x0000, 0x0000, 0x0000, 0x0000, 0x0000, 0x0000, 0x0000, 0x0000, 0x0000, 0x0000, 0x0000,
    0x0000, 0x0000, 0x0000, 0x0000, 0x0000, 0x0000, 0x0000, 0x0000, 0x0000, 0x0000, 0x0000, 0x4228,
    0xCE59, 0xDEDB, 0xD6BB, 0xD6BB, 0xD6BA, 0xD6BA, 0xD6BA, 0xD6BA, 0xD6BA, 0xD6BA, 0xD6BA, 0xD6BA,
    0xD6BA, 0xD6BA, 0xD6DB, 0xCE59, 0x4A49, 0x0000, 0x0000, 0x0000, 0x0000, 0x0000, 0x0000, 0x630C,
    0xD69A, 0xD6DB, 0xD6BA, 0xD6BA, 0xD6BA, 0xD6BA, 0xD6BA, 0xDEDA, 0xD6DB, 0xD6BA, 0xD6BA, 0xD6BA,
    0xD6DB, 0xDEDB, 0xDEDB, 0xDEDB, 0xD6DB, 0xD6BA, 0xD6BA, 0xD6BA, 0xD6BA, 0xD6BA, 0xD6BA, 0xD6BB,
    0xD6BA, 0xD6BA, 0xD6BA, 0xD6BA, 0xD6BA, 0xD6BA, 0xD6BA, 0xD6BA, 0xD6BA, 0xD6BB, 0xD6DB, 0x8410,
    0x0000, 0x0000, 0x0000, 0x0000, 0x0000, 0x0000, 0x0000, 0x0000, 0x0000, 0x0000, 0x0000, 0x0000,
    0x0000, 0x0000, 0x0000, 0x0000, 0x0000, 0x0000, 0x0000, 0x0000, 0x0000, 0x0000, 0x0000, 0x0000,
    0x0000, 0x0000, 0x0000, 0x0000, 0x0000, 0x0000, 0x0000, 0x0000, 0x0000, 0x0000, 0x0000, 0x0000,
    0x0000, 0x0000, 0x0000, 0x0000, 0x0000, 0x0000, 0x0000, 0x0000, 0x0000, 0x0000, 0x0000, 0x0000,
    0x0000, 0x0000, 0x0000, 0x0000, 0x0000, 0x0000, 0x0000, 0x0000, 0x0000, 0x0000, 0x0000, 0x0000,
    0x0000, 0x0000, 0x0000, 0x0000, 0x0000, 0x0000, 0x0000, 0x0000, 0x0000, 0x0000, 0x0000, 0x0000,
    0x0000, 0x0000, 0x0000, 0x0000, 0x0000, 0x0000, 0x0000, 0x0000, 0x0000, 0x0000, 0x0000, 0x0000,
    0x0000, 0x0000, 0x0000, 0x0000, 0x0000, 0x0000, 0x0000, 0x0000, 0x0000, 0x0000, 0x0000, 0x0000,
    0x0000, 0x0000, 0x0000, 0x0000, 0x0000, 0x0000, 0x0000, 0x0000, 0x0000, 0x0000, 0x0000, 0x0000,
    0x0000, 0x0000, 0x0000, 0x0000, 0x0000, 0x0000, 0x0000, 0x0000, 0x0000, 0x0000, 0x0000, 0x0000,
    0x0000, 0x0000, 0x0000, 0x0000, 0x0000, 0x0000, 0x0000, 0x0000, 0x0000, 0x0000, 0x0000, 0x0000,
    0x0000, 0x0000, 0x0000, 0x0000, 0x0000, 0x0000, 0x0000, 0x0000, 0x0000, 0x0000, 0x0000, 0x0000,
    0x0000, 0x0000, 0x0000, 0x0000, 0x0000, 0x0000, 0x0000, 0x0000, 0x0000, 0x0000, 0x0000, 0x0000,
    0x0000, 0x0000, 0x0000, 0x0000, 0x0000, 0x0000, 0x0000, 0x0000, 0x0000, 0x0000, 0x0000, 0x0000,
    0x0000, 0x0000, 0x0000, 0x0000, 0x0000, 0x0000, 0x0000, 0x0000, 0x0000, 0x0000, 0x0000, 0x0000,
    0x0000, 0x0000, 0x0000, 0x0000, 0x0000, 0x0000, 0x0000, 0x0000, 0x0000, 0x0000, 0x0000, 0x0000,
    0x0000, 0x0000, 0x0000, 0x0000, 0x0000, 0x0000, 0x0000, 0x0000, 0x0000, 0x0000, 0x0000, 0x0000,
    0x0000, 0x0000, 0x0000, 0x0000, 0x0000, 0x0000, 0x0000, 0x0000, 0x0000, 0x0000, 0x0000, 0x0000,
    0x0000, 0x0000, 0x0000, 0x0000, 0x0000, 0x0000, 0x0000, 0x0000, 0x0000, 0x0000, 0x0000, 0x0000,
    0x0000, 0x0000, 0x0000, 0x0000, 0x0000, 0x0000, 0x0000, 0x0000, 0x0000, 0x0000, 0x0000, 0x0000,
    0x0000, 0x0000, 0x0000, 0x0000, 0x0000, 0x0000, 0x0000, 0x0000, 0x0000, 0x0000, 0x0000, 0x0000,
    0x0000, 0x0000, 0x0000, 0x0000, 0x0000, 0x0000, 0x0000, 0x0000, 0x0000, 0x0000, 0x0000, 0x0000,
    0x0000, 0x0000, 0x0000, 0x0000, 0x0000, 0x0000, 0x0000, 0x0000, 0x0000, 0x0000, 0x0000, 0x0000,
    0x0000, 0x0000, 0x0000, 0x0000, 0x0000, 0x0000, 0x0000, 0x0000, 0x0000, 0x0000, 0x0000, 0x0000,
    0x0000, 0x0000, 0x0000, 0x0000, 0x0000, 0x0000, 0x0000, 0x0000, 0x0000, 0x0000, 0x0000, 0x0000,
    0x0000, 0x0000, 0x0000, 0x0000, 0x0000, 0x0000, 0x0000, 0x0000, 0x0000, 0x0000, 0x0000, 0x0000,
    0x0000, 0x0000, 0x0000, 0x0000, 0x0000, 0x0000, 0x0000, 0x0000, 0x0000, 0x0000, 0x0000, 0x0000,
    0x0000, 0x0000, 0x0000, 0x0000, 0x0000, 0x0000, 0x0000, 0x0000, 0x0000, 0x0000, 0x0000, 0x0000,
    0x0000, 0x0000, 0x0000, 0x0000, 0x0000, 0x0000, 0x0000, 0x0000, 0x0000, 0x0000, 0x0000, 0x0000,
    0x0000, 0x0000, 0x0000, 0x0000, 0x0000, 0x0000, 0x0000, 0x0000, 0x0000, 0x0000, 0x0000, 0x0000,
    0x0000, 0x0000, 0x0000, 0x0000, 0x0000, 0x0000, 0x0000, 0x0000, 0x0000, 0x0000, 0x0000, 0x0000,
    0x0000, 0x0000, 0x0000, 0x0000, 0x0000, 0x0000, 0x0000, 0x0000, 0x0000, 0x0000, 0x0000, 0x0000,
    0x0000, 0x0000, 0x0000, 0x0000, 0x0000, 0x0000, 0x0000, 0x0000, 0x0000, 0x0000, 0x0000, 0x0000,
    0x0000, 0x0000, 0x0000, 0x0000, 0x0000, 0x0000, 0x0000, 0x0000, 0x0000, 0x0000, 0x0000, 0x0000,
    0x0000, 0x0000, 0x0000, 0x0000, 0x0000, 0x0000, 0x0000, 0x0000, 0x0000, 0x0000, 0x0000, 0x0000,
    0x0000, 0x0000, 0x0000, 0x0000, 0x0000, 0x0000, 0x0000, 0x0000, 0x0000, 0x0000, 0x0000, 0x0000,
    0x0000, 0x0000, 0x0000, 0x0000, 0x0000, 0x0000, 0x0000, 0x0000, 0x0000, 0x0000, 0x0000, 0x0000,
    0x0000, 0x0000, 0x0000, 0x0000, 0x0000, 0x0000, 0x0000, 0x0000, 0x0000, 0x0000, 0x0000, 0x0000,
    0x0000, 0x0000, 0x0000, 0x0000, 0x0000, 0x0000, 0x0000, 0x0000, 0x0000, 0x0000, 0x0000, 0x0000,
    0x0000, 0x0000, 0x0000, 0x0000, 0x0000, 0x0000, 0x0000, 0x0000, 0x0000, 0x0000, 0x0000, 0x0000,
    0x0000, 0x0000, 0x0000, 0x0000, 0x0000, 0x0000, 0x0000, 0x0000, 0x0000, 0x0000, 0x0000, 0x0000,
    0x0000, 0x0000, 0x0000, 0x0000, 0x0000, 0x0000, 0x0000, 0x0000, 0x0000, 0x0000, 0x0000, 0x0000,
    0x0000, 0x0000, 0x0000, 0x0000, 0x0000, 0x0000, 0x0000, 0x0000, 0x0000, 0x0000, 0x0000, 0x0000,
    0x0000, 0x0000, 0x0000, 0x0000, 0x0000, 0x0000, 0x0000, 0x0000, 0x0000, 0x0000, 0x0000, 0x0000,
    0x0000, 0x0000, 0x0000, 0x0000, 0x0000, 0x0000, 0x0000, 0x0000, 0x0000, 0x0000, 0x0000, 0x0000,
    0x0000, 0x0000, 0x0000, 0x0000, 0x0000, 0x0000, 0x0000, 0x0000, 0x0000, 0x0000, 0x0000, 0x0000,
    0x0000, 0x0000, 0x0000, 0x0000, 0x0000, 0x0000, 0x0000, 0x0000, 0x0000, 0x0000, 0x0000, 0x0000,
    0x0000, 0x0000, 0x0000, 0x0000, 0x0000, 0x0000, 0x0000, 0x0000, 0x0000, 0x0000, 0x0000, 0x0000,
    0x0000, 0x0000, 0x0000, 0x0000, 0x0000, 0x0000, 0x0000, 0x0000, 0x0000, 0x0000, 0x0000, 0x0000,
    0x0000, 0x0000, 0x0000, 0x0000, 0x0000, 0x0000, 0x0000, 0x0000, 0x0000, 0x0000, 0x0000, 0x0000,
    0x0000, 0x0000, 0x0000, 0x0000, 0x0000, 0x0000, 0x0000, 0x0000, 0x0000, 0x0000, 0x0000, 0x0000,
    0x0000, 0x0000, 0x0000, 0x0000, 0x0000, 0x0000, 0x0000, 0x0000, 0x0000, 0x0000, 0x0000, 0x0000,
    0x0000, 0x0000, 0x0000, 0x0000, 0x0000, 0x0000, 0x0000, 0x0000, 0x0000, 0x0000, 0x0000, 0x0000,
    0x0000, 0x0000, 0x0000, 0x0000, 0x0000, 0x0000, 0x0000, 0x0000, 0x0000, 0x0000, 0x0000, 0x0000,
    0x0000, 0x0000, 0x0000, 0x0000, 0x0000, 0x0000, 0x0000, 0x0000, 0x0000, 0x0000, 0x0000, 0x0000,
    0x0000, 0x0000, 0x0000, 0x0000, 0x0000, 0x0000, 0x0000, 0x0000, 0x0000, 0x0000, 0x0000, 0x0000,
    0x0000, 0x0000, 0x0000, 0x0000, 0x0000, 0x0000, 0x0000, 0x0000, 0x0000, 0x0000, 0x0000, 0x0000,
    0x0000, 0x0000, 0x0000, 0x0000, 0x0000, 0x0000, 0x0000, 0x0000, 0x0000, 0x0000, 0x0000, 0x0000,
    0x0000, 0x0000, 0x0000, 0x0000, 0x0000, 0x0000, 0x0000, 0x0000, 0x0000, 0x0000, 0x0000, 0x0000,
    0x0000, 0x0000, 0x0000, 0x0000, 0x0000, 0x0000, 0x0000, 0x0000, 0x0000, 0x0000, 0x0000, 0x0000,
    0x0000, 0x0000, 0x0000, 0x0000, 0x0000, 0x0000, 0x0000, 0x0000, 0x0000, 0x0000, 0x0000, 0x0000,
    0x0000, 0x0000, 0x0000, 0x0000, 0x0000, 0x0000, 0x0000, 0x0000, 0x0000, 0x0000, 0x0000, 0x0000,
    0x0000, 0x0000, 0x0000, 0x0000, 0x0000, 0x0000, 0x0000, 0x0000, 0x0000, 0x0000, 0x0000, 0x0000,
    0x0000, 0x0000, 0x0000, 0x0000, 0x0000, 0x0000, 0x0000, 0x0000, 0x0000, 0x0000, 0x0000, 0x0000,
    0x0000, 0x0000, 0x0000, 0x0000, 0x0000, 0x0000, 0x0000, 0x0000, 0x0000, 0x0000, 0x0000, 0x0000,
    0x0000, 0x0000, 0x0000, 0x0000, 0x0000, 0x0000, 0x0000, 0x0000, 0x0000, 0x0000, 0x0000, 0x0000,
    0x0000, 0x0000, 0x0000, 0x0000, 0x0000, 0x0000, 0x0000, 0x0000, 0x0000, 0x0000, 0x0000, 0x0000,
    0x0000, 0x0000, 0x0000, 0x0000, 0x0000, 0x0000, 0x0000, 0x0000, 0x0000, 0x0000, 0x0000, 0x0000,
    0x0000, 0x0000, 0x0000, 0x0000
  },
  { // 帧 3
    0x0000, 0x0000, 0x0000, 0x0000, 0x0000, 0x0000, 0x0000, 0x0000, 0x0000, 0x0000, 0x0000, 0x0000,
    0x0000, 0x0000, 0x0000, 0x0000, 0x0000, 0x0000, 0x0000, 0x0000, 0x0000, 0x0000, 0x0000, 0x0000,
    0x0000, 0x0000, 0x0000, 0x0000, 0x0000, 0x0000, 0x0000, 0x0000, 0x0000, 0x0000, 0x0000, 0x0000,
    0x0000, 0x0000, 0x0000, 0x0000, 0x0000, 0x0000, 0x0000, 0x0000, 0x0000, 0x0000, 0x0000, 0x0000,
    0x0000, 0x0000, 0x0000, 0x0000, 0x0000, 0x0000, 0x0000, 0x0000, 0x0000, 0x0000, 0x0000, 0x0000,
    0x0000, 0x0000, 0x0000, 0x0000, 0x0000, 0x0000, 0x0000, 0x0000, 0x0000, 0x0000, 0x0000, 0x0000,
    0x0000, 0x0000, 0x0000, 0x0000, 0x0000, 0x0000, 0x0000, 0x0000, 0x0000, 0x0000, 0x0000, 0x0000,
    0x0000, 0x0000, 0x0000, 0x0000, 0x0000, 0x0000, 0x0000, 0x0000, 0x0000, 0x0000, 0x0000, 0x0000,
    0x0000, 0x0000, 0x0000, 0x0000, 0x0000, 0x0000, 0x0000, 0x0000, 0x0000, 0x0000, 0x0000, 0x0000,
    0x0000, 0x0000, 0x0000, 0x0000, 0x0000, 0x0000, 0x0000, 0x0000, 0x0000, 0x0000, 0x0000, 0x0000,
    0x0000, 0x0000, 0x0000, 0x0000, 0x0000, 0x0000, 0x0000, 0x0000, 0x0000, 0x0000, 0x0000, 0x0000,
    0x0000, 0x0000, 0x0000, 0x0000, 0x0000, 0x0000, 0x0000, 0x0000, 0x0000, 0x0000, 0x0000, 0x0000,
    0x0000, 0x0000, 0x0000, 0x0000, 0x0000, 0x0000, 0x0000, 0x0000, 0x0000, 0x0000, 0x0000, 0x0000,
    0x0000, 0x0000, 0x0000, 0x0000, 0x0000, 0x0000, 0x0000, 0x0000, 0x0000, 0x0000, 0x0000, 0x0000,
    0x0000, 0x0000, 0x0000, 0x0000, 0x0000, 0x0000, 0x0000, 0x0000, 0x0000, 0x0000, 0x0000, 0x0000,
    0x0000, 0x0000, 0x0000, 0x0000, 0x0000, 0x0000, 0x0000, 0x0000, 0x0000, 0x0000, 0x0000, 0x0000,
    0x0000, 0x0000, 0x0000, 0x0000, 0x0000, 0x0000, 0x0000, 0x0000, 0x0000, 0x0000, 0x0000, 0x0000,
    0x0000, 0x0000, 0x0000, 0x0000, 0x0000, 0x0000, 0x0000, 0x0000, 0x0000, 0x0000, 0x0000, 0x0000,
    0x0000, 0x0000, 0x0000, 0x0000, 0x0000, 0x0000, 0x0000, 0x0000, 0x0000, 0x0000, 0x0000, 0x0000,
    0x0000, 0x0000, 0x0000, 0x0000, 0x0000, 0x0000, 0x0000, 0x0000, 0x0000, 0x0000, 0x0000, 0x0000,
    0x0000, 0x0000, 0x0000, 0x0000, 0x0000, 0x0000, 0x0000, 0x0000, 0x0000, 0x0000, 0x0000, 0x0000,
    0x0000, 0x0000, 0x0000, 0x0000, 0x0000, 0x0000, 0x0000, 0x0000, 0x0000, 0x0000, 0x0000, 0x0000,
    0x0000, 0x0000, 0x0000, 0x0000, 0x0000, 0x0000, 0x0000, 0x0000, 0x0000, 0x0000, 0x0000, 0x0000,
    0x0000, 0x0000, 0x0000, 0x0000, 0x0000, 0x0000, 0x0000, 0x0000, 0x0000, 0x0000, 0x0000, 0x0000,
    0x0000, 0x0000, 0x0000, 0x0000, 0x0000, 0x0000, 0x0000, 0x0000, 0x0000, 0x0000, 0x0000, 0x0000,
    0x0000, 0x0000, 0x0000, 0x0000, 0x0000, 0x0000, 0x0000, 0x0000, 0x0000, 0x0000, 0x0000, 0x0000,
    0x0000, 0x0000, 0x0000, 0x0000, 0x0000, 0x0000, 0x0000, 0x0000, 0x0000, 0x0000, 0x0000, 0x0000,
    0x0000, 0x0000, 0x0000, 0x0000, 0x0000, 0x0000, 0x0000, 0x0000, 0x0000, 0x0000, 0x0000, 0x0000,
    0x0000, 0x0000, 0x0000, 0x0000, 0x0000, 0x0000, 0x0000, 0x0000, 0x0000, 0x0000, 0x0000, 0x0000,
    0x0000, 0x0000, 0x0000, 0x0000, 0x0000, 0x0000, 0x0000, 0x0000, 0x0000, 0x0000, 0x0000, 0x0000,
    0x0000, 0x0000, 0x0000, 0x0000, 0x0000, 0x0000, 0x0000, 0x0000, 0x0000, 0x0000, 0x0000, 0x0000,
    0x0000, 0x0000, 0x0000, 0x0000, 0x0000, 0x0000, 0x0000, 0x0000, 0x0000, 0x0000, 0x0000, 0x0000,
    0x0000, 0x0000, 0x0000, 0x0000, 0x0000, 0x0000, 0x0000, 0x0000, 0x0000, 0x0000, 0x0000, 0x0000,
    0x0000, 0x0000, 0x0000, 0x0000, 0x0000, 0x0000, 0x0000, 0x0000, 0x0000, 0x0000, 0x0000, 0x0000,
    0x0000, 0x0000, 0x0000, 0x0000, 0x0000, 0x0000, 0x0000, 0x0000, 0x0000, 0x0000, 0x0000, 0x0000,
    0x0000, 0x0000, 0x0000, 0x0000, 0x0000, 0x0000, 0x0000, 0x0000, 0x0000, 0x0000, 0x0000, 0x0000,
    0x0000, 0x0000, 0x0000, 0x0000, 0x0000, 0x0000, 0x0000, 0x0000, 0x0000, 0x0000, 0x0000, 0x0000,
    0x0000, 0x0000, 0x0000, 0x0000, 0x0000, 0x0000, 0x0000, 0x0000, 0x0000, 0x0000, 0x0000, 0x0000,
    0x0000, 0x0000, 0x0000, 0x0000, 0x0000, 0x0000, 0x0000, 0x0000, 0x0000, 0x0000, 0x0000, 0x0000,
    0x0000, 0x0000, 0x0000, 0x0000, 0x0000, 0x0000, 0x0000, 0x0000, 0x0000, 0x0000, 0x0000, 0x0000,
    0x0000, 0x0000, 0x0000, 0x0000, 0x0000, 0x0000, 0x0000, 0x0000, 0x0000, 0x0000, 0x0000, 0x0000,
    0x0000, 0x0000, 0x0000, 0x0000, 0x0000, 0x0000, 0x0000, 0x0000, 0x0000, 0x0000, 0x0000, 0x0000,
    0x0000, 0x0000, 0x0000, 0x0000, 0x0000, 0x0000, 0x0000, 0x0000, 0x0000, 0x0000, 0x0000, 0x0000,
    0x0000, 0x0000, 0x0000, 0x0000, 0x0000, 0x0000, 0x0000, 0x0000, 0x0000, 0x0000, 0x0000, 0x0000,
    0x0000, 0x0000, 0x0000, 0x0000, 0x0000, 0x0000, 0x0000, 0x0000, 0x0000, 0x0000, 0x0000, 0x0000,
    0x0000, 0x0000, 0x0000, 0x0000, 0x0000, 0x0000, 0x0000, 0x0000, 0x0000, 0x0000, 0x0000, 0x0000,
    0x0000, 0x0000, 0x0000, 0x0000, 0x0000, 0x0000, 0x0000, 0x0000, 0x0000, 0x0000, 0x0000, 0x0000,
    0x0000, 0x0000, 0x0000, 0x0000, 0x0000, 0x0000, 0x0000, 0x0000, 0x0000, 0x0000, 0x0000, 0x0000,
    0x0000, 0x0000, 0x0000, 0x0000, 0x0000, 0x0000, 0x0000, 0x0000, 0x0000, 0x0000, 0x0000, 0x0000,
    0x0000, 0x0000, 0x0000, 0x0000, 0x0000, 0x0000, 0x0000, 0x0000, 0x0000, 0x0000, 0x0000, 0x0000,
    0x0000, 0x0000, 0x0000, 0x0000, 0x0000, 0x0000, 0x0000, 0x0000, 0x0000, 0x0000, 0x0000, 0x0000,
    0x0000, 0x0000, 0x0000, 0x0000, 0x0000, 0x0000, 0x0000, 0x0000, 0x0000, 0x0000, 0x0000, 0x0000,
    0x0000, 0x0000, 0x0000, 0x0000, 0x0000, 0x0000, 0x0000, 0x0000, 0x0000, 0x0000, 0x0000, 0x0000,
    0x0000, 0x0000, 0x0000, 0x0000, 0x0000, 0x0000, 0x0000, 0x0000, 0x0000, 0x0000, 0x0000, 0x0000,
    0x0000, 0x0000, 0x0000, 0x0000, 0x0000, 0x0000, 0x0000, 0x0000, 0x0000, 0x0000, 0x0000, 0x0000,
    0x0000, 0x0000, 0x0000, 0x0000, 0x0000, 0x0000, 0x0000, 0x0000, 0x0000, 0x0000, 0x0000, 0x0000,
    0x0000, 0x0000, 0x0000, 0x0000, 0x0000, 0x0000, 0x0000, 0x0000, 0x0000, 0x0000, 0x0000, 0x0000,
    0x0000, 0x0000, 0x0000, 0x0000, 0x0000, 0x0000, 0x0000, 0x0000, 0x0000, 0x0000, 0x0000, 0x0000,
    0x0000, 0x0000, 0x0000, 0x0000, 0x0000, 0x0000, 0x0000, 0x0000, 0x0000, 0x0000, 0x0000, 0x0000,
    0x0000, 0x0000, 0x0000, 0x0000, 0x0000, 0x0000, 0x0000, 0x0000, 0x0000, 0x0000, 0x0000, 0x0000,
    0x0000, 0x0000, 0x0000, 0x0000, 0x0000, 0x0000, 0x0000, 0x0000, 0x0000, 0x0000, 0x0000, 0x0000,
    0x0000, 0x0000, 0x0000, 0x0000, 0x0000, 0x0000, 0x0000, 0x0000, 0x0000, 0x0000, 0x0000, 0x0000,
    0x0000, 0x0000, 0x0000, 0x0000, 0x0000, 0x0000, 0x0000, 0x0000, 0x0000, 0x0000, 0x0000, 0x0000,
    0x0000, 0x0000, 0x0000, 0x0000, 0x0000, 0x0000, 0x0000, 0x0000, 0x0000, 0x0000, 0x0000, 0x0000,
    0x0000, 0x0000, 0x0000, 0x0000, 0x0000, 0x0000, 0x0000, 0x0000, 0x0000, 0x0000, 0x0000, 0x0000,
    0x0000, 0x0000, 0x0000, 0x0000, 0x0000, 0x0000, 0x0000, 0x0000, 0x0000, 0x0000, 0x0000, 0x0000,
    0x0000, 0x0000, 0x0000, 0x0000, 0x0000, 0x0000, 0x0000, 0x0000, 0x0000, 0x0000, 0x0000, 0x0000,
    0x0000, 0x0000, 0x0000, 0x0000, 0x0000, 0x0000, 0x0000, 0x0000, 0x0000, 0x0000, 0x0000, 0x0000,
    0x0000, 0x0000, 0x0000, 0x0000, 0x0000, 0x0000, 0x0000, 0x0000, 0x0000, 0x0000, 0x0000, 0x0000,
    0x0000, 0x0000, 0x0000, 0x0000, 0x0000, 0x0000, 0x0000, 0x0000, 0x0000, 0x0000, 0x0000, 0x0000,
    0x0000, 0x0000, 0x0000, 0x0000, 0x0000, 0x0000, 0x0000, 0x0000, 0x0000, 0x0000, 0x0000, 0x0000,
    0x0000, 0x0000, 0x0000, 0x0000, 0x0000, 0x0000, 0x0000, 0x0000, 0x0000, 0x0000, 0x0000, 0x0000,
    0x0000, 0x0000, 0x0000, 0x0000, 0x0000, 0x0000, 0x0000, 0x0000, 0x0000, 0x0000, 0x0000, 0x0000,
    0x0000, 0x0000, 0x0000, 0x0000, 0x0000, 0x0000, 0x0000, 0x0000, 0x0000, 0x0000, 0x0000, 0x0000,
    0x0000, 0x0000, 0x0000, 0x0000, 0x0000, 0x0000, 0x0000, 0x0000, 0x0000, 0x0000, 0x0000, 0x0000,
    0x0000, 0x0000, 0x0000, 0x0000, 0x0000, 0x0000, 0x0000, 0x0000, 0x0000, 0x0000, 0x0000, 0x0000,
    0x0000, 0x0000, 0x0000, 0x0000, 0x0000, 0x0000, 0x0000, 0x0000, 0x0000, 0x0000, 0x0000, 0x0000,
    0x0000, 0x0000, 0x0000, 0x0000, 0x0000, 0x0000, 0x0000, 0x0000, 0x0000, 0x0000, 0x0000, 0x0000,
    0x0000, 0x0000, 0x0000, 0x0000, 0x0000, 0x0000, 0x0000, 0x0000, 0x0000, 0x0000, 0x0000, 0x0000,
    0x0000, 0x0000, 0x0000, 0x0000, 0x0000, 0x0000, 0x0000, 0x0000, 0x0000, 0x0000, 0x0000, 0x0000,
    0x0000, 0x0000, 0x0000, 0x0000, 0x0000, 0x0000, 0x0000, 0x0000, 0x0000, 0x0000, 0x0000, 0x0000,
    0x0000, 0x0000, 0x0000, 0x0000, 0x0000, 0x0000, 0x0000, 0x0000, 0x0000, 0x0000, 0x0000, 0x0000,
    0x0000, 0x0000, 0x0000, 0x0000, 0x0000, 0x0000, 0x0000, 0x0000, 0x0000, 0x0000, 0x0000, 0x0000,
    0x0000, 0x0000, 0x0000, 0x0000, 0x0000, 0x0000, 0x0000, 0x0000, 0x0000, 0x0000, 0x0000, 0x0000,
    0x0000, 0x0000, 0x0000, 0x0000, 0x0000, 0x0000, 0x0000, 0x0000, 0x0000, 0x0000, 0x0000, 0x0000,
    0x0000, 0x0000, 0x0000, 0x0000, 0x0000, 0x0000, 0x0000, 0x0000, 0x0000, 0x0000, 0x0000, 0x0000,
    0x0000, 0x0000, 0x0000, 0x0000, 0x0000, 0x0000, 0x0000, 0x0000, 0x0000, 0x0000, 0x0000, 0x0000,
    0x0000, 0x0000, 0x0000, 0x0000, 0x0000, 0x0000, 0x0000, 0x0000, 0x0000, 0x0000, 0x0000, 0x0000,
    0x0000, 0x0000, 0x0000, 0x0000, 0x0000, 0x0000, 0x0000, 0x0000, 0x0000, 0x0000, 0x0000, 0x0000,
    0x0000, 0x0000, 0x0000, 0x0000, 0x0000, 0x0000, 0x0000, 0x0000, 0x0000, 0x0000, 0x0000, 0x0000,
    0x0000, 0x0000, 0x0000, 0x0000, 0x0000, 0x0000, 0x0000, 0x0000, 0x0000, 0x0000, 0x0000, 0x0000,
    0x0000, 0x0000, 0x0000, 0x0000, 0x0000, 0x0000, 0x0000, 0x0000, 0x0000, 0x0000, 0x0000, 0x0000,
    0x0000, 0x0000, 0x0000, 0x0000, 0x0000, 0x0000, 0x0000, 0x0000, 0x0000, 0x0000, 0x0000, 0x0000,
    0x0000, 0x0000, 0x0000, 0x0000, 0x0000, 0x0000, 0x0000, 0x0000, 0x0000, 0x0000, 0x0000, 0x0000,
    0x0000, 0x0000, 0x0000, 0x0000, 0x0000, 0x0000, 0x0000, 0x0000, 0x0000, 0x0000, 0x0000, 0x0000,
    0x0000, 0x0000, 0x0000, 0x0000, 0x0000, 0x0000, 0x0000, 0x0000, 0x0000, 0x0000, 0x0000, 0x0000,
    0x0000, 0x0000, 0x0000, 0x0000, 0x0000, 0x0000, 0x0000, 0x0000, 0x0000, 0x0000, 0x0000, 0x0000,
    0x0000, 0x0000, 0x0000, 0x0000, 0x0000, 0x0000, 0x0000, 0x0000, 0x0000, 0x0000, 0x0000, 0x0000,
    0x0000, 0x0000, 0x0000, 0x0000, 0x0000, 0x0000, 0x0000, 0x0000, 0x0000, 0x0000, 0x0000, 0x0000,
    0x0000, 0x0000, 0x0000, 0x0000, 0x0000, 0x0000, 0x0000, 0x0000, 0x0000, 0x0000, 0x0000, 0x0000,
    0x0000, 0x0000, 0x0000, 0x0000, 0x0000, 0x0000, 0x0000, 0x0000, 0x0000, 0x0000, 0x0000, 0x0000,
    0x0000, 0x0000, 0x0000, 0x0000, 0x0000, 0x0000, 0x0000, 0x0000, 0x0000, 0x0000, 0x0000, 0x0000,
    0x0000, 0x0000, 0x0000, 0x0000, 0x0000, 0x0000, 0x0000, 0x0000, 0x0000, 0x0000, 0x0000, 0x0000,
    0x0000, 0x0000, 0x0000, 0x0000, 0x0000, 0x0000, 0x0000, 0x0000, 0x0000, 0x0000, 0x0000, 0x0000,
    0x0000, 0x0000, 0x0000, 0x0000, 0x0000, 0x0000, 0x0000, 0x0000, 0x0000, 0x0000, 0x0000, 0x0000,
    0x0000, 0x0000, 0x0000, 0x0000, 0x0000, 0x0000, 0x0000, 0x0000, 0x0000, 0x0000, 0x0000, 0x0000,
    0x0000, 0x0000, 0x0000, 0x0000, 0x0000, 0x0000, 0x0000, 0x0000, 0x0000, 0x0000, 0x0000, 0x0000,
    0x0000, 0x0000, 0x0000, 0x0000, 0x0000, 0x0000, 0x0000, 0x0000, 0x0000, 0x0000, 0x0000, 0x0000,
    0x0000, 0x0000, 0x0000, 0x0000, 0x0000, 0x0000, 0x0000, 0x0000, 0x0000, 0x0000, 0x0000, 0x0000,
    0x0000, 0x0000, 0x0000, 0x0000, 0x0000, 0x0000, 0x0000, 0x0000, 0x0000, 0x0000, 0x0000, 0x0000,
    0x0000, 0x0000, 0x0000, 0x0000, 0x0000, 0x0000, 0x0000, 0x0000, 0x0000, 0x0000, 0x0000, 0x0000,
    0x0000, 0x0000, 0x0000, 0x0000, 0x0000, 0x0000, 0x0000, 0x0000, 0x0000, 0x0000, 0x0000, 0x0000,
    0x0000, 0x0000, 0x0000, 0x0000, 0x0000, 0x0000, 0x0000, 0x0000, 0x0000, 0xAD75, 0xFFFF, 0xFFFF,
    0xE75C, 0xBDF7, 0x73AE, 0x0000, 0x0000, 0x0000, 0x0000, 0x0000, 0x0000, 0x0000, 0x0000, 0x0000,
    0x0000, 0x0000, 0x0000, 0x0000, 0x0000, 0x0000, 0x0000, 0x0000, 0x0000, 0x0000, 0x0000, 0x0000,
    0x0000, 0x0000, 0x0000, 0x0000, 0x0000, 0x0000, 0x0000, 0x0000, 0x0000, 0x0000, 0x0000, 0x0000,
    0x0000, 0x0000, 0x0000, 0x0000, 0x0000, 0x0000, 0x0000, 0x0000, 0x0000, 0x0000, 0x0000, 0x0000,
    0x0000, 0x0000, 0x0000, 0x0000, 0x0000, 0x0000, 0x0000, 0x0000, 0x0000, 0x0000, 0x0000, 0x0000,
    0x0000, 0x0000, 0x0000, 0x0000, 0x0000, 0x0000, 0x0000, 0x0000, 0x0000, 0x0000, 0x0000, 0x0000,
    0x0000, 0x0000, 0x0000, 0x0000, 0x0000, 0x0000, 0x0000, 0x0000, 0x0000, 0x0000, 0x0000, 0x0000,
    0x0000, 0x0000, 0x6B6D, 0x7BCF, 0x39E7, 0x0000, 0x0000, 0x0000, 0x0000, 0x0000, 0x0000, 0x0000,
    0x632C, 0xFFFF, 0xFFFF, 0xFFFF, 0xFFFF, 0xFFFF, 0xFFFF, 0xF7BE, 0x9CF3, 0x0000, 0x0000, 0x0000,
    0x0000, 0x0000, 0x0000, 0x0000, 0x0000, 0x0000, 0x0000, 0x0000, 0x0000, 0x0000, 0x0000, 0x0000,
    0x0000, 0x0000, 0x0000, 0x0000, 0x0000, 0x0000, 0x0000, 0x0000, 0x73AE, 0x738E, 0x0000, 0x0000,
    0x0000, 0x0000, 0x0000, 0x0000, 0x0000, 0x0000, 0x0000, 0x0000, 0x0000, 0x0000, 0x0000, 0x0000,
    0x0000, 0x0000, 0x0000, 0x0000, 0x0000, 0x0000, 0x0000, 0x0000, 0x0000, 0x0000, 0x0000, 0x0000,
    0x0000, 0x0000, 0x0000, 0x0000, 0x0000, 0x0000, 0x0000, 0x0000, 0x0000, 0x0000, 0x0000, 0x0000,
    0x0000, 0x0000, 0x0000, 0x0000, 0x0000, 0x0000, 0x0000, 0x0000, 0x0000, 0x0000, 0x0000, 0x0000,
    0x0000, 0x0000, 0x0000, 0x0000, 0x4228, 0xEF7D, 0xFFFF, 0xFFFF, 0xFFFF, 0x9491, 0x0000, 0x0000,
    0x0000, 0x0000, 0x0000, 0x0000, 0x94B2, 0xFFDF, 0xFFDE, 0xFFFF, 0xFFFF, 0xFFFF, 0xFFDF, 0xFFFF,
    0xFFFF, 0xF79D, 0x6B4D, 0x0000, 0x0000, 0x0000, 0x0000, 0x0000, 0x0000, 0x0000, 0x0000, 0x0000,
    0x0000, 0x0000, 0x0000, 0x0000, 0x0000, 0x0000, 0x0000, 0x0000, 0x0000, 0x0000, 0x6B4D, 0xFFFF,
    0xFFFF, 0xFFFF, 0xF7BE, 0x5ACB, 0x0000, 0x0000, 0x0000, 0x0000, 0x0000, 0x0000, 0x0000, 0x0000,
    0x0000, 0x0000, 0x0000, 0x0000, 0x0000, 0x0000, 0x0000, 0x0000, 0x0000, 0x0000, 0x0000, 0x0000,
    0x0000, 0x0000, 0x0000, 0x0000, 0x0000, 0x0000, 0x0000, 0x0000, 0x0000, 0x0000, 0x0000, 0x0000,
    0x0000, 0x0000, 0x0000, 0x0000, 0x0000, 0x0000, 0x0000, 0x0000, 0x0000, 0x0000, 0x0000, 0x0000,
    0x0000, 0x0000, 0x0000, 0x0000, 0x0000, 0x0000, 0x0000, 0x0000, 0xEF5C, 0xFFFF, 0xFFDF, 0xFFDF,
    0xFFDF, 0xFFFF, 0x52AA, 0x0000, 0x0000, 0x0000, 0x0000, 0x0000, 0x4A69, 0xFFFF, 0xFFFF, 0xFFFF,
    0xFFFF, 0xFFDF, 0xFFFF, 0xFFFF, 0xFFDF, 0xFFFF, 0xFFFF, 0x9CF3, 0x0000, 0x0000, 0x0000, 0x0000,
    0x0000, 0x0000, 0x0000, 0x0000, 0x0000, 0x0000, 0x0000, 0x0000, 0x0000, 0x0000, 0x0000, 0x0000,
    0x0000, 0x0000, 0xFFFF, 0xFFFF, 0xFFDF, 0xFFDF, 0xFFFF, 0xFFDE, 0x0000, 0x0000, 0x0000, 0x0000,
    0x0000, 0x0000, 0x0000, 0x0000, 0x0000, 0x0000, 0x0000, 0x0000, 0x0000, 0x0000, 0x0000, 0x0000,
    0x0000, 0x0000, 0x0000, 0x0000, 0x0000, 0x0000, 0x0000, 0x0000, 0x0000, 0x0000, 0x0000, 0x0000,
    0x0000, 0x0000, 0x0000, 0x0000, 0x0000, 0x0000, 0x0000, 0x0000, 0x0000, 0x0000, 0x0000, 0x0000,
    0x0000, 0x0000, 0x0000, 0x0000, 0x0000, 0x0000, 0x0000, 0x0000, 0x0000, 0x0000, 0x0000, 0x528A,
    0xFFFF, 0xFFDF, 0xFFFF, 0xFFFF, 0xFFDF, 0xFFFF, 0xAD55, 0x0000, 0x0000, 0x0000, 0x0000, 0x0000,
    0x0000, 0x6B6D, 0xD6BA, 0xF79E, 0xFFFF, 0xFFFF, 0xFFFF, 0xFFDF, 0xFFFF, 0xFFFF, 0xFFDF, 0xFFFF,
    0xAD75, 0x0000, 0x0000, 0x0000, 0x0000, 0x0000, 0x0000, 0x0000, 0x0000, 0x0000, 0x0000, 0x0000,
    0x0000, 0x0000, 0x0000, 0x0000, 0x0000, 0x7BCF, 0xFFFF, 0xFFDF, 0xFFFF, 0xFFFF, 0xFFDF, 0xFFFF,
    0x634C, 0x0000, 0x0000, 0x0000, 0x0000, 0x0000, 0x0000, 0x0000, 0x0000, 0x0000, 0x0000, 0x0000,
    0x0000, 0x0000, 0x0000, 0x0000, 0x0000, 0x0000, 0x0000, 0x0000, 0x0000, 0x0000, 0x0000, 0x0000,
    0x0000, 0x0000, 0x0000, 0x0000, 0x0000, 0x0000, 0x0000, 0x0000, 0x0000, 0x0000, 0x0000, 0x0000,
    0x0000, 0x0000, 0x0000, 0x0000, 0x0000, 0x0000, 0x0000, 0x0000, 0x0000, 0x0000, 0x0000, 0x0000,
    0x0000, 0x0000, 0x0000, 0x5ACB, 0xFFFF, 0xFFDF, 0xFFFF, 0xFFFF, 0xFFDF, 0xFFFF, 0xAD75, 0x0000,
    0x0000, 0x0000, 0x0000, 0x0000, 0x0000, 0x0000, 0x0000, 0x0000, 0x4228, 0x9CD2, 0xEF7D, 0xFFFF,
    0xFFFF, 0xFFFF, 0xFFFF, 0xFFDF, 0xFFFF, 0x94B2, 0x0000, 0x0000, 0x0000, 0x0000, 0x0000, 0x0000,
    0x0000, 0x0000, 0x0000, 0x0000, 0x0000, 0x0000, 0x0000, 0x0000, 0x0000, 0x8410, 0xFFFF, 0xFFDF,
    0xFFFF, 0xFFFF, 0xFFDF, 0xFFFF, 0x6B6D, 0x0000, 0x0000, 0x0000, 0x0000, 0x0000, 0x0000, 0x0000,
    0x0000, 0x0000, 0x0000, 0x0000, 0x0000, 0x0000, 0x0000, 0x0000, 0x0000, 0x0000, 0x0000, 0x0000,
    0x0000, 0x0000, 0x0000, 0x0000, 0x0000, 0x0000, 0x0000, 0x0000, 0x0000, 0x0000, 0x0000, 0x0000,
    0x0000, 0x0000, 0x0000, 0x0000, 0x0000, 0x0000, 0x0000, 0x0000, 0x0000, 0x0000, 0x0000, 0x0000,
    0x0000, 0x0000, 0x0000, 0x0000, 0x0000, 0x0000, 0x0000, 0x0000, 0xFFDE, 0xFFFF, 0xFFDF, 0xFFDF,
    0xFFDF, 0xFFFF, 0x630C, 0x0000, 0x0000, 0x0000, 0x0000, 0x0000, 0x0000, 0x0000, 0x0000, 0x0000,
    0x0000, 0x0000, 0x0000, 0xA514, 0xFFFF, 0xFFFF, 0xFFFF, 0xFFFF, 0xFFDF, 0xFFFF, 0x5ACB, 0x0000,
    0x0000, 0x0000, 0x0000, 0x0000, 0x0000, 0x0000, 0x0000, 0x0000, 0x0000, 0x0000, 0x0000, 0x0000,
    0x0000, 0x39C7, 0xFFFF, 0xFFDF, 0xFFDF, 0xFFDF, 0xFFFF, 0xFFFF, 0x0000, 0x0000, 0x0000, 0x0000,
    0x0000, 0x0000, 0x0000, 0x0000, 0x0000, 0x0000, 0x0000, 0x0000, 0x0000, 0x0000, 0x0000, 0x0000,
    0x0000, 0x0000, 0x0000, 0x0000, 0x0000, 0x0000, 0x0000, 0x0000, 0x0000, 0x0000, 0x0000, 0x0000,
    0x0000, 0x0000, 0x0000, 0x0000, 0x0000, 0x0000, 0x0000, 0x0000, 0x0000, 0x0000, 0x0000, 0x0000,
    0x0000, 0x0000, 0x0000, 0x0000, 0x0000, 0x0000, 0x0000, 0x0000, 0x0000, 0x0000, 0x0000, 0x0000,
    0x630C, 0xFFFF, 0xFFFF, 0xFFFF, 0xFFFF, 0xA534, 0x0000, 0x0000, 0x0000, 0x0000, 0x0000, 0x0000,
    0x0000, 0x0000, 0x0000, 0x0000, 0x0000, 0x0000, 0x0000, 0x0000, 0x73AE, 0xFFFF, 0xFFFF, 0xFFFF,
    0xFFFF, 0xFFFF, 0xEF5C, 0x0000, 0x0000, 0x0000, 0x0000, 0x0000, 0x0000, 0x0000, 0x0000, 0x0000,
    0x0000, 0x0000, 0x0000, 0x0000, 0x0000, 0x0000, 0x8C51, 0xFFFF, 0xFFFF, 0xFFFF, 0xFFFF, 0x73AE,
    0x0000, 0x0000, 0x0000, 0x0000, 0x0000, 0x0000, 0x0000, 0x0000, 0x0000, 0x0000, 0x0000, 0x0000,
    0x0000, 0x0000, 0x0000, 0x0000, 0x0000, 0x0000, 0x0000, 0x0000, 0x0000, 0x0000, 0x0000, 0x0000,
    0x0000, 0x0000, 0x0000, 0x0000, 0x0000, 0x0000, 0x0000, 0x0000, 0x0000, 0x0000, 0x0000, 0x0000,
    0x0000, 0x0000, 0x0000, 0x0000, 0x0000, 0x0000, 0x0000, 0x0000, 0x0000, 0x0000, 0x0000, 0x0000,
    0x0000, 0x0000, 0x0000, 0x0000, 0x0000, 0x31A6, 0x8C71, 0x9CD3, 0x5ACB, 0x0000, 0x0000, 0x0000,
    0x0000, 0x0000, 0x0000, 0x0000, 0x0000, 0x0000, 0x0000, 0x0000, 0x0000, 0x0000, 0x0000, 0x0000,
    0x0000, 0x8430, 0xFFFF, 0xFFFF, 0xFFFF, 0xFFDF, 0xFFFF, 0x8C50, 0x0000, 0x0000, 0x0000, 0x0000,
    0x0000, 0x0000, 0x0000, 0x0000, 0x0000, 0x0000, 0x0000, 0x0000, 0x0000, 0x0000, 0x0000, 0x4A49,
    0x94B2, 0x9492, 0x4208, 0x0000, 0x0000, 0x0000, 0x0000, 0x0000, 0x0000, 0x0000, 0x0000, 0x0000,
    0x0000, 0x0000, 0x0000, 0x0000, 0x0000, 0x0000, 0x0000, 0x0000, 0x0000, 0x0000, 0x0000, 0x0000,
    0x0000, 0x0000, 0x0000, 0x0000, 0x0000, 0x0000, 0x0000, 0x0000, 0x0000, 0x0000, 0x0000, 0x0000,
    0x0000, 0x0000, 0x0000, 0x0000, 0x0000, 0x0000, 0x0000, 0x0000, 0x0000, 0x0000, 0x0000, 0x0000,
    0x0000, 0x0000, 0x0000, 0x0000, 0x0000, 0x0000, 0x0000, 0x0000, 0x0000, 0x0000, 0x0000, 0x0000,
    0x0000, 0x0000, 0x0000, 0x0000, 0x0000, 0x0000, 0x0000, 0x0000, 0x0000, 0x0000, 0x0000, 0x0000,
    0x0000, 0x0000, 0x0000, 0x0000, 0x0000, 0x0000, 0xCE59, 0xFFFF, 0xFFFF, 0xFFFF, 0xFFFF, 0xEF5D,
    0x0000, 0x0000, 0x0000, 0x0000, 0x0000, 0x0000, 0x0000, 0x0000, 0x0000, 0x0000, 0x0000, 0x0000,
    0x0000, 0x0000, 0x0000, 0x0000, 0x0000, 0x0000, 0x0000, 0x0000, 0x0000, 0x0000, 0x0000, 0x0000,
    0x0000, 0x0000, 0x0000, 0x0000, 0x0000, 0x0000, 0x0000, 0x0000, 0x0000, 0x0000, 0x0000, 0x0000,
    0x0000, 0x0000, 0x0000, 0x0000, 0x0000, 0x0000, 0x0000, 0x0000, 0x0000, 0x0000, 0x0000, 0x0000,
    0x0000, 0x0000, 0x0000, 0x0000, 0x0000, 0x0000, 0x0000, 0x0000, 0x0000, 0x0000, 0x0000, 0x0000,
    0x0000, 0x0000, 0x0000, 0x0000, 0x0000, 0x0000, 0x0000, 0x0000, 0x0000, 0x0000, 0x0000, 0x0000,
    0x0000, 0x0000, 0x0000, 0x0000, 0x0000, 0x0000, 0x0000, 0x0000, 0x0000, 0x0000, 0x0000, 0x0000,
    0x0000, 0x0000, 0x0000, 0x0000, 0x0000, 0x0000, 0x0000, 0x0000, 0x0000, 0x0000, 0x4228, 0xFFFF,
    0xFFFF, 0xFFFF, 0xFFFF, 0xFFFF, 0x5ACA, 0x0000, 0x0000, 0x0000, 0x0000, 0x0000, 0x0000, 0x0000,
    0x0000, 0x0000, 0x0000, 0x0000, 0x0000, 0x0000, 0x0000, 0x0000, 0x0000, 0x0000, 0x0000, 0x0000,
    0x0000, 0x0000, 0x0000, 0x0000, 0x0000, 0x0000, 0x0000, 0x0000, 0x0000, 0x0000, 0x0000, 0x0000,
    0x0000, 0x0000, 0x0000, 0x0000, 0x0000, 0x0000, 0x0000, 0x0000, 0x0000, 0x0000, 0x0000, 0x0000,
    0x0000, 0x0000, 0x0000, 0x0000, 0x0000, 0x0000, 0x0000, 0x0000, 0x0000, 0x0000, 0x0000, 0x0000,
    0x0000, 0x0000, 0x0000, 0x0000, 0x0000, 0x0000, 0x0000, 0x0000, 0x0000, 0x0000, 0x0000, 0x0000,
    0x0000, 0x0000, 0x0000, 0x0000, 0x0000, 0x0000, 0x0000, 0x0000, 0x0000, 0x0000, 0x0000, 0x0000,
    0x0000, 0x0000, 0x0000, 0x0000, 0x0000, 0x0000, 0x0000, 0x0000, 0x0000, 0x0000, 0x0000, 0x0000,
    0x0000, 0x0000, 0x0000, 0xD69A, 0xFFFF, 0xFFFF, 0xFFDF, 0xFFFF, 0xA513, 0x0000, 0x0000, 0x0000,
    0x0000, 0x0000, 0x0000, 0x0000, 0x0000, 0x0000, 0x0000, 0x0000, 0x0000, 0x0000, 0x0000, 0x0000,
    0x0000, 0x0000, 0x0000, 0x0000, 0x0000, 0x0000, 0x0000, 0x0000, 0x0000, 0x0000, 0x0000, 0x0000,
    0x0000, 0x0000, 0x0000, 0x0000, 0x0000, 0x0000, 0x0000, 0x0000, 0x0000, 0x0000, 0x0000, 0x0000,
    0x0000, 0x0000, 0x0000, 0x0000, 0x0000, 0x0000, 0x0000, 0x0000, 0x0000, 0x0000, 0x0000, 0x0000,
    0x0000, 0x0000, 0x0000, 0x0000, 0x0000, 0x0000, 0x0000, 0x0000, 0x0000, 0x0000, 0x0000, 0x0000,
    0x0000, 0x0000, 0x0000, 0x0000, 0x0000, 0x0000, 0x0000, 0x0000, 0x0000, 0x0000, 0x0000, 0x0000,
    0x0000, 0x0000, 0x0000, 0x0000, 0x0000, 0x0000, 0x0000, 0x0000, 0x0000, 0x0000, 0x0000, 0x0000,
    0x0000, 0x0000, 0x0000, 0x0000, 0x0000, 0x0000, 0x0000, 0x8C71, 0xFFFF, 0xFFDF, 0xFFFF, 0xFFFF,
    0xD699, 0x0000, 0x0000, 0x0000, 0x0000, 0x0000, 0x0000, 0x0000, 0x0000, 0x0000, 0x0000, 0x0000,
    0x0000, 0x0000, 0x0000, 0x0000, 0x0000, 0x0000, 0x0000, 0x0000, 0x0000, 0x0000, 0x0000, 0x0000,
    0x0000, 0x0000, 0x0000, 0x0000, 0x0000, 0x0000, 0x0000, 0x0000, 0x0000, 0x0000, 0x0000, 0x0000,
    0x0000, 0x0000, 0x0000, 0x0000, 0x0000, 0x0000, 0x0000, 0x0000, 0x0000, 0x0000, 0x0000, 0x0000,
    0x0000, 0x0000, 0x0000, 0x0000, 0x0000, 0x0000, 0x0000, 0x0000, 0x0000, 0x0000, 0x0000, 0x0000,
    0x0000, 0x0000, 0x0000, 0x0000, 0x0000, 0x0000, 0x0000, 0x0000, 0x0000, 0x0000, 0x0000, 0x0000,
    0x0000, 0x0000, 0x0000, 0x0000, 0x0000, 0x0000, 0x0000, 0x0000, 0x0000, 0x0000, 0x0000, 0x0000,
    0x0000, 0x0000, 0x0000, 0x0000, 0x0000, 0x0000, 0x0000, 0x0000, 0x0000, 0x0000, 0x0000, 0x5ACB,
    0xFFFF, 0xFFDF, 0xFFFF, 0xFFFF, 0xEF7D, 0x0000, 0x0000, 0x0000, 0x0000, 0x0000, 0x0000, 0x0000,
    0x0000, 0x0000, 0x0000, 0x0000, 0x0000, 0x0000, 0x0000, 0x0000, 0x0000, 0x0000, 0x0000, 0x0000,
    0x0000, 0x0000, 0x0000, 0x0000, 0x0000, 0x0000, 0x0000, 0x0000, 0x0000, 0x0000, 0x0000, 0x0000,
    0x0000, 0x0000, 0x0000, 0x0000, 0x0000, 0x0000, 0x0000, 0x0000, 0x0000, 0x0000, 0x0000, 0x0000,
    0x0000, 0x0000, 0x0000, 0x0000, 0x0000, 0x0000, 0x0000, 0x0000, 0x0000, 0x0000, 0x0000, 0x0000,
    0x0000, 0x0000, 0x0000, 0x0000, 0x0000, 0x0000, 0x0000, 0x0000, 0x0000, 0x0000, 0x0000, 0x0000,
    0x0000, 0x0000, 0x0000, 0x0000, 0x0000, 0x0000, 0x0000, 0x0000, 0x0000, 0x0000, 0x0000, 0x0000,
    0x0000, 0x0000, 0x0000, 0x0000, 0x0000, 0x0000, 0x0000, 0x0000, 0x0000, 0x0000, 0x0000, 0x0000,
    0x0000, 0x0000, 0x0000, 0x4208, 0xFFFF, 0xFFFF, 0xFFFF, 0xFFFF, 0xFFDE, 0x0000, 0x0000, 0x0000,
    0x0000, 0x0000, 0x0000, 0x0000, 0x0000, 0x0000, 0x0000, 0x0000, 0x0000, 0x0000, 0x0000, 0x0000,
    0x0000, 0x0000, 0x0000, 0x0000, 0x0000, 0x0000, 0x0000, 0x0000, 0x0000, 0x0000, 0x0000, 0x0000,
    0x0000, 0x0000, 0x0000, 0x0000, 0x0000, 0x0000, 0x0000, 0x0000, 0x0000, 0x0000, 0x0000, 0x0000,
    0x0000, 0x0000, 0x0000, 0x0000, 0x0000, 0x0000, 0x0000, 0x0000, 0x0000, 0x0000, 0x0000, 0x0000,
    0x0000, 0x0000, 0x0000, 0x0000, 0x0000, 0x0000, 0x0000, 0x0000, 0x0000, 0x0000, 0x0000, 0x0000,
    0x0000, 0x0000, 0x0000, 0x0000, 0x0000, 0x0000, 0x0000, 0x0000, 0x0000, 0x0000, 0x0000, 0x0000,
    0x0000, 0x0000, 0x0000, 0x0000, 0x0000, 0x0000, 0x0000, 0x0000, 0x0000, 0x0000, 0x0000, 0x0000,
    0x0000, 0x0000, 0x0000, 0x0000, 0x0000, 0x0000, 0x0000, 0x39E7, 0xFFFF, 0xFFFF, 0xFFFF, 0xFFFF,
    0xFFDF, 0x0000, 0x0000, 0x0000, 0x0000, 0x0000, 0x0000, 0x0000, 0x0000, 0x0000, 0x0000, 0x0000,
    0x0000, 0x0000, 0x0000, 0x0000, 0x0000, 0x0000, 0x0000, 0x0000, 0x0000, 0x0000, 0x0000, 0x0000,
    0x0000, 0x0000, 0x0000, 0x0000, 0x0000, 0x0000, 0x0000, 0x0000, 0x0000, 0x0000, 0x0000, 0x0000,
    0x0000, 0x0000, 0x0000, 0x0000, 0x0000, 0x0000, 0x0000, 0x0000, 0x0000, 0x0000, 0x0000, 0x0000,
    0x0000, 0x0000, 0x0000, 0x0000, 0x0000, 0x0000, 0x0000, 0x0000, 0x0000, 0x0000, 0x0000, 0x0000,
    0x0000, 0x0000, 0x0000, 0x0000, 0x0000, 0x0000, 0x0000, 0x0000, 0x0000, 0x0000, 0x0000, 0x0000,
    0x0000, 0x0000, 0x0000, 0x0000, 0x0000, 0x0000, 0x0000, 0x0000, 0x0000, 0x0000, 0x0000, 0x0000,
    0x0000, 0x0000, 0x0000, 0x0000, 0x0000, 0x0000, 0x0000, 0x0000, 0x0000, 0x0000, 0x0000, 0x52AA,
    0xFFFF, 0xFFFF, 0xFFFF, 0xFFFF, 0xF7BE, 0x0000, 0x0000, 0x0000, 0x0000, 0x0000, 0x0000, 0x0000,
    0x0000, 0x0000, 0x0000, 0x0000, 0x0000, 0x0000, 0x0000, 0x0000, 0x0000, 0x0000, 0x0000, 0x0000,
    0x0000, 0x0000, 0x0000, 0x0000, 0x0000, 0x0000, 0x0000, 0x0000, 0x0000, 0x0000, 0x0000, 0x0000,
    0x0000, 0x0000, 0x0000, 0x0000, 0x0000, 0x0000, 0x0000, 0x0000, 0x0000, 0x0000, 0x0000, 0x0000,
    0x0000, 0x0000, 0x0000, 0x0000, 0x0000, 0x0000, 0x0000, 0x0000, 0x0000, 0x0000, 0x0000, 0x0000,
    0x0000, 0x0000, 0x0000, 0x0000, 0x0000, 0x0000, 0x0000, 0x0000, 0x0000, 0x0000, 0x0000, 0x0000,
    0x0000, 0x0000, 0x0000, 0x0000, 0x0000, 0x0000, 0x0000, 0x0000, 0x0000, 0x0000, 0x0000, 0x0000,
    0x0000, 0x0000, 0x0000, 0x0000, 0x0000, 0x0000, 0x0000, 0x0000, 0x0000, 0x0000, 0x0000, 0x0000,
    0x0000, 0x0000, 0x0000, 0x840F, 0xFFFF, 0xFFDF, 0xFFFF, 0xFFFF, 0xE71C, 0x0000, 0x0000, 0x0000,
    0x0000, 0x0000, 0x0000, 0x0000, 0x0000, 0x0000, 0x0000, 0x0000, 0x0000, 0x0000, 0x0000, 0x0000,
    0x0000, 0x0000, 0x0000, 0x0000, 0x0000, 0x0000, 0x0000, 0x0000, 0x0000, 0x0000, 0x0000, 0x0000,
    0x0000, 0x0000, 0x0000, 0x0000, 0x0000, 0x0000, 0x0000, 0x0000, 0x0000, 0x0000, 0x0000, 0x0000,
    0x0000, 0x0000, 0x0000, 0x0000, 0x0000, 0x0000, 0x0000, 0x0000, 0x0000, 0x0000, 0x0000, 0x0000,
    0x0000, 0x0000, 0x0000, 0x0000, 0x0000, 0x0000, 0x0000, 0x0000, 0x0000, 0x0000, 0x0000, 0x0000,
    0x0000, 0x0000, 0x0000, 0x0000, 0x0000, 0x0000, 0x0000, 0x0000, 0x0000, 0x0000, 0x0000, 0x0000,
    0x0000, 0x0000, 0x0000, 0x0000, 0x0000, 0x0000, 0x0000, 0x0000, 0x0000, 0x0000, 0x0000, 0x0000,
    0x0000, 0x0000, 0x0000, 0x0000, 0x0000, 0x0000, 0x0000, 0xCE58, 0xFFFF, 0xFFFF, 0xFFFF, 0xFFFF,
    0xBDF7, 0x0000, 0x0000, 0x0000, 0x0000, 0x0000, 0x0000, 0x0000, 0x0000, 0x0000, 0x0000, 0x0000,
    0x0000, 0x0000, 0x0000, 0x0000, 0x0000, 0x0000, 0x0000, 0x0000, 0x0000, 0x0000, 0x0000, 0x0000,
    0x0000, 0x0000, 0x0000, 0x0000, 0x0000, 0x0000, 0x0000, 0x0000, 0x0000, 0x0000, 0x0000, 0x0000,
    0x0000, 0x0000, 0x0000, 0x0000, 0x0000, 0x0000, 0x0000, 0x0000, 0x0000, 0x0000, 0x0000, 0x0000,
    0x0000, 0x0000, 0x0000, 0x0000, 0x0000, 0x0000, 0x0000, 0x0000, 0x0000, 0x0000, 0x0000, 0x0000,
    0x0000, 0x0000, 0x0000, 0x0000, 0x0000, 0x0000, 0x0000, 0x0000, 0x0000, 0x0000, 0x0000, 0x0000,
    0x0000, 0x0000, 0x0000, 0x0000, 0x0000, 0x0000, 0x0000, 0x0000, 0x0000, 0x0000, 0x0000, 0x0000,
    0x0000, 0x0000, 0x0000, 0x0000, 0x0000, 0x0000, 0x0000, 0x0000, 0x0000, 0x0000, 0x31A6, 0xFFFF,
    0xFFFF, 0xFFFF, 0xFFDF, 0xFFFF, 0x8430, 0x0000, 0x0000, 0x0000, 0x0000, 0x0000, 0x0000, 0x0000,
    0x0000, 0x0000, 0x0000, 0x0000, 0x0000, 0x0000, 0x0000, 0x0000, 0x0000, 0x0000, 0x0000, 0x0000,
    0x0000, 0x0000, 0x0000, 0x0000, 0x0000, 0x0000, 0x0000, 0x0000, 0x0000, 0x0000, 0x0000, 0x0000,
    0x0000, 0x0000, 0x0000, 0x0000, 0x0000, 0x0000, 0x0000, 0x0000, 0x0000, 0x0000, 0x0000, 0x0000,
    0x0000, 0x0000, 0x0000, 0x0000, 0x0000, 0x0000, 0x0000, 0x0000, 0x0000, 0x0000, 0x0000, 0x0000,
    0x0000, 0x0000, 0x0000, 0x0000, 0x0000, 0x0000, 0x0000, 0x0000, 0x0000, 0x0000, 0x0000, 0x0000,
    0x0000, 0x0000, 0x0000, 0x0000, 0x0000, 0x0000, 0x0000, 0x0000, 0x0000, 0x0000, 0x0000, 0x0000,
    0x0000, 0x0000, 0x0000, 0x0000, 0x0000, 0x0000, 0x0000, 0x0000, 0x0000, 0x0000, 0x0000, 0x0000,
    0x0000, 0x0000, 0xBDD7, 0xFFFF, 0xFFFF, 0xFFFF, 0xFFFF, 0xFFFF, 0x31C6, 0x0000, 0x0000, 0x0000,
    0x0000, 0x0000, 0x0000, 0x0000, 0x0000, 0x0000, 0x0000, 0x0000, 0x0000, 0x0000, 0x0000, 0x0000,
    0x0000, 0x0000, 0x0000, 0x0000, 0x0000, 0x0000, 0x0000, 0x0000, 0x0000, 0x0000, 0x0000, 0x0000,
    0x0000, 0x0000, 0x0000, 0x0000, 0x0000, 0x0000, 0x0000, 0x0000, 0x0000, 0x0000, 0x0000, 0x0000,
    0x0000, 0x0000, 0x0000, 0x0000, 0x0000, 0x0000, 0x0000, 0x0000, 0x0000, 0x0000, 0x0000, 0x0000,
    0x0000, 0x0000, 0x0000, 0x0000, 0x0000, 0x0000, 0x0000, 0x0000, 0x0000, 0x0000, 0x0000, 0x0000,
    0x0000, 0x0000, 0x0000, 0x0000, 0x0000, 0x0000, 0x0000, 0x0000, 0x0000, 0x0000, 0x0000, 0x0000,
    0x0000, 0x0000, 0x0000, 0x0000, 0x0000, 0x0000, 0x0000, 0x0000, 0x0000, 0x0000, 0x0000, 0x0000,
    0x0000, 0x0000, 0x0000, 0x0000, 0x0000, 0x6B4D, 0xFFFF, 0xFFFF, 0xFFFF, 0xFFFF, 0xFFFF, 0xCE59,
    0x0000, 0x0000, 0x0000, 0x0000, 0x0000, 0x0000, 0x0000, 0x0000, 0x0000, 0x0000, 0x0000, 0x0000,
    0x0000, 0x0000, 0x0000, 0x0000, 0x0000, 0x0000, 0x0000, 0x0000, 0x0000, 0x0000, 0x0000, 0x0000,
    0x0000, 0x0000, 0x0000, 0x0000, 0x0000, 0x0000, 0x0000, 0x0000, 0x0000, 0x0000, 0x0000, 0x0000,
    0x0000, 0x0000, 0x0000, 0x0000, 0x0000, 0x0000, 0x0000, 0x0000, 0x0000, 0x0000, 0x0000, 0x0000,
    0x0000, 0x0000, 0x0000, 0x0000, 0x0000, 0x0000, 0x0000, 0x0000, 0x0000, 0x0000, 0x0000, 0x0000,
    0x0000, 0x0000, 0x0000, 0x0000, 0x0000, 0x0000, 0x0000, 0x0000, 0x0000, 0x0000, 0x0000, 0x0000,
    0x0000, 0x0000, 0x0000, 0x0000, 0x0000, 0x0000, 0x0000, 0x0000, 0x0000, 0x0000, 0x0000, 0x0000,
    0x0000, 0x0000, 0x0000, 0x0000, 0x0000, 0x0000, 0x0000, 0x0000, 0x52AA, 0xFFFF, 0xFFFF, 0xFFFF,
    0xFFFF, 0xFFDF, 0xFFFF, 0x5289, 0x0000, 0x0000, 0x0000, 0x0000, 0x0000, 0x0000, 0x0000, 0x0000,
    0x0000, 0x0000, 0x0000, 0x0000, 0x0000, 0x0000, 0x0000, 0x0000, 0x0000, 0x0000, 0x0000, 0x0000,
    0x0000, 0x0000, 0x0000, 0x0000, 0x0000, 0x0000, 0x0000, 0x0000, 0x0000, 0x0000, 0x0000, 0x0000,
    0x0000, 0x0000, 0x0000, 0x0000, 0x0000, 0x0000, 0x0000, 0x0000, 0x0000, 0x0000, 0x0000, 0x0000,
    0x0000, 0x0000, 0x0000, 0x0000, 0x0000, 0x0000, 0x0000, 0x0000, 0x0000, 0x0000, 0x0000, 0x0000,
    0x0000, 0x0000, 0x0000, 0x0000, 0x0000, 0x0000, 0x0000, 0x0000, 0x0000, 0x0000, 0x0000, 0x0000,
    0x0000, 0x0000, 0x0000, 0x0000, 0x0000, 0x0000, 0x0000, 0x0000, 0x0000, 0x0000, 0x0000, 0x0000,
    0x0000, 0x0000, 0x0000, 0x0000, 0x0000, 0x0000, 0x0000, 0x0000, 0x0000, 0x0000, 0x0000, 0x738E,
    0xFFFF, 0xFFFF, 0xFFFF, 0xFFFF, 0xFFDF, 0xFFFF, 0xBDF7, 0x0000, 0x0000, 0x0000, 0x0000, 0x0000,
    0x0000, 0x0000, 0x0000, 0x0000, 0x0000, 0x0000, 0x0000, 0x0000, 0x0000, 0x0000, 0x0000, 0x0000,
    0x0000, 0x0000, 0x0000, 0x0000, 0x0000, 0x0000, 0x0000, 0x0000, 0x0000, 0x0000, 0x0000, 0x0000,
    0x0000, 0x0000, 0x0000, 0x0000, 0x0000, 0x0000, 0x0000, 0x0000, 0x0000, 0x0000, 0x0000, 0x0000,
    0x0000, 0x0000, 0x0000, 0x0000, 0x0000, 0x0000, 0x0000, 0x0000, 0x0000, 0x0000, 0x0000, 0x0000,
    0x0000, 0x0000, 0x0000, 0x0000, 0x0000, 0x0000, 0x0000, 0x0000, 0x0000, 0x0000, 0x0000, 0x0000,
    0x0000, 0x0000, 0x0000, 0x0000, 0x0000, 0x0000, 0x0000, 0x0000, 0x0000, 0x0000, 0x0000, 0x0000,
    0x0000, 0x0000, 0x0000, 0x0000, 0x0000, 0x0000, 0x0000, 0x0000, 0x0000, 0x0000, 0x0000, 0x0000,
    0x0000, 0x528A, 0xC618, 0xFFFF, 0xFFFF, 0xFFFF, 0xFFFF, 0xFFFF, 0xFFFF, 0xF79E, 0x0000, 0x0000,
    0x0000, 0x0000, 0x0000, 0x0000, 0x0000, 0x0000, 0x0000, 0x0000, 0x0000, 0x0000, 0x0000, 0x0000,
    0x0000, 0x0000, 0x0000, 0x0000, 0x0000, 0x0000, 0x0000, 0x0000, 0x0000, 0x0000, 0x0000, 0x0000,
    0x0000, 0x0000, 0x0000, 0x0000, 0x0000, 0x0000, 0x0000, 0x0000, 0x0000, 0x0000, 0x0000, 0x0000,
    0x7BEF, 0x8430, 0x8450, 0x8430, 0x8430, 0x8430, 0x8430, 0x8430, 0x8430, 0x8430, 0x8430, 0x8430,
    0x8430, 0x8450, 0x8430, 0x8430, 0x8430, 0x8430, 0x8430, 0x8430, 0x8430, 0x8430, 0x8430, 0x8430,
    0x8430, 0x8430, 0x8430, 0x8430, 0x8430, 0x8430, 0x8430, 0x8430, 0x8430, 0x8430, 0x8430, 0x8430,
    0x8430, 0x8430, 0x8430, 0x8430, 0x8430, 0x8430, 0x8430, 0x8430, 0x8450, 0x8430, 0x8450, 0x8C50,
    0x8430, 0x8430, 0x8C91, 0xB596, 0xE71C, 0xFFFF, 0xFFFF, 0xFFFF, 0xFFFF, 0xFFFF, 0xFFFF, 0xFFFF,
    0xFFFF, 0x5289, 0x0000, 0x0000, 0x0000, 0x0000, 0x0000, 0x0000, 0x0000, 0x0000, 0x0000, 0x0000,
    0x0000, 0x0000, 0x0000, 0x0000, 0x0000, 0x0000, 0x0000, 0x0000, 0x0000, 0x0000, 0x0000, 0x0000,
    0x0000, 0x0000, 0x0000, 0x0000, 0x0000, 0x4228, 0x8410, 0x73AE, 0x0000, 0x0000, 0x0000, 0x0000,
    0x0000, 0x0000, 0x4208, 0xF7BE, 0xFFFF, 0xFFFF, 0xFFFF, 0xFFFF, 0xFFFF, 0xFFFF, 0xFFFF, 0xFFFF,
    0xFFFF, 0xFFFF, 0xFFFF, 0xFFFF, 0xFFFF, 0xFFFF, 0xFFFF, 0xFFFF, 0xFFFF, 0xFFFF, 0xFFFF, 0xFFFF,
    0xFFFF, 0xFFFF, 0xFFFF, 0xFFFF, 0xFFFF, 0xFFFF, 0xFFFF, 0xFFFF, 0xFFFF, 0xFFFF, 0xFFFF, 0xFFFF,
    0xFFFF, 0xFFFF, 0xFFFF, 0xFFFF, 0xFFFF, 0xFFFF, 0xFFFF, 0xFFFF, 0xFFFF, 0xFFFF, 0xFFFF, 0xFFFF,
    0xFFFF, 0xFFFF, 0xFFFF, 0xFFFF, 0xFFFF, 0xFFFF, 0xFFFF, 0xFFFF, 0xFFFF, 0xFFFF, 0xFFFF, 0xFFFF,
    0xFFFF, 0xFFDF, 0xFFFF, 0xFFFF, 0x630C, 0x0000, 0x0000, 0x0000, 0x0000, 0x0000, 0x0000, 0x0000,
    0x0000, 0x0000, 0x0000, 0x0000, 0x0000, 0x0000, 0x0000, 0x0000, 0x0000, 0x0000, 0x0000, 0x0000,
    0x0000, 0x0000, 0x0000, 0x0000, 0x0000, 0x0000, 0x0000, 0x0000, 0x94B2, 0xFFFF, 0xFFFF, 0xFFFF,
    0xF79E, 0x4A69, 0x0000, 0x0000, 0x0000, 0x0000, 0xBDD6, 0xFFFF, 0xF7BE, 0xFFDF, 0xFFDF, 0xFFDF,
    0xFFDF, 0xFFDF, 0xFFDF, 0xFFDF, 0xFFDF, 0xFFDF, 0xFFDF, 0xFFDF, 0xFFDF, 0xFFDF, 0xFFDF, 0xFFDF,
    0xFFDF, 0xFFDF, 0xFFDF, 0xFFDF, 0xFFDF, 0xFFDF, 0xFFDF, 0xFFDF, 0xFFDF, 0xFFDE, 0xFFDF, 0xFFDF,
    0xFFDF, 0xFFDF, 0xFFDF, 0xFFDF, 0xFFDF, 0xFFDF, 0xFFDF, 0xFFDF, 0xFFDF, 0xFFDF, 0xFFDF, 0xFFDF,
    0xFFDF, 0xFFDF, 0xFFDF, 0xFFDF, 0xFFDF, 0xFFDF, 0xFFDF, 0xFFDF, 0xFFDF, 0xFFDF, 0xFFDF, 0xFFDF,
    0xFFFF, 0xFFFF, 0xFFFF, 0xFFFF, 0xFFFF, 0xFFFF, 0xEF7D, 0x4A69, 0x0000, 0x0000, 0x0000, 0x0000,
    0x0000, 0x0000, 0x0000, 0x0000, 0x0000, 0x0000, 0x0000, 0x0000, 0x0000, 0x0000, 0x0000, 0x0000,
    0x0000, 0x0000, 0x0000, 0x0000, 0x0000, 0x0000, 0x0000, 0x0000, 0x0000, 0x0000, 0x0000, 0x5ACB,
    0xFFFF, 0xFFDF, 0xFFDF, 0xFFDF, 0xFFFF, 0xEF7D, 0x0000, 0x0000, 0x0000, 0x0000, 0xCE59, 0xFFDF,
    0xFFDF, 0xFFFF, 0xFFFF, 0xFFFF, 0xFFFF, 0xFFFF, 0xFFFF, 0xFFFF, 0xFFFF, 0xFFFF, 0xFFFF, 0xFFFF,
    0xFFFF, 0xFFFF, 0xFFFF, 0xFFFF, 0xFFFF, 0xFFFF, 0xFFFF, 0xFFFF, 0xFFFF, 0xFFFF, 0xFFDF, 0xFFFF,
    0xFFDF, 0xFFDF, 0xFFDF, 0xFFFF, 0xFFFF, 0xFFFF, 0xFFFF, 0xFFFF, 0xFFFF, 0xFFFF, 0xFFFF, 0xFFFF,
    0xFFFF, 0xFFFF, 0xFFFF, 0xFFFF, 0xFFFF, 0xFFFF, 0xFFFF, 0xFFFF, 0xFFFF, 0xFFFF, 0xFFFF, 0xFFFF,
    0xFFFF, 0xFFFF, 0xFFFF, 0xFFFF, 0xFFDF, 0xFFDF, 0xFFFF, 0xFFFF, 0xFFFF, 0xB5B6, 0x0000, 0x0000,
    0x0000, 0x0000, 0x0000, 0x0000, 0x0000, 0x0000, 0x0000, 0x0000, 0x0000, 0x0000, 0x0000, 0x0000,
    0x0000, 0x0000, 0x0000, 0x0000, 0x0000, 0x0000, 0x0000, 0x0000, 0x0000, 0x0000, 0x0000, 0x0000,
    0x0000, 0x0000, 0x0000, 0xAD75, 0xFFFF, 0xFFDF, 0xFFFF, 0xFFFF, 0xFFDF, 0xFFFF, 0x4A49, 0x0000,
    0x0000, 0x0000, 0x738E, 0xFFFF, 0xFFFF, 0xFFFF, 0xFFFF, 0xFFFF, 0xFFFF, 0xFFFF, 0xFFFF, 0xFFFF,
    0xFFFF, 0xFFFF, 0xFFFF, 0xFFFF, 0xFFFF, 0xFFFF, 0xFFFF, 0xFFFF, 0xFFFF, 0xFFFF, 0xFFFF, 0xFFFF,
    0xFFFF, 0xFFFF, 0xFFFF, 0xFFFF, 0xFFFF, 0xFFFF, 0xFFFF, 0xFFFF, 0xFFFF, 0xFFFF, 0xFFFF, 0xFFFF,
    0xFFFF, 0xFFFF, 0xFFFF, 0xFFFF, 0xFFFF, 0xFFFF, 0xFFFF, 0xFFFF, 0xFFFF, 0xFFFF, 0xFFFF, 0xFFFF,
    0xFFFF, 0xFFFF, 0xFFFF, 0xFFFF, 0xFFFF, 0xFFFF, 0xFFFF, 0xFFFF, 0xFFFF, 0xFFFF, 0xFFDF, 0xBDD7,
    0x4A69, 0x0000, 0x0000, 0x0000, 0x0000, 0x0000, 0x0000, 0x0000, 0x0000, 0x0000, 0x0000, 0x0000,
    0x0000, 0x0000, 0x0000, 0x0000, 0x0000, 0x0000, 0x0000, 0x0000, 0x0000, 0x0000, 0x0000, 0x0000,
    0x0000, 0x0000, 0x0000, 0x0000, 0x0000, 0x0000, 0x0000, 0xB596, 0xFFFF, 0xFFDF, 0xFFFF, 0xFFFF,
    0xFFDF, 0xFFFF, 0x4A69, 0x0000, 0x0000, 0x0000, 0x0000, 0x6B6D, 0xC618, 0xCE79, 0xCE59, 0xCE59,
    0xCE59, 0xCE59, 0xCE59, 0xCE59, 0xCE59, 0xCE59, 0xCE59, 0xCE59, 0xCE59, 0xCE79, 0xCE59, 0xCE59,
    0xCE59, 0xCE79, 0xCE79, 0xCE79, 0xCE59, 0xCE59, 0xCE59, 0xCE59, 0xCE59, 0xCE59, 0xCE59, 0xCE59,
    0xCE59, 0xCE59, 0xCE59, 0xCE59, 0xCE59, 0xCE59, 0xCE59, 0xCE59, 0xCE59, 0xCE59, 0xCE59, 0xCE59,
    0xCE79, 0xCE59, 0xCE59, 0xCE59, 0xCE59, 0xCE79, 0xCE79, 0xCE59, 0xCE79, 0xCE59, 0xCE59, 0xBDF7,
    0x9CF3, 0x6B4C, 0x0000, 0x0000, 0x0000, 0x0000, 0x0000, 0x0000, 0x0000, 0x0000, 0x0000, 0x0000,
    0x0000, 0x0000, 0x0000, 0x0000, 0x0000, 0x0000, 0x0000, 0x0000, 0x0000, 0x0000, 0x0000, 0x0000,
    0x0000, 0x0000, 0x0000, 0x0000, 0x0000, 0x0000, 0x0000, 0x0000, 0x0000, 0x0000, 0x0000, 0x632C,
    0xFFFF, 0xFFDF, 0xFFDF, 0xFFDE, 0xFFFF, 0xF79E, 0x0000, 0x0000, 0x0000, 0x0000, 0x0000, 0x0000,
    0x0000, 0x0000, 0x0000, 0x0000, 0x0000, 0x0000, 0x0000, 0x0000, 0x0000, 0x0000, 0x0000, 0x0000,
    0x0000, 0x0000, 0x0000, 0x0000, 0x0000, 0x0000, 0x0000, 0x0000, 0x0000, 0x0000, 0x0000, 0x0000,
    0x0000, 0x0000, 0x0000, 0x0000, 0x0000, 0x0000, 0x0000, 0x0000, 0x0000, 0x0000, 0x0000, 0x0000,
    0x0000, 0x0000, 0x0000, 0x0000, 0x0000, 0x0000, 0x0000, 0x0000, 0x0000, 0x0000, 0x0000, 0x0000,
    0x0000, 0x0000, 0x0000, 0x0000, 0x0000, 0x0000, 0x0000, 0x0000, 0x0000, 0x0000, 0x0000, 0x0000,
    0x0000, 0x0000, 0x0000, 0x0000, 0x0000, 0x0000, 0x0000, 0x0000, 0x0000, 0x0000, 0x0000, 0x0000,
    0x0000, 0x0000, 0x0000, 0x0000, 0x0000, 0x0000, 0x0000, 0x0000, 0x0000, 0x0000, 0x0000, 0x0000,
    0x0000, 0x0000, 0x0000, 0x0000, 0xAD54, 0xFFFF, 0xFFFF, 0xFFFF, 0xFFDF, 0x5ACB, 0x0000, 0x0000,
    0x0000, 0x0000, 0x0000, 0x0000, 0x0000, 0x0000, 0x0000, 0x0000, 0x0000, 0x0000, 0x0000, 0x0000,
    0x0000, 0x0000, 0x0000, 0x0000, 0x0000, 0x0000, 0x0000, 0x0000, 0x0000, 0x0000, 0x0000, 0x0000,
    0x0000, 0x0000, 0x0000, 0x0000, 0x0000, 0x0000, 0x0000, 0x0000, 0x0000, 0x0000, 0x0000, 0x0000,
    0x0000, 0x0000, 0x0000, 0x0000, 0x0000, 0x0000, 0x0000, 0x0000, 0x0000, 0x0000, 0x0000, 0x0000,
    0x0000, 0x0000, 0x0000, 0x0000, 0x0000, 0x0000, 0x0000, 0x0000, 0x0000, 0x0000, 0x0000, 0x0000,
    0x0000, 0x0000, 0x0000, 0x0000, 0x0000, 0x0000, 0x0000, 0x0000, 0x0000, 0x0000, 0x0000, 0x0000,
    0x0000, 0x0000, 0x0000, 0x0000, 0x0000, 0x0000, 0x0000, 0x0000, 0x0000, 0x0000, 0x0000, 0x0000,
    0x0000, 0x0000, 0x0000, 0x0000, 0x0000, 0x0000, 0x0000, 0x0000, 0x0000, 0x5AAA, 0x9CD3, 0x8C51,
    0x0000, 0x0000, 0x0000, 0x0000, 0x0000, 0x0000, 0x0000, 0x0000, 0x0000, 0x0000, 0x0000, 0x0000,
    0x0000, 0x0000, 0x0000, 0x0000, 0x0000, 0x0000, 0x0000, 0x0000, 0x0000, 0x0000, 0x0000, 0x0000,
    0x0000, 0x0000, 0x0000, 0x0000, 0x0000, 0x0000, 0x0000, 0x0000, 0x0000, 0x0000, 0x0000, 0x0000,
    0x0000, 0x0000, 0x0000, 0x0000, 0x0000, 0x0000, 0x0000, 0x0000, 0x0000, 0x0000, 0x0000, 0x0000,
    0x0000, 0x0000, 0x0000, 0x0000, 0x0000, 0x0000, 0x0000, 0x0000, 0x0000, 0x0000, 0x0000, 0x0000,
    0x0000, 0x0000, 0x0000, 0x0000, 0x0000, 0x0000, 0x0000, 0x0000, 0x0000, 0x0000, 0x0000, 0x0000,
    0x0000, 0x0000, 0x0000, 0x0000, 0x0000, 0x0000, 0x0000, 0x0000, 0x0000, 0x0000, 0x0000, 0x0000,
    0x0000, 0x0000, 0x0000, 0x0000, 0x0000, 0x0000, 0x0000, 0x0000, 0x0000, 0x0000, 0x0000, 0x0000,
    0x0000, 0x0000, 0x0000, 0x0000, 0x0000, 0x0000, 0x0000, 0x0000, 0x0000, 0x0000, 0x0000, 0x0000,
    0x0000, 0x0000, 0x0000, 0x0000, 0x0000, 0x0000, 0x0000, 0x0000, 0x0000, 0x0000, 0x0000, 0x0000,
    0x0000, 0x0000, 0x0000, 0x0000, 0x0000, 0x0000, 0x0000, 0x0000, 0x0000, 0x0000, 0x0000, 0x0000,
    0x0000, 0x0000, 0x0000, 0x0000, 0x0000, 0x0000, 0x0000, 0x0000, 0x0000, 0x0000, 0x0000, 0x0000,
    0x0000, 0x0000, 0x0000, 0x0000, 0x0000, 0x0000, 0x0000, 0x0000, 0x0000, 0x0000, 0x0000, 0x0000,
    0x0000, 0x0000, 0x0000, 0x0000, 0x0000, 0x0000, 0x0000, 0x0000, 0x0000, 0x0000, 0x0000, 0x0000,
    0x0000, 0x0000, 0x0000, 0x0000, 0x0000, 0x0000, 0x0000, 0x0000, 0x0000, 0x0000, 0x0000, 0x0000,
    0x0000, 0x0000, 0x0000, 0x0000, 0x0000, 0x0000, 0x0000, 0x0000, 0x0000, 0x0000, 0x0000, 0x0000,
    0x0000, 0x0000, 0x0000, 0x0000, 0x0000, 0x0000, 0x0000, 0x0000, 0x0000, 0x0000, 0x0000, 0x0000,
    0x0000, 0x0000, 0x0000, 0x0000, 0x0000, 0x0000, 0x0000, 0x0000, 0x0000, 0x0000, 0x0000, 0x0000,
    0x0000, 0x0000, 0x0000, 0x0000, 0x0000, 0x0000, 0x0000, 0x0000, 0x0000, 0x0000, 0x0000, 0x0000,
    0x0000, 0x0000, 0x0000, 0x0000, 0x0000, 0x0000, 0x0000, 0x0000, 0x0000, 0x0000, 0x0000, 0x0000,
    0x0000, 0x0000, 0x0000, 0x0000, 0x0000, 0x0000, 0x0000, 0x0000, 0x0000, 0x0000, 0x0000, 0x0000,
    0x0000, 0x0000, 0x0000, 0x0000, 0x0000, 0x0000, 0x0000, 0x0000, 0x0000, 0x0000, 0x0000, 0x0000,
    0x0000, 0x0000, 0x0000, 0x0000, 0x0000, 0x0000, 0x0000, 0x0000, 0x0000, 0x0000, 0x0000, 0x0000,
    0x0000, 0x0000, 0x0000, 0x0000, 0x0000, 0x0000, 0x0000, 0x0000, 0x0000, 0x0000, 0x0000, 0x0000,
    0x0000, 0x0000, 0x0000, 0x0000, 0x0000, 0x0000, 0x0000, 0x0000, 0x0000, 0x0000, 0x0000, 0x0000,
    0x0000, 0x0000, 0x0000, 0x0000, 0x0000, 0x0000, 0x0000, 0x0000, 0x0000, 0x0000, 0x0000, 0x0000,
    0x0000, 0x0000, 0x0000, 0x0000, 0x0000, 0x0000, 0x0000, 0x0000, 0x0000, 0x0000, 0x0000, 0x0000,
    0x0000, 0x0000, 0x0000, 0x0000, 0x0000, 0x0000, 0x0000, 0x0000, 0x0000, 0x0000, 0x0000, 0x0000,
    0x0000, 0x0000, 0x0000, 0x0000, 0x0000, 0x0000, 0x0000, 0x0000, 0x0000, 0x0000, 0x0000, 0x0000,
    0x0000, 0x0000, 0x0000, 0x0000, 0x0000, 0x0000, 0x0000, 0x0000, 0x0000, 0x0000, 0x0000, 0x0000,
    0x0000, 0x0000, 0x0000, 0x0000, 0x0000, 0x0000, 0x0000, 0x0000, 0x0000, 0x0000, 0x0000, 0x0000,
    0x0000, 0x0000, 0x0000, 0x0000, 0x0000, 0x0000, 0x0000, 0x0000, 0x0000, 0x0000, 0x0000, 0x0000,
    0x0000, 0x0000, 0x0000, 0x0000, 0x0000, 0x0000, 0x0000, 0x0000, 0x0000, 0x0000, 0x0000, 0x0000,
    0x0000, 0x0000, 0x0000, 0x0000, 0x0000, 0x0000, 0x0000, 0x0000, 0x0000, 0x0000, 0x0000, 0x7BEF,
    0xD6BA, 0xDEFB, 0xDEFB, 0xDEFB, 0xDEFB, 0xDEFB, 0xDEFB, 0xDEFB, 0xDEFB, 0xDEFB, 0xDEFB, 0xDEFB,
    0xDEFB, 0xDEFB, 0xDEFB, 0xDEFB, 0xDEFB, 0xDEFB, 0xDEFB, 0xDEFB, 0xDEFB, 0xDEFB, 0xDEFB, 0xDEFB,
    0xDEFB, 0xDEFB, 0xDEFB, 0xDEFB, 0xDEFB, 0xDEFB, 0xDEFB, 0xDEFB, 0xDEFB, 0xDEFB, 0xDEFB, 0xDEDB,
    0xDEDB, 0xDEDB, 0xDEFB, 0xDEFB, 0xDEFB, 0xDEFB, 0xDEFB, 0xDEFB, 0xDEFB, 0xDEFB, 0xDEDB, 0xDEDB,
    0xDEDB, 0xDEFB, 0xDEFB, 0xDEFB, 0xDEFB, 0xDEFB, 0xDEFB, 0xDEFB, 0xDEFB, 0xDEFB, 0xDEFB, 0xDEFB,
    0xDEFB, 0xDEFB, 0xDEFB, 0xDEFB, 0xDEFB, 0xDEFB, 0xDEFB, 0xDEFB, 0xDEFB, 0xDEFB, 0xDEFB, 0xDEFB,
    0xDEFB, 0xDEFB, 0xDEDB, 0xCE59, 0xA534, 0x6B6D, 0x0000, 0x0000, 0x0000, 0x0000, 0x0000, 0x0000,
    0x0000, 0x0000, 0x0000, 0x0000, 0x0000, 0x0000, 0x0000, 0x0000, 0x0000, 0x0000, 0x0000, 0x0000,
    0x0000, 0x0000, 0x73AE, 0xFFFF, 0xFFFF, 0xFFFF, 0xFFFF, 0xFFFF, 0xFFFF, 0xFFFF, 0xFFFF, 0xFFFF,
    0xFFFF, 0xFFFF, 0xFFFF, 0xFFFF, 0xFFFF, 0xFFFF, 0xFFFF, 0xFFFF, 0xFFFF, 0xFFFF, 0xFFFF, 0xFFFF,
    0xFFFF, 0xFFFF, 0xFFFF, 0xFFFF, 0xFFFF, 0xFFFF, 0xFFFF, 0xFFFF, 0xFFFF, 0xFFFF, 0xFFFF, 0xFFFF,
    0xFFFF, 0xFFFF, 0xFFFF, 0xFFFF, 0xFFFF, 0xFFFF, 0xFFFF, 0xFFFF, 0xFFFF, 0xFFFF, 0xFFFF, 0xFFFF,
    0xFFFF, 0xFFFF, 0xFFFF, 0xFFFF, 0xFFFF, 0xFFFF, 0xFFFF, 0xFFFF, 0xFFFF, 0xFFFF, 0xFFFF, 0xFFFF,
    0xFFFF, 0xFFFF, 0xFFFF, 0xFFFF, 0xFFFF, 0xFFFF, 0xFFFF, 0xFFFF, 0xFFFF, 0xFFFF, 0xFFFF, 0xFFFF,
    0xFFFF, 0xFFFF, 0xFFFF, 0xFFFF, 0xFFFF, 0xFFFF, 0xFFFF, 0xFFFF, 0xFFFF, 0xFFFF, 0xFFDF, 0xB596,
    0x39E7, 0x0000, 0x0000, 0x0000, 0x0000, 0x0000, 0x0000, 0x0000, 0x0000, 0x0000, 0x0000, 0x0000,
    0x0000, 0x0000, 0x0000, 0x0000, 0x0000, 0x0000, 0xCE59, 0xFFDF, 0xFFDF, 0xFFFF, 0xFFFF, 0xFFFF,
    0xFFFF, 0xFFFF, 0xFFFF, 0xFFFF, 0xFFFF, 0xFFFF, 0xFFFF, 0xFFFF, 0xFFFF, 0xFFFF, 0xFFFF, 0xFFFF,
    0xFFFF, 0xFFFF, 0xFFFF, 0xFFFF, 0xFFFF, 0xFFFF, 0xFFFF, 0xFFFF, 0xFFFF, 0xFFFF, 0xFFFF, 0xFFFF,
    0xFFFF, 0xFFFF, 0xFFFF, 0xFFFF, 0xFFFF, 0xFFFF, 0xFFFF, 0xFFFF, 0xFFFF, 0xFFFF, 0xFFFF, 0xFFFF,
    0xFFFF, 0xFFFF, 0xFFFF, 0xFFFF, 0xFFFF, 0xFFFF, 0xFFDF, 0xFFDF, 0xFFFF, 0xFFFF, 0xFFFF, 0xFFFF,
    0xFFFF, 0xFFFF, 0xFFFF, 0xFFFF, 0xFFFF, 0xFFFF, 0xFFFF, 0xFFFF, 0xFFFF, 0xFFFF, 0xFFFF, 0xFFFF,
    0xFFFF, 0xFFFF, 0xFFFF, 0xFFFF, 0xFFFF, 0xFFFF, 0xFFFF, 0xFFFF, 0xFFFF, 0xFFFF, 0xFFFF, 0xFFFF,
    0xFFDF, 0xFFDF, 0xFFFF, 0xFFFF, 0xFFFF, 0x94B2, 0x0000, 0x0000, 0x0000, 0x0000, 0x0000, 0x0000,
    0x0000, 0x0000, 0x0000, 0x0000, 0x0000, 0x0000, 0x0000, 0x0000, 0x0000, 0x0000, 0xB5B6, 0xFFFF,
    0xFFDE, 0xFFDF, 0xFFDF, 0xFFDF, 0xFFDF, 0xFFDF, 0xFFDF, 0xFFDF, 0xFFDF, 0xFFDF, 0xFFDF, 0xFFDF,
    0xFFDF, 0xFFDF, 0xFFDF, 0xFFDF, 0xFFDF, 0xFFDF, 0xFFDF, 0xFFDF, 0xFFDF, 0xFFDF, 0xFFDF, 0xFFDF,
    0xFFDF, 0xFFDF, 0xFFDF, 0xFFDF, 0xFFDF, 0xFFDF, 0xFFDF, 0xFFDF, 0xFFDF, 0xFFDF, 0xFFDF, 0xFFDF,
    0xFFDF, 0xFFDF, 0xFFDF, 0xFFDF, 0xFFDF, 0xFFDF, 0xFFDF, 0xFFDF, 0xFFDF, 0xFFDF, 0xFFDF, 0xFFDF,
    0xFFDF, 0xFFDF, 0xFFDF, 0xFFDF, 0xFFDF, 0xFFDF, 0xFFDF, 0xFFDF, 0xFFDF, 0xFFDF, 0xFFDF, 0xFFDF,
    0xFFDF, 0xFFDF, 0xFFDF, 0xFFDF, 0xFFDF, 0xFFDF, 0xFFDF, 0xFFDF, 0xFFDF, 0xFFDF, 0xFFDF, 0xFFDF,
    0xFFDF, 0xFFDF, 0xFFDF, 0xFFDF, 0xFFFF, 0xFFFF, 0xFFFF, 0xFFFF, 0xFFFF, 0xFFFF, 0xCE59, 0x0000,
    0x0000, 0x0000, 0x0000, 0x0000, 0x0000, 0x0000, 0x0000, 0x0000, 0x0000, 0x0000, 0x0000, 0x0000,
    0x0000, 0x0000, 0x31A6, 0xEF7D, 0xFFFF, 0xFFFF, 0xFFFF, 0xFFFF, 0xFFFF, 0xFFFF, 0xFFFF, 0xFFFF,
    0xFFFF, 0xFFFF, 0xFFFF, 0xFFFF, 0xFFFF, 0xFFFF, 0xFFFF, 0xFFFF, 0xFFFF, 0xFFFF, 0xFFFF, 0xFFFF,
    0xFFFF, 0xFFFF, 0xFFFF, 0xFFFF, 0xFFFF, 0xFFFF, 0xFFFF, 0xFFFF, 0xFFFF, 0xFFFF, 0xFFFF, 0xFFFF,
    0xFFFF, 0xFFFF, 0xFFFF, 0xFFFF, 0xFFFF, 0xFFFF, 0xFFFF, 0xFFFF, 0xFFFF, 0xFFFF, 0xFFFF, 0xFFFF,
    0xFFFF, 0xFFFF, 0xFFFF, 0xFFFF, 0xFFFF, 0xFFFF, 0xFFFF, 0xFFFF, 0xFFFF, 0xFFFF, 0xFFFF, 0xFFFF,
    0xFFFF, 0xFFFF, 0xFFFF, 0xFFFF, 0xFFFF, 0xFFFF, 0xFFFF, 0xFFFF, 0xFFFF, 0xFFFF, 0xFFFF, 0xFFFF,
    0xFFFF, 0xFFFF, 0xFFFF, 0xFFFF, 0xFFFF, 0xFFFF, 0xFFFF, 0xFFFF, 0xFFFF, 0xFFFF, 0xFFFF, 0xFFFF,
    0xFFFF, 0xFFDF, 0xFFFF, 0xDEFB, 0x0000, 0x0000, 0x0000, 0x0000, 0x0000, 0x0000, 0x0000, 0x0000,
    0x0000, 0x0000, 0x0000, 0x0000, 0x0000, 0x0000, 0x0000, 0x0000, 0x6B4C, 0x738E, 0x738D, 0x738D,
    0x738D, 0x738D, 0x738D, 0x738D, 0x738D, 0x738D, 0x738D, 0x738D, 0x738D, 0x738D, 0x738D, 0x738D,
    0x738D, 0x6B8D, 0x738D, 0x738D, 0x6B8D, 0x6B8D, 0x738D, 0x738D, 0x6B8D, 0x738D, 0x738D, 0x738D,
    0x6B8D, 0x6B6D, 0x6B8D, 0x6B6D, 0x6B6D, 0x6B8D, 0x6B8D, 0x6B8D, 0x6B6D, 0x738D, 0x738D, 0x738D,
    0x738D, 0x738D, 0x738D, 0x6B8D, 0x6B8D, 0x738D, 0x738D, 0x738D, 0x738D, 0x738E, 0x738D, 0x738D,
    0x738D, 0x738D, 0x738D, 0x738D, 0x738D, 0x738D, 0x738D, 0x738D, 0x738D, 0x738D, 0x738D, 0x738D,
    0x738D, 0x738D, 0x738D, 0x738D, 0x738D, 0x738D, 0x6B8D, 0x738D, 0x738D, 0x738E, 0x73AE, 0x9492,
    0xCE58, 0xFFFF, 0xFFFF, 0xFFFF, 0xFFFF, 0xFFFF, 0xFFDF, 0xFFFF, 0xCE79, 0x0000, 0x0000, 0x0000,
    0x0000, 0x0000, 0x0000, 0x0000, 0x0000, 0x0000, 0x0000, 0x0000, 0x0000, 0x0000, 0x0000, 0x0000,
    0x0000, 0x0000, 0x0000, 0x0000, 0x0000, 0x0000, 0x0000, 0x0000, 0x0000, 0x0000, 0x0000, 0x0000,
    0x0000, 0x0000, 0x0000, 0x0000, 0x0000, 0x0000, 0x0000, 0x0000, 0x0000, 0x0000, 0x0000, 0x0000,
    0x0000, 0x0000, 0x0000, 0x0000, 0x0000, 0x0000, 0x0000, 0x0000, 0x0000, 0x0000, 0x0000, 0x0000,
    0x0000, 0x0000, 0x0000, 0x0000, 0x0000, 0x0000, 0x0000, 0x0000, 0x0000, 0x0000, 0x0000, 0x0000,
    0x0000, 0x0000, 0x0000, 0x0000, 0x0000, 0x0000, 0x0000, 0x0000, 0x0000, 0x0000, 0x0000, 0x0000,
    0x0000, 0x0000, 0x0000, 0x0000, 0x0000, 0x0000, 0x0000, 0x0000, 0x0000, 0x0000, 0x0000, 0x0000,
    0x0000, 0x0000, 0x0000, 0x0000, 0x0000, 0x31A6, 0xB596, 0xFFFF, 0xFFFF, 0xFFFF, 0xFFFF, 0xFFDF,
    0xFFFF, 0x8C71, 0x0000, 0x0000, 0x0000, 0x0000, 0x0000, 0x0000, 0x0000, 0x0000, 0x0000, 0x0000,
    0x0000, 0x0000, 0x0000, 0x0000, 0x0000, 0x0000, 0x0000, 0x0000, 0x0000, 0x0000, 0x0000, 0x0000,
    0x0000, 0x0000, 0x0000, 0x0000, 0x0000, 0x0000, 0x0000, 0x0000, 0x0000, 0x0000, 0x0000, 0x0000,
    0x0000, 0x0000, 0x0000, 0x0000, 0x0000, 0x0000, 0x0000, 0x0000, 0x0000, 0x0000, 0x0000, 0x0000,
    0x0000, 0x0000, 0x0000, 0x0000, 0x0000, 0x0000, 0x0000, 0x0000, 0x0000, 0x0000, 0x0000, 0x0000,
    0x0000, 0x0000, 0x0000, 0x0000, 0x0000, 0x0000, 0x0000, 0x0000, 0x0000, 0x0000, 0x0000, 0x0000,
    0x0000, 0x0000, 0x0000, 0x0000, 0x0000, 0x0000, 0x0000, 0x0000, 0x0000, 0x0000, 0x0000, 0x0000,
    0x0000, 0x0000, 0x0000, 0x0000, 0x0000, 0x0000, 0x0000, 0x0000, 0x0000, 0x0000, 0x0000, 0x73AE,
    0xFFFF, 0xFFFF, 0xFFFF, 0xFFFF, 0xFFFF, 0xFFFF, 0x0000, 0x0000, 0x0000, 0x0000, 0x0000, 0x0000,
    0x0000, 0x0000, 0x0000, 0x0000, 0x0000, 0x0000, 0x0000, 0x0000, 0x0000, 0x0000, 0x0000, 0x0000,
    0x0000, 0x0000, 0x0000, 0x0000, 0x0000, 0x0000, 0x0000, 0x0000, 0x0000, 0x0000, 0x0000, 0x0000,
    0x0000, 0x0000, 0x0000, 0x0000, 0x0000, 0x0000, 0x0000, 0x0000, 0x0000, 0x0000, 0x0000, 0x0000,
    0x0000, 0x0000, 0x0000, 0x0000, 0x0000, 0x0000, 0x0000, 0x0000, 0x0000, 0x0000, 0x0000, 0x0000,
    0x0000, 0x0000, 0x0000, 0x0000, 0x0000, 0x0000, 0x0000, 0x0000, 0x0000, 0x0000, 0x0000, 0x0000,
    0x0000, 0x0000, 0x0000, 0x0000, 0x0000, 0x0000, 0x0000, 0x0000, 0x0000, 0x0000, 0x0000, 0x0000,
    0x0000, 0x0000, 0x0000, 0x0000, 0x0000, 0x0000, 0x0000, 0x0000, 0x0000, 0x0000, 0x0000, 0x0000,
    0x0000, 0x0000, 0x0000, 0x0000, 0x7BCF, 0xFFFF, 0xFFFF, 0xFFFF, 0xFFDF, 0xFFFF, 0xA534, 0x0000,
    0x0000, 0x0000, 0x0000, 0x0000, 0x0000, 0x0000, 0x0000, 0x0000, 0x0000, 0x0000, 0x0000, 0x0000,
    0x0000, 0x0000, 0x0000, 0x0000, 0x0000, 0x0000, 0x0000, 0x0000, 0x0000, 0x0000, 0x0000, 0x0000,
    0x0000, 0x0000, 0x0000, 0x0000, 0x0000, 0x0000, 0x0000, 0x0000, 0x0000, 0x0000, 0x0000, 0x0000,
    0x0000, 0x0000, 0x0000, 0x0000, 0x0000, 0x0000, 0x0000, 0x0000, 0x0000, 0x0000, 0x0000, 0x0000,
    0x0000, 0x0000, 0x0000, 0x0000, 0x0000, 0x0000, 0x0000, 0x0000, 0x0000, 0x0000, 0x0000, 0x0000,
    0x0000, 0x0000, 0x0000, 0x0000, 0x0000, 0x0000, 0x0000, 0x0000, 0x0000, 0x0000, 0x0000, 0x0000,
    0x0000, 0x0000, 0x0000, 0x0000, 0x0000, 0x0000, 0x0000, 0x0000, 0x0000, 0x0000, 0x0000, 0x0000,
    0x0000, 0x0000, 0x0000, 0x0000, 0x0000, 0x0000, 0x0000, 0x0000, 0x0000, 0xBDF7, 0xFFFF, 0xFFDF,
    0xFFFF, 0xFFFF, 0xF79D, 0x0000, 0x0000, 0x0000, 0x0000, 0x0000, 0x0000, 0x0000, 0x0000, 0x0000,
    0x0000, 0x0000, 0x0000, 0x0000, 0x0000, 0x0000, 0x0000, 0x0000, 0x0000, 0x0000, 0x0000, 0x0000,
    0x0000, 0x0000, 0x0000, 0x0000, 0x0000, 0x0000, 0x0000, 0x0000, 0x0000, 0x0000, 0x0000, 0x0000,
    0x0000, 0x0000, 0x0000, 0x0000, 0x0000, 0x0000, 0x0000, 0x0000, 0x0000, 0x0000, 0x0000, 0x0000,
    0x0000, 0x0000, 0x0000, 0x0000, 0x0000, 0x0000, 0x0000, 0x0000, 0x0000, 0x0000, 0x0000, 0x0000,
    0x0000, 0x0000, 0x0000, 0x0000, 0x0000, 0x0000, 0x0000, 0x0000, 0x0000, 0x0000, 0x0000, 0x0000,
    0x0000, 0x0000, 0x0000, 0x0000, 0x0000, 0x0000, 0x0000, 0x0000, 0x0000, 0x0000, 0x0000, 0x0000,
    0x0000, 0x0000, 0x0000, 0x0000, 0x0000, 0x0000, 0x0000, 0x0000, 0x0000, 0x0000, 0x0000, 0x0000,
    0x0000, 0x39E7, 0xFFFF, 0xFFFF, 0xFFFF, 0xFFFF, 0xFFFF, 0x52AA, 0x0000, 0x0000, 0x0000, 0x0000,
    0x0000, 0x0000, 0x0000, 0x0000, 0x0000, 0x0000, 0x0000, 0x0000, 0x0000, 0x0000, 0x0000, 0x0000,
    0x0000, 0x0000, 0x0000, 0x0000, 0x0000, 0x0000, 0x0000, 0x0000, 0x0000, 0x0000, 0x0000, 0x0000,
    0x0000, 0x0000, 0x0000, 0x0000, 0x0000, 0x0000, 0x0000, 0x0000, 0x0000, 0x0000, 0x0000, 0x0000,
    0x0000, 0x0000, 0x0000, 0x0000, 0x0000, 0x0000, 0x0000, 0x0000, 0x0000, 0x0000, 0x0000, 0x0000,
    0x0000, 0x0000, 0x0000, 0x0000, 0x0000, 0x0000, 0x0000, 0x0000, 0x0000, 0x0000, 0x0000, 0x0000,
    0x0000, 0x0000, 0x0000, 0x0000, 0x0000, 0x0000, 0x0000, 0x0000, 0x0000, 0x0000, 0x0000, 0x0000,
    0x0000, 0x0000, 0x0000, 0x0000, 0x0000, 0x0000, 0x0000, 0x0000, 0x0000, 0x0000, 0x0000, 0x0000,
    0x0000, 0x0000, 0x0000, 0x0000, 0x0000, 0x0000, 0xD6BA, 0xFFFF, 0xFFFF, 0xFFDF, 0xFFFF, 0x8C71,
    0x0000, 0x0000, 0x0000, 0x0000, 0x0000, 0x0000, 0x0000, 0x0000, 0x0000, 0x0000, 0x0000, 0xB596,
    0xFFDF, 0xFFFF, 0xFFFF, 0xFFFF, 0xFFFF, 0xFFFF, 0xFFFF, 0xFFFF, 0xFFFF, 0xFFFF, 0xFFFF, 0xFFFF,
    0xFFFF, 0xFFFF, 0xFFFF, 0xFFFF, 0xFFFF, 0xFFFF, 0xFFFF, 0xFFFF, 0xFFFF, 0xFFFF, 0xFFFF, 0xFFFF,
    0xFFFF, 0xFFFF, 0xFFFF, 0xFFFF, 0xFFFF, 0xFFFF, 0xFFFF, 0xFFFF, 0xFFFF, 0xFFDF, 0xE71C, 0xAD75,
    0x52AA, 0x0000, 0x0000, 0x0000, 0x0000, 0x0000, 0x0000, 0x0000, 0x0000, 0x0000, 0x0000, 0x0000,
    0x0000, 0x0000, 0x0000, 0x0000, 0x0000, 0x0000, 0x0000, 0x0000, 0x0000, 0x0000, 0x0000, 0x0000,
    0x0000, 0x0000, 0x0000, 0x0000, 0x0000, 0x0000, 0x0000, 0x0000, 0x0000, 0x0000, 0x0000, 0x0000,
    0x0000, 0x0000, 0x0000, 0x0000, 0x0000, 0x0000, 0x0000, 0x0000, 0x0000, 0x0000, 0xA514, 0xFFFF,
    0xFFDF, 0xFFDF, 0xFFFF, 0xAD55, 0x0000, 0x0000, 0x0000, 0x0000, 0x0000, 0x0000, 0x0000, 0x0000,
    0x0000, 0x0000, 0x9492, 0xFFFF, 0xFFFF, 0xFFFF, 0xFFFF, 0xFFFF, 0xFFFF, 0xFFFF, 0xFFFF, 0xFFFF,
    0xFFFF, 0xFFFF, 0xFFFF, 0xFFFF, 0xFFFF, 0xFFFF, 0xFFFF, 0xFFFF, 0xFFFF, 0xFFFF, 0xFFFF, 0xFFFF,
    0xFFFF, 0xFFFF, 0xFFFF, 0xFFFF, 0xFFFF, 0xFFFF, 0xFFFF, 0xFFFF, 0xFFFF, 0xFFFF, 0xFFFF, 0xFFFF,
    0xFFFF, 0xFFFF, 0xFFFF, 0xFFFF, 0xFFFF, 0xCE79, 0x39E7, 0x0000, 0x0000, 0x0000, 0x0000, 0x0000,
    0x0000, 0x0000, 0x0000, 0x0000, 0x0000, 0x0000, 0x0000, 0x0000, 0x0000, 0x0000, 0x0000, 0x0000,
    0x0000, 0x0000, 0x0000, 0x0000, 0x0000, 0x0000, 0x0000, 0x0000, 0x0000, 0x0000, 0x0000, 0x0000,
    0x0000, 0x0000, 0x0000, 0x0000, 0x0000, 0x0000, 0x0000, 0x0000, 0x0000, 0x0000, 0x0000, 0x0000,
    0x0000, 0x0000, 0x8C71, 0xFFFF, 0xFFDF, 0xFFDF, 0xFFFF, 0xBDD7, 0x0000, 0x0000, 0x0000, 0x0000,
    0x0000, 0x0000, 0x0000, 0x0000, 0x0000, 0x0000, 0xD69A, 0xFFDF, 0xFFDF, 0xFFFF, 0xFFFF, 0xFFFF,
    0xFFFF, 0xFFFF, 0xFFFF, 0xFFFF, 0xFFFF, 0xFFFF, 0xFFFF, 0xFFFF, 0xFFFF, 0xFFFF, 0xFFFF, 0xFFFF,
    0xFFFF, 0xFFFF, 0xFFFF, 0xFFFF, 0xFFFF, 0xFFFF, 0xFFFF, 0xFFFF, 0xFFFF, 0xFFFF, 0xFFFF, 0xFFFF,
    0xFFFF, 0xFFFF, 0xFFFF, 0xFFFF, 0xFFFF, 0xFFFF, 0xFFFF, 0xFFFF, 0xFFDF, 0xFFFF, 0xFFFF, 0x632C,
    0x0000, 0x0000, 0x0000, 0x0000, 0x0000, 0x0000, 0x0000, 0x0000, 0x0000, 0x0000, 0x0000, 0x0000,
    0x0000, 0x0000, 0x0000, 0x0000, 0x0000, 0x0000, 0x0000, 0x0000, 0x0000, 0x0000, 0x0000, 0x0000,
    0x0000, 0x0000, 0x0000, 0x0000, 0x0000, 0x0000, 0x0000, 0x0000, 0x0000, 0x0000, 0x0000, 0x0000,
    0x0000, 0x0000, 0x0000, 0x0000, 0x0000, 0x0000, 0x9492, 0xFFFF, 0xFFDF, 0xFFDF, 0xFFFF, 0xBDD7,
    0x0000, 0x0000, 0x0000, 0x0000, 0x0000, 0x0000, 0x0000, 0x0000, 0x0000, 0x0000, 0xA534, 0xFFFF,
    0xFFDF, 0xFFFF, 0xFFFF, 0xFFFF, 0xFFFF, 0xFFFF, 0xFFFF, 0xFFFF, 0xFFFF, 0xFFFF, 0xFFFF, 0xFFFF,
    0xFFFF, 0xFFFF, 0xFFFF, 0xFFFF, 0xFFFF, 0xFFFF, 0xFFFF, 0xFFDF, 0xFFFF, 0xFFFF, 0xFFFF, 0xFFFF,
    0xFFFF, 0xFFFF, 0xFFFF, 0xFFFF, 0xFFFF, 0xFFFF, 0xFFFF, 0xFFFF, 0xFFFF, 0xFFFF, 0xFFDF, 0xFFFF,
    0xFFFF, 0xFFFF, 0xFFFF, 0xFFFF, 0x52AA, 0x0000, 0x0000, 0x0000, 0x0000, 0x0000, 0x0000, 0x0000,
    0x0000, 0x0000, 0x0000, 0x0000, 0x0000, 0x0000, 0x0000, 0x0000, 0x0000, 0x0000, 0x0000, 0x0000,
    0x0000, 0x0000, 0x0000, 0x9CD3, 0xD6BA, 0xAD75, 0x0000, 0x0000, 0x0000, 0x0000, 0x0000, 0x0000,
    0x0000, 0x0000, 0x0000, 0x0000, 0x0000, 0x0000, 0x0000, 0x0000, 0x0000, 0x0000, 0xB5B6, 0xFFFF,
    0xFFFF, 0xFFDF, 0xFFFF, 0xA534, 0x0000, 0x0000, 0x0000, 0x0000, 0x0000, 0x0000, 0x0000, 0x0000,
    0x0000, 0x0000, 0x0000, 0xCE79, 0xFFFF, 0xFFFF, 0xFFFF, 0xFFFF, 0xFFFF, 0xFFFF, 0xFFFF, 0xFFFF,
    0xFFFF, 0xFFFF, 0xFFFF, 0xFFFF, 0xFFFF, 0xFFFF, 0xFFFF, 0xFFFF, 0xFFFF, 0xFFFF, 0xFFFF, 0xFFFF,
    0xFFFF, 0xFFFF, 0xFFFF, 0xFFFF, 0xFFFF, 0xFFFF, 0xFFFF, 0xFFFF, 0xFFFF, 0xFFFF, 0xFFFF, 0xFFFF,
    0xFFFF, 0xFFFF, 0xFFFF, 0xFFFF, 0xFFFF, 0xFFFF, 0xFFFF, 0xFFFF, 0xF79E, 0x0000, 0x0000, 0x0000,
    0x0000, 0x0000, 0x0000, 0x0000, 0x0000, 0x0000, 0x0000, 0x0000, 0x0000, 0x0000, 0x0000, 0x0000,
    0x0000, 0x0000, 0x0000, 0x0000, 0x0000, 0x0000, 0xAD55, 0xFFFF, 0xFFFF, 0xFFFF, 0xCE58, 0x0000,
    0x0000, 0x0000, 0x0000, 0x0000, 0x0000, 0x0000, 0x0000, 0x0000, 0x0000, 0x0000, 0x0000, 0x0000,
    0x0000, 0x0000, 0xEF7D, 0xFFFF, 0xFFFF, 0xFFDF, 0xFFFF, 0x7BEF, 0x0000, 0x0000, 0x0000, 0x0000,
    0x0000, 0x0000, 0x0000, 0x0000, 0x0000, 0x0000, 0x0000, 0x0000, 0x39E7, 0x4208, 0x4208, 0x4208,
    0x4208, 0x4208, 0x4208, 0x4228, 0x4228, 0x4228, 0x4208, 0x4208, 0x4228, 0x4208, 0x4208, 0x4228,
    0x4208, 0x4228, 0x4228, 0x4228, 0x4228, 0x4228, 0x4228, 0x4228, 0x4208, 0x4207, 0x4207, 0x4208,
    0x4208, 0x4208, 0x4207, 0x4208, 0x4208, 0x528A, 0x94B2, 0xF7BE, 0xFFFF, 0xFFFF, 0xFFFF, 0xFFDF,
    0xFFFF, 0xAD54, 0x0000, 0x0000, 0x0000, 0x0000, 0x0000, 0x0000, 0x0000, 0x0000, 0x0000, 0x0000,
    0x0000, 0x0000, 0x0000, 0x0000, 0x0000, 0x0000, 0x0000, 0x0000, 0x0000, 0x0000, 0xF79D, 0xFFFF,
    0xFFFF, 0xFFDF, 0xFFFF, 0x5ACA, 0x0000, 0x0000, 0x0000, 0x0000, 0x0000, 0x0000, 0x0000, 0x0000,
    0x0000, 0x0000, 0x0000, 0x0000, 0x0000, 0x6B6D, 0xFFFF, 0xFFFF, 0xFFFF, 0xFFFF, 0xFFFF, 0x4228,
    0x0000, 0x0000, 0x0000, 0x0000, 0x0000, 0x0000, 0x0000, 0x0000, 0x0000, 0x0000, 0x0000, 0x0000,
    0x0000, 0x0000, 0x0000, 0x0000, 0x0000, 0x0000, 0x0000, 0x0000, 0x0000, 0x0000, 0x0000, 0x0000,
    0x0000, 0x0000, 0x0000, 0x0000, 0x0000, 0x0000, 0x0000, 0x0000, 0x0000, 0x0000, 0x0000, 0x0000,
    0x0000, 0x0000, 0x0000, 0x0000, 0x0000, 0x0000, 0x0000, 0x0000, 0x0000, 0x0000, 0x0000, 0x31A6,
    0xE71C, 0xFFFF, 0xFFFF, 0xFFFF, 0xFFFF, 0xFFDF, 0x0000, 0x0000, 0x0000, 0x0000, 0x0000, 0x0000,
    0x0000, 0x0000, 0x0000, 0x0000, 0x0000, 0x0000, 0x0000, 0x0000, 0x0000, 0x0000, 0x0000, 0x0000,
    0x0000, 0x0000, 0xDEFB, 0xFFFF, 0xFFFF, 0xFFFF, 0xFFFF, 0xE73C, 0x0000, 0x0000, 0x0000, 0x0000,
    0x0000, 0x0000, 0x0000, 0x0000, 0x0000, 0x0000, 0x0000, 0x0000, 0x0000, 0xEF5D, 0xFFFF, 0xFFFF,
    0xFFFF, 0xFFFF, 0xE73C, 0x0000, 0x0000, 0x0000, 0x0000, 0x0000, 0x0000, 0x0000, 0x0000, 0x0000,
    0x0000, 0x0000, 0x0000, 0x0000, 0x0000, 0x0000, 0x0000, 0x0000, 0x0000, 0x0000, 0x0000, 0x0000,
    0x0000, 0x0000, 0x0000, 0x0000, 0x0000, 0x0000, 0x0000, 0x0000, 0x0000, 0x0000, 0x0000, 0x0000,
    0x0000, 0x0000, 0x0000, 0x0000, 0x0000, 0x0000, 0x0000, 0x0000, 0x0000, 0x0000, 0x0000, 0x0000,
    0x0000, 0x0000, 0x0000, 0x0000, 0x39C7, 0xFFDF, 0xFFFF, 0xFFFF, 0xFFDF, 0xFFFF, 0x73AE, 0x0000,
    0x0000, 0x0000, 0x0000, 0x0000, 0x0000, 0x0000, 0x0000, 0x0000, 0x0000, 0x0000, 0x0000, 0x0000,
    0x0000, 0x0000, 0x0000, 0x0000, 0x0000, 0x0000, 0x8C71, 0xFFFF, 0xFFDF, 0xFFFF, 0xFFFF, 0xFFFF,
    0xC638, 0x0000, 0x0000, 0x0000, 0x0000, 0x0000, 0x0000, 0x0000, 0x0000, 0x0000, 0x0000, 0x0000,
    0xC618, 0xFFFF, 0xFFFF, 0xFFFF, 0xFFDF, 0xFFFF, 0x8C51, 0x0000, 0x0000, 0x0000, 0x0000, 0x0000,
    0x0000, 0x0000, 0x0000, 0x0000, 0x0000, 0x0000, 0x0000, 0x0000, 0x0000, 0x0000, 0x0000, 0x0000,
    0x0000, 0x0000, 0x0000, 0x0000, 0x0000, 0x0000, 0x0000, 0x0000, 0x0000, 0x0000, 0x0000, 0x0000,
    0x0000, 0x0000, 0x0000, 0x0000, 0x0000, 0x0000, 0x0000, 0x0000, 0x0000, 0x0000, 0x0000, 0x0000,
    0x0000, 0x0000, 0x0000, 0x0000, 0x0000, 0x0000, 0x0000, 0x0000, 0x0000, 0xB5B6, 0xFFFF, 0xFFFF,
    0xFFDF, 0xFFFF, 0xAD75, 0x0000, 0x0000, 0x0000, 0x0000, 0x0000, 0x0000, 0x0000, 0x0000, 0x0000,
    0x0000, 0x0000, 0x0000, 0x0000, 0x0000, 0x0000, 0x0000, 0x0000, 0x0000, 0x0000, 0x0000, 0xF79D,
    0xFFFF, 0xFFFF, 0xFFFF, 0xFFFF, 0xFFFF, 0xD69A, 0x39C7, 0x0000, 0x0000, 0x0000, 0x0000, 0x0000,
    0x0000, 0x0000, 0x0000, 0xCE59, 0xFFFF, 0xFFFF, 0xFFFF, 0xFFFF, 0xFFFF, 0xF79E, 0x0000, 0x0000,
    0x0000, 0x0000, 0x0000, 0x0000, 0x0000, 0x0000, 0x0000, 0x0000, 0x0000, 0x0000, 0x0000, 0x0000,
    0x0000, 0x0000, 0x0000, 0x0000, 0x0000, 0x0000, 0x0000, 0x0000, 0x0000, 0x0000, 0x0000, 0x0000,
    0x0000, 0x0000, 0x0000, 0x0000, 0x0000, 0x0000, 0x0000, 0x0000, 0x0000, 0x0000, 0x0000, 0x0000,
    0x0000, 0x0000, 0x0000, 0x0000, 0x0000, 0x0000, 0x0000, 0x0000, 0x0000, 0x0000, 0x0000, 0x0000,
    0x0000, 0x7BEF, 0xFFFF, 0xFFDF, 0xFFFF, 0xFFFF, 0xC658, 0x0000, 0x0000, 0x0000, 0x0000, 0x0000,
    0x0000, 0x0000, 0x0000, 0x0000, 0x0000, 0x0000, 0x0000, 0x0000, 0x0000, 0x0000, 0x0000, 0x0000,
    0x0000, 0x0000, 0x0000, 0x6B4C, 0xFFFF, 0xFFDF, 0xFFFF, 0xFFFF, 0xFFFF, 0xFFFF, 0xFFFF, 0xA534,
    0x528A, 0x0000, 0x0000, 0x0000, 0x4A49, 0x9CF3, 0xFFDE, 0xFFFF, 0xFFDF, 0xFFFF, 0xFFFF, 0xFFDF,
    0xFFFF, 0x738D, 0x0000, 0x0000, 0x0000, 0x0000, 0x0000, 0x0000, 0x0000, 0x0000, 0x0000, 0x0000,
    0x0000, 0x0000, 0x0000, 0x0000, 0x0000, 0x0000, 0x0000, 0x0000, 0x0000, 0x0000, 0x0000, 0x0000,
    0x0000, 0x0000, 0x0000, 0x0000, 0x0000, 0x0000, 0x0000, 0x0000, 0x0000, 0x0000, 0x0000, 0x0000,
    0x0000, 0x0000, 0x0000, 0x0000, 0x0000, 0x0000, 0x0000, 0x0000, 0x0000, 0x0000, 0x0000, 0x0000,
    0x0000, 0x0000, 0x0000, 0x0000, 0x0000, 0x7BEF, 0xFFFF, 0xFFDF, 0xFFFF, 0xFFFF, 0xCE59, 0x0000,
    0x0000, 0x0000, 0x0000, 0x0000, 0x0000, 0x0000, 0x0000, 0x0000, 0x0000, 0x0000, 0x0000, 0x0000,
    0x0000, 0x0000, 0x0000, 0x0000, 0x0000, 0x0000, 0x0000, 0x0000, 0xA514, 0xFFFF, 0xFFDF, 0xFFFF,
    0xFFFF, 0xFFFF, 0xFFFF, 0xFFFF, 0xFFFF, 0xF7DE, 0xEF7D, 0xF7BE, 0xFFFF, 0xFFFF, 0xFFFF, 0xFFFF,
    0xFFFF, 0xFFFF, 0xFFDF, 0xFFFF, 0xAD75, 0x0000, 0x0000, 0x0000, 0x0000, 0x0000, 0x0000, 0x0000,
    0x0000, 0x0000, 0x0000, 0x0000, 0x0000, 0x0000, 0x0000, 0x0000, 0x0000, 0x0000, 0x0000, 0x0000,
    0x0000, 0x0000, 0x0000, 0x0000, 0x0000, 0x0000, 0x0000, 0x0000, 0x0000, 0x0000, 0x0000, 0x0000,
    0x0000, 0x0000, 0x0000, 0x0000, 0x0000, 0x0000, 0x0000, 0x0000, 0x0000, 0x0000, 0x0000, 0x0000,
    0x0000, 0x0000, 0x0000, 0x0000, 0x0000, 0x0000, 0x0000, 0x0000, 0x0000, 0xB5B6, 0xFFFF, 0xFFFF,
    0xFFDF, 0xFFFF, 0xB5B6, 0x0000, 0x0000, 0x0000, 0x0000, 0x0000, 0x0000, 0x0000, 0x0000, 0x0000,
    0x0000, 0x0000, 0x0000, 0x0000, 0x0000, 0x0000, 0x0000, 0x0000, 0x0000, 0x0000, 0x0000, 0x0000,
    0x0000, 0xAD75, 0xFFFF, 0xFFDF, 0xFFFF, 0xFFFF, 0xFFFF, 0xFFFF, 0xFFFF, 0xFFFF, 0xFFFF, 0xFFFF,
    0xFFFF, 0xFFDF, 0xFFFF, 0xFFFF, 0xFFFF, 0xFFDF, 0xFFFF, 0xBDF7, 0x0000, 0x0000, 0x0000, 0x0000,
    0x0000, 0x0000, 0x0000, 0x0000, 0x0000, 0x0000, 0x0000, 0x0000, 0x0000, 0x0000, 0x0000, 0x0000,
    0x0000, 0x0000, 0x0000, 0x0000, 0x0000, 0x0000, 0x0000, 0x0000, 0x0000, 0x0000, 0x0000, 0x0000,
    0x0000, 0x0000, 0x0000, 0x0000, 0x0000, 0x0000, 0x0000, 0x0000, 0x0000, 0x0000, 0x0000, 0x0000,
    0x0000, 0x0000, 0x0000, 0x0000, 0x0000, 0x0000, 0x0000, 0x0000, 0x0000, 0x0000, 0x0000, 0x0000,
    0x39E7, 0xFFDF, 0xFFFF, 0xFFFF, 0xFFDF, 0xFFFF, 0x8430, 0x0000, 0x0000, 0x0000, 0x0000, 0x0000,
    0x0000, 0x0000, 0x0000, 0x0000, 0x0000, 0x0000, 0x0000, 0x0000, 0x0000, 0x0000, 0x0000, 0x0000,
    0x0000, 0x0000, 0x0000, 0x0000, 0x0000, 0x0000, 0x9492, 0xFFFF, 0xFFFF, 0xFFDF, 0xFFFF, 0xFFFF,
    0xFFFF, 0xFFFF, 0xFFFF, 0xFFFF, 0xFFFF, 0xFFFF, 0xFFFF, 0xFFDF, 0xFFFF, 0xFFFF, 0xA534, 0x0000,
    0x0000, 0x0000, 0x0000, 0x0000, 0x0000, 0x0000, 0x0000, 0x0000, 0x0000, 0x0000, 0x0000, 0x0000,
    0x0000, 0x0000, 0x0000, 0x0000, 0x0000, 0x0000, 0x0000, 0x0000, 0x0000, 0x0000, 0x0000, 0x0000,
    0x0000, 0x0000, 0x0000, 0x0000, 0x0000, 0x0000, 0x0000, 0x0000, 0x0000, 0x0000, 0x9CD3, 0xE73C,
    0xEF5C, 0xAD55, 0x0000, 0x0000, 0x0000, 0x0000, 0x0000, 0x0000, 0x0000, 0x0000, 0x0000, 0x0000,
    0x0000, 0x0000, 0x0000, 0x0000, 0xE71C, 0xFFFF, 0xFFFF, 0xFFFF, 0xFFFF, 0xFFFF, 0x39E7, 0x0000,
    0x0000, 0x0000, 0x0000, 0x0000, 0x0000, 0x0000, 0x0000, 0x0000, 0x0000, 0x0000, 0x0000, 0x0000,
    0x0000, 0x0000, 0x0000, 0x0000, 0x0000, 0x0000, 0x0000, 0x0000, 0x0000, 0x0000, 0x0000, 0x528A,
    0xD69A, 0xFFFF, 0xFFFF, 0xFFFF, 0xFFFF, 0xFFDF, 0xFFDF, 0xFFDF, 0xFFFF, 0xFFFF, 0xFFFF, 0xFFFF,
    0xE71C, 0x632C, 0x0000, 0x0000, 0x0000, 0x0000, 0x0000, 0x0000, 0x0000, 0x0000, 0x0000, 0x0000,
    0x0000, 0x0000, 0x0000, 0x0000, 0x0000, 0x0000, 0x0000, 0x0000, 0x0000, 0x0000, 0x0000, 0x0000,
    0x0000, 0x0000, 0x0000, 0x0000, 0x0000, 0x0000, 0x0000, 0x0000, 0x0000, 0x0000, 0x0000, 0x0000,
    0x0000, 0xC617, 0xFFFF, 0xFFFF, 0xFFFF, 0xFFFF, 0xD6BA, 0x0000, 0x0000, 0x0000, 0x0000, 0x0000,
    0x0000, 0x0000, 0x0000, 0x0000, 0x0000, 0x39C7, 0x8410, 0xF79E, 0xFFFF, 0xFFFF, 0xFFFF, 0xFFFF,
    0xFFFF, 0xCE79, 0x0000, 0x0000, 0x0000, 0x0000, 0x0000, 0x0000, 0x0000, 0x0000, 0x0000, 0x0000,
    0x0000, 0x0000, 0x0000, 0x0000, 0x0000, 0x0000, 0x0000, 0x0000, 0x0000, 0x0000, 0x0000, 0x0000,
    0x0000, 0x0000, 0x0000, 0x0000, 0x0000, 0x5AEB, 0xBDD7, 0xF79E, 0xFFFF, 0xFFFF, 0xFFFF, 0xFFFF,
    0xFFFF, 0xFFDF, 0xC638, 0x6B6D, 0x0000, 0x0000, 0x0000, 0x0000, 0x0000, 0x0000, 0x0000, 0x0000,
    0x0000, 0x0000, 0x0000, 0x0000, 0x0000, 0x0000, 0x0000, 0x0000, 0x0000, 0x0000, 0x0000, 0x0000,
    0x0000, 0x0000, 0x0000, 0x0000, 0x0000, 0x0000, 0x0000, 0x0000, 0x0000, 0x0000, 0x0000, 0x0000,
    0x0000, 0x0000, 0x0000, 0x0000, 0x4A49, 0xFFFF, 0xFFDE, 0xFFFF, 0xFFFF, 0xFFDF, 0xFFFF, 0x6B4D,
    0x0000, 0x0000, 0x0000, 0x0000, 0x0000, 0x0000, 0x0000, 0x8C71, 0xF79E, 0xFFFF, 0xFFFF, 0xFFFF,
    0xFFFF, 0xFFFF, 0xFFFF, 0xFFDF, 0xFFFF, 0x4228, 0x0000, 0x0000, 0x0000, 0x0000, 0x0000, 0x0000,
    0x0000, 0x0000, 0x0000, 0x0000, 0x0000, 0x0000, 0x0000, 0x0000, 0x0000, 0x0000, 0x0000, 0x0000,
    0x0000, 0x0000, 0x0000, 0x0000, 0x0000, 0x0000, 0x0000, 0x0000, 0x0000, 0x0000, 0x0000, 0x0000,
    0x4208, 0x630C, 0x6B6D, 0x632C, 0x4A69, 0x0000, 0x0000, 0x0000, 0x0000, 0x0000, 0x0000, 0x0000,
    0x0000, 0x0000, 0x0000, 0x0000, 0x0000, 0x0000, 0x0000, 0x0000, 0x0000, 0x0000, 0x0000, 0x0000,
    0x0000, 0x0000, 0x0000, 0x0000, 0x0000, 0x0000, 0x0000, 0x0000, 0x0000, 0x0000, 0x0000, 0x0000,
    0x0000, 0x0000, 0x0000, 0x0000, 0x0000, 0x0000, 0x0000, 0x0000, 0x73AE, 0xFFFF, 0xFFDF, 0xFFFF,
    0xFFFF, 0xFFDF, 0xFFFF, 0x8C71, 0x0000, 0x0000, 0x0000, 0x0000, 0x0000, 0x0000, 0x528A, 0xFFFF,
    0xFFFF, 0xFFFF, 0xFFDF, 0xFFFF, 0xFFFF, 0xFFFF, 0xFFDF, 0xFFFF, 0x8C71, 0x0000, 0x0000, 0x0000,
    0x0000, 0x0000, 0x0000, 0x0000, 0x0000, 0x0000, 0x0000, 0x0000, 0x0000, 0x0000, 0x0000, 0x0000,
    0x0000, 0x0000, 0x0000, 0x0000, 0x0000, 0x0000, 0x0000, 0x0000, 0x0000, 0x0000, 0x0000, 0x0000,
    0x0000, 0x0000, 0x0000, 0x0000, 0x0000, 0x0000, 0x0000, 0x0000, 0x0000, 0x0000, 0x0000, 0x0000,
    0x0000, 0x0000, 0x0000, 0x0000, 0x0000, 0x0000, 0x0000, 0x0000, 0x0000, 0x0000, 0x0000, 0x0000,
    0x0000, 0x0000, 0x0000, 0x0000, 0x0000, 0x0000, 0x0000, 0x0000, 0x0000, 0x0000, 0x0000, 0x0000,
    0x0000, 0x0000, 0x0000, 0x0000, 0x0000, 0x0000, 0x0000, 0x0000, 0x0000, 0x0000, 0x0000, 0x0000,
    0x4A69, 0xFFFF, 0xFFDF, 0xFFFF, 0xFFFF, 0xFFDE, 0xFFFF, 0x632C, 0x0000, 0x0000, 0x0000, 0x0000,
    0x0000, 0x0000, 0x8430, 0xFFDF, 0xFFDF, 0xFFFF, 0xFFFF, 0xFFFF, 0xFFDF, 0xFFFF, 0xFFFF, 0x9CD3,
    0x0000, 0x0000, 0x0000, 0x0000, 0x0000, 0x0000, 0x0000, 0x0000, 0x0000, 0x0000, 0x0000, 0x0000,
    0x0000, 0x0000, 0x0000, 0x0000, 0x0000, 0x0000, 0x0000, 0x0000, 0x0000, 0x0000, 0x0000, 0x0000,
    0x0000, 0x0000, 0x0000, 0x0000, 0x0000, 0x0000, 0x0000, 0x0000, 0x0000, 0x0000, 0x0000, 0x0000,
    0x0000, 0x0000, 0x0000, 0x0000, 0x0000, 0x0000, 0x0000, 0x0000, 0x0000, 0x0000, 0x0000, 0x0000,
    0x0000, 0x0000, 0x0000, 0x0000, 0x0000, 0x0000, 0x0000, 0x0000, 0x0000, 0x0000, 0x0000, 0x0000,
    0x0000, 0x0000, 0x0000, 0x0000, 0x0000, 0x0000, 0x0000, 0x0000, 0x0000, 0x0000, 0x0000, 0x0000,
    0x0000, 0x0000, 0x0000, 0x0000, 0x0000, 0xC638, 0xFFFF, 0xFFFF, 0xFFFF, 0xFFFF, 0xDEDB, 0x0000,
    0x0000, 0x0000, 0x0000, 0x0000, 0x0000, 0x0000, 0x4A69, 0xFFFF, 0xFFFF, 0xFFFF, 0xFFFF, 0xFFFF,
    0xFFFF, 0xEF7D, 0x6B6D, 0x0000, 0x0000, 0x0000, 0x0000, 0x0000, 0x0000, 0x0000, 0x0000, 0x0000,
    0x0000, 0x0000, 0x0000, 0x0000, 0x0000, 0x0000, 0x0000, 0x0000, 0x0000, 0x0000, 0x0000, 0x0000,
    0x0000, 0x0000, 0x0000, 0x0000, 0x0000, 0x0000, 0x0000, 0x0000, 0x0000, 0x0000, 0x0000, 0x0000,
    0x0000, 0x0000, 0x0000, 0x0000, 0x0000, 0x0000, 0x0000, 0x0000, 0x0000, 0x0000, 0x0000, 0x0000,
    0x0000, 0x0000, 0x0000, 0x0000, 0x0000, 0x0000, 0x0000, 0x0000, 0x0000, 0x0000, 0x0000, 0x0000,
    0x0000, 0x0000, 0x0000, 0x0000, 0x0000, 0x0000, 0x0000, 0x0000, 0x0000, 0x0000, 0x0000, 0x0000,
    0x0000, 0x0000, 0x0000, 0x0000, 0x0000, 0x0000, 0x0000, 0x0000, 0x0000, 0x0000, 0xA534, 0xEF5D,
    0xF79E, 0xB5B6, 0x0000, 0x0000, 0x0000, 0x0000, 0x0000, 0x0000, 0x0000, 0x0000, 0x0000, 0x9492,
    0xFFDF, 0xFFFF, 0xF7BE, 0xCE79, 0x8410, 0x0000, 0x0000, 0x0000, 0x0000, 0x0000, 0x0000, 0x0000,
    0x0000, 0x0000, 0x0000, 0x0000, 0x0000, 0x0000, 0x0000, 0x0000, 0x0000, 0x0000, 0x0000, 0x0000,
    0x0000, 0x0000, 0x0000, 0x0000, 0x0000, 0x0000, 0x0000, 0x0000, 0x0000, 0x0000, 0x0000, 0x0000,
    0x0000, 0x0000, 0x0000, 0x0000, 0x0000, 0x0000, 0x0000, 0x0000, 0x0000, 0x0000, 0x0000, 0x0000,
    0x0000, 0x0000, 0x0000, 0x0000, 0x0000, 0x0000, 0x0000, 0x0000, 0x0000, 0x0000, 0x0000, 0x0000,
    0x0000, 0x0000, 0x0000, 0x0000, 0x0000, 0x0000, 0x0000, 0x0000, 0x0000, 0x0000, 0x0000, 0x0000,
    0x0000, 0x0000, 0x0000, 0x0000, 0x0000, 0x0000, 0x0000, 0x0000, 0x0000, 0x0000, 0x0000, 0x0000,
    0x0000, 0x0000, 0x0000, 0x0000, 0x0000, 0x0000, 0x0000, 0x0000, 0x0000, 0x0000, 0x0000, 0x0000,
    0x0000, 0x0000, 0x0000, 0x0000, 0x0000, 0x39C7, 0x0000, 0x0000, 0x0000, 0x0000, 0x0000, 0x0000,
    0x0000, 0x0000, 0x0000, 0x0000, 0x0000, 0x0000, 0x0000, 0x0000, 0x0000, 0x0000, 0x0000, 0x0000,
    0x0000, 0x0000, 0x0000, 0x0000, 0x0000, 0x0000, 0x0000, 0x0000, 0x0000, 0x0000, 0x0000, 0x0000,
    0x0000, 0x0000, 0x0000, 0x0000, 0x0000, 0x0000, 0x0000, 0x0000, 0x0000, 0x0000, 0x0000, 0x0000,
    0x0000, 0x0000, 0x0000, 0x0000, 0x0000, 0x0000, 0x0000, 0x0000, 0x0000, 0x0000, 0x0000, 0x0000,
    0x0000, 0x0000, 0x0000, 0x0000, 0x0000, 0x0000, 0x0000, 0x0000, 0x0000, 0x0000, 0x0000, 0x0000,
    0x0000, 0x0000, 0x0000, 0x0000, 0x0000, 0x0000, 0x0000, 0x0000, 0x0000, 0x0000, 0x0000, 0x0000,
    0x0000, 0x0000, 0x0000, 0x0000, 0x0000, 0x0000, 0x0000, 0x0000, 0x0000, 0x0000, 0x0000, 0x0000,
    0x0000, 0x0000, 0x0000, 0x0000, 0x0000, 0x0000, 0x0000, 0x0000, 0x0000, 0x0000, 0x0000, 0x0000,
    0x0000, 0x0000, 0x0000, 0x0000, 0x0000, 0x0000, 0x0000, 0x0000, 0x0000, 0x0000, 0x0000, 0x0000,
    0x0000, 0x0000, 0x0000, 0x0000, 0x0000, 0x0000, 0x0000, 0x0000, 0x0000, 0x0000, 0x0000, 0x0000,
    0x0000, 0x0000, 0x0000, 0x0000, 0x0000, 0x0000, 0x0000, 0x0000, 0x0000, 0x0000, 0x0000, 0x0000,
    0x0000, 0x0000, 0x0000, 0x0000, 0x0000, 0x0000, 0x0000, 0x0000, 0x0000, 0x0000, 0x0000, 0x0000,
    0x0000, 0x0000, 0x0000, 0x0000, 0x0000, 0x0000, 0x0000, 0x0000, 0x0000, 0x0000, 0x0000, 0x0000,
    0x0000, 0x0000, 0x0000, 0x0000, 0x0000, 0x0000, 0x0000, 0x0000, 0x0000, 0x0000, 0x0000, 0x0000,
    0x0000, 0x0000, 0x0000, 0x0000, 0x0000, 0x0000, 0x0000, 0x0000, 0x0000, 0x0000, 0x0000, 0x0000,
    0x0000, 0x0000, 0x0000, 0x0000, 0x0000, 0x0000, 0x0000, 0x0000, 0x0000, 0x0000, 0x0000, 0x0000,
    0x0000, 0x0000, 0x0000, 0x0000, 0x0000, 0x0000, 0x0000, 0x0000, 0x0000, 0x0000, 0x0000, 0x0000,
    0x0000, 0x0000, 0x0000, 0x0000, 0x0000, 0x0000, 0x0000, 0x0000, 0x0000, 0x0000, 0x0000, 0x0000,
    0x0000, 0x0000, 0x0000, 0x0000, 0x0000, 0x0000, 0x0000, 0x0000, 0x0000, 0x0000, 0x0000, 0x0000,
    0x0000, 0x0000, 0x0000, 0x0000, 0x0000, 0x0000, 0x0000, 0x0000, 0x0000, 0x0000, 0x0000, 0x0000,
    0x0000, 0x0000, 0x0000, 0x0000, 0x0000, 0x0000, 0x0000, 0x0000, 0x0000, 0x0000, 0x0000, 0x0000,
    0x0000, 0x0000, 0x0000, 0x0000, 0x0000, 0x0000, 0x0000, 0x0000, 0x0000, 0x0000, 0x0000, 0x0000,
    0x0000, 0x0000, 0x0000, 0x0000, 0x0000, 0x0000, 0x0000, 0x0000, 0x0000, 0x0000, 0x0000, 0x0000,
    0x0000, 0x0000, 0x0000, 0x0000, 0x0000, 0x0000, 0x0000, 0x0000, 0x0000, 0x0000, 0x0000, 0x0000,
    0x0000, 0x0000, 0x0000, 0x0000, 0x0000, 0x0000, 0x0000, 0x0000, 0x0000, 0x0000, 0x0000, 0x0000,
    0x0000, 0x0000, 0x0000, 0x0000, 0x0000, 0x0000, 0x0000, 0x0000, 0x0000, 0x0000, 0x0000, 0x0000,
    0x0000, 0x0000, 0x0000, 0x0000, 0x0000, 0x0000, 0x0000, 0x0000, 0x0000, 0x0000, 0x0000, 0x0000,
    0x0000, 0x0000, 0x0000, 0x0000, 0x0000, 0x0000, 0x0000, 0x0000, 0x0000, 0x0000, 0x0000, 0x0000,
    0x0000, 0x0000, 0x0000, 0x0000, 0x0000, 0x0000, 0x0000, 0x0000, 0x0000, 0x0000, 0x0000, 0x0000,
    0x0000, 0x0000, 0x0000, 0x0000, 0x0000, 0x0000, 0x0000, 0x0000, 0x0000, 0x0000, 0x0000, 0x0000,
    0x0000, 0x0000, 0x0000, 0x0000, 0x0000, 0x0000, 0x0000, 0x0000, 0x0000, 0x0000, 0x0000, 0x0000,
    0x0000, 0x0000, 0x0000, 0x0000, 0x0000, 0x0000, 0x0000, 0x0000, 0x0000, 0x0000, 0x0000, 0x0000,
    0x0000, 0x0000, 0x0000, 0x0000, 0x0000, 0x0000, 0x0000, 0x0000, 0x0000, 0x0000, 0x0000, 0x0000,
    0x0000, 0x0000, 0x0000, 0x0000, 0x0000, 0x0000, 0x0000, 0x0000, 0x0000, 0x0000, 0x0000, 0x0000,
    0x0000, 0x0000, 0x0000, 0x0000, 0x0000, 0x0000, 0x0000, 0x0000, 0x0000, 0x0000, 0x0000, 0x0000,
    0x0000, 0x0000, 0x0000, 0x0000, 0x0000, 0x0000, 0x0000, 0x0000, 0x0000, 0x0000, 0x0000, 0x0000,
    0x0000, 0x0000, 0x0000, 0x0000, 0x0000, 0x0000, 0x0000, 0x0000, 0x0000, 0x0000, 0x0000, 0x0000,
    0x0000, 0x0000, 0x0000, 0x0000, 0x0000, 0x0000, 0x0000, 0x0000, 0x0000, 0x0000, 0x0000, 0x0000,
    0x0000, 0x0000, 0x0000, 0x0000, 0x0000, 0x0000, 0x0000, 0x0000, 0x0000, 0x0000, 0x0000, 0x0000,
    0x0000, 0x0000, 0x0000, 0x0000, 0x0000, 0x0000, 0x0000, 0x0000, 0x0000, 0x0000, 0x0000, 0x0000,
    0x0000, 0x0000, 0x0000, 0x0000, 0x0000, 0x0000, 0x0000, 0x0000, 0x0000, 0x0000, 0x0000, 0x0000,
    0x0000, 0x0000, 0x0000, 0x0000, 0x0000, 0x0000, 0x0000, 0x0000, 0x0000, 0x0000, 0x0000, 0x0000,
    0x0000, 0x0000, 0x0000, 0x0000, 0x0000, 0x0000, 0x0000, 0x0000, 0x0000, 0x0000, 0x0000, 0x0000,
    0x0000, 0x0000, 0x0000, 0x0000, 0x0000, 0x0000, 0x0000, 0x0000, 0x0000, 0x0000, 0x0000, 0x0000,
    0x0000, 0x0000, 0x0000, 0x0000, 0x0000, 0x0000, 0x0000, 0x0000, 0x0000, 0x0000, 0x0000, 0x0000,
    0x0000, 0x0000, 0x0000, 0x0000, 0x0000, 0x0000, 0x0000, 0x0000, 0x0000, 0x0000, 0x0000, 0x0000,
    0x0000, 0x0000, 0x0000, 0x0000, 0x0000, 0x0000, 0x0000, 0x0000, 0x0000, 0x0000, 0x0000, 0x0000,
    0x0000, 0x0000, 0x0000, 0x0000, 0x0000, 0x0000, 0x0000, 0x0000, 0x0000, 0x0000, 0x0000, 0x0000,
    0x0000, 0x0000, 0x0000, 0x0000, 0x0000, 0x0000, 0x0000, 0x0000, 0x0000, 0x0000, 0x0000, 0x0000,
    0x0000, 0x0000, 0x0000, 0x0000, 0x0000, 0x0000, 0x0000, 0x0000, 0x0000, 0x0000, 0x0000, 0x0000,
    0x0000, 0x0000, 0x0000, 0x0000, 0x0000, 0x0000, 0x0000, 0x0000, 0x0000, 0x0000, 0x0000, 0x0000,
    0x0000, 0x0000, 0x0000, 0x0000, 0x0000, 0x0000, 0x0000, 0x0000, 0x0000, 0x0000, 0x0000, 0x0000,
    0x0000, 0x0000, 0x0000, 0x0000, 0x0000, 0x0000, 0x0000, 0x0000, 0x0000, 0x0000, 0x0000, 0x0000,
    0x0000, 0x0000, 0x0000, 0x0000, 0x0000, 0x0000, 0x0000, 0x0000, 0x0000, 0x0000, 0x0000, 0x0000,
    0x0000, 0x0000, 0x0000, 0x0000, 0x0000, 0x0000, 0x0000, 0x0000, 0x0000, 0x0000, 0x0000, 0x0000,
    0x0000, 0x0000, 0x0000, 0x0000, 0x0000, 0x0000, 0x0000, 0x0000, 0x0000, 0x0000, 0x0000, 0x0000,
    0x0000, 0x0000, 0x0000, 0x0000, 0x0000, 0x0000, 0x0000, 0x0000, 0x0000, 0x0000, 0x0000, 0x0000,
    0x0000, 0x0000, 0x0000, 0x0000, 0x0000, 0x0000, 0x0000, 0x0000, 0x0000, 0x0000, 0x0000, 0x0000,
    0x0000, 0x0000, 0x0000, 0x0000, 0x0000, 0x0000, 0x0000, 0x0000, 0x0000, 0x0000, 0x0000, 0x0000,
    0x0000, 0x0000, 0x0000, 0x0000, 0x0000, 0x0000, 0x0000, 0x0000, 0x0000, 0x0000, 0x0000, 0x0000,
    0x0000, 0x0000, 0x0000, 0x0000, 0x0000, 0x0000, 0x0000, 0x0000, 0x0000, 0x0000, 0x0000, 0x0000,
    0x0000, 0x0000, 0x0000, 0x0000, 0x0000, 0x0000, 0x0000, 0x0000, 0x0000, 0x0000, 0x0000, 0x0000,
    0x0000, 0x0000, 0x0000, 0x0000, 0x0000, 0x0000, 0x0000, 0x0000, 0x0000, 0x0000, 0x0000, 0x0000,
    0x0000, 0x0000, 0x0000, 0x0000, 0x0000, 0x0000, 0x0000, 0x0000, 0x0000, 0x0000, 0x0000, 0x0000,
    0x0000, 0x0000, 0x0000, 0x0000, 0x0000, 0x0000, 0x0000, 0x0000, 0x0000, 0x0000, 0x0000, 0x0000,
    0x0000, 0x0000, 0x0000, 0x0000, 0x0000, 0x0000, 0x0000, 0x0000, 0x0000, 0x0000, 0x0000, 0x0000,
    0x0000, 0x0000, 0x0000, 0x0000, 0x0000, 0x0000, 0x0000, 0x0000, 0x0000, 0x0000, 0x0000, 0x0000,
    0x0000, 0x0000, 0x0000, 0x0000, 0x0000, 0x0000, 0x0000, 0x0000, 0x0000, 0x0000, 0x0000, 0x0000,
    0x0000, 0x0000, 0x0000, 0x0000, 0x0000, 0x0000, 0x0000, 0x0000, 0x0000, 0x0000, 0x0000, 0x0000,
    0x0000, 0x0000, 0x0000, 0x0000, 0x0000, 0x0000, 0x0000, 0x0000, 0x0000, 0x0000, 0x0000, 0x0000,
    0x0000, 0x0000, 0x0000, 0x0000, 0x0000, 0x0000, 0x0000, 0x0000, 0x0000, 0x0000, 0x0000, 0x0000,
    0x0000, 0x0000, 0x0000, 0x0000, 0x0000, 0x0000, 0x0000, 0x0000, 0x0000, 0x0000, 0x0000, 0x0000,
    0x0000, 0x0000, 0x0000, 0x0000, 0x0000, 0x0000, 0x0000, 0x0000, 0x0000, 0x0000, 0x0000, 0x0000,
    0x0000, 0x0000, 0x0000, 0x0000, 0x0000, 0x0000, 0x0000, 0x0000, 0x0000, 0x0000, 0x0000, 0x0000,
    0x0000, 0x0000, 0x0000, 0x0000, 0x0000, 0x0000, 0x0000, 0x0000, 0x0000, 0x0000, 0x0000, 0x0000,
    0x0000, 0x0000, 0x0000, 0x0000, 0x0000, 0x0000, 0x0000, 0x0000, 0x0000, 0x0000, 0x0000, 0x0000,
    0x0000, 0x0000, 0x0000, 0x0000, 0x0000, 0x0000, 0x0000, 0x0000, 0x0000, 0x0000, 0x0000, 0x0000,
    0x0000, 0x0000, 0x0000, 0x0000, 0x0000, 0x0000, 0x0000, 0x0000, 0x0000, 0x0000, 0x0000, 0x0000,
    0x0000, 0x0000, 0x0000, 0x0000, 0x0000, 0x0000, 0x0000, 0x0000, 0x0000, 0x0000, 0x0000, 0x0000,
    0x0000, 0x0000, 0x0000, 0x0000, 0x0000, 0x0000, 0x0000, 0x0000, 0x0000, 0x0000, 0x0000, 0x0000,
    0x0000, 0x0000, 0x0000, 0x0000, 0x0000, 0x0000, 0x0000, 0x0000, 0x0000, 0x0000, 0x0000, 0x0000,
    0x0000, 0x0000, 0x0000, 0x0000, 0x0000, 0x0000, 0x0000, 0x0000, 0x0000, 0x0000, 0x0000, 0x0000,
    0x0000, 0x0000, 0x0000, 0x0000, 0x0000, 0x0000, 0x0000, 0x0000, 0x0000, 0x0000, 0x0000, 0x0000,
    0x0000, 0x0000, 0x0000, 0x0000, 0x0000, 0x0000, 0x0000, 0x0000, 0x0000, 0x0000, 0x0000, 0x0000,
    0x0000, 0x0000, 0x0000, 0x0000, 0x0000, 0x0000, 0x0000, 0x0000, 0x0000, 0x0000, 0x0000, 0x0000,
    0x0000, 0x0000, 0x0000, 0x0000, 0x0000, 0x0000, 0x0000, 0x0000, 0x0000, 0x0000, 0x0000, 0x0000,
    0x0000, 0x0000, 0x0000, 0x0000, 0x0000, 0x0000, 0x0000, 0x0000, 0x0000, 0x0000, 0x0000, 0x0000,
    0x0000, 0x0000, 0x0000, 0x0000, 0x0000, 0x0000, 0x0000, 0x0000, 0x0000, 0x0000, 0x0000, 0x0000,
    0x0000, 0x0000, 0x0000, 0x0000, 0x0000, 0x0000, 0x0000, 0x0000, 0x0000, 0x0000, 0x0000, 0x0000,
    0x0000, 0x0000, 0x0000, 0x0000, 0x0000, 0x0000, 0x0000, 0x0000, 0x0000, 0x0000, 0x0000, 0x0000,
    0x0000, 0x0000, 0x0000, 0x0000, 0x0000, 0x0000, 0x0000, 0x0000, 0x0000, 0x0000, 0x0000, 0x0000,
    0x0000, 0x0000, 0x0000, 0x0000, 0x0000, 0x0000, 0x0000, 0x0000, 0x0000, 0x0000, 0x0000, 0x0000,
    0x0000, 0x0000, 0x0000, 0x0000, 0x0000, 0x0000, 0x0000, 0x0000, 0x0000, 0x0000, 0x0000, 0x0000,
    0x0000, 0x0000, 0x0000, 0x0000, 0x0000, 0x0000, 0x0000, 0x0000, 0x0000, 0x0000, 0x0000, 0x0000,
    0x0000, 0x0000, 0x0000, 0x0000, 0x0000, 0x0000, 0x0000, 0x0000, 0x0000, 0x0000, 0x0000, 0x0000,
    0x0000, 0x0000, 0x0000, 0x0000, 0x0000, 0x0000, 0x0000, 0x0000, 0x0000, 0x0000, 0x0000, 0x0000,
    0x0000, 0x0000, 0x0000, 0x0000, 0x0000, 0x0000, 0x0000, 0x0000, 0x0000, 0x0000, 0x0000, 0x0000,
    0x0000, 0x0000, 0x0000, 0x0000, 0x0000, 0x0000, 0x0000, 0x0000, 0x0000, 0x0000, 0x0000, 0x0000,
    0x0000, 0x0000, 0x0000, 0x0000, 0x0000, 0x0000, 0x0000, 0x0000, 0x0000, 0x0000, 0x0000, 0x0000,
    0x0000, 0x0000, 0x0000, 0x0000, 0x0000, 0x0000, 0x0000, 0x0000, 0x0000, 0x0000, 0x0000, 0x0000,
    0x0000, 0x0000, 0x0000, 0x0000, 0x0000, 0x0000, 0x0000, 0x0000, 0x0000, 0x0000, 0x0000, 0x0000,
    0x0000, 0x0000, 0x0000, 0x0000, 0x0000, 0x0000, 0x0000, 0x0000, 0x0000, 0x0000, 0x0000, 0x0000,
    0x0000, 0x0000, 0x0000, 0x0000, 0x0000, 0x0000, 0x0000, 0x0000, 0x0000, 0x0000, 0x0000, 0x0000,
    0x0000, 0x0000, 0x0000, 0x0000, 0x0000, 0x0000, 0x0000, 0x0000, 0x0000, 0x0000, 0x0000, 0x0000,
    0x0000, 0x0000, 0x0000, 0x0000, 0x0000, 0x0000, 0x0000, 0x0000, 0x0000, 0x0000, 0x0000, 0x0000,
    0x0000, 0x0000, 0x0000, 0x0000, 0x0000, 0x0000, 0x0000, 0x0000, 0x0000, 0x0000, 0x0000, 0x0000,
    0x0000, 0x0000, 0x0000, 0x0000, 0x0000, 0x0000, 0x0000, 0x0000, 0x0000, 0x0000, 0x0000, 0x0000,
    0x0000, 0x0000, 0x0000, 0x0000, 0x0000, 0x0000, 0x0000, 0x0000, 0x0000, 0x0000, 0x0000, 0x0000,
    0x0000, 0x0000, 0x0000, 0x0000, 0x0000, 0x0000, 0x0000, 0x0000, 0x0000, 0x0000, 0x0000, 0x0000,
    0x0000, 0x0000, 0x0000, 0x0000, 0x0000, 0x0000, 0x0000, 0x0000, 0x0000, 0x0000, 0x0000, 0x0000,
    0x0000, 0x0000, 0x0000, 0x0000, 0x0000, 0x0000, 0x0000, 0x0000, 0x0000, 0x0000, 0x0000, 0x0000,
    0x0000, 0x0000, 0x0000, 0x0000, 0x0000, 0x0000, 0x0000, 0x0000, 0x0000, 0x0000, 0x0000, 0x0000,
    0x0000, 0x0000, 0x0000, 0x0000, 0x0000, 0x0000, 0x0000, 0x0000, 0x0000, 0x0000, 0x0000, 0x0000,
    0x0000, 0x0000, 0x0000, 0x0000, 0x0000, 0x0000, 0x0000, 0x0000, 0x0000, 0x0000, 0x0000, 0x0000,
    0x0000, 0x0000, 0x0000, 0x0000, 0x0000, 0x0000, 0x0000, 0x0000, 0x0000, 0x0000, 0x0000, 0x0000,
    0x0000, 0x0000, 0x0000, 0x0000, 0x0000, 0x0000, 0x0000, 0x0000, 0x0000, 0x0000, 0x0000, 0x0000,
    0x0000, 0x0000, 0x0000, 0x0000, 0x0000, 0x0000, 0x0000, 0x0000, 0x0000, 0x0000, 0x0000, 0x0000,
    0x0000, 0x0000, 0x0000, 0x0000, 0x0000, 0x0000, 0x0000, 0x0000, 0x0000, 0x0000, 0x0000, 0x0000,
    0x0000, 0x0000, 0x0000, 0x0000, 0x0000, 0x0000, 0x0000, 0x0000, 0x0000, 0x0000, 0x0000, 0x0000,
    0x0000, 0x0000, 0x0000, 0x0000, 0x0000, 0x0000, 0x0000, 0x0000, 0x0000, 0x0000, 0x0000, 0x0000,
    0x0000, 0x0000, 0x0000, 0x0000, 0x0000, 0x0000, 0x0000, 0x0000, 0x0000, 0x0000, 0x0000, 0x0000,
    0x0000, 0x0000, 0x0000, 0x0000, 0x0000, 0x0000, 0x0000, 0x0000, 0x0000, 0x0000, 0x0000, 0x0000,
    0x0000, 0x0000, 0x0000, 0x0000, 0x0000, 0x0000, 0x0000, 0x0000, 0x0000, 0x0000, 0x0000, 0x0000,
    0x0000, 0x0000, 0x0000, 0x0000, 0x0000, 0x0000, 0x0000, 0x0000, 0x0000, 0x0000, 0x0000, 0x0000,
    0x0000, 0x0000, 0x0000, 0x0000, 0x0000, 0x0000, 0x0000, 0x0000, 0x0000, 0x0000, 0x0000, 0x0000,
    0x0000, 0x0000, 0x0000, 0x0000, 0x0000, 0x0000, 0x0000, 0x0000, 0x0000, 0x0000, 0x0000, 0x0000,
    0x0000, 0x0000, 0x0000, 0x0000, 0x0000, 0x0000, 0x0000, 0x0000, 0x0000, 0x0000, 0x0000, 0x0000,
    0x0000, 0x0000, 0x0000, 0x0000, 0x0000, 0x0000, 0x0000, 0x0000, 0x0000, 0x0000, 0x0000, 0x0000,
    0x0000, 0x0000, 0x0000, 0x0000, 0x0000, 0x0000, 0x0000, 0x0000, 0x0000, 0x0000, 0x0000, 0x0000,
    0x0000, 0x0000, 0x0000, 0x0000, 0x0000, 0x0000, 0x0000, 0x0000, 0x0000, 0x0000, 0x0000, 0x0000,
    0x0000, 0x0000, 0x0000, 0x0000, 0x0000, 0x0000, 0x0000, 0x0000, 0x0000, 0x0000, 0x0000, 0x0000,
    0x0000, 0x0000, 0x0000, 0x0000, 0x0000, 0x0000, 0x0000, 0x0000, 0x0000, 0x0000, 0x0000, 0x0000,
    0x0000, 0x0000, 0x0000, 0x0000, 0x0000, 0x0000, 0x0000, 0x0000, 0x0000, 0x0000, 0x0000, 0x0000,
    0x0000, 0x0000, 0x0000, 0x0000, 0x0000, 0x0000, 0x0000, 0x0000, 0x0000, 0x0000, 0x0000, 0x0000,
    0x0000, 0x0000, 0x0000, 0x0000, 0x0000, 0x0000, 0x0000, 0x0000, 0x0000, 0x0000, 0x0000, 0x0000,
    0x0000, 0x0000, 0x0000, 0x0000, 0x0000, 0x0000, 0x0000, 0x0000, 0x0000, 0x0000, 0x0000, 0x0000,
    0x0000, 0x0000, 0x0000, 0x0000, 0x0000, 0x0000, 0x0000, 0x0000, 0x0000, 0x0000, 0x0000, 0x0000,
    0x0000, 0x0000, 0x0000, 0x0000, 0x0000, 0x0000, 0x0000, 0x0000, 0x0000, 0x0000, 0x0000, 0x0000,
    0x0000, 0x0000, 0x0000, 0x0000, 0x0000, 0x0000, 0x0000, 0x0000, 0x0000, 0x0000, 0x0000, 0x0000,
    0x0000, 0x0000, 0x0000, 0x0000, 0x0000, 0x0000, 0x0000, 0x0000, 0x0000, 0x0000, 0x0000, 0x0000,
    0x0000, 0x0000, 0x0000, 0x0000, 0x0000, 0x0000, 0x0000, 0x0000, 0x0000, 0x0000, 0x0000, 0x0000,
    0x0000, 0x0000, 0x0000, 0x0000, 0x0000, 0x0000, 0x0000, 0x0000, 0x0000, 0x0000, 0x0000, 0x0000,
    0x0000, 0x0000, 0x0000, 0x0000, 0x0000, 0x0000, 0x0000, 0x0000, 0x0000, 0x0000, 0x0000, 0x0000,
    0x0000, 0x0000, 0x0000, 0x0000, 0x0000, 0x0000, 0x0000, 0x0000, 0x0000, 0x0000, 0x0000, 0x0000,
    0x0000, 0x0000, 0x0000, 0x0000, 0x0000, 0x0000, 0x0000, 0x0000, 0x0000, 0x0000, 0x0000, 0x0000,
    0x0000, 0x0000, 0x0000, 0x0000, 0x0000, 0x0000, 0x0000, 0x0000, 0x0000, 0x0000, 0x0000, 0x0000,
    0x0000, 0x0000, 0x0000, 0x0000
  },
  { // 帧 4
    0x0000, 0x0000, 0x0000, 0x0000, 0x0000, 0x0000, 0x0000, 0x0000, 0x0000, 0x0000, 0x0000, 0x0000,
    0x0000, 0x0000, 0x0000, 0x0000, 0x0000, 0x0000, 0x0000, 0x0000, 0x0000, 0x0000, 0x0000, 0x0000,
    0x0000, 0x0000, 0x0000, 0x0000, 0x0000, 0x0000, 0x0000, 0x0000, 0x0000, 0x0000, 0x0000, 0x0000,
    0x0000, 0x0000, 0x0000, 0x0000, 0x0000, 0x0000, 0x0000, 0x0000, 0x0000, 0x0000, 0x0000, 0x0000,
    0x0000, 0x0000, 0x0000, 0x0000, 0x0000, 0x0000, 0x0000, 0x0000, 0x0000, 0x0000, 0x0000, 0x0000,
    0x0000, 0x0000, 0x0000, 0x0000, 0x0000, 0x0000, 0x0000, 0x0000, 0x0000, 0x0000, 0x0000, 0x0000,
    0x0000, 0x0000, 0x0000, 0x0000, 0x0000, 0x0000, 0x0000, 0x0000, 0x0000, 0x0000, 0x0000, 0x0000,
    0x0000, 0x0000, 0x0000, 0x0000, 0x0000, 0x0000, 0x0000, 0x0000, 0x0000, 0x0000, 0x0000, 0x0000,
    0x0000, 0x0000, 0x0000, 0x0000, 0x0000, 0x0000, 0x0000, 0x0000, 0x0000, 0x0000, 0x0000, 0x0000,
    0x0000, 0x0000, 0x0000, 0x0000, 0x0000, 0x0000, 0x0000, 0x0000, 0x0000, 0x0000, 0x0000, 0x0000,
    0x0000, 0x0000, 0x0000, 0x0000, 0x0000, 0x0000, 0x0000, 0x0000, 0x0000, 0x0000, 0x0000, 0x0000,
    0x0000, 0x0000, 0x0000, 0x0000, 0x0000, 0x0000, 0x0000, 0x0000, 0x0000, 0x0000, 0x0000, 0x0000,
    0x0000, 0x0000, 0x0000, 0x0000, 0x0000, 0x0000, 0x0000, 0x0000, 0x0000, 0x0000, 0x0000, 0x0000,
    0x0000, 0x0000, 0x0000, 0x0000, 0x0000, 0x0000, 0x0000, 0x0000, 0x0000, 0x0000, 0x0000, 0x0000,
    0x0000, 0x0000, 0x0000, 0x0000, 0x0000, 0x0000, 0x0000, 0x0000, 0x0000, 0x0000, 0x0000, 0x0000,
    0x0000, 0x0000, 0x0000, 0x0000, 0x0000, 0x0000, 0x0000, 0x0000, 0x0000, 0x0000, 0x0000, 0x0000,
    0x0000, 0x0000, 0x0000, 0x0000, 0x0000, 0x0000, 0x0000, 0x0000, 0x0000, 0x0000, 0x0000, 0x0000,
    0x0000, 0x0000, 0x0000, 0x0000, 0x0000, 0x0000, 0x0000, 0x0000, 0x0000, 0x0000, 0x0000, 0x0000,
    0x0000, 0x0000, 0x0000, 0x0000, 0x0000, 0x0000, 0x0000, 0x0000, 0x0000, 0x0000, 0x0000, 0x0000,
    0x0000, 0x0000, 0x0000, 0x0000, 0x0000, 0x0000, 0x0000, 0x0000, 0x0000, 0x0000, 0x0000, 0x0000,
    0x0000, 0x0000, 0x0000, 0x0000, 0x0000, 0x0000, 0x0000, 0x0000, 0x0000, 0x0000, 0x0000, 0x0000,
    0x0000, 0x0000, 0x0000, 0x0000, 0x0000, 0x0000, 0x0000, 0x0000, 0x0000, 0x0000, 0x0000, 0x0000,
    0x0000, 0x0000, 0x0000, 0x0000, 0x0000, 0x0000, 0x0000, 0x0000, 0x0000, 0x0000, 0x0000, 0x0000,
    0x0000, 0x0000, 0x0000, 0x0000, 0x0000, 0x0000, 0x0000, 0x0000, 0x0000, 0x0000, 0x0000, 0x0000,
    0x0000, 0x0000, 0x0000, 0x0000, 0x0000, 0x0000, 0x0000, 0x0000, 0x0000, 0x0000, 0x0000, 0x0000,
    0x0000, 0x0000, 0x0000, 0x0000, 0x0000, 0x0000, 0x0000, 0x0000, 0x0000, 0x0000, 0x0000, 0x0000,
    0x0000, 0x0000, 0x0000, 0x0000, 0x0000, 0x0000, 0x0000, 0x0000, 0x0000, 0x0000, 0x0000, 0x0000,
    0x0000, 0x0000, 0x0000, 0x0000, 0x0000, 0x0000, 0x0000, 0x0000, 0x0000, 0x0000, 0x0000, 0x0000,
    0x0000, 0x0000, 0x0000, 0x0000, 0x0000, 0x0000, 0x0000, 0x0000, 0x0000, 0x0000, 0x0000, 0x0000,
    0x0000, 0x0000, 0x0000, 0x0000, 0x0000, 0x0000, 0x0000, 0x0000, 0x0000, 0x0000, 0x0000, 0x0000,
    0x0000, 0x0000, 0x0000, 0x0000, 0x0000, 0x0000, 0x0000, 0x0000, 0x0000, 0x0000, 0x0000, 0x0000,
    0x0000, 0x0000, 0x0000, 0x0000, 0x0000, 0x0000, 0x0000, 0x0000, 0x0000, 0x0000, 0x0000, 0x0000,
    0x0000, 0x0000, 0x0000, 0x0000, 0x0000, 0x0000, 0x0000, 0x0000, 0x0000, 0x0000, 0x0000, 0x0000,
    0x0000, 0x0000, 0x0000, 0x0000, 0x0000, 0x0000, 0x0000, 0x0000, 0x0000, 0x0000, 0x0000, 0x0000,
    0x0000, 0x0000, 0x0000, 0x0000, 0x0000, 0x0000, 0x0000, 0x0000, 0x0000, 0x0000, 0x0000, 0x0000,
    0x0000, 0x0000, 0x0000, 0x0000, 0x0000, 0x0000, 0x0000, 0x0000, 0x0000, 0x0000, 0x0000, 0x0000,
    0x0000, 0x0000, 0x0000, 0x0000, 0x0000, 0x0000, 0x0000, 0x0000, 0x0000, 0x0000, 0x0000, 0x0000,
    0x0000, 0x0000, 0x0000, 0x0000, 0x0000, 0x0000, 0x0000, 0x0000, 0x0000, 0x0000, 0x0000, 0x0000,
    0x0000, 0x0000, 0x0000, 0x0000, 0x0000, 0x0000, 0x0000, 0x0000, 0x0000, 0x0000, 0x0000, 0x0000,
    0x0000, 0x0000, 0x0000, 0x0000, 0x0000, 0x0000, 0x0000, 0x0000, 0x0000, 0x0000, 0x0000, 0x0000,
    0x0000, 0x0000, 0x0000, 0x0000, 0x0000, 0x0000, 0x0000, 0x0000, 0x0000, 0x0000, 0x0000, 0x0000,
    0x0000, 0x0000, 0x0000, 0x0000, 0x0000, 0x0000, 0x0000, 0x0000, 0x0000, 0x0000, 0x0000, 0x0000,
    0x0000, 0x0000, 0x0000, 0x0000, 0x0000, 0x0000, 0x0000, 0x0000, 0x0000, 0x0000, 0x0000, 0x0000,
    0x0000, 0x0000, 0x0000, 0x0000, 0x0000, 0x0000, 0x0000, 0x0000, 0x0000, 0x0000, 0x0000, 0x0000,
    0x0000, 0x0000, 0x0000, 0x0000, 0x0000, 0x0000, 0x0000, 0x0000, 0x0000, 0x0000, 0x0000, 0x0000,
    0x0000, 0x0000, 0x0000, 0x0000, 0x0000, 0x0000, 0x0000, 0x0000, 0x0000, 0x0000, 0x0000, 0x0000,
    0x0000, 0x0000, 0x0000, 0x0000, 0x0000, 0x0000, 0x0000, 0x0000, 0x0000, 0x0000, 0x0000, 0x0000,
    0x0000, 0x0000, 0x0000, 0x0000, 0x0000, 0x0000, 0x0000, 0x0000, 0x0000, 0x0000, 0x0000, 0x0000,
    0x0000, 0x0000, 0x0000, 0x0000, 0x0000, 0x0000, 0x0000, 0x0000, 0x0000, 0x0000, 0x0000, 0x0000,
    0x0000, 0x0000, 0x0000, 0x0000, 0x0000, 0x0000, 0x0000, 0x0000, 0x0000, 0x0000, 0x0000, 0x0000,
    0x0000, 0x0000, 0x0000, 0x0000, 0x0000, 0x0000, 0x0000, 0x0000, 0x0000, 0x0000, 0x0000, 0x0000,
    0x0000, 0x0000, 0x0000, 0x0000, 0x0000, 0x0000, 0x0000, 0x0000, 0x0000, 0x0000, 0x0000, 0x0000,
    0x0000, 0x0000, 0x0000, 0x0000, 0x0000, 0x0000, 0x0000, 0x0000, 0x0000, 0x0000, 0x0000, 0x0000,
    0x0000, 0x0000, 0x0000, 0x0000, 0x0000, 0x0000, 0x0000, 0x0000, 0x0000, 0x0000, 0x0000, 0x0000,
    0x0000, 0x0000, 0x0000, 0x0000, 0x0000, 0x0000, 0x0000, 0x0000, 0x0000, 0x0000, 0x0000, 0x0000,
    0x0000, 0x0000, 0x0000, 0x0000, 0x0000, 0x0000, 0x0000, 0x0000, 0x0000, 0x0000, 0x0000, 0x0000,
    0x0000, 0x0000, 0x0000, 0x0000, 0x0000, 0x0000, 0x0000, 0x0000, 0x0000, 0x0000, 0x0000, 0x0000,
    0x0000, 0x0000, 0x0000, 0x0000, 0x0000, 0x0000, 0x0000, 0x0000, 0x0000, 0x0000, 0x0000, 0x0000,
    0x0000, 0x0000, 0x0000, 0x0000, 0x0000, 0x0000, 0x0000, 0x0000, 0x0000, 0x0000, 0x0000, 0x0000,
    0x0000, 0x0000, 0x0000, 0x0000, 0x0000, 0x0000, 0x0000, 0x0000, 0x0000, 0x0000, 0x0000, 0x0000,
    0x0000, 0x0000, 0x0000, 0x0000, 0x0000, 0x0000, 0x0000, 0x0000, 0x0000, 0x0000, 0x0000, 0x0000,
    0x0000, 0x0000, 0x0000, 0x0000, 0x0000, 0x0000, 0x0000, 0x0000, 0x0000, 0x0000, 0x0000, 0x0000,
    0x0000, 0x0000, 0x0000, 0x0000, 0x0000, 0x0000, 0x0000, 0x0000, 0x0000, 0x0000, 0x0000, 0x0000,
    0x0000, 0x0000, 0x0000, 0x0000, 0x0000, 0x0000, 0x0000, 0x0000, 0x0000, 0x0000, 0x0000, 0x0000,
    0x0000, 0x0000, 0x0000, 0x0000, 0x0000, 0x0000, 0x0000, 0x0000, 0x0000, 0x0000, 0x0000, 0x0000,
    0x0000, 0x0000, 0x0000, 0x0000, 0x0000, 0x0000, 0x0000, 0x0000, 0x0000, 0x0000, 0x0000, 0x0000,
    0x0000, 0x0000, 0x0000, 0x0000, 0x0000, 0x0000, 0x0000, 0x0000, 0x0000, 0x0000, 0x0000, 0x0000,
    0x0000, 0x0000, 0x0000, 0x0000, 0x0000, 0x0000, 0x0000, 0x0000, 0x0000, 0x0000, 0x0000, 0x0000,
    0x0000, 0x0000, 0x0000, 0x0000, 0x0000, 0x0000, 0x0000, 0x0000, 0x0000, 0x0000, 0x0000, 0x0000,
    0x5223, 0x93E5, 0x72E0, 0x51E0, 0x0000, 0x0000, 0x0000, 0x0000, 0x0000, 0x0000, 0x0000, 0x0000,
    0x0000, 0x0000, 0x0000, 0x0000, 0x0000, 0x0000, 0x0000, 0x0000, 0x0000, 0x0000, 0x0000, 0x0000,
    0x0000, 0x0000, 0x0000, 0x0000, 0x0000, 0x0000, 0x0000, 0x0000, 0x0000, 0x0000, 0x0000, 0x0000,
    0x0000, 0x0000, 0x0000, 0x0000, 0x0000, 0x0000, 0x0000, 0x0000, 0x0000, 0x0000, 0x0000, 0x0000,
    0x0000, 0x0000, 0x0000, 0x0000, 0x0000, 0x0000, 0x0000, 0x0000, 0x0000, 0x0000, 0x0000, 0x0000,
    0x0000, 0x0000, 0x0000, 0x0000, 0x0000, 0x0000, 0x0000, 0x0000, 0x0000, 0x0000, 0x0000, 0x0000,
    0x0000, 0x0000, 0x0000, 0x0000, 0x0000, 0x0000, 0x0000, 0x0000, 0x0000, 0x0000, 0x0000, 0x0000,
    0x0000, 0x0000, 0x0000, 0x0000, 0x0000, 0x0000, 0x0000, 0x0000, 0x0000, 0x0000, 0x0000, 0x0000,
    0x0000, 0x0000, 0x0000, 0x0000, 0x51E1, 0xE5E5, 0xEE02, 0xDD83, 0xB463, 0x82C1, 0x4980, 0x0000,
    0x0000, 0x0000, 0x0000, 0x0000, 0x0000, 0x0000, 0x0000, 0x0000, 0x0000, 0x0000, 0x0000, 0x0000,
    0x0000, 0x0000, 0x0000, 0x0000, 0x0000, 0x0000, 0x0000, 0x0000, 0x0000, 0x0000, 0x0000, 0x0000,
    0x0000, 0x0000, 0x0000, 0x0000, 0x0000, 0x0000, 0x0000, 0x0000, 0x0000, 0x0000, 0x0000, 0x0000,
    0x0000, 0x0000, 0x0000, 0x0000, 0x0000, 0x0000, 0x0000, 0x0000, 0x0000, 0x0000, 0x0000, 0x0000,
    0x0000, 0x0000, 0x0000, 0x0000, 0x0000, 0x0000, 0x0000, 0x0000, 0x0000, 0x0000, 0x0000, 0x0000,
    0x0000, 0x0000, 0x0000, 0x0000, 0x0000, 0x0000, 0x0000, 0x0000, 0x0000, 0x0000, 0x0000, 0x0000,
    0x0000, 0x0000, 0x0000, 0x0000, 0x0000, 0x0000, 0x0000, 0x0000, 0x0000, 0x0000, 0x0000, 0x0000,
    0x0000, 0x0000, 0x0000, 0x0000, 0x0000, 0x0000, 0x0000, 0x0000, 0x0000, 0xAC43, 0xF602, 0xEDA0,
    0xEDA1, 0xEDA2, 0xDD42, 0xA3C2, 0x51A1, 0x0000, 0x0000, 0x0000, 0x0000, 0x0000, 0x0000, 0x0000,
    0x0000, 0x0000, 0x0000, 0x0000, 0x0000, 0x0000, 0x0000, 0x0000, 0x0000, 0x0000, 0x0000, 0x0000,
    0x0000, 0x0000, 0x0000, 0x0000, 0x0000, 0x0000, 0x0000, 0x0000, 0x0000, 0x0000, 0x0000, 0x0000,
    0x0000, 0x0000, 0x0000, 0x0000, 0x0000, 0x0000, 0x0000, 0x0000, 0x0000, 0x0000, 0x0000, 0x0000,
    0x0000, 0x0000, 0x0000, 0x0000, 0x0000, 0x0000, 0x0000, 0x0000, 0x0000, 0x0000, 0x0000, 0x0000,
    0x0000, 0x0000, 0x0000, 0x0000, 0x0000, 0x0000, 0x0000, 0x0000, 0x0000, 0x0000, 0x0000, 0x0000,
    0x0000, 0x0000, 0x0000, 0x0000, 0x0000, 0x0000, 0x0000, 0x0000, 0x0000, 0x0000, 0x0000, 0x0000,
    0x0000, 0x0000, 0x0000, 0x0000, 0x0000, 0x0000, 0x0000, 0x0000, 0x0000, 0x0000, 0x0000, 0x0000,
    0x0000, 0x6221, 0xEE02, 0xED80, 0xED60, 0xED61, 0xF581, 0xEDA2, 0xD583, 0xA3A1, 0x4160, 0x0000,
    0x0000, 0x0000, 0x0000, 0x0000, 0x0000, 0x0000, 0x0000, 0x0000, 0x0000, 0x0000, 0x0000, 0x0000,
    0x0000, 0x0000, 0x0000, 0x0000, 0x0000, 0x0000, 0x0000, 0x0000, 0x0000, 0x0000, 0x0000, 0x0000,
    0x0000, 0x0000, 0x0000, 0x0000, 0x0000, 0x0000, 0x0000, 0x0000, 0x0000, 0x0000, 0x0000, 0x0000,
    0x0000, 0x0000, 0x0000, 0x0000, 0x0000, 0x0000, 0x0000, 0x0000, 0x0000, 0x0000, 0x0000, 0x0000,
    0x0000, 0x0000, 0x0000, 0x0000, 0x0000, 0x0000, 0x0000, 0x0000, 0x0000, 0x0000, 0x0000, 0x0000,
    0x0000, 0x0000, 0x0000, 0x0000, 0x0000, 0x0000, 0x0000, 0x0000, 0x0000, 0x0000, 0x0000, 0x0000,
    0x0000, 0x0000, 0x0000, 0x0000, 0x0000, 0x0000, 0x0000, 0x0000, 0x0000, 0x0000, 0x0000, 0x0000,
    0x0000, 0x0000, 0x0000, 0x0000, 0x0000, 0x4140, 0xCD21, 0xEDC1, 0xED60, 0xED60, 0xED60, 0xED81,
    0xF581, 0xEDC2, 0xCD23, 0x6A61, 0x0000, 0x0000, 0x0000, 0x0000, 0x0000, 0x0000, 0x0000, 0x0000,
    0x0000, 0x0000, 0x0000, 0x0000, 0x0000, 0x0000, 0x0000, 0x0000, 0x0000, 0x0000, 0x0000, 0x0000,
    0x0000, 0x0000, 0x0000, 0x0000, 0x0000, 0x0000, 0x0000, 0x0000, 0x0000, 0x0000, 0x0000, 0x0000,
    0x0000, 0x0000, 0x0000, 0x0000, 0x0000, 0x0000, 0x0000, 0x0000, 0x0000, 0x0000, 0x0000, 0x0000,
    0x0000, 0x0000, 0x0000, 0x0000, 0x0000, 0x0000, 0x0000, 0x0000, 0x0000, 0x0000, 0x0000, 0x0000,
    0x0000, 0x0000, 0x0000, 0x0000, 0x0000, 0x0000, 0x0000, 0x0000, 0x0000, 0x0000, 0x0000, 0x0000,
    0x0000, 0x0000, 0x0000, 0x0000, 0x0000, 0x0000, 0x0000, 0x0000, 0x0000, 0x0000, 0x0000, 0x0000,
    0x0000, 0x0000, 0x0000, 0x0000, 0x0000, 0x0000, 0x0000, 0x0000, 0x0000, 0x0000, 0xA3E1, 0xF5E2,
    0xED60, 0xED80, 0xED80, 0xED80, 0xED60, 0xE5A1, 0xEDE2, 0xDDA3, 0x8302, 0x0000, 0x0000, 0x0000,
    0x0000, 0x0000, 0x0000, 0x0000, 0x0000, 0x0000, 0x0000, 0x0000, 0x0000, 0x0000, 0x0000, 0x0000,
    0x0000, 0x0000, 0x0000, 0x0000, 0x0000, 0x0000, 0x0000, 0x0000, 0x0000, 0x0000, 0x0000, 0x0000,
    0x0000, 0x0000, 0x0000, 0x0000, 0x0000, 0x0000, 0x0000, 0x0000, 0x0000, 0x0000, 0x0000, 0x0000,
    0x0000, 0x0000, 0x0000, 0x0000, 0x0000, 0x0000, 0x0000, 0x0000, 0x0000, 0x0000, 0x0000, 0x0000,
    0x0000, 0x0000, 0x0000, 0x0000, 0x0000, 0x0000, 0x0000, 0x0000, 0x0000, 0x0000, 0x0000, 0x0000,
    0x0000, 0x0000, 0x0000, 0x0000, 0x0000, 0x0000, 0x0000, 0x0000, 0x0000, 0x0000, 0x0000, 0x0000,
    0x0000, 0x0000, 0x0000, 0x0000, 0x0000, 0x0000, 0x0000, 0x0000, 0x0000, 0x0000, 0x0000, 0x0000,
    0x0000, 0x0000, 0x7281, 0xF604, 0xEDA1, 0xE580, 0xED80, 0xE580, 0xE580, 0xE580, 0xE580, 0xEDC2,
    0xEDE5, 0xA3C2, 0x0000, 0x0000, 0x0000, 0x0000, 0x0000, 0x0000, 0x0000, 0x0000, 0x0000, 0x0000,
    0x0000, 0x0000, 0x0000, 0x0000, 0x0000, 0x0000, 0x0000, 0x0000, 0x0000, 0x0000, 0x0000, 0x0000,
    0x0000, 0x0000, 0x0000, 0x0000, 0x0000, 0x0000, 0x0000, 0x0000, 0x0000, 0x0000, 0x0000, 0x0000,
    0x0000, 0x0000, 0x0000, 0x0000, 0x0000, 0x0000, 0x0000, 0x0000, 0x0000, 0x0000, 0x0000, 0x0000,
    0x0000, 0x0000, 0x0000, 0x0000, 0x0000, 0x0000, 0x0000, 0x0000, 0x0000, 0x0000, 0x0000, 0x0000,
    0x0000, 0x0000, 0x0000, 0x0000, 0x0000, 0x0000, 0x0000, 0x0000, 0x0000, 0x0000, 0x0000, 0x0000,
    0x0000, 0x0000, 0x0000, 0x0000, 0x0000, 0x0000, 0x0000, 0x0000, 0x0000, 0x0000, 0x0000, 0x0000,
    0x0000, 0x0000, 0x0000, 0x0000, 0x0000, 0x0000, 0x4140, 0xE583, 0xEDC1, 0xE560, 0xE580, 0xE580,
    0xE580, 0xE5A0, 0xE580, 0xDD80, 0xE5C0, 0xF5C2, 0xABC2, 0x0000, 0x0000, 0x0000, 0x0000, 0x0000,
    0x0000, 0x0000, 0x0000, 0x0000, 0x0000, 0x0000, 0x0000, 0x0000, 0x0000, 0x0000, 0x0000, 0x0000,
    0x0000, 0x0000, 0x0000, 0x0000, 0x0000, 0x0000, 0x0000, 0x0000, 0x0000, 0x0000, 0x0000, 0x0000,
    0x0000, 0x0000, 0x0000, 0x0000, 0x0000, 0x0000, 0x0000, 0x0000, 0x0000, 0x0000, 0x0000, 0x0000,
    0x0000, 0x0000, 0x0000, 0x0000, 0x0000, 0x0000, 0x0000, 0x0000, 0x0000, 0x0000, 0x0000, 0x0000,
    0x0000, 0x0000, 0x0000, 0x0000, 0x0000, 0x0000, 0x0000, 0x0000, 0x0000, 0x0000, 0x0000, 0x0000,
    0x0000, 0x0000, 0x0000, 0x0000, 0x0000, 0x0000, 0x0000, 0x0000, 0x0000, 0x0000, 0x0000, 0x0000,
    0x0000, 0x0000, 0x0000, 0x0000, 0x0000, 0x0000, 0x0000, 0x0000, 0x0000, 0x0000, 0x0000, 0xC4E2,
    0xEDC1, 0xE580, 0xE580, 0xED80, 0xED80, 0xEDA0, 0xE5A0, 0xE580, 0xE5A0, 0xEDC1, 0xEDC4, 0xA3C1,
    0x0000, 0x0000, 0x0000, 0x0000, 0x0000, 0x0000, 0x0000, 0x0000, 0x0000, 0x0000, 0x0000, 0x0000,
    0x0000, 0x0000, 0x0000, 0x0000, 0x0000, 0x0000, 0x0000, 0x0000, 0x0000, 0x0000, 0x0000, 0x0000,
    0x0000, 0x0000, 0x0000, 0x0000, 0x0000, 0x0000, 0x0000, 0x0000, 0x0000, 0x0000, 0x0000, 0x0000,
    0x0000, 0x0000, 0x0000, 0x0000, 0x0000, 0x0000, 0x0000, 0x0000, 0x0000, 0x0000, 0x0000, 0x0000,
    0x0000, 0x0000, 0x0000, 0x0000, 0x0000, 0x0000, 0x0000, 0x0000, 0x0000, 0x0000, 0x0000, 0x0000,
    0x0000, 0x0000, 0x0000, 0x0000, 0x0000, 0x0000, 0x0000, 0x0000, 0x0000, 0x0000, 0x0000, 0x0000,
    0x0000, 0x0000, 0x0000, 0x0000, 0x0000, 0x0000, 0x0000, 0x0000, 0x0000, 0x0000, 0x0000, 0x0000,
    0x0000, 0x0000, 0x0000, 0xB461, 0xEDC2, 0xEDA0, 0xED80, 0xED80, 0xE580, 0xE560, 0xE580, 0xED81,
    0xED81, 0xEDA0, 0xEDA0, 0xEDA2, 0x9382, 0x0000, 0x0000, 0x0000, 0x0000, 0x0000, 0x0000, 0x0000,
    0x0000, 0x0000, 0x0000, 0x0000, 0x0000, 0x0000, 0x0000, 0x0000, 0x0000, 0x0000, 0x0000, 0x0000,
    0x0000, 0x0000, 0x0000, 0x0000, 0x0000, 0x0000, 0x0000, 0x0000, 0x0000, 0x0000, 0x0000, 0x0000,
    0x0000, 0x0000, 0x0000, 0x0000, 0x0000, 0x0000, 0x0000, 0x0000, 0x0000, 0x0000, 0x0000, 0x0000,
    0x0000, 0x0000, 0x0000, 0x0000, 0x0000, 0x0000, 0x0000, 0x0000, 0x0000, 0x0000, 0x0000, 0x0000,
    0x0000, 0x0000, 0x0000, 0x0000, 0x0000, 0x0000, 0x0000, 0x0000, 0x0000, 0x0000, 0x0000, 0x0000,
    0x0000, 0x0000, 0x0000, 0x0000, 0x0000, 0x0000, 0x0000, 0x0000, 0x0000, 0x0000, 0x0000, 0x0000,
    0x0000, 0x0000, 0x0000, 0x0000, 0x0000, 0x0000, 0x0000, 0xA401, 0xEDC1, 0xEDA0, 0xED80, 0xE580,
    0xE580, 0xE580, 0xE5A0, 0xED80, 0xED81, 0xE560, 0xE580, 0xEDC1, 0xE5C4, 0x7260, 0x0000, 0x0000,
    0x0000, 0x0000, 0x0000, 0x0000, 0x0000, 0x0000, 0x0000, 0x0000, 0x0000, 0x0000, 0x0000, 0x0000,
    0x0000, 0x0000, 0x0000, 0x0000, 0x0000, 0x0000, 0x0000, 0x0000, 0x0000, 0x0000, 0x0000, 0x0000,
    0x0000, 0x0000, 0x0000, 0x0000, 0x0000, 0x0000, 0x0000, 0x0000, 0x0000, 0x0000, 0x0000, 0x0000,
    0x0000, 0x0000, 0x0000, 0x0000, 0x0000, 0x0000, 0x0000, 0x0000, 0x0000, 0x0000, 0x0000, 0x0000,
    0x0000, 0x0000, 0x0000, 0x0000, 0x0000, 0x0000, 0x0000, 0x0000, 0x0000, 0x0000, 0x0000, 0x0000,
    0x0000, 0x0000, 0x0000, 0x0000, 0x0000, 0x0000, 0x0000, 0x0000, 0x0000, 0x0000, 0x0000, 0x0000,
    0x0000, 0x0000, 0x0000, 0x0000, 0x0000, 0x0000, 0x0000, 0x0000, 0x0000, 0x0000, 0x0000, 0x9380,
    0xEDA1, 0xEDA0, 0xED80, 0xE560, 0xE580, 0xE580, 0xE5A0, 0xEDA0, 0xED80, 0xE560, 0xE5A0, 0xE580,
    0xEDE1, 0xD523, 0x4961, 0x0000, 0x0000, 0x0000, 0x0000, 0x0000, 0x0000, 0x0000, 0x0000, 0x0000,
    0x0000, 0x0000, 0x0000, 0x0000, 0x0000, 0x0000, 0x0000, 0x0000, 0x0000, 0x0000, 0x0000, 0x0000,
    0x0000, 0x0000, 0x0000, 0x0000, 0x0000, 0x0000, 0x0000, 0x0000, 0x0000, 0x0000, 0x0000, 0x0000,
    0x0000, 0x0000, 0x0000, 0x0000, 0x0000, 0x0000, 0x0000, 0x0000, 0x0000, 0x0000, 0x0000, 0x0000,
    0x0000, 0x0000, 0x0000, 0x0000, 0x0000, 0x0000, 0x0000, 0x0000, 0x0000, 0x0000, 0x0000, 0x0000,
    0x0000, 0x0000, 0x0000, 0x0000, 0x0000, 0x0000, 0x0000, 0x0000, 0x0000, 0x0000, 0x0000, 0x0000,
    0x0000, 0x0000, 0x0000, 0x0000, 0x0000, 0x0000, 0x0000, 0x0000, 0x0000, 0x0000, 0x0000, 0x0000,
    0x0000, 0x0000, 0x0000, 0x9360, 0xE5A1, 0xEDA0, 0xED80, 0xE580, 0xE580, 0xE580, 0xE5A0, 0xEDA0,
    0xEDA0, 0xE580, 0xE580, 0xE560, 0xE580, 0xF623, 0xA403, 0x0000, 0x0000, 0x0000, 0x0000, 0x0000,
    0x0000, 0x0000, 0x0000, 0x0000, 0x0000, 0x0000, 0x0000, 0x0000, 0x0000, 0x0000, 0x0000, 0x0000,
    0x0000, 0x0000, 0x0000, 0x0000, 0x0000, 0x0000, 0x0000, 0x0000, 0x0000, 0x0000, 0x0000, 0x0000,
    0x0000, 0x0000, 0x0000, 0x0000, 0x0000, 0x0000, 0x0000, 0x0000, 0x0000, 0x0000, 0x0000, 0x0000,
    0x0000, 0x0000, 0x0000, 0x0000, 0x0000, 0x0000, 0x0000, 0x0000, 0x0000, 0x0000, 0x0000, 0x0000,
    0x0000, 0x0000, 0x0000, 0x0000, 0x0000, 0x0000, 0x0000, 0x0000, 0x0000, 0x0000, 0x0000, 0x0000,
    0x0000, 0x0000, 0x0000, 0x0000, 0x0000, 0x0000, 0x0000, 0x0000, 0x0000, 0x0000, 0x0000, 0x0000,
    0x0000, 0x0000, 0x0000, 0x0000, 0x0000, 0x0000, 0x0000, 0x9380, 0xE581, 0xED80, 0xED80, 0xE580,
    0xE580, 0xE580, 0xE580, 0xE5A0, 0xE5A0, 0xE580, 0xE580, 0xE580, 0xE580, 0xE5C1, 0xED63, 0x7241,
    0x0000, 0x0000, 0x0000, 0x0000, 0x0000, 0x0000, 0x0000, 0x0000, 0x0000, 0x0000, 0x0000, 0x0000,
    0x0000, 0x0000, 0x0000, 0x0000, 0x0000, 0x0000, 0x0000, 0x0000, 0x0000, 0x0000, 0x0000, 0x0000,
    0x0000, 0x0000, 0x0000, 0x0000, 0x0000, 0x0000, 0x0000, 0x0000, 0x0000, 0x0000, 0x0000, 0x0000,
    0x0000, 0x0000, 0x0000, 0x0000, 0x0000, 0x0000, 0x0000, 0x0000, 0x0000, 0x0000, 0x0000, 0x0000,
    0x0000, 0x0000, 0x0000, 0x0000, 0x0000, 0x0000, 0x0000, 0x0000, 0x0000, 0x0000, 0x0000, 0x0000,
    0x0000, 0x0000, 0x0000, 0x0000, 0x0000, 0x0000, 0x0000, 0x0000, 0x0000, 0x0000, 0x0000, 0x0000,
    0x0000, 0x0000, 0x0000, 0x0000, 0x0000, 0x0000, 0x0000, 0x0000, 0x0000, 0x0000, 0x0000, 0xAC01,
    0xEDA1, 0xED80, 0xE580, 0xE580, 0xE580, 0xE580, 0xE580, 0xE5A0, 0xE580, 0xE580, 0xE580, 0xE580,
    0xE580, 0xE5A0, 0xF5E2, 0xAC42, 0x0000, 0x0000, 0x0000, 0x0000, 0x0000, 0x0000, 0x0000, 0x0000,
    0x0000, 0x0000, 0x0000, 0x0000, 0x0000, 0x0000, 0x0000, 0x0000, 0x0000, 0x0000, 0x0000, 0x0000,
    0x0000, 0x0000, 0x0000, 0x0000, 0x0000, 0x0000, 0x0000, 0x0000, 0x0000, 0x0000, 0x0000, 0x0000,
    0x0000, 0x0000, 0x0000, 0x0000, 0x0000, 0x0000, 0x0000, 0x0000, 0x0000, 0x0000, 0x0000, 0x0000,
    0x0000, 0x0000, 0x0000, 0x0000, 0x0000, 0x0000, 0x0000, 0x0000, 0x0000, 0x0000, 0x0000, 0x0000,
    0x0000, 0x0000, 0x0000, 0x0000, 0x0000, 0x0000, 0x0000, 0x0000, 0x0000, 0x0000, 0x0000, 0x0000,
    0x0000, 0x0000, 0x0000, 0x0000, 0x0000, 0x0000, 0x0000, 0x0000, 0x0000, 0x0000, 0x0000, 0x0000,
    0x0000, 0x0000, 0x0000, 0xC4E2, 0xEDC1, 0xE580, 0xE580, 0xE580, 0xE580, 0xE580, 0xE580, 0xE580,
    0xE5A0, 0xE580, 0xE5A0, 0xED80, 0xED80, 0xED80, 0xEE01, 0xDDA2, 0x59C0, 0x0000, 0x0000, 0x0000,
    0x0000, 0x0000, 0x0000, 0x0000, 0x0000, 0x0000, 0x0000, 0x0000, 0x0000, 0x0000, 0x0000, 0x0000,
    0x0000, 0x0000, 0x0000, 0x0000, 0x0000, 0x0000, 0x0000, 0x0000, 0x0000, 0x0000, 0x0000, 0x0000,
    0x0000, 0x0000, 0x0000, 0x0000, 0x0000, 0x0000, 0x0000, 0x0000, 0x0000, 0x0000, 0x0000, 0x0000,
    0x0000, 0x0000, 0x0000, 0x0000, 0x0000, 0x0000, 0x0000, 0x0000, 0x0000, 0x0000, 0x0000, 0x0000,
    0x0000, 0x0000, 0x0000, 0x0000, 0x0000, 0x0000, 0x0000, 0x0000, 0x0000, 0x0000, 0x0000, 0x0000,
    0x0000, 0x0000, 0x0000, 0x0000, 0x0000, 0x0000, 0x0000, 0x0000, 0x0000, 0x0000, 0x0000, 0x0000,
    0x0000, 0x0000, 0x0000, 0x0000, 0x0000, 0x0000, 0x0000, 0xCD22, 0xEDC0, 0xE580, 0xE580, 0xE5A0,
    0xE5A0, 0xEDA0, 0xE580, 0xEDA0, 0xE5A0, 0xEDA1, 0xE5A1, 0xE580, 0xEDA0, 0xED80, 0xEDA0, 0xEE02,
    0x9BA2, 0x0000, 0x0000, 0x0000, 0x0000, 0x0000, 0x0000, 0x0000, 0x0000, 0x0000, 0x0000, 0x0000,
    0x0000, 0x0000, 0x0000, 0x0000, 0x0000, 0x0000, 0x0000, 0x0000, 0x0000, 0x0000, 0x0000, 0x0000,
    0x0000, 0x0000, 0x0000, 0x0000, 0x0000, 0x0000, 0x0000, 0x0000, 0x0000, 0x0000, 0x0000, 0x0000,
    0x0000, 0x0000, 0x0000, 0x0000, 0x0000, 0x0000, 0x0000, 0x0000, 0x0000, 0x0000, 0x0000, 0x0000,
    0x0000, 0x0000, 0x0000, 0x0000, 0x0000, 0x0000, 0x0000, 0x0000, 0x0000, 0x0000, 0x0000, 0x0000,
    0x0000, 0x0000, 0x0000, 0x0000, 0x0000, 0x0000, 0x0000, 0x0000, 0x0000, 0x0000, 0x0000, 0x0000,
    0x0000, 0x0000, 0x0000, 0x0000, 0x0000, 0x0000, 0x0000, 0x0000, 0x0000, 0x0000, 0x4180, 0xDD62,
    0xEDA0, 0xE580, 0xE580, 0xE5A0, 0xE5A0, 0xEDA0, 0xED80, 0xED80, 0xED80, 0xEDA1, 0xEDA1, 0xE580,
    0xE580, 0xEDA0, 0xEDA0, 0xF601, 0xBCC3, 0x0000, 0x0000, 0x0000, 0x0000, 0x0000, 0x0000, 0x0000,
    0x0000, 0x0000, 0x0000, 0x0000, 0x0000, 0x0000, 0x0000, 0x0000, 0x0000, 0x0000, 0x0000, 0x0000,
    0x0000, 0x0000, 0x0000, 0x0000, 0x0000, 0x0000, 0x0000, 0x0000, 0x0000, 0x0000, 0x0000, 0x0000,
    0x0000, 0x0000, 0x0000, 0x0000, 0x0000, 0x0000, 0x0000, 0x0000, 0x0000, 0x0000, 0x0000, 0x0000,
    0x0000, 0x0000, 0x0000, 0x0000, 0x0000, 0x0000, 0x0000, 0x0000, 0x0000, 0x0000, 0x0000, 0x0000,
    0x0000, 0x0000, 0x0000, 0x0000, 0x0000, 0x0000, 0x0000, 0x0000, 0x0000, 0x0000, 0x0000, 0x0000,
    0x0000, 0x0000, 0x0000, 0x0000, 0x0000, 0x0000, 0x0000, 0x0000, 0x0000, 0x0000, 0x0000, 0x0000,
    0x0000, 0x0000, 0x6A60, 0xE583, 0xEDA0, 0xEDA0, 0xE5A0, 0xE580, 0xE5A0, 0xED80, 0xED80, 0xED80,
    0xED81, 0xED60, 0xED81, 0xED80, 0xED81, 0xEDA1, 0xEDA0, 0xF5E1, 0xDDC4, 0x61E0, 0x0000, 0x0000,
    0x0000, 0x0000, 0x0000, 0x0000, 0x0000, 0x0000, 0x0000, 0x0000, 0x0000, 0x0000, 0x0000, 0x0000,
    0x0000, 0x0000, 0x0000, 0x0000, 0x0000, 0x0000, 0x0000, 0x0000, 0x0000, 0x0000, 0x0000, 0x0000,
    0x0000, 0x0000, 0x0000, 0x0000, 0x0000, 0x0000, 0x0000, 0x0000, 0x0000, 0x0000, 0x0000, 0x0000,
    0x0000, 0x0000, 0x0000, 0x0000, 0x0000, 0x0000, 0x0000, 0x0000, 0x0000, 0x0000, 0x0000, 0x0000,
    0x0000, 0x0000, 0x0000, 0x0000, 0x0000, 0x0000, 0x0000, 0x0000, 0x0000, 0x0000, 0x0000, 0x0000,
    0x0000, 0x0000, 0x0000, 0x0000, 0x0000, 0x0000, 0x0000, 0x0000, 0x0000, 0x0000, 0x0000, 0x0000,
    0x0000, 0x0000, 0x0000, 0x0000, 0x0000, 0x0000, 0x9BC1, 0xE5A1, 0xED80, 0xEDA0, 0xE5A0, 0xE5A0,
    0xE5A0, 0xEDA0, 0xEDA0, 0xED80, 0xED60, 0xED61, 0xED81, 0xED81, 0xEDA1, 0xEDA0, 0xEDC0, 0xEDC0,
    0xEE02, 0x9361, 0x0000, 0x0000, 0x0000, 0x0000, 0x0000, 0x0000, 0x0000, 0x0000, 0x0000, 0x0000,
    0x0000, 0x0000, 0x0000, 0x0000, 0x0000, 0x0000, 0x0000, 0x0000, 0x0000, 0x0000, 0x0000, 0x0000,
    0x0000, 0x0000, 0x0000, 0x0000, 0x0000, 0x0000, 0x0000, 0x0000, 0x0000, 0x0000, 0x0000, 0x0000,
    0x0000, 0x0000, 0x0000, 0x0000, 0x0000, 0x0000, 0x0000, 0x0000, 0x0000, 0x0000, 0x0000, 0x0000,
    0x0000, 0x0000, 0x0000, 0x0000, 0x0000, 0x0000, 0x0000, 0x0000, 0x0000, 0x0000, 0x0000, 0x0000,
    0x0000, 0x0000, 0x0000, 0x0000, 0x0000, 0x0000, 0x0000, 0x0000, 0x0000, 0x0000, 0x0000, 0x0000,
    0x0000, 0x0000, 0x0000, 0x0000, 0x0000, 0x0000, 0x0000, 0x0000, 0x0000, 0x4160, 0xCD42, 0xE5A1,
    0xED80, 0xEDA0, 0xEDA0, 0xE5A0, 0xEDA0, 0xEDA1, 0xEDA1, 0xED80, 0xE560, 0xED80, 0xED81, 0xEDA1,
    0xEDA0, 0xEDA0, 0xE5E0, 0xE5C1, 0xF663, 0xA443, 0x0000, 0x0000, 0x0000, 0x0000, 0x0000, 0x0000,
    0x0000, 0x0000, 0x0000, 0x0000, 0x39C7, 0x4207, 0x39E7, 0x0000, 0x0000, 0x0000, 0x0000, 0x0000,
    0x0000, 0x0000, 0x0000, 0x0000, 0x0000, 0x0000, 0x0000, 0x0000, 0x0000, 0x0000, 0x0000, 0x0000,
    0x0000, 0x0000, 0x0000, 0x0000, 0x0000, 0x0000, 0x0000, 0x0000, 0x0000, 0x0000, 0x0000, 0x0000,
    0x0000, 0x0000, 0x0000, 0x0000, 0x0000, 0x0000, 0x0000, 0x0000, 0x0000, 0x0000, 0x0000, 0x0000,
    0x0000, 0x0000, 0x0000, 0x0000, 0x0000, 0x0000, 0x0000, 0x0000, 0x0000, 0x0000, 0x0000, 0x0000,
    0x0000, 0x0000, 0x0000, 0x0000, 0x0000, 0x0000, 0x0000, 0x0000, 0x0000, 0x0000, 0x0000, 0x0000,
    0x0000, 0x6A40, 0xE5C3, 0xEDA1, 0xED60, 0xEDA0, 0xEDA0, 0xE580, 0xE580, 0xE580, 0xEDA0, 0xED80,
    0xED80, 0xED80, 0xE580, 0xE5A0, 0xE5A0, 0xEDE0, 0xEE21, 0xDDE3, 0xAC82, 0x4A01, 0x0000, 0x0000,
    0x0000, 0x0000, 0x0000, 0x632C, 0x8430, 0xA514, 0xB596, 0xB5B6, 0xBDD7, 0xBE18, 0xC618, 0xBDD7,
    0xB5B6, 0xAD75, 0x94D2, 0x7BEF, 0x4A69, 0x0000, 0x0000, 0x0000, 0x0000, 0x0000, 0x0000, 0x0000,
    0x0000, 0x0000, 0x0000, 0x0000, 0x0000, 0x0000, 0x0000, 0x0000, 0x0000, 0x0000, 0x0000, 0x0000,
    0x0000, 0x0000, 0x0000, 0x0000, 0x0000, 0x0000, 0x0000, 0x0000, 0x0000, 0x0000, 0x0000, 0x0000,
    0x0000, 0x0000, 0x0000, 0x0000, 0x0000, 0x0000, 0x0000, 0x0000, 0x0000, 0x0000, 0x0000, 0x0000,
    0x0000, 0x0000, 0x0000, 0x0000, 0x0000, 0x0000, 0x0000, 0x0000, 0x0000, 0x0000, 0x0000, 0x0000,
    0x0000, 0x0000, 0x0000, 0x0000, 0x0000, 0xB462, 0xEDC2, 0xED80, 0xED80, 0xED80, 0xED80, 0xE580,
    0xE5A1, 0xE5A0, 0xEDA0, 0xED80, 0xEDA0, 0xEDA0, 0xEDA0, 0xEDE0, 0xE601, 0xE623, 0xBC82, 0x5A20,
    0x0000, 0x0000, 0x0000, 0x31A6, 0x6B4E, 0x9492, 0xB596, 0xD699, 0xDEFB, 0xE71C, 0xE71C, 0xDEFB,
    0xDEDB, 0xDEFB, 0xDEFC, 0xDEFB, 0xDEFB, 0xE71B, 0xDEFB, 0xD6BA, 0xC618, 0xAD54, 0x8C51, 0x4A69,
    0x0000, 0x0000, 0x0000, 0x0000, 0x0000, 0x0000, 0x0000, 0x0000, 0x0000, 0x0000, 0x0000, 0x0000,
    0x0000, 0x0000, 0x0000, 0x0000, 0x0000, 0x0000, 0x0000, 0x0000, 0x0000, 0x0000, 0x0000, 0x0000,
    0x0000, 0x0000, 0x0000, 0x0000, 0x0000, 0x0000, 0x0000, 0x0000, 0x0000, 0x0000, 0x0000, 0x0000,
    0x0000, 0x0000, 0x0000, 0x0000, 0x0000, 0x0000, 0x0000, 0x0000, 0x0000, 0x0000, 0x0000, 0x0000,
    0x0000, 0x0000, 0x0000, 0x0000, 0x0000, 0x0000, 0x0000, 0x0000, 0x6201, 0xE5A3, 0xEDC0, 0xED80,
    0xE560, 0xED80, 0xEDA0, 0xEDA1, 0xEDA0, 0xEDA1, 0xEDA0, 0xED80, 0xED80, 0xED80, 0xEDC0, 0xF621,
    0xD562, 0x7B02, 0x3920, 0x0000, 0x0000, 0x39E6, 0x7C0F, 0xAD95, 0xD69A, 0xDEFC, 0xDEFB, 0xDEDA,
    0xD6BA, 0xD6BB, 0xD6BA, 0xD6BA, 0xD6BA, 0xD6BA, 0xD6DB, 0xD6BB, 0xD6BA, 0xD6BA, 0xD6B9, 0xD6BA,
    0xDEFB, 0xE71C, 0xDEFB, 0xC638, 0x9491, 0x5289, 0x0000, 0x0000, 0x0000, 0x0000, 0x0000, 0x0000,
    0x0000, 0x0000, 0x0000, 0x0000, 0x0000, 0x0000, 0x0000, 0x0000, 0x0000, 0x0000, 0x0000, 0x0000,
    0x0000, 0x0000, 0x0000, 0x0000, 0x0000, 0x0000, 0x0000, 0x0000, 0x0000, 0x0000, 0x0000, 0x0000,
    0x0000, 0x0000, 0x0000, 0x0000, 0x0000, 0x0000, 0x0000, 0x0000, 0x0000, 0x0000, 0x0000, 0x0000,
    0x0000, 0x0000, 0x0000, 0x0000, 0x0000, 0x0000, 0x0000, 0x0000, 0x0000, 0x0000, 0x0000, 0x0000,
    0xB463, 0xEDC1, 0xE580, 0xEDA0, 0xE580, 0xE580, 0xE580, 0xED81, 0xEDA0, 0xEDA0, 0xEDA0, 0xEDA0,
    0xED80, 0xED81, 0xF5E2, 0xC4A1, 0x5A00, 0x0000, 0x0000, 0x0000, 0x634C, 0xB5B5, 0xD6DA, 0xDEDA,
    0xD69A, 0xD69A, 0xD6BA, 0xD6BA, 0xD6DA, 0xDEDB, 0xD6BA, 0xD6BA, 0xD6BA, 0xD6BA, 0xD6BA, 0xD6BA,
    0xD6BA, 0xD6BA, 0xD6BA, 0xD6BA, 0xD6BA, 0xD6BA, 0xD6BA, 0xDEDA, 0xDEFA, 0xC638, 0x9492, 0x39E7,
    0x0000, 0x0000, 0x0000, 0x0000, 0x0000, 0x0000, 0x0000, 0x0000, 0x0000, 0x0000, 0x0000, 0x0000,
    0x0000, 0x0000, 0x0000, 0x0000, 0x0000, 0x0000, 0x0000, 0x0000, 0x0000, 0x0000, 0x0000, 0x0000,
    0x0000, 0x0000, 0x0000, 0x0000, 0x0000, 0x0000, 0x0000, 0x0000, 0x0000, 0x0000, 0x0000, 0x0000,
    0x0000, 0x0000, 0x0000, 0x0000, 0x0000, 0x0000, 0x0000, 0x0000, 0x0000, 0x0000, 0x0000, 0x0000,
    0x0000, 0x0000, 0x0000, 0x8321, 0xE5E1, 0xE5A0, 0xE580, 0xED80, 0xE560, 0xE560, 0xE580, 0xED80,
    0xED80, 0xEDA0, 0xEDA0, 0xE5A0, 0xEDC0, 0xF5E1, 0xBC82, 0x4160, 0x0000, 0x0000, 0x3A07, 0x9CF2,
    0xDED9, 0xDEFA, 0xD6BA, 0xD699, 0xD6BA, 0xD6BB, 0xD6DA, 0xDEDA, 0xDEDA, 0xD6DA, 0xD6BA, 0xD6BA,
    0xD6BA, 0xD6BA, 0xD6BA, 0xD6BA, 0xD6BA, 0xD6BA, 0xD6BA, 0xD6BA, 0xD6BA, 0xDEDB, 0xD6BA, 0xD6BA,
    0xD6DA, 0xDEDA, 0xDEDB, 0xB5B6, 0x6B4C, 0x0000, 0x0000, 0x0000, 0x0000, 0x0000, 0x0000, 0x0000,
    0x0000, 0x0000, 0x0000, 0x0000, 0x0000, 0x0000, 0x0000, 0x0000, 0x0000, 0x0000, 0x0000, 0x0000,
    0x0000, 0x0000, 0x0000, 0x0000, 0x0000, 0x0000, 0x0000, 0x0000, 0x0000, 0x0000, 0x0000, 0x0000,
    0x0000, 0x0000, 0x0000, 0x0000, 0x0000, 0x0000, 0x0000, 0x0000, 0x0000, 0x0000, 0x0000, 0x0000,
    0x0000, 0x0000, 0x0000, 0x0000, 0x0000, 0x0000, 0x5A00, 0xCD62, 0xE5A0, 0xE560, 0xED80, 0xED80,
    0xED80, 0xE580, 0xE560, 0xE580, 0xEDA0, 0xEDC0, 0xEDA0, 0xE5C0, 0xE621, 0xB461, 0x4960, 0x0000,
    0x0000, 0x5B0B, 0xC637, 0xDEFA, 0xD6B9, 0xD699, 0xDEBA, 0xD6B9, 0xD6BA, 0xD6BA, 0xD6BA, 0xDEDB,
    0xDEDA, 0xD6BA, 0xD6BA, 0xD6BA, 0xD6BA, 0xD6BA, 0xD6BA, 0xD6BA, 0xD6BA, 0xD6BA, 0xD6BA, 0xD6BA,
    0xD6BA, 0xD6BA, 0xD6BA, 0xDEDB, 0xD6BA, 0xD6BA, 0xD6BA, 0xDEDB, 0xD6BA, 0x9491, 0x0000, 0x0000,
    0x0000, 0x0000, 0x0000, 0x0000, 0x0000, 0x0000, 0x0000, 0x0000, 0x0000, 0x0000, 0x0000, 0x0000,
    0x0000, 0x0000, 0x0000, 0x0000, 0x0000, 0x0000, 0x0000, 0x0000, 0x0000, 0x0000, 0x0000, 0x0000,
    0x0000, 0x0000, 0x0000, 0x0000, 0x0000, 0x0000, 0x0000, 0x0000, 0x0000, 0x0000, 0x0000, 0x0000,
    0x0000, 0x0000, 0x0000, 0x0000, 0x0000, 0x0000, 0x0000, 0x0000, 0x0000, 0x51E0, 0xCCE2, 0xE5A1,
    0xE560, 0xE560, 0xE560, 0xE580, 0xE580, 0xE580, 0xE580, 0xE580, 0xE5A0, 0xE5A0, 0xEDC0, 0xEE01,
    0xB4A2, 0x49A0, 0x0000, 0x0000, 0x73AE, 0xCE59, 0xD6BA, 0xD6DA, 0xD6DA, 0xDEDB, 0xDEBA, 0xD6BA,
    0xD6BA, 0xD6BA, 0xD6BA, 0xD6BA, 0xD6BA, 0xD6BA, 0xD6BA, 0xD6BA, 0xD6BA, 0xD6BA, 0xD6BA, 0xD6BA,
    0xD6BA, 0xD6BA, 0xD6BA, 0xD6BA, 0xD6BA, 0xD6BA, 0xD6BA, 0xDEDB, 0xD6BB, 0xD6BB, 0xD6BB, 0xD6BA,
    0xD6BA, 0xDEDB, 0xA534, 0x31A6, 0x0000, 0x0000, 0x0000, 0x0000, 0x0000, 0x0000, 0x0000, 0x0000,
    0x0000, 0x0000, 0x0000, 0x0000, 0x0000, 0x0000, 0x0000, 0x0000, 0x0000, 0x0000, 0x0000, 0x0000,
    0x0000, 0x0000, 0x0000, 0x0000, 0x0000, 0x0000, 0x0000, 0x0000, 0x0000, 0x0000, 0x0000, 0x0000,
    0x0000, 0x0000, 0x0000, 0x0000, 0x0000, 0x0000, 0x0000, 0x0000, 0x0000, 0x0000, 0x0000, 0x0000,
    0x4140, 0xBCA3, 0xEDC2, 0xE580, 0xED60, 0xE560, 0xE560, 0xE580, 0xE580, 0xE580, 0xED80, 0xE580,
    0xE5C0, 0xEDC0, 0xEE21, 0xCD22, 0x5200, 0x0000, 0x0000, 0x7BCF, 0xD699, 0xD6BA, 0xD6BB, 0xD6DA,
    0xD6BA, 0xD6BA, 0xD6BA, 0xD6BA, 0xD6BA, 0xD6BA, 0xD6BA, 0xD6BA, 0xD6BA, 0xD6BA, 0xD6BA, 0xD6BA,
    0xD6BA, 0xD6BA, 0xD6BA, 0xD6BA, 0xD6BA, 0xD6BA, 0xD6BA, 0xD6BA, 0xD6BA, 0xD6BA, 0xD6BA, 0xD6BA,
    0xDEDB, 0xDEDA, 0xD6BA, 0xD6BA, 0xD6BA, 0xDEBB, 0xDEFB, 0xAD75, 0x39E7, 0x0000, 0x0000, 0x0000,
    0x0000, 0x0000, 0x0000, 0x0000, 0x0000, 0x0000, 0x0000, 0x0000, 0x0000, 0x0000, 0x0000, 0x0000,
    0x0000, 0x0000, 0x0000, 0x0000, 0x0000, 0x0000, 0x0000, 0x0000, 0x0000, 0x0000, 0x0000, 0x0000,
    0x0000, 0x0000, 0x0000, 0x0000, 0x0000, 0x0000, 0x0000, 0x0000, 0x0000, 0x0000, 0x0000, 0x0000,
    0x0000, 0x0000, 0x0000, 0x4960, 0xBC83, 0xED83, 0xED80, 0xED80, 0xED61, 0xED60, 0xE580, 0xE580,
    0xE580, 0xE580, 0xE580, 0xE5A0, 0xEDA0, 0xF5C1, 0xEDC3, 0x7AC1, 0x0000, 0x0000, 0x736C, 0xCE58,
    0xDEDA, 0xCE99, 0xD69A, 0xD6BA, 0xD6BB, 0xD69A, 0xD69A, 0xD6BA, 0xD6BA, 0xD6BA, 0xD6BA, 0xD6BA,
    0xD6BA, 0xD6BA, 0xD6BA, 0xD6BA, 0xD6BA, 0xD6BA, 0xD6BA, 0xD6BA, 0xD6BA, 0xD6BA, 0xD6BA, 0xD6BA,
    0xD6BA, 0xD6BA, 0xD6BA, 0xD6BA, 0xD6BA, 0xD6BA, 0xD6BA, 0xD6BA, 0xD6BA, 0xD6BB, 0xD6BA, 0xD6BA,
    0xAD54, 0x31A6, 0x0000, 0x0000, 0x0000, 0x0000, 0x0000, 0x0000, 0x0000, 0x0000, 0x0000, 0x0000,
    0x0000, 0x0000, 0x0000, 0x0000, 0x0000, 0x0000, 0x0000, 0x0000, 0x0000, 0x0000, 0x0000, 0x0000,
    0x0000, 0x0000, 0x0000, 0x0000, 0x0000, 0x0000, 0x0000, 0x0000, 0x0000, 0x0000, 0x0000, 0x0000,
    0x0000, 0x0000, 0x0000, 0x0000, 0x0000, 0x0000, 0x5A20, 0xC4C3, 0xE5C2, 0xE580, 0xE580, 0xED80,
    0xED60, 0xED80, 0xE5A0, 0xE580, 0xE580, 0xE580, 0xE580, 0xE5A0, 0xEDA0, 0xF602, 0xA402, 0x0000,
    0x0000, 0x630B, 0xCE38, 0xDEBA, 0xD69A, 0xD69A, 0xD6BA, 0xD6BA, 0xD6BA, 0xD6BA, 0xD6BA, 0xD6BA,
    0xD6BA, 0xD69A, 0xD6BA, 0xD6BA, 0xD6BA, 0xD6BA, 0xD6BA, 0xD6BA, 0xD6BA, 0xD6BA, 0xD6BA, 0xD6BA,
    0xD6BA, 0xD6BA, 0xD6BA, 0xD6BA, 0xD6BA, 0xD6BA, 0xD6BA, 0xD6BA, 0xD6BA, 0xD6BA, 0xD6BA, 0xD6BA,
    0xD6BB, 0xD6BA, 0xD69A, 0xD6BA, 0xDEDB, 0xA534, 0x0000, 0x0000, 0x0000, 0x0000, 0x0000, 0x0000,
    0x0000, 0x0000, 0x0000, 0x0000, 0x0000, 0x0000, 0x0000, 0x0000, 0x0000, 0x0000, 0x0000, 0x0000,
    0x0000, 0x0000, 0x0000, 0x0000, 0x0000, 0x0000, 0x0000, 0x0000, 0x0000, 0x0000, 0x0000, 0x0000,
    0x0000, 0x0000, 0x0000, 0x0000, 0x0000, 0x0000, 0x0000, 0x0000, 0x0000, 0x8321, 0xCD01, 0xEDC1,
    0xE5A1, 0xE580, 0xE5A0, 0xE580, 0xE560, 0xED80, 0xE580, 0xE580, 0xE580, 0xE5A0, 0xE580, 0xED80,
    0xF5E1, 0xCD02, 0x5200, 0x0000, 0x39A7, 0xBD96, 0xDEBA, 0xD6B9, 0xD679, 0xDEBB, 0xD6BA, 0xD6BA,
    0xD6BA, 0xD6BA, 0xD6BA, 0xD6BA, 0xD6BA, 0xD6BA, 0xD69A, 0xD6BA, 0xD6BA, 0xD6BA, 0xD6BA, 0xD6BA,
    0xDEDA, 0xD6BA, 0xD6BA, 0xD6BA, 0xD6BA, 0xD6BA, 0xD6BA, 0xD6BA, 0xD6BA, 0xD6BA, 0xD6BA, 0xD6BA,
    0xDEBA, 0xD6BA, 0xD6BA, 0xD6BA, 0xDEDB, 0xD6BA, 0xD699, 0xD6BA, 0xD6BA, 0xD6BA, 0x8430, 0x0000,
    0x0000, 0x0000, 0x0000, 0x0000, 0x0000, 0x0000, 0x0000, 0x0000, 0x0000, 0x0000, 0x0000, 0x0000,
    0x0000, 0x0000, 0x0000, 0x0000, 0x0000, 0x0000, 0x0000, 0x0000, 0x0000, 0x0000, 0x0000, 0x0000,
    0x0000, 0x0000, 0x0000, 0x0000, 0x0000, 0x0000, 0x0000, 0x0000, 0x0000, 0x0000, 0x0000, 0x6240,
    0xB482, 0xE5C2, 0xEDC1, 0xED80, 0xEDA0, 0xE580, 0xE5A0, 0xE580, 0xE580, 0xE5A0, 0xE5C0, 0xE5C0,
    0xE5C0, 0xE5C0, 0xEDE0, 0xF5E0, 0xFE03, 0x8322, 0x0000, 0x0000, 0x9451, 0xE6FB, 0xD6BA, 0xD6DA,
    0xD6BA, 0xD6BA, 0xD69A, 0xD69A, 0xD699, 0xD69A, 0xD6BA, 0xD6BA, 0xD6BA, 0xD6BA, 0xD6BA, 0xD69A,
    0xD6BA, 0xD6BA, 0xD6BA, 0xD6BA, 0xD6BA, 0xD6BA, 0xD6BA, 0xD6BA, 0xD6BA, 0xD6BA, 0xD6BA, 0xD6BA,
    0xD6BA, 0xD6BA, 0xD6BA, 0xD6BA, 0xD6BA, 0xD6BA, 0xD6BA, 0xD6BA, 0xD6BA, 0xD6DA, 0xD6BA, 0xD6BA,
    0xD6BA, 0xDEDB, 0xD6BA, 0x5AEB, 0x0000, 0x0000, 0x0000, 0x0000, 0x0000, 0x0000, 0x0000, 0x0000,
    0x0000, 0x0000, 0x0000, 0x0000, 0x0000, 0x0000, 0x0000, 0x0000, 0x0000, 0x0000, 0x0000, 0x0000,
    0x0000, 0x0000, 0x0000, 0x0000, 0x0000, 0x0000, 0x0000, 0x0000, 0x0000, 0x0000, 0x0000, 0x0000,
    0x0000, 0x6260, 0xAC62, 0xDD82, 0xEDC1, 0xE580, 0xE580, 0xED80, 0xEDA0, 0xED80, 0xEDA0, 0xEDE1,
    0xF601, 0xF601, 0xEE02, 0xE5C2, 0xD561, 0xCD41, 0xD561, 0xDD82, 0xC4C3, 0x41A0, 0x0000, 0x62CB,
    0xCE38, 0xDEDB, 0xD6DA, 0xD6BA, 0xD6DA, 0xD6BA, 0xD6BA, 0xD69A, 0xD699, 0xD699, 0xD6BA, 0xD69A,
    0xD6BA, 0xD6BA, 0xD6BA, 0xD6BA, 0xD6BA, 0xD6BA, 0xD6BA, 0xD6BA, 0xD6BA, 0xD6BA, 0xD6BA, 0xD6BA,
    0xD6BA, 0xD6BA, 0xD6BA, 0xD6BA, 0xD6BA, 0xD6BA, 0xD6BA, 0xD6BA, 0xD6BA, 0xD6BA, 0xD6BA, 0xD6BA,
    0xD6BA, 0xD6BA, 0xDEDA, 0xD6DA, 0xD6BA, 0xD69A, 0xDEDB, 0xBDB6, 0x0000, 0x0000, 0x0000, 0x0000,
    0x0000, 0x0000, 0x0000, 0x0000, 0x0000, 0x0000, 0x0000, 0x0000, 0x0000, 0x0000, 0x0000, 0x0000,
    0x0000, 0x5A24, 0xAC06, 0x6A61, 0x41A1, 0x3940, 0x0000, 0x0000, 0x0000, 0x0000, 0x0000, 0x0000,
    0x0000, 0x3961, 0x6221, 0x93A2, 0xC504, 0xDDA3, 0xE5C1, 0xE5A0, 0xE580, 0xEDA0, 0xEDA0, 0xE580,
    0xEDA1, 0xF5E1, 0xF5E1, 0xEDC3, 0xDD43, 0xBCA3, 0x9BC3, 0x8301, 0x6240, 0x5A00, 0x5A20, 0x5A00,
    0x51C1, 0x0000, 0x0000, 0xB555, 0xE6DB, 0xD69A, 0xD6BA, 0xD6DA, 0xD6DA, 0xD6DA, 0xD6BA, 0xD6BA,
    0xD69A, 0xD6BA, 0xD6BA, 0xD6BA, 0xD6BA, 0xD6BA, 0xD6BA, 0xD6BA, 0xD6BA, 0xD6BA, 0xD6BA, 0xD6BA,
    0xD6BA, 0xD6BA, 0xD6BA, 0xD6BA, 0xD6BA, 0xD6BA, 0xD6BA, 0xD6BA, 0xD6BA, 0xD6BA, 0xD6BA, 0xD6BA,
    0xD6BA, 0xD6BA, 0xD6BA, 0xD6BA, 0xD6BA, 0xD6BA, 0xD6BA, 0xD6BA, 0xD6BA, 0xD69A, 0xD6BA, 0xDEDB,
    0x73AE, 0x0000, 0x0000, 0x0000, 0x0000, 0x0000, 0x0000, 0x0000, 0x0000, 0x0000, 0x0000, 0x0000,
    0x0000, 0x0000, 0x0000, 0x0000, 0x0000, 0x4161, 0xDD84, 0xEDE4, 0xDD83, 0xD542, 0xC4E2, 0xB461,
    0xAC21, 0xAC21, 0xAC41, 0xBC81, 0xCD02, 0xD583, 0xE5C3, 0xE5C2, 0xE5C1, 0xE5C1, 0xE580, 0xE580,
    0xEDA1, 0xEDA0, 0xE5A0, 0xEDC0, 0xEDE1, 0xEE03, 0xC4E3, 0x7AE1, 0x4160, 0x0000, 0x0000, 0x0000,
    0x0000, 0x0000, 0x0000, 0x0000, 0x0000, 0x0000, 0x6B4D, 0xD69A, 0xD69A, 0xD6BA, 0xD6BA, 0xDEBA,
    0xD6BA, 0xD6BA, 0xD6BA, 0xD6BA, 0xD6BA, 0xD6BA, 0xD6BA, 0xD6BA, 0xD6BA, 0xD6BA, 0xD6BA, 0xD6BA,
    0xD6BA, 0xD6BA, 0xD6BA, 0xD6BA, 0xD6BA, 0xD6BA, 0xD6BA, 0xD6BA, 0xD6BA, 0xD6BA, 0xD6BA, 0xD6BA,
    0xD6BA, 0xD6BA, 0xD6BA, 0xD6BA, 0xD6BA, 0xD6BA, 0xD6BA, 0xD6BA, 0xD6BA, 0xD6BA, 0xD6BA, 0xD6BA,
    0xD6DA, 0xDEDB, 0xD6BA, 0xDEDB, 0xC638, 0x31A6, 0x0000, 0x0000, 0x0000, 0x0000, 0x0000, 0x0000,
    0x0000, 0x0000, 0x0000, 0x0000, 0x0000, 0x0000, 0x0000, 0x0000, 0x0000, 0x0000, 0xABE1, 0xF601,
    0xE5C0, 0xEDC0, 0xEDA1, 0xED81, 0xED81, 0xE581, 0xE5A1, 0xE5A1, 0xEDC1, 0xEDC1, 0xEDA0, 0xE580,
    0xE560, 0xE560, 0xE560, 0xE580, 0xEDA0, 0xEDA0, 0xEE21, 0xEE21, 0xBCC2, 0x6A80, 0x0000, 0x0000,
    0x0000, 0x39C6, 0x632B, 0x8C50, 0x94B1, 0x94B1, 0x94B1, 0x840F, 0x5AEB, 0x4A48, 0xA513, 0xE6FB,
    0xD6BA, 0xD6BA, 0xD6BA, 0xD6BA, 0xD6BA, 0xD6BA, 0xD6BA, 0xD6BA, 0xD6BA, 0xD6BA, 0xD6BA, 0xD6BA,
    0xD6BA, 0xD6BA, 0xD6BA, 0xD6BA, 0xD6BA, 0xD6BA, 0xD6BA, 0xD6BA, 0xD6BA, 0xD6BA, 0xD6BA, 0xD6BA,
    0xD6BA, 0xD6BA, 0xD6BA, 0xD6BA, 0xD6BA, 0xD6BA, 0xD6BA, 0xD6BA, 0xD6BA, 0xD6BA, 0xD6BA, 0xD6BA,
    0xD6BA, 0xD6BA, 0xD6BA, 0xD6BA, 0xD6BA, 0xD6BA, 0xDEDB, 0xD6BA, 0xDEFB, 0x73AD, 0x0000, 0x0000,
    0x0000, 0x0000, 0x0000, 0x0000, 0x0000, 0x0000, 0x0000, 0x0000, 0x0000, 0x0000, 0x0000, 0x0000,
    0x0000, 0x0000, 0x6200, 0xE5A2, 0xEDE1, 0xE5A0, 0xE580, 0xE580, 0xED80, 0xE580, 0xE581, 0xED81,
    0xED61, 0xED61, 0xED81, 0xE580, 0xE580, 0xE580, 0xE580, 0xEDA0, 0xEDC0, 0xEDC1, 0xE5E1, 0x93A1,
    0x3940, 0x0000, 0x0000, 0x736E, 0xAD94, 0xC638, 0xD6BA, 0xDEDA, 0xDEDA, 0xDEFB, 0xE6FB, 0xDEDB,
    0xD6BA, 0xCE79, 0xCE79, 0xD6B9, 0xD6BA, 0xD6BA, 0xD6BA, 0xD6BA, 0xD6BA, 0xD6BA, 0xD6BA, 0xD6BA,
    0xD6BA, 0xD6BA, 0xD6BA, 0xD6BA, 0xD6BA, 0xD6BA, 0xD6BA, 0xD6BA, 0xD6BA, 0xD6BA, 0xD6BA, 0xD6BA,
    0xD6BA, 0xD6BA, 0xD6BA, 0xD6BA, 0xD6BA, 0xD6BA, 0xD6BA, 0xD69A, 0xD6BA, 0xD6BA, 0xD6BA, 0xD6BA,
    0xD6BA, 0xD6BA, 0xD6BA, 0xD6BA, 0xD6BA, 0xD6BA, 0xD6BA, 0xDEDA, 0xD6DA, 0xD6DA, 0xDEDB, 0xD6BA,
    0xD6BA, 0xC638, 0x0000, 0x0000, 0x0000, 0x0000, 0x0000, 0x0000, 0x0000, 0x0000, 0x0000, 0x0000,
    0x0000, 0x0000, 0x0000, 0x0000, 0x0000, 0x0000, 0x0000, 0xA3E2, 0xF622, 0xE5A0, 0xE580, 0xED80,
    0xED81, 0xED61, 0xED61, 0xED60, 0xE580, 0xE580, 0xE580, 0xE5A0, 0xE5A0, 0xE580, 0xEDA0, 0xEDA1,
    0xED61, 0xE581, 0x8320, 0x0000, 0x0000, 0x6309, 0xBDD5, 0xD67A, 0xD6DB, 0xD6DA, 0xD6DA, 0xD6FA,
    0xD6D9, 0xD6BA, 0xDEDA, 0xD6BA, 0xD6BB, 0xDEDB, 0xDEDB, 0xD6BA, 0xD6BA, 0xD6BA, 0xD6BA, 0xD6BA,
    0xD6BA, 0xD6BA, 0xD6DA, 0xD6BA, 0xD6BA, 0xD6BA, 0xD6BA, 0xD6BA, 0xD6BA, 0xD6BA, 0xD6BA, 0xD6BA,
    0xD6BA, 0xD6BA, 0xD6BA, 0xD6BA, 0xD6BA, 0xD6BA, 0xD6BA, 0xD6BA, 0xD6BA, 0xD6BA, 0xD6BA, 0xD6BA,
    0xD6BA, 0xD6BA, 0xD6BA, 0xD6BA, 0xD6BA, 0xD6BA, 0xD6BA, 0xD6BA, 0xD6BA, 0xD6BA, 0xD6BA, 0xD6BA,
    0xD6DA, 0xDEDA, 0xD6BA, 0xD6BB, 0xD6BA, 0xDEFA, 0x5289, 0x0000, 0x0000, 0x0000, 0x0000, 0x0000,
    0x0000, 0x0000, 0x0000, 0x0000, 0x0000, 0x0000, 0x0000, 0x0000, 0x0000, 0x0000, 0x0000, 0x51A0,
    0xD522, 0xF601, 0xEDA1, 0xED80, 0xED60, 0xED60, 0xED81, 0xED80, 0xE560, 0xE580, 0xE580, 0xE5A1,
    0xE5A0, 0xE580, 0xEDA0, 0xEDC0, 0xE561, 0x7AE0, 0x0000, 0x0000, 0x7BCE, 0xCE78, 0xD6DA, 0xD69A,
    0xD69A, 0xD6BA, 0xD6B9, 0xD6D9, 0xD6DA, 0xD6BA, 0xD6BA, 0xD6BA, 0xD6BB, 0xD6BA, 0xD6BA, 0xD6BA,
    0xD6DA, 0xD6BA, 0xD6BA, 0xD6BA, 0xD6BA, 0xD6DA, 0xD6DA, 0xD6BA, 0xD6BA, 0xD6BA, 0xD6BA, 0xD6BA,
    0xD6BA, 0xD6BA, 0xD6BA, 0xD6BA, 0xD6BA, 0xD6BA, 0xD6BA, 0xD6BA, 0xD6BA, 0xD6BA, 0xD6BA, 0xD6BA,
    0xD6BA, 0xD6BA, 0xD6BA, 0xD6BA, 0xD6BA, 0xD6BA, 0xD6BA, 0xD6BA, 0xD6BA, 0xD6BA, 0xD6BA, 0xD6BA,
    0xD6BA, 0xD6BA, 0xD6BA, 0xD6BA, 0xD6BA, 0xD6BA, 0xDEDB, 0xD6BA, 0xD6BA, 0xDF1B, 0x7BCE, 0x0000,
    0x0000, 0x0000, 0x0000, 0x0000, 0x0000, 0x0000, 0x0000, 0x0000, 0x0000, 0x0000, 0x0000, 0x0000,
    0x0000, 0x0000, 0x0000, 0x0000, 0x82E0, 0xEDE2, 0xEDE1, 0xE5A0, 0xE580, 0xE560, 0xE580, 0xE580,
    0xE580, 0xE580, 0xE581, 0xE5A1, 0xE5A0, 0xE580, 0xEDA1, 0xE5A1, 0x8B40, 0x0000, 0x0000, 0x8BF1,
    0xD69A, 0xCED9, 0xCEBA, 0xD69A, 0xD6B9, 0xD6BA, 0xD6BA, 0xD6BA, 0xDEBA, 0xDEBA, 0xD6BA, 0xD6BA,
    0xD6BA, 0xD6BA, 0xD6BA, 0xD6BA, 0xD6BA, 0xD6BA, 0xD6BA, 0xD6BA, 0xD6BA, 0xD6BA, 0xD6BA, 0xD6BA,
    0xD6BA, 0xD6BA, 0xD6BA, 0xD6BA, 0xD6BA, 0xD6BA, 0xD6BA, 0xD6BA, 0xD6BA, 0xD6BA, 0xD6BA, 0xD6BA,
    0xD6BA, 0xD6BA, 0xD6BA, 0xD6BA, 0xD6DA, 0xD6BA, 0xD6BA, 0xD6BA, 0xD6BA, 0xD6BA, 0xD6BA, 0xD6BA,
    0xD6BA, 0xD6BA, 0xD6BA, 0xD6BA, 0xD6BA, 0xD6BA, 0xD6BA, 0xD6BA, 0xD6BA, 0xD6BA, 0xD6BA, 0xD6BA,
    0xD6BA, 0xDEDA, 0xA513, 0x0000, 0x0000, 0x0000, 0x0000, 0x0000, 0x0000, 0x0000, 0x0000, 0x0000,
    0x0000, 0x0000, 0x0000, 0x0000, 0x0000, 0x0000, 0x0000, 0x0000, 0x0000, 0xA3E2, 0xF624, 0xEDC1,
    0xE580, 0xE580, 0xE580, 0xE580, 0xE580, 0xE5A0, 0xE581, 0xE5A1, 0xE5A1, 0xE5A0, 0xEDE1, 0xB461,
    0x3920, 0x0000, 0x73CD, 0xD67A, 0xD6BB, 0xD6B9, 0xD6B9, 0xD699, 0xD69A, 0xD6BA, 0xD6BA, 0xD6BA,
    0xD6BB, 0xD6BA, 0xD69A, 0xD69A, 0xD6BA, 0xD69A, 0xD69A, 0xD6BA, 0xD6BA, 0xD6BA, 0xD6BA, 0xD6BA,
    0xD6BA, 0xD6BA, 0xDEBA, 0xD6BA, 0xD6BA, 0xD6BA, 0xD6BA, 0xD6BA, 0xD6BA, 0xD6BA, 0xD6BA, 0xD6BA,
    0xD6BA, 0xD6BA, 0xD6BA, 0xD6BA, 0xD6BA, 0xD6BA, 0xD6BA, 0xD6BA, 0xD6BA, 0xD6BA, 0xD6BA, 0xD6BA,
    0xD6BA, 0xD6BA, 0xD6BA, 0xD6BA, 0xD6BA, 0xD6BA, 0xD6BA, 0xD6BA, 0xD6BA, 0xD6BA, 0xD6BA, 0xD6BA,
    0xD6BA, 0xD6BA, 0xD6BA, 0xD6BA, 0xD6BA, 0xD6BA, 0xCE79, 0x52AA, 0x0000, 0x0000, 0x0000, 0x0000,
    0x0000, 0x0000, 0x0000, 0x0000, 0x0000, 0x0000, 0x0000, 0x0000, 0x0000, 0x0000, 0x0000, 0x0000,
    0x0000, 0x0000, 0xBC83, 0xF604, 0xE580, 0xE5A0, 0xE5A0, 0xE5A0, 0xE580, 0xE581, 0xE581, 0xE5A1,
    0xEDA1, 0xEDA1, 0xDD42, 0x59E0, 0x0000, 0x5ACA, 0xCE58, 0xCEBA, 0xD69A, 0xD6BA, 0xD6BA, 0xD6BA,
    0xD6BA, 0xD6BA, 0xD6BA, 0xD6BA, 0xD6BA, 0xD6BA, 0xD6BA, 0xD6BA, 0xD6BA, 0xD69A, 0xD69A, 0xD6BA,
    0xD6BA, 0xD6BA, 0xD6BA, 0xD6BA, 0xD6BA, 0xD6BA, 0xD6BA, 0xD6BA, 0xD6BA, 0xD6BA, 0xD6BA, 0xD6BA,
    0xD6BA, 0xD6BA, 0xD6BA, 0xD6BA, 0xD6BA, 0xD6BA, 0xD6BA, 0xD69A, 0xD69A, 0xD6BA, 0xD6BA, 0xD6BA,
    0xD6BA, 0xD6BA, 0xD6BA, 0xD6BA, 0xD6BA, 0xD6BA, 0xD6BA, 0xD6BA, 0xD6BA, 0xD6BA, 0xD6BA, 0xD6BA,
    0xD6BA, 0xD6BA, 0xD6BA, 0xD6BA, 0xD6BA, 0xD6BA, 0xD6BA, 0xD6BA, 0xD6BA, 0xD6BA, 0xE71C, 0x6B4D,
    0x0000, 0x0000, 0x0000, 0x0000, 0x0000, 0x0000, 0x0000, 0x0000, 0x0000, 0x0000, 0x0000, 0x0000,
    0x0000, 0x0000, 0x0000, 0x0000, 0x0000, 0x0000, 0x51A0, 0xCCE3, 0xEE02, 0xEDC0, 0xE580, 0xED80,
    0xE580, 0xE580, 0xE580, 0xE581, 0xEDA1, 0xEDC2, 0x8B61, 0x0000, 0x0000, 0xAD75, 0xDEFB, 0xD6B9,
    0xD6BA, 0xD6BA, 0xD6BA, 0xD6BA, 0xD6BA, 0xD6BA, 0xD6BA, 0xD6BA, 0xD6BA, 0xD6BA, 0xD6BA, 0xD6BA,
    0xD6BA, 0xD6BA, 0xD6BA, 0xD6BA, 0xD6BA, 0xD6BA, 0xD6BA, 0xD6BA, 0xD6BA, 0xD6BA, 0xD6BA, 0xD6BA,
    0xD6BA, 0xD6BA, 0xD6BA, 0xD6BA, 0xD6BA, 0xD6BA, 0xD6BA, 0xD69A, 0xD6BA, 0xD6BA, 0xD6BA, 0xD6BA,
    0xD69A, 0xD6BA, 0xD6BA, 0xD6BA, 0xD6BA, 0xD6BA, 0xD6BA, 0xD6BA, 0xD6BA, 0xD6BA, 0xD6BA, 0xD6BA,
    0xD6BA, 0xD6BA, 0xD6BA, 0xD6BA, 0xD6BA, 0xD6BA, 0xD6BA, 0xD6BA, 0xD6BA, 0xD6BA, 0xD6BA, 0xD6BA,
    0xD6BA, 0xD69A, 0xDEDB, 0x73AE, 0x0000, 0x0000, 0x0000, 0x0000, 0x0000, 0x0000, 0x0000, 0x0000,
    0x0000, 0x0000, 0x0000, 0x0000, 0x0000, 0x0000, 0x0000, 0x0000, 0x0000, 0x0000, 0x0000, 0x49A0,
    0xC502, 0xF601, 0xEDA1, 0xED80, 0xE580, 0xE580, 0xE580, 0xE5A0, 0xEDE1, 0xD4E1, 0x4180, 0x0000,
    0x6B6D, 0xDEDB, 0xD6B9, 0xD6B8, 0xD6BA, 0xD6BA, 0xD69A, 0xD6BA, 0xD699, 0xD6BA, 0xD6BA, 0xD6BA,
    0xD6BA, 0xD6BA, 0xD6B9, 0xD6BA, 0xD6BA, 0xD6BA, 0xD6BA, 0xD6BA, 0xD6BA, 0xD6BA, 0xD6BA, 0xD6BA,
    0xD6BA, 0xD6BA, 0xD69A, 0xD6BA, 0xD6BA, 0xD6BA, 0xD6BA, 0xD6BA, 0xD6BA, 0xD6BA, 0xD6BA, 0xD6BA,
    0xD6BA, 0xD6BA, 0xD6BA, 0xD69A, 0xD69A, 0xD6BA, 0xD6BA, 0xD6BA, 0xD6BA, 0xD6BA, 0xD6BA, 0xD6BA,
    0xD6BA, 0xD6BA, 0xD6BA, 0xD6BA, 0xD6BA, 0xD6BA, 0xD6BA, 0xD6BA, 0xD6BA, 0xD6BA, 0xD6BA, 0xD6BA,
    0xD6BA, 0xD6BA, 0xD6BA, 0xD6BA, 0xD6BA, 0xD69A, 0xDEDA, 0x8C50, 0x0000, 0x0000, 0x0000, 0x0000,
    0x0000, 0x0000, 0x0000, 0x0000, 0x0000, 0x0000, 0x0000, 0x0000, 0x0000, 0x0000, 0x0000, 0x0000,
    0x0000, 0x0000, 0x0000, 0x0000, 0x51A0, 0xCCC2, 0xF5C3, 0xED80, 0xEDA0, 0xEDA0, 0xEDA0, 0xEDA0,
    0xF5E1, 0x9B61, 0x0000, 0x0000, 0xAD54, 0xD6BB, 0xD699, 0xD6B9, 0xD6BA, 0xD6BA, 0xD6BA, 0xD6BA,
    0xD6BA, 0xD6BA, 0xD6BA, 0xD6BA, 0xD6BA, 0xD6BA, 0xD6BA, 0xD6BA, 0xD6BA, 0xD6BA, 0xD6BA, 0xD6BA,
    0xD6BA, 0xD6BA, 0xD6BA, 0xD6BA, 0xD6BA, 0xD69A, 0xD699, 0xD6BA, 0xD6BA, 0xD6BA, 0xD6BA, 0xD6BA,
    0xD6BA, 0xD6BA, 0xD6BA, 0xD6BA, 0xD6BA, 0xD6BA, 0xD6BA, 0xD69A, 0xD69A, 0xD6BA, 0xD6BA, 0xD6BA,
    0xD6BA, 0xD6BA, 0xD6BA, 0xD6BA, 0xD6BA, 0xDEDA, 0xD6BA, 0xD6BA, 0xD6BA, 0xD6BA, 0xD6BA, 0xD6BA,
    0xD6BA, 0xD6BA, 0xD6BA, 0xD6BA, 0xD6BA, 0xD6BA, 0xD6BA, 0xD6BA, 0xD69A, 0xD699, 0xDEDA, 0x94B2,
    0x0000, 0x0000, 0x0000, 0x0000, 0x0000, 0x0000, 0x0000, 0x0000, 0x0000, 0x0000, 0x0000, 0x0000,
    0x0000, 0x0000, 0x0000, 0x0000, 0x0000, 0x0000, 0x0000, 0x0000, 0x0000, 0x4940, 0xC484, 0xFDE5,
    0xEDA2, 0xED80, 0xEDA0, 0xEE00, 0xDDA2, 0x6221, 0x0000, 0x52A8, 0xD699, 0xD67A, 0xDE9A, 0xDEBA,
    0xD6B9, 0xCEB9, 0xD6BA, 0xD6BA, 0xD6BA, 0xD6BA, 0xD6BA, 0xD6BA, 0xD6BA, 0xD6BA, 0xD6BA, 0xD6BA,
    0xD6BA, 0xD6BA, 0xD6BA, 0xD6BA, 0xD6BA, 0xD6BA, 0xD6BA, 0xD6BA, 0xD6BA, 0xD6BA, 0xD6BA, 0xD6BA,
    0xD6BA, 0xD6BA, 0xD6BA, 0xD6BA, 0xD6BA, 0xD6BA, 0xD6BA, 0xD6BA, 0xD6BA, 0xD6BA, 0xD6BA, 0xD6BA,
    0xD6BA, 0xD69A, 0xD6BA, 0xD6BA, 0xD6BA, 0xD6BA, 0xD6BA, 0xD6BA, 0xD6BA, 0xD6BA, 0xD6BA, 0xD6BA,
    0xD6BA, 0xD6BA, 0xD6BA, 0xD6BA, 0xD6BA, 0xD6BA, 0xD6BA, 0xD6BA, 0xD6BA, 0xD6BA, 0xD6BA, 0xD6BA,
    0xD6BA, 0xD699, 0xDEFA, 0x94B2, 0x0000, 0x0000, 0x0000, 0x0000, 0x0000, 0x0000, 0x0000, 0x0000,
    0x0000, 0x0000, 0x0000, 0x0000, 0x0000, 0x0000, 0x0000, 0x0000, 0x0000, 0x0000, 0x0000, 0x0000,
    0x0000, 0x0000, 0x0000, 0x9B43, 0xED64, 0xFE03, 0xF5C1, 0xEDC0, 0xAC40, 0x0000, 0x0000, 0x6BED,
    0xD6FA, 0xD699, 0xDE9A, 0xD699, 0xD6B9, 0xD6B9, 0xD6BA, 0xD6BA, 0xD6BA, 0xD6BA, 0xD6BA, 0xD6BA,
    0xD69A, 0xD6BA, 0xDEBA, 0xD6BA, 0xD6BA, 0xD6BA, 0xD6BA, 0xD6BA, 0xD6BA, 0xD6DA, 0xD6BA, 0xD6BA,
    0xD6BA, 0xD6BA, 0xD6BA, 0xD6BA, 0xD6BA, 0xD6BA, 0xD6BA, 0xD6BA, 0xD6BA, 0xD6BA, 0xD6BA, 0xD6BA,
    0xD6BA, 0xD6BA, 0xD6BA, 0xD6BA, 0xD69A, 0xD6BA, 0xD6BA, 0xD6BA, 0xD6BA, 0xD6BA, 0xD6BA, 0xD6BA,
    0xD6BA, 0xD6BA, 0xD6BA, 0xD6BA, 0xD6BA, 0xD6BA, 0xD6BA, 0xD6BA, 0xD6BA, 0xD6BA, 0xD6BA, 0xD6BA,
    0xD6BA, 0xD6BA, 0xD6BA, 0xD6BA, 0xD6BA, 0xD699, 0xDEDA, 0x9CD2, 0x0000, 0x0000, 0x0000, 0x0000,
    0x0000, 0x0000, 0x0000, 0x0000, 0x0000, 0x0000, 0x0000, 0x0000, 0x0000, 0x0000, 0x0000, 0x0000,
    0x0000, 0x0000, 0x0000, 0x0000, 0x0000, 0x0000, 0x0000, 0x0000, 0x6A20, 0xBC44, 0xED65, 0xFE26,
    0x9382, 0x0000, 0x0000, 0x94B2, 0xDEBB, 0xD6B9, 0xDE9A, 0xD6BA, 0xD6BA, 0xD6BA, 0xD6BA, 0xD6BA,
    0xD6BA, 0xD6BA, 0xD6BA, 0xD6BA, 0xD6BA, 0xD6BA, 0xDEBA, 0xD6BA, 0xD6BA, 0xD6BA, 0xD6BA, 0xD6BA,
    0xD6BA, 0xD6BA, 0xD6BA, 0xD6BA, 0xD6BA, 0xD6BA, 0xD6BA, 0xD6BA, 0xD6BA, 0xD6BA, 0xD6BA, 0xD6BA,
    0xD6BA, 0xD6BA, 0xD6BA, 0xD6BA, 0xD6BA, 0xD6BA, 0xD6BA, 0xD6BA, 0xD6BA, 0xD6BA, 0xD6BA, 0xD6BA,
    0xD6BA, 0xD6BA, 0xD6BA, 0xD6BA, 0xD6BA, 0xD6BA, 0xD6BA, 0xD6BA, 0xD6BA, 0xD6BA, 0xD6BA, 0xD6BA,
    0xD6BA, 0xD6BA, 0xD6BA, 0xD6BA, 0xD6BA, 0xD6BA, 0xD6BA, 0xD6BA, 0xD6BA, 0xD69A, 0xDEFB, 0x94B2,
    0x0000, 0x0000, 0x0000, 0x0000, 0x0000, 0x0000, 0x0000, 0x0000, 0x0000, 0x0000, 0x0000, 0x0000,
    0x0000, 0x0000, 0x0000, 0x0000, 0x0000, 0x0000, 0x0000, 0x0000, 0x0000, 0x0000, 0x0000, 0x0000,
    0x0000, 0x0000, 0x7281, 0xAC24, 0x6241, 0x0000, 0x39C7, 0xA534, 0xDEFB, 0xD6BA, 0xD6BA, 0xD6B9,
    0xD6BA, 0xD6BA, 0xD6BA, 0xD69A, 0xD69A, 0xD69A, 0xD6BA, 0xD6BA, 0xD6BA, 0xD6BA, 0xD6BA, 0xD6BA,
    0xD6BA, 0xD6BA, 0xD6BA, 0xD6BA, 0xD6BA, 0xD6BA, 0xD6BA, 0xD6BA, 0xD6BA, 0xD69A, 0xD6BA, 0xD6BA,
    0xD6BA, 0xD6BA, 0xD6BA, 0xD6BA, 0xD6BA, 0xD6BA, 0xD6BA, 0xD6BA, 0xD6BA, 0xD6BA, 0xD6BA, 0xD6BA,
    0xD6BA, 0xD6BA, 0xD6BA, 0xD6BA, 0xD6BA, 0xD6BA, 0xD6BA, 0xD6BA, 0xD6BA, 0xD6BA, 0xD6BA, 0xD6BA,
    0xD6BA, 0xD6BA, 0xD6BA, 0xD6BA, 0xD6BA, 0xD6BA, 0xD6BA, 0xD6BA, 0xD6BA, 0xD6BA, 0xD6BA, 0xD6BA,
    0xD6BA, 0xD6BA, 0xE71C, 0x9CF3, 0x0000, 0x0000, 0x0000, 0x0000, 0x0000, 0x0000, 0x0000, 0x0000,
    0x0000, 0x0000, 0x0000, 0x0000, 0x0000, 0x0000, 0x0000, 0x0000, 0x0000, 0x0000, 0x0000, 0x0000,
    0x0000, 0x0000, 0x0000, 0x0000, 0x0000, 0x0000, 0x0000, 0x0000, 0x0000, 0x0000, 0x7BEF, 0xD6BA,
    0xD6DA, 0xD6BA, 0xD6BA, 0xD6B9, 0xD6B9, 0xD6BA, 0xD69A, 0xD69A, 0xD69A, 0xD6BA, 0xD6BA, 0xD6BA,
    0xD6BA, 0xD6BA, 0xD6BA, 0xD6BA, 0xD6BA, 0xD6BA, 0xD6BA, 0xD6BA, 0xD6BA, 0xD6BA, 0xD6BA, 0xD6BA,
    0xD6BA, 0xD69A, 0xD6BA, 0xD6BA, 0xD6BA, 0xD6BA, 0xD6BA, 0xD6BA, 0xD6BA, 0xD6BA, 0xD6BA, 0xD6BA,
    0xD6BA, 0xD6BA, 0xD6BA, 0xD6BA, 0xD6BA, 0xD6BA, 0xD6BA, 0xD6BA, 0xD6BA, 0xD6BA, 0xD6BA, 0xD6BA,
    0xD6BA, 0xD6BA, 0xD6BA, 0xD6BA, 0xD6BA, 0xD6BA, 0xD6BA, 0xD6BA, 0xD6BA, 0xD6BA, 0xD6BA, 0xD6BA,
    0xD6BA, 0xD6BA, 0xD6BA, 0xD6BA, 0xD6BA, 0xD6BA, 0xDEDB, 0xCE58, 0x6B4C, 0x0000, 0x0000, 0x0000,
    0x0000, 0x0000, 0x0000, 0x0000, 0x0000, 0x0000, 0x0000, 0x0000, 0x0000, 0x0000, 0x0000, 0x0000,
    0x0000, 0x0000, 0x0000, 0x0000, 0x0000, 0x0000, 0x0000, 0x0000, 0x0000, 0x0000, 0x0000, 0x0000,
    0x8C71, 0xCE58, 0xD6BA, 0xD6BA, 0xD6BA, 0xD6BA, 0xD6BA, 0xD6BA, 0xD6BA, 0xD6B9, 0xD6BA, 0xD6BA,
    0xD6BA, 0xD6BA, 0xD6BA, 0xD6BA, 0xD6BA, 0xD6BA, 0xD6BA, 0xD6BA, 0xD6BA, 0xD6BA, 0xD6BA, 0xD6BA,
    0xD6BA, 0xD6BA, 0xD6BA, 0xD6BA, 0xD6BA, 0xD6BA, 0xD6BA, 0xD6BA, 0xD6BA, 0xD6BA, 0xD6BA, 0xD6BA,
    0xD6BA, 0xD6BA, 0xD6BA, 0xD6BA, 0xD6BA, 0xD6BA, 0xD6BA, 0xD6BA, 0xD6BA, 0xD6BA, 0xD6BA, 0xD6BA,
    0xD6BA, 0xD6BA, 0xD6BA, 0xD6BA, 0xD6BA, 0xD6BA, 0xD6BA, 0xD6BA, 0xD6BA, 0xD6BA, 0xD6BA, 0xD6BA,
    0xD6BA, 0xD6BA, 0xD6BA, 0xD6BA, 0xD69A, 0xD6BA, 0xD6BA, 0xD6BA, 0xD6BA, 0xDEDB, 0xD6BA, 0xD6BA,
    0xDEDA, 0xB596, 0x4A48, 0x0000, 0x0000, 0x0000, 0x0000, 0x0000, 0x0000, 0x0000, 0x0000, 0x0000,
    0x0000, 0x0000, 0x0000, 0x0000, 0x0000, 0x0000, 0x0000, 0x0000, 0x0000, 0x0000, 0x0000, 0x0000,
    0x0000, 0x0000, 0x5ACB, 0xBDF8, 0xDEDB, 0xD6B9, 0xDEBA, 0xDEBA, 0xD6BA, 0xD6BA, 0xD6BA, 0xD6BA,
    0xD6BA, 0xD6BA, 0xD6BA, 0xD6BA, 0xD6BA, 0xD6BA, 0xD6BA, 0xD6BA, 0xD6BA, 0xD6BA, 0xD6BA, 0xD6BA,
    0xD6BA, 0xD6BA, 0xD6BA, 0xD6BA, 0xD6BA, 0xD6BA, 0xD6BA, 0xD6BA, 0xD6BA, 0xD6BA, 0xD6BA, 0xD6BA,
    0xD6BA, 0xD6BA, 0xD6BA, 0xD6BA, 0xD6BA, 0xD6BA, 0xD6BA, 0xD6BA, 0xD6BA, 0xD6BA, 0xD6BA, 0xD6BA,
    0xD6BA, 0xD6BA, 0xD6BA, 0xD6BA, 0xD6BA, 0xD6BA, 0xD6BA, 0xD6BA, 0xD6BA, 0xD6BA, 0xD6BA, 0xD6BA,
    0xD6BA, 0xD6BA, 0xD6BA, 0xD6BA, 0xD6BA, 0xD6BA, 0xD6BA, 0xD69A, 0xD6BA, 0xD6BA, 0xD6BA, 0xD6BA,
    0xD6BA, 0xD6BA, 0xD6BA, 0xDEDB, 0xD6BA, 0xD6BA, 0xCE58, 0x6B4C, 0x0000, 0x0000, 0x0000, 0x0000,
    0x0000, 0x0000, 0x0000, 0x0000, 0x0000, 0x0000, 0x0000, 0x0000, 0x0000, 0x0000, 0x0000, 0x0000,
    0x0000, 0x0000, 0x0000, 0x0000, 0x0000, 0x7BCF, 0xCE79, 0xDEFB, 0xD6BA, 0xDEDA, 0xDEBA, 0xDE9A,
    0xDEBA, 0xDEBA, 0xD6BA, 0xD6BA, 0xD6BA, 0xD6BA, 0xD6BA, 0xD69A, 0xD6BA, 0xD6BA, 0xD6BA, 0xD6BA,
    0xD6BA, 0xD6BA, 0xD6BA, 0xD6BA, 0xD6BA, 0xD6BA, 0xD6BA, 0xD6BA, 0xD6BA, 0xD6BA, 0xD6BA, 0xD6BA,
    0xD6BA, 0xD6BA, 0xD6BA, 0xD6BA, 0xD6BA, 0xD6BA, 0xD6BA, 0xD6BA, 0xD6BA, 0xD6BA, 0xD6BA, 0xD69A,
    0xD6BA, 0xD6BA, 0xD6BA, 0xD6BA, 0xD6BA, 0xD6BA, 0xD6BA, 0xD6BA, 0xD6BA, 0xD6BA, 0xD6BA, 0xD6BA,
    0xD6BA, 0xD6BA, 0xD6BA, 0xD6BA, 0xD6BA, 0xD6BA, 0xD6DA, 0xD6BA, 0xD6BA, 0xD6BA, 0xD6BA, 0xD6BA,
    0xD6BA, 0xD6BA, 0xD6BA, 0xD6BA, 0xD6BA, 0xD6BA, 0xDEDA, 0xD6BA, 0xD6BA, 0xD6BA, 0xDEDB, 0xD6BA,
    0x7BEF, 0x0000, 0x0000, 0x0000, 0x0000, 0x0000, 0x0000, 0x0000, 0x0000, 0x0000, 0x0000, 0x0000,
    0x0000, 0x0000, 0x0000, 0x0000, 0x0000, 0x0000, 0x0000, 0x0000, 0x7BEF, 0xD69A, 0xDEDA, 0xD6DA,
    0xD6BA, 0xD6BA, 0xDEBA, 0xDE9B, 0xD6BA, 0xD6BA, 0xDEBA, 0xDEBB, 0xD6BA, 0xD6BA, 0xD6BA, 0xD69A,
    0xD6BA, 0xD69A, 0xD6BA, 0xD6BA, 0xD6BA, 0xD6BA, 0xD6BA, 0xD6BA, 0xD6BA, 0xD6BA, 0xD6BA, 0xD6BA,
    0xD6BA, 0xD6BA, 0xD6BA, 0xD6BA, 0xD6BA, 0xD6BA, 0xD6BA, 0xD6BA, 0xD6BA, 0xD6BA, 0xD6BA, 0xD6BA,
    0xD6BA, 0xD6BA, 0xD6BA, 0xD6BA, 0xD6BA, 0xD6BA, 0xD6BA, 0xD6BA, 0xD6BA, 0xD6BA, 0xD6BA, 0xD6BA,
    0xD6BA, 0xD6BA, 0xD6BA, 0xD6BA, 0xD6BA, 0xD6BA, 0xD6BA, 0xD6BA, 0xD6BA, 0xD6BA, 0xDEDB, 0xDEDA,
    0xD6BA, 0xD6BA, 0xD6BA, 0xD6BA, 0xD6BA, 0xD6BA, 0xD6BA, 0xD6BA, 0xD6BA, 0xD6BA, 0xD6BA, 0xD6BA,
    0xD6BA, 0xD6BA, 0xD69A, 0xDEDB, 0xD69A, 0x738E, 0x0000, 0x0000, 0x0000, 0x0000, 0x0000, 0x0000,
    0x0000, 0x0000, 0x0000, 0x0000, 0x0000, 0x0000, 0x0000, 0x0000, 0x0000, 0x0000, 0x0000, 0x6B2C,
    0xCE79, 0xDEDA, 0xD6BA, 0xD6BA, 0xDEBA, 0xD6BA, 0xD6BA, 0xD6BA, 0xD6BA, 0xD6BA, 0xD6BA, 0xD6BA,
    0xD6BA, 0xD6BA, 0xD6BA, 0xD6BA, 0xD6BA, 0xD6BA, 0xD6BA, 0xD6BA, 0xD6BA, 0xD6BA, 0xD6BA, 0xD6BA,
    0xD6BA, 0xD6BA, 0xD6BA, 0xD6BA, 0xD6BA, 0xD6BA, 0xD6BA, 0xD6BA, 0xD6BA, 0xD6BA, 0xD6BA, 0xDEDA,
    0xDEDA, 0xDEDA, 0xD6BA, 0xD6BA, 0xDEDA, 0xD6BA, 0xD6BA, 0xD6BA, 0xD6BA, 0xD6BA, 0xD6BA, 0xD6BA,
    0xD6BA, 0xD6BA, 0xD6BA, 0xD6BA, 0xD6BA, 0xD6BA, 0xD6BA, 0xD6BA, 0xD6BA, 0xD6BA, 0xD6BA, 0xD6BA,
    0xD6BA, 0xD6BA, 0xD6DA, 0xDEDA, 0xD6DA, 0xD6BA, 0xD6BA, 0xD6BA, 0xD6BA, 0xD6BA, 0xD6BA, 0xD6BA,
    0xD6BA, 0xD6BA, 0xD6BA, 0xD6BA, 0xD6BA, 0xD6BA, 0xD6BA, 0xD69A, 0xD69A, 0xCE59, 0x528A, 0x0000,
    0x0000, 0x0000, 0x0000, 0x0000, 0x0000, 0x0000, 0x0000, 0x0000, 0x0000, 0x0000, 0x0000, 0x0000,
    0x0000, 0x0000, 0x39C7, 0xCE38, 0xDEDB, 0xD699, 0xD6BA, 0xD6DA, 0xD6B9, 0xD6BA, 0xD6BA, 0xD6BA,
    0xD6BA, 0xD6BA, 0xD6BA, 0xD6BA, 0xD6BA, 0xD6BA, 0xD6BA, 0xD6BA, 0xD6BA, 0xD6BA, 0xD6BA, 0xD6BA,
    0xD6BA, 0xD6BA, 0xD6BA, 0xD6BA, 0xD6BA, 0xD6BA, 0xD6BA, 0xD6BA, 0xD69A, 0xD6BA, 0xD6BA, 0xD6BA,
    0xD6BA, 0xD6BA, 0xD6BA, 0xD6BA, 0xD6BA, 0xD6BA, 0xD6BA, 0xD6BA, 0xD6BA, 0xD6BA, 0xD6BA, 0xD6BA,
    0xD6BA, 0xD69A, 0xD6BA, 0xD6BA, 0xD6BA, 0xD6BA, 0xD6BA, 0xD6BA, 0xD6BA, 0xD6BA, 0xD6BA, 0xD6BA,
    0xD6BA, 0xD6BA, 0xD6BA, 0xD6BA, 0xD6BA, 0xD6BA, 0xD6BA, 0xD6BA, 0xD6BA, 0xD6BA, 0xD6BA, 0xD6BA,
    0xD6BA, 0xD6BA, 0xD6BA, 0xD6BA, 0xD6BA, 0xD6BA, 0xD6BA, 0xD6BA, 0xD6BA, 0xD6BA, 0xD6BA, 0xD6BA,
    0xD6BA, 0xDEFB, 0xB595, 0x0000, 0x0000, 0x0000, 0x0000, 0x0000, 0x0000, 0x0000, 0x0000, 0x0000,
    0x0000, 0x0000, 0x0000, 0x0000, 0x0000, 0x0000, 0xA513, 0xD6BA, 0xD6BA, 0xD6BA, 0xD6BA, 0xD6B9,
    0xD6BA, 0xD6BA, 0xD6BA, 0xD6BA, 0xD6BA, 0xD6BA, 0xD6BA, 0xD6BA, 0xD6BA, 0xD6BA, 0xD6BA, 0xD6BA,
    0xD6BA, 0xD6BA, 0xD6BA, 0xD6BA, 0xD69A, 0xD6BA, 0xD6BA, 0xD6BA, 0xD6BA, 0xD6BA, 0xD6BA, 0xD6BA,
    0xD6BA, 0xD6BA, 0xD69A, 0xD69A, 0xD6BA, 0xD69A, 0xD69A, 0xD69A, 0xD6BA, 0xD6BA, 0xD6BA, 0xD6BA,
    0xD6BA, 0xD6BA, 0xD6BA, 0xD6BA, 0xD6BA, 0xD6BA, 0xD6BA, 0xD6BA, 0xD6BA, 0xD6BA, 0xD6BA, 0xD6BA,
    0xD6BA, 0xD6BA, 0xD6BA, 0xD6BA, 0xD6BA, 0xD6BA, 0xD6BA, 0xD6BA, 0xD6BA, 0xD6BA, 0xD6BA, 0xD6BA,
    0xD6BA, 0xD6BA, 0xD6BA, 0xD6BA, 0xD6BA, 0xD6BA, 0xD6BA, 0xD6BA, 0xD6BA, 0xD6BA, 0xD6BA, 0xD6BA,
    0xD6BA, 0xD6BA, 0xD6BA, 0xD6BA, 0xD6BA, 0xD6BA, 0xD6BA, 0x8410, 0x0000, 0x0000, 0x0000, 0x0000,
    0x0000, 0x0000, 0x0000, 0x0000, 0x0000, 0x0000, 0x0000, 0x0000, 0x0000, 0x4A49, 0xD699, 0xD6DB,
    0xD6BA, 0xD6BA, 0xD6BA, 0xD6BA, 0xD6BA, 0xD6BA, 0xD6BA, 0xD6BA, 0xD6BA, 0xD6DA, 0xD6BA, 0xD6BA,
    0xD6BA, 0xD6BA, 0xD6BA, 0xD6BA, 0xD6BA, 0xD6BA, 0xD6BA, 0xD69A, 0xD69A, 0xD69A, 0xD6BA, 0xD6BA,
    0xD6BA, 0xD6BA, 0xD6BA, 0xD6BA, 0xD6BA, 0xD6BA, 0xD69A, 0xD69A, 0xD69A, 0xD69A, 0xD69A, 0xD6BA,
    0xD6BA, 0xD6BA, 0xD6BA, 0xD6BA, 0xD6BA, 0xD6BA, 0xD6BA, 0xD69A, 0xD6BA, 0xD6BA, 0xD6BA, 0xD6BA,
    0xD6BA, 0xD6BA, 0xD6BA, 0xD6BA, 0xD6BA, 0xD6BA, 0xD6BA, 0xD6BA, 0xD6BA, 0xD6BA, 0xD6BA, 0xD6BA,
    0xD6BA, 0xD6BA, 0xD6BA, 0xD6BA, 0xD6BA, 0xD6BA, 0xD6BA, 0xD6BA, 0xD6BA, 0xD6BA, 0xD6BA, 0xD6BA,
    0xD6BA, 0xD6BA, 0xD6BA, 0xD6BA, 0xD6BA, 0xD6BA, 0xD6BA, 0xD6BA, 0xDEDB, 0xCE99, 0xDEDA, 0xBDF7,
    0x0000, 0x0000, 0x0000, 0x0000, 0x0000, 0x0000, 0x0000, 0x0000, 0x0000, 0x0000, 0x0000, 0x0000,
    0x0000, 0x8C71, 0xDEDB, 0xD6BA, 0xD6BB, 0xD69A, 0xD69A, 0xD6BA, 0xD6BA, 0xD6BA, 0xD6BA, 0xD6BA,
    0xD6BA, 0xD6BA, 0xD6BA, 0xD6BA, 0xD6BA, 0xD6BA, 0xD6BA, 0xD6BA, 0xD6BA, 0xD6BA, 0xD6BA, 0xD6BA,
    0xD69A, 0xD6BA, 0xD6BA, 0xD6BA, 0xD6BA, 0xD6BA, 0xD6BA, 0xD6BA, 0xD6BA, 0xD6BA, 0xD6BA, 0xD69A,
    0xD6BA, 0xD69A, 0xD6BA, 0xD6BA, 0xD6BA, 0xD6BA, 0xD6BA, 0xD6BA, 0xD6BA, 0xD6BA, 0xD69A, 0xD6BA,
    0xD6BA, 0xD6BA, 0xD6BA, 0xD6BA, 0xD6BA, 0xD6BA, 0xD6BA, 0xD6BA, 0xD6BA, 0xD6BA, 0xD6BA, 0xD6BA,
    0xD6BA, 0xD6BA, 0xD6BA, 0xD6BA, 0xD6BA, 0xD6BA, 0xD6BA, 0xD6BA, 0xD6BA, 0xD6BA, 0xD6BA, 0xD6BA,
    0xD6BA, 0xD6BA, 0xD6BA, 0xD6BA, 0xD6BA, 0xD6BA, 0xD6BA, 0xD6BA, 0xD6BA, 0xD6BA, 0xD6BB, 0xD6BA,
    0xDEDA, 0xD6BA, 0xDEBA, 0xD69A, 0x6B6D, 0x0000, 0x0000, 0x0000, 0x0000, 0x0000, 0x0000, 0x0000,
    0x0000, 0x0000, 0x0000, 0x0000, 0x39C7, 0xBDD7, 0xDEDA, 0xD6BA, 0xD6BA, 0xD6BA, 0xD6BA, 0xD6BA,
    0xD6BA, 0xD6BA, 0xD6BA, 0xD6BA, 0xD6BA, 0xD6BA, 0xD6BA, 0xD6BA, 0xD6BA, 0xD6BA, 0xD6BA, 0xD6BA,
    0xD6BA, 0xD6BA, 0xD6BA, 0xD6BA, 0xD69A, 0xD6BA, 0xD6BA, 0xD6BA, 0xD6BA, 0xD6BA, 0xD6BA, 0xD6BA,
    0xD6BA, 0xD6BA, 0xD6BA, 0xD6BA, 0xD6BA, 0xD6BA, 0xD6BA, 0xD6BA, 0xD6BA, 0xD6BA, 0xD6BA, 0xD6BA,
    0xD6BA, 0xD6BA, 0xD6BA, 0xD6BA, 0xD6BA, 0xD6BA, 0xD6BA, 0xD6BA, 0xD6BA, 0xD6BA, 0xD6BA, 0xD6BA,
    0xD6BA, 0xD6BA, 0xD69A, 0xD6BA, 0xD69A, 0xD6BA, 0xD6BA, 0xD6BA, 0xD6BA, 0xD6BA, 0xD6BA, 0xD6BA,
    0xD6BA, 0xD6BA, 0xD6BA, 0xD6BA, 0xD6BA, 0xD6BA, 0xD6BA, 0xD6BA, 0xD6BA, 0xD6BA, 0xD6BA, 0xD6BA,
    0xD6BA, 0xD6BA, 0xDEDA, 0xDEDB, 0xDEDB, 0xD6BA, 0xD6BA, 0xDEFB, 0x9CF3, 0x0000, 0x0000, 0x0000,
    0x0000, 0x0000, 0x0000, 0x0000, 0x0000, 0x0000, 0x0000, 0x0000, 0x5ACB, 0xD69A, 0xD6BA, 0xD6BA,
    0xD6BA, 0xD6BA, 0xD6BA, 0xD6BA, 0xD6BA, 0xD6BA, 0xD6BA, 0xDEBA, 0xD6BA, 0xD6BA, 0xD6BA, 0xD6BA,
    0xD6BA, 0xD6BA, 0xD6BA, 0xD6BA, 0xD6BA, 0xD6BA, 0xD6BA, 0xD6BA, 0xD699, 0xD69A, 0xD69A, 0xD6BA,
    0xD6BA, 0xD6BA, 0xD6BA, 0xD6BA, 0xD6BA, 0xD6BA, 0xD6BA, 0xD6BA, 0xD6BA, 0xD6BA, 0xD6BA, 0xD6BA,
    0xD6BA, 0xD6BA, 0xD6BA, 0xD6BA, 0xD6BA, 0xD6BA, 0xD6BA, 0xD6BA, 0xD6BA, 0xD6BA, 0xD6BA, 0xD6BA,
    0xD6BA, 0xD6BA, 0xD6BA, 0xD6BA, 0xD6BA, 0xD6BA, 0xD6BA, 0xD6BA, 0xD6BA, 0xD6BA, 0xD6BA, 0xD6BA,
    0xD6BA, 0xD6BA, 0xD6BA, 0xD6BA, 0xD6BA, 0xD6BA, 0xD69A, 0xD6BA, 0xD6BA, 0xD6BA, 0xD6BA, 0xD6BA,
    0xD6BA, 0xD6BA, 0xD6BA, 0xD6BA, 0xD6BA, 0xD6BA, 0xD6BA, 0xD6BA, 0xD6BA, 0xD6BB, 0xD6BA, 0xDEFB,
    0xBDD7, 0x39C6, 0x0000, 0x0000, 0x0000, 0x0000, 0x0000, 0x0000, 0x0000, 0x0000, 0x0000, 0x0000,
    0x6B6D, 0xE71C, 0xD6BA, 0xD6BA, 0xD6BA, 0xD6BA, 0xD6BA, 0xD6BA, 0xD6BA, 0xD6BA, 0xD6BA, 0xD6BA,
    0xD6BA, 0xD6BA, 0xD6BA, 0xD6BA, 0xD6BA, 0xD6BA, 0xD6BA, 0xD6BA, 0xD6BA, 0xD6BA, 0xD6BA, 0xD6BA,
    0xD69A, 0xD69A, 0xD69A, 0xD6BA, 0xD6BA, 0xD6BA, 0xD6BA, 0xD6BA, 0xD6BA, 0xD6BA, 0xD6BA, 0xD6BA,
    0xD6BA, 0xD6BA, 0xD6BA, 0xD6BA, 0xD6BA, 0xD6BA, 0xD6BA, 0xD6BA, 0xD6BA, 0xD6BA, 0xD6BA, 0xD6BA,
    0xD6BA, 0xD6BA, 0xD6BA, 0xD6BA, 0xD6BA, 0xD6BA, 0xD6BA, 0xD6BA, 0xD6BA, 0xD6BA, 0xD6BA, 0xD6BA,
    0xD6BA, 0xD6BA, 0xD6BA, 0xD6BA, 0xD6BA, 0xD6BA, 0xD6BA, 0xD6BA, 0xD69A, 0xD6BA, 0xD6BA, 0xD69A,
    0xD6BA, 0xD6BA, 0xD6BA, 0xD6BA, 0xD6BA, 0xD6BA, 0xD6BA, 0xD6BA, 0xD6BA, 0xD6BA, 0xD6BA, 0xD6BB,
    0xD6BA, 0xD6BA, 0xD6BA, 0xDEBA, 0xD679, 0x4A69, 0x0000, 0x0000, 0x0000, 0x0000, 0x0000, 0x0000,
    0x0000, 0x0000, 0x0000, 0x0000, 0x73AE, 0xDEFB, 0xD6BA, 0xD6BA, 0xD6BA, 0xD6BA, 0xD6BA, 0xD6BA,
    0xD6BA, 0xD6BA, 0xD6BA, 0xD69A, 0xD6BA, 0xD6BA, 0xD6BA, 0xD6BA, 0xD6BA, 0xD6BA, 0xD6BA, 0xD6BA,
    0xD6BA, 0xD6BA, 0xD6BA, 0xD6BA, 0xD69A, 0xD6BA, 0xD6BA, 0xD6BA, 0xD6BA, 0xD6BA, 0xD6BA, 0xD6BA,
    0xD6BA, 0xD6BA, 0xD6BA, 0xD6BA, 0xD6BA, 0xD6BA, 0xD6BA, 0xD6BA, 0xD6BA, 0xD6BA, 0xD6BA, 0xD6BA,
    0xD6BA, 0xD6BA, 0xD6BA, 0xD6BA, 0xD6BA, 0xD6BA, 0xD6BA, 0xD6BA, 0xDEDB, 0xD6DA, 0xD6BA, 0xD6BA,
    0xD6BA, 0xD6BA, 0xD6BA, 0xD6BA, 0xD6BA, 0xD6BA, 0xD69A, 0xD6BA, 0xD6BA, 0xD6BA, 0xD6BA, 0xD6BA,
    0xD6BA, 0xD6BA, 0xD6BA, 0xD6BA, 0xD6BA, 0xD6BA, 0xD6BA, 0xD6BA, 0xD6BA, 0xD6BA, 0xD6BA, 0xD6BA,
    0xD6BA, 0xD6BA, 0xD6BA, 0xD6BA, 0xD6BA, 0xD6BA, 0xD6BA, 0xD6BA, 0xD69A, 0x5ACA, 0x0000, 0x0000,
    0x0000, 0x0000, 0x0000, 0x0000, 0x0000, 0x0000, 0x0000, 0x0000, 0x7BEF, 0xDEDB, 0xD6BA, 0xD6BA,
    0xD6BA, 0xD6BA, 0xD6BA, 0xD6BA, 0xD6BA, 0xD6BA, 0xD6BA, 0xD6BA, 0xD6BA, 0xD6BA, 0xD6BA, 0xD6BA,
    0xD6BA, 0xD6BA, 0xD6BA, 0xD6BA, 0xD6BA, 0xD6BA, 0xD6BA, 0xD6BA, 0xD6BA, 0xD6BA, 0xD6BA, 0xD6BA,
    0xD6BA, 0xD6BA, 0xD6BA, 0xD6BA, 0xD6BA, 0xD6BA, 0xD6BA, 0xD6BA, 0xD6BA, 0xD6BA, 0xD6BA, 0xD6BA,
    0xD6BA, 0xD6BA, 0xD6BA, 0xD6BA, 0xD6BA, 0xD6BA, 0xD6BA, 0xD6BA, 0xD6BA, 0xD6BA, 0xD6BA, 0xD6BA,
    0xD6BA, 0xD6BA, 0xD6BA, 0xD6BA, 0xD6BA, 0xD6BA, 0xD6BA, 0xD6BA, 0xD6BA, 0xD6BA, 0xD6BA, 0xD6BA,
    0xD69A, 0xD6BA, 0xD6BA, 0xD6BA, 0xD6BA, 0xD6BA, 0xD6BA, 0xD6BA, 0xD6BA, 0xD6BA, 0xD6BA, 0xD6BA,
    0xD6BA, 0xD6BA, 0xD6BA, 0xD6BA, 0xD6BA, 0xD6BA, 0xD6BA, 0xD6BA, 0xD6BB, 0xD6BA, 0xD6BA, 0xDEDB,
    0xDEDB, 0x6B2C, 0x0000, 0x0000, 0x0000, 0x0000, 0x0000, 0x0000, 0x0000, 0x0000, 0x0000, 0x0000,
    0x8410, 0xDEFB, 0xD6BA, 0xD6BA, 0xD6BA, 0xD6BA, 0xD6BA, 0xD6BA, 0xD6BA, 0xD6BA, 0xD6BA, 0xD6BA,
    0xD6BA, 0xD6BA, 0xD6BA, 0xD6BA, 0xD6BA, 0xD6BA, 0xD6BA, 0xD6BA, 0xD6BA, 0xD6BA, 0xD6BA, 0xD6BA,
    0xD69A, 0xD6BA, 0xD6BA, 0xD6BA, 0xD6BA, 0xD6BA, 0xD6BA, 0xD6BA, 0xD6BA, 0xD69A, 0xD6BA, 0xD6BA,
    0xD6BA, 0xD6BA, 0xD6BA, 0xD6BA, 0xD6BA, 0xD6BA, 0xD6BA, 0xD6BA, 0xD6BA, 0xD6BA, 0xD6BA, 0xD6BA,
    0xD6BA, 0xD6BA, 0xD6BA, 0xD6BA, 0xD6BA, 0xD6BA, 0xD6BA, 0xD6BA, 0xD6BA, 0xD6BA, 0xD6BA, 0xD6BA,
    0xD6BA, 0xD6BA, 0xD6BA, 0xD6BA, 0xD6BA, 0xD6BA, 0xD6BA, 0xD6BA, 0xD6BA, 0xD6BA, 0xD6BA, 0xD6BA,
    0xD6BA, 0xD6BA, 0xD6BA, 0xD6BA, 0xD6BA, 0xD6BA, 0xD6BA, 0xD6BA, 0xD6BA, 0xD6BA, 0xD6BA, 0xD6BA,
    0xD6BA, 0xD6BA, 0xD6BA, 0xD6BA, 0xDEFB, 0x6B6D, 0x0000, 0x0000, 0x0000, 0x0000, 0x0000, 0x0000,
    0x0000, 0x0000, 0x0000, 0x0000, 0x7BEF, 0xDEDB, 0xD6BA, 0xD6BA, 0xD6BA, 0xD6BA, 0xD6BA, 0xD6BA,
    0xD6BA, 0xD6BA, 0xD6BA, 0xD6BA, 0xD6BA, 0xD6BA, 0xD6BA, 0xD6BA, 0xD6BA, 0xD6BA, 0xD6BA, 0xD6BA,
    0xD6BA, 0xD6BA, 0xD6BA, 0xD6BA, 0xD6BA, 0xD6BA, 0xD6BA, 0xD6BA, 0xD6BA, 0xD6BA, 0xD6BA, 0xD6BA,
    0xD6BA, 0xD6BA, 0xD6BA, 0xD6BA, 0xD6BA, 0xD6BA, 0xD6BA, 0xD6BA, 0xD6BA, 0xD6BA, 0xD6BA, 0xD6BA,
    0xD6BA, 0xD6BA, 0xD6BA, 0xD6BA, 0xD6BA, 0xD6BA, 0xD6BA, 0xD6BA, 0xD6BA, 0xD6BA, 0xD6BA, 0xD6BA,
    0xD6BA, 0xD6BA, 0xD6BA, 0xD6BA, 0xD6BA, 0xD6BA, 0xD6BA, 0xD6BA, 0xD6BA, 0xD6BA, 0xD6BA, 0xD6BA,
    0xD6BA, 0xD6BA, 0xD6BA, 0xD6BA, 0xD6BA, 0xD6BA, 0xD6BA, 0xD6BA, 0xD6BA, 0xD6BA, 0xD6BA, 0xD6BA,
    0xD6BA, 0xD6BA, 0xD6BA, 0xD6BA, 0xD6BA, 0xD6BA, 0xD6BA, 0xD6BA, 0xD6BA, 0x6B6D, 0x0000, 0x0000,
    0x0000, 0x0000, 0x0000, 0x0000, 0x0000, 0x0000, 0x0000, 0x0000, 0x738E, 0xDEFB, 0xDEDB, 0xD6BA,
    0xD6BA, 0xD6BA, 0xD6BA, 0xD6BA, 0xD6BA, 0xD6BA, 0xD6BA, 0xD6BA, 0xD6BA, 0xD6BA, 0xD6BA, 0xD6BA,
    0xD6BA, 0xD6BA, 0xD6BA, 0xD6BA, 0xD6BA, 0xD69A, 0xD6BA, 0xD6BA, 0xD6BA, 0xD6BA, 0xD6BA, 0xD6BA,
    0xD6BA, 0xD6BA, 0xD6BA, 0xD69A, 0xD69A, 0xD6BA, 0xD6BA, 0xD6BA, 0xD6BA, 0xD6BA, 0xD6BA, 0xD6BA,
    0xD6BA, 0xD6BA, 0xD6BA, 0xD69A, 0xD6BA, 0xD6BA, 0xD6BA, 0xD6BA, 0xD6BA, 0xD6BA, 0xD6BA, 0xD6BA,
    0xD6BA, 0xD6BA, 0xD6BA, 0xD6BA, 0xD6BA, 0xD6BA, 0xD6BA, 0xD6BA, 0xD6BA, 0xD6BA, 0xD6BA, 0xD6BA,
    0xD6BA, 0xD6BA, 0xD6BA, 0xD6BA, 0xD6BA, 0xD6BA, 0xD6BA, 0xD6BA, 0xD6BA, 0xD6BA, 0xD6BA, 0xD6BA,
    0xD6BA, 0xD6BA, 0xD6BA, 0xD6BA, 0xD6BA, 0xD6BA, 0xD6BA, 0xD6BA, 0xD6BA, 0xD6BA, 0xD6BA, 0xD6BA,
    0xDEDB, 0x632C, 0x0000, 0x0000, 0x0000, 0x0000, 0x0000, 0x0000, 0x0000, 0x0000, 0x0000, 0x0000,
    0x6B4D, 0xE71C, 0xDEBA, 0xD6BA, 0xD6B9, 0xD6BA, 0xD6BA, 0xD6BA, 0xD6BA, 0xD6BA, 0xD6BA, 0xD6BA,
    0xD6BA, 0xD6BA, 0xD6BA, 0xD6BA, 0xD6BA, 0xD6BA, 0xD6BA, 0xD6BA, 0xD6BA, 0xD6BA, 0xD6BA, 0xD6BA,
    0xD6BA, 0xD6BA, 0xD6BA, 0xD6BA, 0xD6BA, 0xD6BA, 0xD6BA, 0xD6BA, 0xD69A, 0xD6BA, 0xD6BA, 0xD6BA,
    0xD6BA, 0xD6BA, 0xD6BA, 0xD6BA, 0xD6BA, 0xD6BA, 0xD6BA, 0xD6BA, 0xD6BA, 0xD6BA, 0xD6BA, 0xD6BA,
    0xD6BA, 0xD6BA, 0xD6BA, 0xD6BA, 0xD6BA, 0xD6BA, 0xD6BA, 0xD6BA, 0xD6BA, 0xD6BA, 0xD6BA, 0xD6BA,
    0xD6BA, 0xD6BA, 0xD6BA, 0xD6BA, 0xD6BA, 0xD6BA, 0xD6BA, 0xD6BA, 0xD6BA, 0xD6BA, 0xD69A, 0xD6BA,
    0xD6BA, 0xD6BA, 0xD6BA, 0xD6BA, 0xD6BA, 0xD6BA, 0xD6BA, 0xD6BA, 0xD6BA, 0xD6BA, 0xD6BA, 0xD6BA,
    0xD6BA, 0xD6BA, 0xD6BA, 0xD6BA, 0xDEDB, 0x52AA, 0x0000, 0x0000, 0x0000, 0x0000, 0x0000, 0x0000,
    0x0000, 0x0000, 0x0000, 0x0000, 0x4228, 0xCE59, 0xDEDA, 0xD6BA, 0xD6BA, 0xD6BA, 0xD6BA, 0xD6BA,
    0xD6BA, 0xD6BA, 0xD6BA, 0xD6BA, 0xD6BA, 0xD6BA, 0xD6BA, 0xD6BA, 0xD6BA, 0xD6BA, 0xD6BA, 0xD6BA,
    0xD6BA, 0xD6BA, 0xD6BA, 0xD6BA, 0xD6BA, 0xD6BA, 0xD6BA, 0xD6BA, 0xD6BA, 0xD6BA, 0xD6BA, 0xD6BA,
    0xD6BA, 0xD6BA, 0xD6BA, 0xD6BA, 0xD6BA, 0xD6BA, 0xD6BA, 0xD6BA, 0xD6BA, 0xD6BA, 0xD6BA, 0xD6BA,
    0xD6BA, 0xD6BA, 0xD6BA, 0xD6BA, 0xD6BA, 0xD6BA, 0xD6BA, 0xD6BA, 0xD6BA, 0xD6BA, 0xD6BA, 0xD6BA,
    0xD6BA, 0xD6BA, 0xD6BA, 0xD6BA, 0xD6BA, 0xD6BA, 0xD6BA, 0xD6BA, 0xD6BA, 0xD6BA, 0xD6BA, 0xD6BA,
    0xD6BA, 0xD6BA, 0xD69A, 0xD6BA, 0xD6BA, 0xD6BA, 0xD6BA, 0xD6BA, 0xD6BA, 0xD6BA, 0xD6BA, 0xD6BA,
    0xD6BA, 0xD6BA, 0xD6BA, 0xD6BA, 0xD6BA, 0xD6BA, 0xD6BA, 0xD6BA, 0xBDD6, 0x39C6, 0x0000, 0x0000,
    0x0000, 0x0000, 0x0000, 0x0000, 0x0000, 0x0000, 0x0000, 0x0000, 0x0000, 0xA534, 0xE6FC, 0xD6BA,
    0xD6BA, 0xD6BA, 0xD6BA, 0xD6BA, 0xD6BA, 0xD6BA, 0xD6BA, 0xD6BA, 0xD6BA, 0xD6BA, 0xD6BA, 0xD6BA,
    0xD6BA, 0xD6BA, 0xD6BA, 0xD6BA, 0xD6BA, 0xD6BA, 0xD6BA, 0xD6BA, 0xD6BA, 0xD6BA, 0xD6BA, 0xD6BA,
    0xD6BA, 0xD6BA, 0xD6BA, 0xD6BA, 0xD6BA, 0xD6BA, 0xD6BA, 0xD6BA, 0xD6BA, 0xD6BA, 0xD6BA, 0xD6BA,
    0xD6BA, 0xD6BA, 0xD6BA, 0xD6BA, 0xD6BA, 0xD6BA, 0xD6BA, 0xD6BA, 0xD6BA, 0xD6BA, 0xD6BA, 0xD6BA,
    0xD6BA, 0xD6BA, 0xD6BA, 0xD6BA, 0xD6BA, 0xD6BA, 0xD6BA, 0xD6BA, 0xD6BA, 0xD6BA, 0xD6BA, 0xD6BA,
    0xD6BA, 0xD6BA, 0xD6BA, 0xD6BA, 0xD69A, 0xD6BA, 0xD6BA, 0xD69A, 0xD6BA, 0xD6BA, 0xD6BA, 0xD6BA,
    0xD6BA, 0xD6BA, 0xD6BA, 0xD6BA, 0xD6BA, 0xD6BA, 0xD6BA, 0xDEDB, 0xD6BA, 0xD6BA, 0xD6BA, 0xDEFB,
    0x94B2, 0x0000, 0x0000, 0x0000, 0x0000, 0x0000, 0x0000, 0x0000, 0x0000, 0x0000, 0x0000, 0x0000,
    0x0000, 0x6B4D, 0xE71C, 0xD6BA, 0xD6BA, 0xD6BA, 0xD6BA, 0xD6BA, 0xD6BA, 0xD6BA, 0xD6BA, 0xD6BA,
    0xD6BA, 0xD6BA, 0xD6BA, 0xD6BA, 0xD6BA, 0xD6BA, 0xD6BA, 0xD6BA, 0xD6BA, 0xD6BA, 0xD6BA, 0xD6BA,
    0xD6BA, 0xD6BA, 0xD6BA, 0xD6BA, 0xD6BA, 0xD6BA, 0xD6BA, 0xD6BA, 0xD6BA, 0xD6BA, 0xD6BA, 0xD6BA,
    0xD6BA, 0xD6BA, 0xD6BA, 0xD6BA, 0xD6BA, 0xD6BA, 0xD6BA, 0xD6BA, 0xD6BA, 0xD6BA, 0xD6BA, 0xD6BA,
    0xD6BA, 0xD6BA, 0xD6BA, 0xD6BA, 0xD6BA, 0xD6BA, 0xD6BA, 0xD6BA, 0xD6BA, 0xD69A, 0xD6BA, 0xD6BA,
    0xD6BA, 0xD6BA, 0xD6BA, 0xD6BA, 0xD6BA, 0xD6BA, 0xD6BA, 0xD69A, 0xD69A, 0xD6BA, 0xD6BA, 0xD6BA,
    0xD6BA, 0xD6BA, 0xD6BA, 0xD6BA, 0xD6BA, 0xD6BA, 0xD6BA, 0xD6BA, 0xD6BA, 0xD6BA, 0xD6BA, 0xD6BA,
    0xDEDB, 0xDEDB, 0xDEDA, 0xD6BA, 0x5AEB, 0x0000, 0x0000, 0x0000, 0x0000, 0x0000, 0x0000, 0x0000,
    0x0000, 0x0000, 0x0000, 0x0000, 0x0000, 0x31A6, 0xC638, 0xDEDB, 0xD6BA, 0xD6BA, 0xD6BA, 0xD6BA,
    0xD6BA, 0xD6BA, 0xD6BA, 0xD6BA, 0xD6BA, 0xD6BA, 0xD6BA, 0xD6BA, 0xD6BA, 0xD6BA, 0xD6BA, 0xD6BA,
    0xD6BA, 0xD6BA, 0xD6BA, 0xD6BA, 0xD6BA, 0xD6BA, 0xD6BA, 0xD6BA, 0xD6BA, 0xD69A, 0xD6BA, 0xD6BA,
    0xD6BA, 0xD6DA, 0xD6BA, 0xD6BA, 0xD6BA, 0xD6BB, 0xD6BA, 0xD69A, 0xD6BA, 0xD6BA, 0xD6BA, 0xD6BA,
    0xD6BA, 0xD6BA, 0xD6BA, 0xD6BA, 0xD6BA, 0xD6BA, 0xD6BA, 0xD6BA, 0xD6BA, 0xD6BA, 0xD6BA, 0xD6BA,
    0xD6BA, 0xD69A, 0xD6BA, 0xD6BA, 0xD6BA, 0xD69A, 0xD6BA, 0xD6BA, 0xD6BA, 0xD6BA, 0xD6BA, 0xD69A,
    0xD69A, 0xD6BA, 0xD6BA, 0xD6BA, 0xD6BA, 0xD6BA, 0xD6BA, 0xD6BA, 0xD6BA, 0xD6BA, 0xD6BA, 0xD6BA,
    0xD6BA, 0xD6DA, 0xD6BA, 0xD6BA, 0xDEBB, 0xD6BB, 0xDEFB, 0xAD34, 0x0000, 0x0000, 0x0000, 0x0000,
    0x0000, 0x0000, 0x0000, 0x0000, 0x0000, 0x0000, 0x0000, 0x0000, 0x0000, 0x0000, 0x632C, 0xDEFB,
    0xDEDA, 0xDEDA, 0xD6BA, 0xD6BA, 0xD6BA, 0xD6BA, 0xD6BA, 0xD6BA, 0xD6BA, 0xD6BA, 0xD6BA, 0xD6BA,
    0xD6BA, 0xD6BA, 0xD6BA, 0xD6BA, 0xD6BA, 0xD6BA, 0xD6BA, 0xD6BA, 0xD6BA, 0xD6BA, 0xD6BA, 0xD6BA,
    0xD6BA, 0xD6BA, 0xD6BA, 0xD6BA, 0xD6BA, 0xD6BA, 0xD6BA, 0xD6BA, 0xD6BA, 0xD6BA, 0xD6BA, 0xD6BA,
    0xD6BA, 0xD6BA, 0xD6BA, 0xD6BA, 0xD6BA, 0xD6BA, 0xD6BA, 0xD6BA, 0xD6BA, 0xD69A, 0xD6BA, 0xD6BA,
    0xD6BA, 0xD6BA, 0xD6BA, 0xD6BA, 0xD6BA, 0xD6BA, 0xD6BA, 0xD6BA, 0xD6BA, 0xD69A, 0xD6BA, 0xD6BA,
    0xD6BA, 0xD6BA, 0xD6BA, 0xD6BA, 0xD69A, 0xD6BA, 0xD6BA, 0xD6BA, 0xD6BA, 0xD6BA, 0xDEDA, 0xD6BA,
    0xD6BA, 0xD6BA, 0xD6BA, 0xD6BA, 0xD6BA, 0xD6BA, 0xD6BB, 0xDEBB, 0xD6BA, 0xD6BA, 0xD69A, 0x5AEB,
    0x0000, 0x0000, 0x0000, 0x0000, 0x0000, 0x0000, 0x0000, 0x0000, 0x0000, 0x0000, 0x0000, 0x0000,
    0x0000, 0x0000, 0x0000, 0x9CD3, 0xDEFB, 0xDEDB, 0xDEDB, 0xD6BA, 0xD6BA, 0xDEBA, 0xD6BA, 0xD6BA,
    0xD6BA, 0xD6BA, 0xD6BA, 0xD6BA, 0xD6BA, 0xD6BA, 0xD6BA, 0xD6BA, 0xD6BA, 0xD6BA, 0xD6BA, 0xD6BA,
    0xD6BA, 0xD6BA, 0xD6BA, 0xD6BA, 0xD69A, 0xD6BA, 0xD6BA, 0xD6BA, 0xD6BA, 0xD6BA, 0xD6BA, 0xD6BA,
    0xD6BA, 0xD6BA, 0xD6BA, 0xD6BA, 0xD6BA, 0xD6BA, 0xD6BA, 0xD6BA, 0xD6BA, 0xD6BA, 0xD6BA, 0xD69A,
    0xD6BA, 0xD6BA, 0xD6BA, 0xD6BA, 0xD6BA, 0xD6BA, 0xD6BA, 0xD6BA, 0xD6BA, 0xD6BA, 0xD6BA, 0xD69A,
    0xD6BA, 0xD6BA, 0xD6BA, 0xD6BA, 0xD6BA, 0xD6BA, 0xD6BA, 0xD6BA, 0xD6BA, 0xD6BA, 0xD6BA, 0xD6BA,
    0xD6BA, 0xD6BA, 0xD6BA, 0xD6BA, 0xD6BA, 0xD6BA, 0xD6BA, 0xD6BA, 0xD6BA, 0xD6BA, 0xD6BB, 0xD6BA,
    0xD6BA, 0xDEDB, 0x94B2, 0x0000, 0x0000, 0x0000, 0x0000, 0x0000, 0x0000, 0x0000, 0x0000, 0x0000,
    0x0000, 0x0000, 0x0000, 0x0000, 0x0000, 0x0000, 0x0000, 0x0000, 0xAD75, 0xDEFB, 0xD6BA, 0xDEDB,
    0xDEDB, 0xDEDB, 0xD6BA, 0xD6BA, 0xD6BA, 0xD6BA, 0xD6BA, 0xD6BA, 0xD6BA, 0xD6BA, 0xD6BA, 0xD6BA,
    0xD6DA, 0xD6DA, 0xD6BA, 0xD6BA, 0xD6BA, 0xD6BA, 0xD6BA, 0xD6BA, 0xD6BA, 0xD6BA, 0xD6BA, 0xD6BA,
    0xD6BA, 0xD6BA, 0xD6BA, 0xD6BA, 0xD6BA, 0xD6BA, 0xD6BA, 0xD6BA, 0xD6BA, 0xD6BA, 0xD6BA, 0xD6BA,
    0xD6BA, 0xD6BA, 0xD6BA, 0xD6BA, 0xD6BA, 0xD6BA, 0xD6BA, 0xD6BA, 0xD6BA, 0xD6BA, 0xD6BA, 0xD6BA,
    0xD6BA, 0xD6BA, 0xD6BA, 0xD69A, 0xD6BA, 0xD6BA, 0xD6BA, 0xD6BA, 0xD6BA, 0xD6BA, 0xD6BA, 0xD6BA,
    0xD6BA, 0xD6BA, 0xD6BA, 0xD6BA, 0xD6BA, 0xD6BA, 0xD6BA, 0xD6BA, 0xD6BA, 0xD6BA, 0xD6BA, 0xD6BA,
    0xD6BA, 0xD6BA, 0xDEBB, 0xD6BB, 0xDEDB, 0xA534, 0x0000, 0x0000, 0x0000, 0x0000, 0x0000, 0x0000,
    0x0000, 0x0000, 0x0000, 0x0000, 0x0000, 0x0000, 0x0000, 0x0000, 0x0000, 0x0000, 0x0000, 0x0000,
    0x0000, 0xA514, 0xE71C, 0xD6BB, 0xD6BA, 0xDEDB, 0xDEDB, 0xD6BA, 0xD6BA, 0xD6BB, 0xD6BA, 0xD6BA,
    0xD6BA, 0xD6BA, 0xD6BA, 0xD6BA, 0xD6BA, 0xD6BA, 0xDEDA, 0xD6BA, 0xD6BA, 0xD6BA, 0xD6BA, 0xD6BA,
    0xD6BA, 0xD6BA, 0xD6BA, 0xD6BA, 0xD6BA, 0xD6BA, 0xD6BA, 0xD6BA, 0xD6BA, 0xD6BA, 0xD6BA, 0xDEDA,
    0xD6BA, 0xD6BA, 0xD6BA, 0xD6BA, 0xD6BA, 0xD6BA, 0xD6BA, 0xD6BA, 0xD6BA, 0xD6BA, 0xD6BA, 0xD6BA,
    0xD6BA, 0xD6BB, 0xD6BB, 0xD6BB, 0xDEDB, 0xDEDA, 0xD6BA, 0xD6BA, 0xD6BA, 0xD6BA, 0xD6BA, 0xD6BA,
    0xD6BA, 0xD6BA, 0xD6BA, 0xD6BA, 0xD6BA, 0xD6BA, 0xD6BA, 0xD6BA, 0xD6BA, 0xD6BA, 0xDEBB, 0xD6BA,
    0xD6BA, 0xD6BA, 0xD6BA, 0xD6BA, 0xD6BA, 0xD6DA, 0xD69A, 0xD69A, 0xB595, 0x31C6, 0x0000, 0x0000,
    0x0000, 0x0000, 0x0000, 0x0000, 0x0000, 0x0000, 0x0000, 0x0000, 0x0000, 0x0000, 0x0000, 0x0000,
    0x0000, 0x0000, 0x0000, 0x0000, 0x0000, 0x0000, 0x8410, 0xD6BA, 0xE71C, 0xD6BB, 0xD6BA, 0xD6DA,
    0xDEDB, 0xD6BB, 0xD6BA, 0xD6BA, 0xD6BB, 0xD6DB, 0xD6BA, 0xD6BA, 0xD6BA, 0xD6BA, 0xDEDB, 0xD6BA,
    0xD6DB, 0xD6BA, 0xD6BA, 0xD6BA, 0xD6BA, 0xD6BA, 0xD6BA, 0xD6BA, 0xD6BA, 0xD6BA, 0xD69A, 0xD6BA,
    0xD6BA, 0xD6BA, 0xD6BA, 0xD6BA, 0xD6BA, 0xD6BA, 0xD6BA, 0xD6BA, 0xD6BA, 0xD6BA, 0xD6BA, 0xD6BA,
    0xD6BA, 0xD6BA, 0xD6BA, 0xD6BA, 0xD6BA, 0xD6BB, 0xD6BB, 0xD6BB, 0xD6BB, 0xDEDA, 0xD6BA, 0xD6BA,
    0xD6BA, 0xD6BA, 0xD6BA, 0xD6BA, 0xD6BA, 0xD6BA, 0xD6BA, 0xD6BA, 0xD6BA, 0xD6BA, 0xD6BA, 0xD6BA,
    0xD6BA, 0xD6BA, 0xD6BA, 0xD6BA, 0xD6BA, 0xD6BA, 0xD6DA, 0xD6BA, 0xD699, 0xD6BA, 0xDEDB, 0x94B2,
    0x0000, 0x0000, 0x0000, 0x0000, 0x0000, 0x0000, 0x0000, 0x0000, 0x0000, 0x0000, 0x0000, 0x0000,
    0x0000, 0x0000, 0x0000, 0x0000, 0x0000, 0x0000, 0x0000, 0x0000, 0x0000, 0x0000, 0x0000, 0x5ACB,
    0xA535, 0xDEDB, 0xE75C, 0xDEDB, 0xD6BA, 0xD6BB, 0xD6BA, 0xD6BA, 0xD6BA, 0xD6BA, 0xD6BA, 0xD6BA,
    0xD6BA, 0xD6BA, 0xD6BA, 0xD6BA, 0xD6BA, 0xD6BA, 0xD6BA, 0xD6BA, 0xD6BA, 0xD6BA, 0xD6BA, 0xD69A,
    0xD6BA, 0xD6BA, 0xD69A, 0xD6BA, 0xD6BA, 0xD6BA, 0xD6BA, 0xD6BA, 0xD6BA, 0xD6BA, 0xD6BA, 0xD6BA,
    0xD6BA, 0xD6BA, 0xD6BA, 0xD6BA, 0xD6BA, 0xD6BA, 0xD6BA, 0xD6BA, 0xD6BA, 0xD6BA, 0xD6BA, 0xD6BA,
    0xD6BA, 0xD6BA, 0xD69A, 0xD69A, 0xD6BA, 0xD6BA, 0xD6BA, 0xD6BA, 0xD6BA, 0xD6BA, 0xD6BA, 0xD6BA,
    0xD6BA, 0xD6BA, 0xD69A, 0xD69A, 0xD6BA, 0xD6BA, 0xD6BA, 0xD6BA, 0xD6BA, 0xD699, 0xD6BA, 0xE71C,
    0xE71C, 0xBDD7, 0x6B6D, 0x0000, 0x0000, 0x0000, 0x0000, 0x0000, 0x0000, 0x0000, 0x0000, 0x0000,
    0x0000, 0x0000, 0x0000, 0x0000, 0x0000, 0x0000, 0x0000, 0x0000, 0x0000, 0x0000, 0x0000, 0x0000,
    0x0000, 0x0000, 0x0000, 0x0000, 0x0000, 0x632C, 0x94B2, 0xBDF7, 0xDEDB, 0xDEFC, 0xE71C, 0xE71C,
    0xE71C, 0xE71C, 0xDEFB, 0xDF1C, 0xE71C, 0xE71C, 0xDF1C, 0xE71C, 0xE71C, 0xE71C, 0xE71C, 0xE71C,
    0xE73C, 0xE71C, 0xE71C, 0xE71B, 0xE71B, 0xE71C, 0xE71C, 0xE71C, 0xE71C, 0xE73C, 0xE71C, 0xE71C,
    0xE71C, 0xE71C, 0xE71C, 0xE71C, 0xE73C, 0xE71C, 0xE71C, 0xE71C, 0xE71C, 0xE71C, 0xE71C, 0xE71C,
    0xE71C, 0xE71C, 0xE71C, 0xE73C, 0xE71C, 0xE71C, 0xE71C, 0xE71C, 0xE71C, 0xE71C, 0xE71C, 0xE71C,
    0xE71C, 0xE71C, 0xE73C, 0xE73C, 0xE71C, 0xE71C, 0xE71C, 0xE71C, 0xE71C, 0xE71C, 0xE71C, 0xE73D,
    0xE73C, 0xDEFB, 0xCE59, 0x9CF3, 0x6B6E, 0x31C7, 0x0000, 0x0000, 0x0000, 0x0000, 0x0000, 0x0000,
    0x0000, 0x0000, 0x0000, 0x0000, 0x0000, 0x0000, 0x0000, 0x0000, 0x0000, 0x0000, 0x0000, 0x0000,
    0x0000, 0x0000, 0x0000, 0x0000, 0x0000, 0x0000, 0x0000, 0x0000, 0x0000, 0x0000, 0x0000, 0x3A08,
    0x6B4D, 0x7BCF, 0x8451, 0x9CF3, 0x9D14, 0x8C91, 0x8430, 0x8430, 0x8C51, 0x8C51, 0x8C71, 0x8C51,
    0x8C71, 0x8C71, 0x8C71, 0x8C71, 0x8C71, 0x8C71, 0x8C71, 0x8C71, 0x8C71, 0x8C71, 0x8C71, 0x8C72,
    0x8C72, 0x8C71, 0x8C71, 0x8C71, 0x8C91, 0x8C91, 0x8C92, 0x8C72, 0x8C72, 0x8C71, 0x8C71, 0x8C71,
    0x8C51, 0x8C72, 0x8C71, 0x8C51, 0x8C71, 0x8C51, 0x8C51, 0x8C71, 0x8C71, 0x8C71, 0x8C51, 0x8C71,
    0x8C71, 0x8C71, 0x8C71, 0x8C51, 0x8C71, 0x8C71, 0x8C71, 0x8C71, 0x8C71, 0x8C51, 0x8C71, 0x8C71,
    0x8C92, 0x9CF3, 0x8C71, 0x8431, 0x7BCF, 0x632C, 0x4A69, 0x0000, 0x0000, 0x0000, 0x0000, 0x0000,
    0x0000, 0x0000, 0x0000, 0x0000, 0x0000, 0x0000, 0x0000, 0x0000, 0x0000, 0x0000, 0x0000, 0x0000,
    0x0000, 0x0000, 0x0000, 0x0000, 0x0000, 0x0000, 0x0000, 0x0000, 0x0000, 0x0000, 0x0000, 0x0000,
    0x0000, 0x0000, 0x0000, 0x0000, 0x0000, 0x0000, 0x0000, 0x0000, 0x0000, 0x0000, 0x0000, 0x0000,
    0x0000, 0x0000, 0x0000, 0x0000, 0x0000, 0x0000, 0x0000, 0x0000, 0x0000, 0x0000, 0x0000, 0x0000,
    0x0000, 0x0000, 0x0000, 0x0000, 0x0000, 0x0000, 0x0000, 0x0000, 0x0000, 0x0000, 0x0000, 0x0000,
    0x0000, 0x0000, 0x0000, 0x0000, 0x0000, 0x0000, 0x0000, 0x0000, 0x0000, 0x0000, 0x0000, 0x0000,
    0x0000, 0x0000, 0x0000, 0x0000, 0x0000, 0x0000, 0x0000, 0x0000, 0x0000, 0x0000, 0x0000, 0x0000,
    0x0000, 0x0000, 0x0000, 0x0000, 0x0000, 0x0000, 0x0000, 0x0000, 0x0000, 0x0000, 0x0000, 0x0000,
    0x0000, 0x0000, 0x0000, 0x0000, 0x0000, 0x0000, 0x0000, 0x0000, 0x0000, 0x0000, 0x0000, 0x0000,
    0x0000, 0x0000, 0x0000, 0x0000, 0x0000, 0x0000, 0x0000, 0x0000, 0x0000, 0x0000, 0x0000, 0x0000,
    0x0000, 0x0000, 0x0000, 0x0000, 0x0000, 0x0000, 0x0000, 0x0000, 0x0000, 0x0000, 0x0000, 0x0000,
    0x0000, 0x0000, 0x0000, 0x0000, 0x0000, 0x0000, 0x0000, 0x0000, 0x0000, 0x0000, 0x0000, 0x0000,
    0x0000, 0x0000, 0x0000, 0x0000, 0x0000, 0x0000, 0x0000, 0x0000, 0x0000, 0x0000, 0x0000, 0x0000,
    0x0000, 0x0000, 0x0000, 0x0000, 0x0000, 0x0000, 0x0000, 0x0000, 0x0000, 0x0000, 0x0000, 0x0000,
    0x0000, 0x0000, 0x0000, 0x0000, 0x0000, 0x0000, 0x0000, 0x0000, 0x0000, 0x0000, 0x0000, 0x0000,
    0x0000, 0x0000, 0x0000, 0x0000, 0x0000, 0x0000, 0x0000, 0x0000, 0x0000, 0x0000, 0x0000, 0x0000,
    0x0000, 0x0000, 0x0000, 0x0000, 0x0000, 0x0000, 0x0000, 0x0000, 0x0000, 0x0000, 0x0000, 0x0000,
    0x0000, 0x0000, 0x0000, 0x0000, 0x0000, 0x0000, 0x0000, 0x0000, 0x0000, 0x0000, 0x0000, 0x0000,
    0x0000, 0x0000, 0x0000, 0x0000, 0x0000, 0x0000, 0x0000, 0x0000, 0x0000, 0x0000, 0x0000, 0x0000,
    0x0000, 0x0000, 0x0000, 0x0000, 0x0000, 0x0000, 0x0000, 0x0000, 0x0000, 0x0000, 0x0000, 0x0000,
    0x0000, 0x0000, 0x0000, 0x0000, 0x0000, 0x0000, 0x0000, 0x0000, 0x0000, 0x0000, 0x0000, 0x0000,
    0x0000, 0x0000, 0x0000, 0x0000, 0x0000, 0x0000, 0x0000, 0x0000, 0x0000, 0x0000, 0x0000, 0x0000,
    0x0000, 0x0000, 0x0000, 0x0000, 0x0000, 0x0000, 0x0000, 0x0000, 0x0000, 0x0000, 0x0000, 0x0000,
    0x0000, 0x0000, 0x0000, 0x0000, 0x0000, 0x0000, 0x0000, 0x0000, 0x0000, 0x0000, 0x0000, 0x0000,
    0x0000, 0x0000, 0x0000, 0x0000, 0x0000, 0x0000, 0x0000, 0x0000, 0x0000, 0x0000, 0x0000, 0x0000,
    0x0000, 0x0000, 0x0000, 0x0000, 0x0000, 0x0000, 0x0000, 0x0000, 0x0000, 0x0000, 0x0000, 0x0000,
    0x0000, 0x0000, 0x0000, 0x0000, 0x0000, 0x0000, 0x0000, 0x0000, 0x0000, 0x0000, 0x0000, 0x0000,
    0x0000, 0x0000, 0x0000, 0x0000, 0x0000, 0x0000, 0x0000, 0x0000, 0x0000, 0x0000, 0x0000, 0x0000,
    0x0000, 0x0000, 0x0000, 0x0000, 0x0000, 0x0000, 0x0000, 0x0000, 0x0000, 0x0000, 0x0000, 0x0000,
    0x0000, 0x0000, 0x0000, 0x0000, 0x0000, 0x0000, 0x0000, 0x0000, 0x0000, 0x0000, 0x0000, 0x0000,
    0x0000, 0x0000, 0x0000, 0x0000, 0x0000, 0x0000, 0x0000, 0x0000, 0x0000, 0x0000, 0x0000, 0x0000,
    0x0000, 0x0000, 0x0000, 0x0000, 0x0000, 0x0000, 0x0000, 0x0000, 0x0000, 0x0000, 0x0000, 0x0000,
    0x0000, 0x0000, 0x0000, 0x0000, 0x0000, 0x0000, 0x0000, 0x0000, 0x0000, 0x0000, 0x0000, 0x0000,
    0x0000, 0x0000, 0x0000, 0x0000, 0x0000, 0x0000, 0x0000, 0x0000, 0x0000, 0x0000, 0x0000, 0x0000,
    0x0000, 0x0000, 0x0000, 0x0000, 0x0000, 0x0000, 0x0000, 0x0000, 0x0000, 0x0000, 0x0000, 0x0000,
    0x0000, 0x0000, 0x0000, 0x0000, 0x0000, 0x0000, 0x0000, 0x0000, 0x0000, 0x0000, 0x0000, 0x0000,
    0x0000, 0x0000, 0x0000, 0x0000, 0x0000, 0x0000, 0x0000, 0x0000, 0x0000, 0x0000, 0x0000, 0x0000,
    0x0000, 0x0000, 0x0000, 0x0000, 0x0000, 0x0000, 0x0000, 0x0000, 0x0000, 0x0000, 0x0000, 0x0000,
    0x0000, 0x0000, 0x0000, 0x0000, 0x0000, 0x0000, 0x0000, 0x0000, 0x0000, 0x0000, 0x0000, 0x0000,
    0x0000, 0x0000, 0x0000, 0x0000, 0x0000, 0x0000, 0x0000, 0x0000, 0x0000, 0x0000, 0x0000, 0x0000,
    0x0000, 0x0000, 0x0000, 0x0000, 0x0000, 0x0000, 0x0000, 0x0000, 0x0000, 0x0000, 0x0000, 0x0000,
    0x0000, 0x0000, 0x0000, 0x0000, 0x0000, 0x0000, 0x0000, 0x0000, 0x0000, 0x0000, 0x0000, 0x0000,
    0x0000, 0x0000, 0x0000, 0x0000, 0x0000, 0x0000, 0x0000, 0x0000, 0x0000, 0x0000, 0x0000, 0x0000,
    0x0000, 0x0000, 0x0000, 0x0000, 0x0000, 0x0000, 0x0000, 0x0000, 0x0000, 0x0000, 0x0000, 0x0000,
    0x0000, 0x0000, 0x0000, 0x0000, 0x0000, 0x0000, 0x0000, 0x0000, 0x0000, 0x0000, 0x0000, 0x0000,
    0x0000, 0x0000, 0x0000, 0x0000, 0x0000, 0x0000, 0x0000, 0x0000, 0x0000, 0x0000, 0x0000, 0x0000,
    0x0000, 0x0000, 0x0000, 0x0000, 0x0000, 0x0000, 0x0000, 0x0000, 0x0000, 0x0000, 0x0000, 0x0000,
    0x0000, 0x0000, 0x0000, 0x0000, 0x0000, 0x0000, 0x0000, 0x0000, 0x0000, 0x0000, 0x0000, 0x0000,
    0x0000, 0x0000, 0x0000, 0x0000, 0x0000, 0x0000, 0x0000, 0x0000, 0x0000, 0x0000, 0x0000, 0x0000,
    0x0000, 0x0000, 0x0000, 0x0000, 0x0000, 0x0000, 0x0000, 0x0000, 0x0000, 0x0000, 0x0000, 0x0000,
    0x0000, 0x0000, 0x0000, 0x0000, 0x0000, 0x0000, 0x0000, 0x0000, 0x0000, 0x0000, 0x0000, 0x0000,
    0x0000, 0x0000, 0x0000, 0x0000, 0x0000, 0x0000, 0x0000, 0x0000, 0x0000, 0x0000, 0x0000, 0x0000,
    0x0000, 0x0000, 0x0000, 0x0000, 0x0000, 0x0000, 0x0000, 0x0000, 0x0000, 0x0000, 0x0000, 0x0000,
    0x0000, 0x0000, 0x0000, 0x0000, 0x0000, 0x0000, 0x0000, 0x0000, 0x0000, 0x0000, 0x0000, 0x0000,
    0x0000, 0x0000, 0x0000, 0x0000, 0x0000, 0x0000, 0x0000, 0x0000, 0x0000, 0x0000, 0x0000, 0x0000,
    0x0000, 0x0000, 0x0000, 0x0000, 0x0000, 0x0000, 0x0000, 0x0000, 0x0000, 0x0000, 0x0000, 0x0000,
    0x0000, 0x0000, 0x0000, 0x0000, 0x0000, 0x0000, 0x0000, 0x0000, 0x0000, 0x0000, 0x0000, 0x0000,
    0x0000, 0x0000, 0x0000, 0x0000, 0x0000, 0x0000, 0x0000, 0x0000, 0x0000, 0x0000, 0x0000, 0x0000,
    0x0000, 0x0000, 0x0000, 0x0000, 0x0000, 0x0000, 0x0000, 0x0000, 0x0000, 0x0000, 0x0000, 0x0000,
    0x0000, 0x0000, 0x0000, 0x0000, 0x0000, 0x0000, 0x0000, 0x0000, 0x0000, 0x0000, 0x0000, 0x0000,
    0x0000, 0x0000, 0x0000, 0x0000, 0x0000, 0x0000, 0x0000, 0x0000, 0x0000, 0x0000, 0x0000, 0x0000,
    0x0000, 0x0000, 0x0000, 0x0000, 0x0000, 0x0000, 0x0000, 0x0000, 0x0000, 0x0000, 0x0000, 0x0000,
    0x0000, 0x0000, 0x0000, 0x0000, 0x0000, 0x0000, 0x0000, 0x0000, 0x0000, 0x0000, 0x0000, 0x0000,
    0x0000, 0x0000, 0x0000, 0x0000, 0x0000, 0x0000, 0x0000, 0x0000, 0x0000, 0x0000, 0x0000, 0x0000,
    0x0000, 0x0000, 0x0000, 0x0000, 0x0000, 0x0000, 0x0000, 0x0000, 0x0000, 0x0000, 0x0000, 0x0000,
    0x0000, 0x0000, 0x0000, 0x0000, 0x0000, 0x0000, 0x0000, 0x0000, 0x0000, 0x0000, 0x0000, 0x0000,
    0x0000, 0x0000, 0x0000, 0x0000, 0x0000, 0x0000, 0x0000, 0x0000, 0x0000, 0x0000, 0x0000, 0x0000,
    0x0000, 0x0000, 0x0000, 0x0000, 0x0000, 0x0000, 0x0000, 0x0000, 0x0000, 0x0000, 0x0000, 0x0000,
    0x0000, 0x0000, 0x0000, 0x0000, 0x0000, 0x0000, 0x0000, 0x0000, 0x0000, 0x0000, 0x0000, 0x0000,
    0x0000, 0x0000, 0x0000, 0x0000, 0x0000, 0x0000, 0x0000, 0x0000, 0x0000, 0x0000, 0x0000, 0x0000,
    0x0000, 0x0000, 0x0000, 0x0000, 0x0000, 0x0000, 0x0000, 0x0000, 0x0000, 0x0000, 0x0000, 0x0000,
    0x0000, 0x0000, 0x0000, 0x0000, 0x0000, 0x0000, 0x0000, 0x0000, 0x0000, 0x0000, 0x0000, 0x0000,
    0x0000, 0x0000, 0x0000, 0x0000, 0x0000, 0x0000, 0x0000, 0x0000, 0x0000, 0x0000, 0x0000, 0x0000,
    0x0000, 0x0000, 0x0000, 0x0000, 0x0000, 0x0000, 0x0000, 0x0000, 0x0000, 0x0000, 0x0000, 0x0000,
    0x0000, 0x0000, 0x0000, 0x0000, 0x0000, 0x0000, 0x0000, 0x0000, 0x0000, 0x0000, 0x0000, 0x0000,
    0x0000, 0x0000, 0x0000, 0x0000, 0x0000, 0x0000, 0x0000, 0x0000, 0x0000, 0x0000, 0x0000, 0x0000,
    0x0000, 0x0000, 0x0000, 0x0000, 0x0000, 0x0000, 0x0000, 0x0000, 0x0000, 0x0000, 0x0000, 0x0000,
    0x0000, 0x0000, 0x0000, 0x0000, 0x0000, 0x0000, 0x0000, 0x0000, 0x0000, 0x0000, 0x0000, 0x0000,
    0x0000, 0x0000, 0x0000, 0x0000, 0x0000, 0x0000, 0x0000, 0x0000, 0x0000, 0x0000, 0x0000, 0x0000,
    0x0000, 0x0000, 0x0000, 0x0000, 0x0000, 0x0000, 0x0000, 0x0000, 0x0000, 0x0000, 0x0000, 0x0000,
    0x0000, 0x0000, 0x0000, 0x0000, 0x0000, 0x0000, 0x0000, 0x0000, 0x0000, 0x0000, 0x0000, 0x0000,
    0x0000, 0x0000, 0x0000, 0x0000, 0x0000, 0x0000, 0x0000, 0x0000, 0x0000, 0x0000, 0x0000, 0x0000,
    0x0000, 0x0000, 0x0000, 0x0000, 0x0000, 0x0000, 0x0000, 0x0000, 0x0000, 0x0000, 0x0000, 0x0000,
    0x0000, 0x0000, 0x0000, 0x0000, 0x0000, 0x0000, 0x0000, 0x0000, 0x0000, 0x0000, 0x0000, 0x0000,
    0x0000, 0x0000, 0x0000, 0x0000, 0x0000, 0x0000, 0x0000, 0x0000, 0x0000, 0x0000, 0x0000, 0x0000,
    0x0000, 0x0000, 0x0000, 0x0000, 0x0000, 0x0000, 0x0000, 0x0000, 0x0000, 0x0000, 0x0000, 0x0000,
    0x0000, 0x0000, 0x0000, 0x0000, 0x0000, 0x0000, 0x0000, 0x0000, 0x0000, 0x0000, 0x0000, 0x0000,
    0x0000, 0x0000, 0x0000, 0x0000, 0x0000, 0x0000, 0x0000, 0x0000, 0x0000, 0x0000, 0x0000, 0x0000,
    0x0000, 0x0000, 0x0000, 0x0000, 0x0000, 0x0000, 0x0000, 0x0000, 0x0000, 0x0000, 0x0000, 0x0000,
    0x0000, 0x0000, 0x0000, 0x0000, 0x0000, 0x0000, 0x0000, 0x0000, 0x0000, 0x0000, 0x0000, 0x0000,
    0x0000, 0x0000, 0x0000, 0x0000, 0x0000, 0x0000, 0x0000, 0x0000, 0x0000, 0x0000, 0x0000, 0x0000,
    0x0000, 0x0000, 0x0000, 0x0000, 0x0000, 0x0000, 0x0000, 0x0000, 0x0000, 0x0000, 0x0000, 0x0000,
    0x0000, 0x0000, 0x0000, 0x0000
  },
  { // 帧 5
    0x0000, 0x0000, 0x0000, 0x0000, 0x0000, 0x0000, 0x0000, 0x0000, 0x0000, 0x0000, 0x0000, 0x0000,
    0x0000, 0x0000, 0x0000, 0x0000, 0x0000, 0x0000, 0x0000, 0x0000, 0x0000, 0x0000, 0x0000, 0x0000,
    0x0000, 0x0000, 0x0000, 0x0000, 0x0000, 0x0000, 0x0000, 0x0000, 0x0000, 0x0000, 0x0000, 0x0000,
    0x0000, 0x0000, 0x0000, 0x0000, 0x0000, 0x0000, 0x0000, 0x0000, 0x0000, 0x0000, 0x0000, 0x0000,
    0x0000, 0x0000, 0x0000, 0x0000, 0x0000, 0x0000, 0x0000, 0x0000, 0x0000, 0x0000, 0x0000, 0x0000,
    0x0000, 0x0000, 0x0000, 0x0000, 0x0000, 0x0000, 0x0000, 0x0000, 0x0000, 0x0000, 0x0000, 0x0000,
    0x0000, 0x0000, 0x0000, 0x0000, 0x0000, 0x0000, 0x0000, 0x0000, 0x0000, 0x0000, 0x0000, 0x0000,
    0x0000, 0x0000, 0x0000, 0x0000, 0x0000, 0x0000, 0x0000, 0x0000, 0x0000, 0x0000, 0x0000, 0x0000,
    0x0000, 0x0000, 0x0000, 0x0000, 0x0000, 0x0000, 0x0000, 0x0000, 0x0000, 0x0000, 0x0000, 0x0000,
    0x0000, 0x0000, 0x0000, 0x0000, 0x0000, 0x0000, 0x0000, 0x0000, 0x0000, 0x0000, 0x0000, 0x0000,
    0x0000, 0x0000, 0x0000, 0x0000, 0x0000, 0x0000, 0x0000, 0x0000, 0x0000, 0x0000, 0x0000, 0x0000,
    0x0000, 0x0000, 0x0000, 0x0000, 0x0000, 0x0000, 0x0000, 0x0000, 0x0000, 0x0000, 0x0000, 0x0000,
    0x0000, 0x0000, 0x0000, 0x0000, 0x0000, 0x0000, 0x0000, 0x0000, 0x0000, 0x0000, 0x0000, 0x0000,
    0x0000, 0x0000, 0x0000, 0x0000, 0x0000, 0x0000, 0x0000, 0x0000, 0x0000, 0x0000, 0x0000, 0x0000,
    0x0000, 0x0000, 0x0000, 0x0000, 0x0000, 0x0000, 0x0000, 0x0000, 0x0000, 0x0000, 0x0000, 0x0000,
    0x0000, 0x0000, 0x0000, 0x0000, 0x0000, 0x0000, 0x0000, 0x0000, 0x0000, 0x0000, 0x0000, 0x0000,
    0x0000, 0x0000, 0x0000, 0x0000, 0x0000, 0x0000, 0x0000, 0x0000, 0x0000, 0x0000, 0x0000, 0x0000,
    0x0000, 0x0000, 0x0000, 0x0000, 0x0000, 0x0000, 0x0000, 0x0000, 0x0000, 0x0000, 0x0000, 0x0000,
    0x0000, 0x0000, 0x0000, 0x0000, 0x0000, 0x0000, 0x0000, 0x0000, 0x0000, 0x0000, 0x0000, 0x0000,
    0x0000, 0x0000, 0x0000, 0x0000, 0x0000, 0x0000, 0x0000, 0x0000, 0x0000, 0x0000, 0x0000, 0x0000,
    0x0000, 0x0000, 0x0000, 0x0000, 0x0000, 0x4202, 0x0000, 0x0000, 0x0000, 0x0000, 0x0000, 0x0000,
    0x0000, 0x0000, 0x0000, 0x0000, 0x0000, 0x0000, 0x0000, 0x0000, 0x0000, 0x0000, 0x0000, 0x0000,
    0x0000, 0x0000, 0x0000, 0x0000, 0x0000, 0x0000, 0x0000, 0x0000, 0x0000, 0x0000, 0x0000, 0x0000,
    0x0000, 0x0000, 0x0000, 0x0000, 0x0000, 0x0000, 0x0000, 0x0000, 0x0000, 0x0000, 0x0000, 0x0000,
    0x0000, 0x0000, 0x0000, 0x0000, 0x0000, 0x0000, 0x0000, 0x0000, 0x0000, 0x0000, 0x0000, 0x0000,
    0x0000, 0x0000, 0x0000, 0x0000, 0x0000, 0x0000, 0x0000, 0x0000, 0x0000, 0x0000, 0x0000, 0x0000,
    0x0000, 0x0000, 0x0000, 0x0000, 0x0000, 0x0000, 0x0000, 0x0000, 0x0000, 0x0000, 0x0000, 0x0000,
    0x0000, 0x0000, 0x0000, 0x0000, 0x0000, 0x0000, 0x0000, 0x0000, 0x0000, 0x0000, 0x0000, 0x0000,
    0x0000, 0x0000, 0x0000, 0x0000, 0x6AC3, 0x9C22, 0xCD62, 0xEE42, 0xFEC1, 0xFF04, 0x0000, 0x0000,
    0x0000, 0x0000, 0x0000, 0x0000, 0x0000, 0x0000, 0x0000, 0x0000, 0x0000, 0x0000, 0x0000, 0x0000,
    0x0000, 0x0000, 0x0000, 0x0000, 0x0000, 0x0000, 0x0000, 0x0000, 0x0000, 0x0000, 0x0000, 0x0000,
    0x0000, 0x0000, 0x0000, 0x0000, 0x0000, 0x0000, 0x0000, 0x0000, 0x0000, 0x0000, 0x0000, 0x0000,
    0x0000, 0x0000, 0x0000, 0x0000, 0x0000, 0x0000, 0x0000, 0x0000, 0x0000, 0x0000, 0x0000, 0x0000,
    0x0000, 0x0000, 0x0000, 0x0000, 0x0000, 0x0000, 0x0000, 0x0000, 0x0000, 0x0000, 0x0000, 0x0000,
    0x0000, 0x0000, 0x0000, 0x0000, 0x0000, 0x0000, 0x0000, 0x0000, 0x0000, 0x0000, 0x0000, 0x0000,
    0x0000, 0x0000, 0x0000, 0x0000, 0x0000, 0x0000, 0x0000, 0x0000, 0x0000, 0x0000, 0x0000, 0x0000,
    0x0000, 0x0000, 0x0000, 0x0000, 0x4A02, 0x93E2, 0xD561, 0xFE61, 0xFEC0, 0xFEC0, 0xFEE0, 0xFEA0,
    0xFF60, 0x7B82, 0x0000, 0x0000, 0x0000, 0x0000, 0x0000, 0x0000, 0x0000, 0x0000, 0x0000, 0x0000,
    0x0000, 0x0000, 0x0000, 0x0000, 0x0000, 0x0000, 0x0000, 0x0000, 0x0000, 0x0000, 0x0000, 0x0000,
    0x0000, 0x0000, 0x0000, 0x0000, 0x0000, 0x0000, 0x0000, 0x0000, 0x0000, 0x0000, 0x0000, 0x0000,
    0x0000, 0x0000, 0x0000, 0x0000, 0x0000, 0x0000, 0x0000, 0x0000, 0x0000, 0x0000, 0x0000, 0x0000,
    0x0000, 0x0000, 0x0000, 0x0000, 0x0000, 0x0000, 0x0000, 0x0000, 0x0000, 0x0000, 0x0000, 0x0000,
    0x0000, 0x0000, 0x0000, 0x0000, 0x0000, 0x0000, 0x0000, 0x0000, 0x0000, 0x0000, 0x0000, 0x0000,
    0x0000, 0x0000, 0x0000, 0x0000, 0x0000, 0x0000, 0x0000, 0x0000, 0x0000, 0x0000, 0x0000, 0x0000,
    0x0000, 0x0000, 0x0000, 0x0000, 0x0000, 0x0000, 0x8BC2, 0xE5E2, 0xFEA1, 0xFEC0, 0xFE80, 0xFE40,
    0xFE60, 0xFE60, 0xFE80, 0xFEC0, 0xE643, 0x0000, 0x0000, 0x0000, 0x0000, 0x0000, 0x0000, 0x0000,
    0x0000, 0x0000, 0x0000, 0x0000, 0x0000, 0x0000, 0x0000, 0x0000, 0x0000, 0x0000, 0x0000, 0x0000,
    0x0000, 0x0000, 0x0000, 0x0000, 0x0000, 0x0000, 0x0000, 0x0000, 0x0000, 0x0000, 0x0000, 0x0000,
    0x0000, 0x0000, 0x0000, 0x0000, 0x0000, 0x0000, 0x0000, 0x0000, 0x0000, 0x0000, 0x0000, 0x0000,
    0x0000, 0x0000, 0x0000, 0x0000, 0x0000, 0x0000, 0x0000, 0x0000, 0x0000, 0x0000, 0x0000, 0x0000,
    0x0000, 0x0000, 0x0000, 0x0000, 0x0000, 0x0000, 0x0000, 0x0000, 0x0000, 0x0000, 0x0000, 0x0000,
    0x0000, 0x0000, 0x0000, 0x0000, 0x0000, 0x0000, 0x0000, 0x0000, 0x0000, 0x0000, 0x0000, 0x0000,
    0x0000, 0x0000, 0x0000, 0x0000, 0x0000, 0x0000, 0x0000, 0x4A02, 0xB4E2, 0xFE81, 0xFEC0, 0xFE80,
    0xFE40, 0xFE40, 0xFE40, 0xFE60, 0xFE60, 0xFE80, 0xFE80, 0xFF20, 0x7342, 0x0000, 0x0000, 0x0000,
    0x0000, 0x0000, 0x0000, 0x0000, 0x0000, 0x0000, 0x0000, 0x0000, 0x0000, 0x0000, 0x0000, 0x0000,
    0x0000, 0x0000, 0x0000, 0x0000, 0x0000, 0x0000, 0x0000, 0x0000, 0x0000, 0x0000, 0x0000, 0x0000,
    0x0000, 0x0000, 0x0000, 0x0000, 0x0000, 0x0000, 0x0000, 0x0000, 0x0000, 0x0000, 0x0000, 0x0000,
    0x0000, 0x0000, 0x0000, 0x0000, 0x0000, 0x0000, 0x0000, 0x0000, 0x0000, 0x0000, 0x0000, 0x0000,
    0x0000, 0x0000, 0x0000, 0x0000, 0x0000, 0x0000, 0x0000, 0x0000, 0x0000, 0x0000, 0x0000, 0x0000,
    0x0000, 0x0000, 0x0000, 0x0000, 0x0000, 0x0000, 0x0000, 0x0000, 0x0000, 0x0000, 0x0000, 0x0000,
    0x0000, 0x0000, 0x0000, 0x0000, 0x0000, 0x0000, 0x0000, 0x0000, 0x0000, 0x5222, 0xC542, 0xFEA1,
    0xFEA0, 0xFE60, 0xFE40, 0xFE60, 0xFE60, 0xFE60, 0xFE60, 0xFE60, 0xFE80, 0xFE80, 0xFEA0, 0xEE62,
    0x0000, 0x0000, 0x0000, 0x0000, 0x0000, 0x0000, 0x0000, 0x0000, 0x0000, 0x0000, 0x0000, 0x0000,
    0x0000, 0x0000, 0x0000, 0x0000, 0x0000, 0x0000, 0x0000, 0x0000, 0x0000, 0x0000, 0x0000, 0x0000,
    0x0000, 0x0000, 0x0000, 0x0000, 0x0000, 0x0000, 0x0000, 0x0000, 0x0000, 0x0000, 0x0000, 0x0000,
    0x0000, 0x0000, 0x0000, 0x0000, 0x0000, 0x0000, 0x0000, 0x0000, 0x0000, 0x0000, 0x0000, 0x0000,
    0x0000, 0x0000, 0x0000, 0x0000, 0x0000, 0x0000, 0x0000, 0x0000, 0x0000, 0x0000, 0x0000, 0x0000,
    0x0000, 0x0000, 0x0000, 0x0000, 0x0000, 0x0000, 0x0000, 0x0000, 0x0000, 0x0000, 0x0000, 0x0000,
    0x0000, 0x0000, 0x0000, 0x0000, 0x0000, 0x0000, 0x0000, 0x0000, 0x0000, 0x0000, 0x0000, 0x39A2,
    0xBD02, 0xFEA1, 0xFE80, 0xFE40, 0xFE60, 0xFE60, 0xFE60, 0xFE60, 0xFE60, 0xFE60, 0xFE60, 0xFE60,
    0xFE80, 0xFE61, 0xFF20, 0x9443, 0x0000, 0x0000, 0x0000, 0x0000, 0x0000, 0x0000, 0x0000, 0x0000,
    0x0000, 0x0000, 0x0000, 0x0000, 0x0000, 0x0000, 0x0000, 0x0000, 0x0000, 0x0000, 0x0000, 0x0000,
    0x0000, 0x0000, 0x0000, 0x0000, 0x0000, 0x0000, 0x0000, 0x0000, 0x0000, 0x0000, 0x0000, 0x0000,
    0x0000, 0x0000, 0x0000, 0x0000, 0x0000, 0x0000, 0x0000, 0x0000, 0x0000, 0x0000, 0x0000, 0x0000,
    0x0000, 0x0000, 0x0000, 0x0000, 0x0000, 0x0000, 0x0000, 0x0000, 0x0000, 0x0000, 0x0000, 0x0000,
    0x0000, 0x0000, 0x0000, 0x0000, 0x0000, 0x0000, 0x0000, 0x0000, 0x0000, 0x0000, 0x0000, 0x0000,
    0x0000, 0x0000, 0x0000, 0x0000, 0x0000, 0x0000, 0x0000, 0x0000, 0x0000, 0x0000, 0x0000, 0x0000,
    0x0000, 0x0000, 0x93E3, 0xFE81, 0xFEA0, 0xFE40, 0xFE60, 0xFE60, 0xFE60, 0xFE60, 0xFE60, 0xFE60,
    0xFE60, 0xFE60, 0xFE60, 0xFE60, 0xFE80, 0xFE80, 0xFEE1, 0x0000, 0x0000, 0x0000, 0x0000, 0x0000,
    0x0000, 0x0000, 0x0000, 0x0000, 0x0000, 0x0000, 0x0000, 0x0000, 0x0000, 0x0000, 0x0000, 0x0000,
    0x0000, 0x0000, 0x0000, 0x0000, 0x0000, 0x0000, 0x0000, 0x0000, 0x0000, 0x0000, 0x0000, 0x0000,
    0x0000, 0x0000, 0x0000, 0x0000, 0x0000, 0x0000, 0x0000, 0x0000, 0x0000, 0x0000, 0x0000, 0x0000,
    0x0000, 0x0000, 0x0000, 0x0000, 0x0000, 0x0000, 0x0000, 0x0000, 0x0000, 0x0000, 0x0000, 0x0000,
    0x0000, 0x0000, 0x0000, 0x0000, 0x0000, 0x0000, 0x0000, 0x0000, 0x0000, 0x0000, 0x0000, 0x0000,
    0x0000, 0x0000, 0x0000, 0x0000, 0x0000, 0x0000, 0x0000, 0x0000, 0x0000, 0x0000, 0x0000, 0x0000,
    0x0000, 0x0000, 0x0000, 0x0000, 0x49E2, 0xDDC2, 0xFEC0, 0xFE40, 0xFE60, 0xFE60, 0xFE60, 0xFE60,
    0xFE60, 0xFE60, 0xFE60, 0xFE60, 0xFE60, 0xFE60, 0xFE60, 0xFE80, 0xFE60, 0xFEE0, 0xCD63, 0x0000,
    0x0000, 0x0000, 0x0000, 0x0000, 0x0000, 0x0000, 0x0000, 0x0000, 0x0000, 0x0000, 0x0000, 0x0000,
    0x0000, 0x0000, 0x0000, 0x0000, 0x0000, 0x0000, 0x0000, 0x0000, 0x0000, 0x0000, 0x0000, 0x0000,
    0x0000, 0x0000, 0x0000, 0x0000, 0x0000, 0x0000, 0x0000, 0x0000, 0x0000, 0x0000, 0x0000, 0x0000,
    0x0000, 0x0000, 0x0000, 0x0000, 0x0000, 0x0000, 0x0000, 0x0000, 0x0000, 0x0000, 0x0000, 0x0000,
    0x0000, 0x0000, 0x0000, 0x0000, 0x0000, 0x0000, 0x0000, 0x0000, 0x0000, 0x0000, 0x0000, 0x0000,
    0x0000, 0x0000, 0x0000, 0x0000, 0x0000, 0x0000, 0x0000, 0x0000, 0x0000, 0x0000, 0x0000, 0x0000,
    0x0000, 0x0000, 0x0000, 0x0000, 0x0000, 0x0000, 0x0000, 0x8BA3, 0xFEA1, 0xFE80, 0xFE40, 0xFE60,
    0xFE60, 0xFE60, 0xFE60, 0xFE60, 0xFE60, 0xFE60, 0xFE60, 0xFE60, 0xFE60, 0xFE60, 0xFE60, 0xFE60,
    0xFE60, 0xFF21, 0x7362, 0x0000, 0x0000, 0x0000, 0x0000, 0x0000, 0x0000, 0x0000, 0x0000, 0x0000,
    0x0000, 0x0000, 0x0000, 0x0000, 0x0000, 0x0000, 0x0000, 0x0000, 0x0000, 0x0000, 0x0000, 0x0000,
    0x0000, 0x0000, 0x0000, 0x0000, 0x0000, 0x0000, 0x0000, 0x0000, 0x0000, 0x0000, 0x0000, 0x0000,
    0x0000, 0x0000, 0x0000, 0x0000, 0x0000, 0x0000, 0x0000, 0x0000, 0x0000, 0x0000, 0x0000, 0x0000,
    0x0000, 0x0000, 0x0000, 0x0000, 0x0000, 0x0000, 0x0000, 0x0000, 0x0000, 0x0000, 0x0000, 0x0000,
    0x0000, 0x0000, 0x0000, 0x0000, 0x0000, 0x0000, 0x0000, 0x0000, 0x0000, 0x0000, 0x0000, 0x0000,
    0x0000, 0x0000, 0x0000, 0x0000, 0x0000, 0x0000, 0x0000, 0x0000, 0x0000, 0x0000, 0xBD02, 0xFEE0,
    0xFE60, 0xFE60, 0xFE80, 0xFE80, 0xFE80, 0xFE60, 0xFE60, 0xFE60, 0xFE60, 0xFE60, 0xFE60, 0xFE60,
    0xFE60, 0xFE60, 0xFE60, 0xFE80, 0xFE80, 0xFEC1, 0x0000, 0x0000, 0x0000, 0x0000, 0x0000, 0x0000,
    0x0000, 0x0000, 0x0000, 0x0000, 0x0000, 0x0000, 0x0000, 0x0000, 0x0000, 0x0000, 0x0000, 0x0000,
    0x0000, 0x0000, 0x0000, 0x0000, 0x0000, 0x0000, 0x0000, 0x0000, 0x0000, 0x0000, 0x0000, 0x0000,
    0x0000, 0x0000, 0x0000, 0x0000, 0x0000, 0x0000, 0x0000, 0x0000, 0x0000, 0x0000, 0x0000, 0x0000,
    0x0000, 0x0000, 0x0000, 0x0000, 0x0000, 0x0000, 0x0000, 0x0000, 0x0000, 0x0000, 0x0000, 0x0000,
    0x0000, 0x0000, 0x0000, 0x0000, 0x0000, 0x0000, 0x0000, 0x0000, 0x0000, 0x0000, 0x0000, 0x0000,
    0x0000, 0x0000, 0x0000, 0x0000, 0x0000, 0x0000, 0x0000, 0x0000, 0x0000, 0x0000, 0x0000, 0x0000,
    0x3981, 0xE601, 0xFEC0, 0xFE40, 0xFE60, 0xFE60, 0xFE80, 0xFE80, 0xFE80, 0xFE60, 0xFE60, 0xFE60,
    0xFE60, 0xFE60, 0xFE60, 0xFE60, 0xFE60, 0xFE60, 0xFE60, 0xFE60, 0xFEC0, 0xD5A2, 0x0000, 0x0000,
    0x0000, 0x0000, 0x0000, 0x0000, 0x0000, 0x0000, 0x0000, 0x0000, 0x0000, 0x0000, 0x0000, 0x0000,
    0x0000, 0x0000, 0x0000, 0x0000, 0x0000, 0x0000, 0x0000, 0x0000, 0x0000, 0x0000, 0x0000, 0x0000,
    0x0000, 0x0000, 0x0000, 0x0000, 0x0000, 0x0000, 0x0000, 0x0000, 0x0000, 0x0000, 0x0000, 0x0000,
    0x0000, 0x0000, 0x0000, 0x0000, 0x0000, 0x0000, 0x0000, 0x0000, 0x0000, 0x0000, 0x0000, 0x0000,
    0x0000, 0x0000, 0x0000, 0x0000, 0x0000, 0x0000, 0x0000, 0x0000, 0x0000, 0x0000, 0x0000, 0x0000,
    0x0000, 0x0000, 0x0000, 0x0000, 0x0000, 0x0000, 0x0000, 0x0000, 0x0000, 0x0000, 0x0000, 0x0000,
    0x0000, 0x0000, 0x0000, 0x5222, 0xF681, 0xFE80, 0xFE40, 0xFE60, 0xFE60, 0xFE80, 0xFE60, 0xFE60,
    0xFE60, 0xFE60, 0xFE60, 0xFE60, 0xFE60, 0xFE60, 0xFE60, 0xFE60, 0xFE60, 0xFE60, 0xFE60, 0xFE40,
    0xFF00, 0x9423, 0x0000, 0x0000, 0x0000, 0x0000, 0x0000, 0x0000, 0x0000, 0x0000, 0x0000, 0x0000,
    0x0000, 0x0000, 0x0000, 0x0000, 0x0000, 0x0000, 0x0000, 0x0000, 0x0000, 0x0000, 0x0000, 0x0000,
    0x0000, 0x0000, 0x0000, 0x0000, 0x0000, 0x0000, 0x0000, 0x0000, 0x0000, 0x0000, 0x0000, 0x0000,
    0x0000, 0x0000, 0x0000, 0x0000, 0x0000, 0x0000, 0x0000, 0x0000, 0x0000, 0x0000, 0x0000, 0x0000,
    0x0000, 0x0000, 0x0000, 0x0000, 0x0000, 0x0000, 0x0000, 0x0000, 0x0000, 0x0000, 0x0000, 0x0000,
    0x0000, 0x0000, 0x0000, 0x0000, 0x0000, 0x0000, 0x0000, 0x0000, 0x0000, 0x0000, 0x0000, 0x0000,
    0x0000, 0x0000, 0x0000, 0x0000, 0x0000, 0x0000, 0x62A2, 0xFEC1, 0xFE80, 0xFE60, 0xFE60, 0xFE60,
    0xFE60, 0xFE60, 0xFE60, 0xFE60, 0xFE60, 0xFE60, 0xFE60, 0xFE60, 0xFE60, 0xFE60, 0xFE60, 0xFE60,
    0xFE60, 0xFE60, 0xFE60, 0xFE40, 0xFF01, 0x5282, 0x0000, 0x0000, 0x0000, 0x0000, 0x0000, 0x0000,
    0x0000, 0x0000, 0x0000, 0x0000, 0x0000, 0x0000, 0x0000, 0x0000, 0x0000, 0x0000, 0x0000, 0x0000,
    0x0000, 0x0000, 0x0000, 0x0000, 0x0000, 0x0000, 0x0000, 0x0000, 0x0000, 0x0000, 0x0000, 0x0000,
    0x0000, 0x0000, 0x0000, 0x0000, 0x0000, 0x0000, 0x0000, 0x0000, 0x0000, 0x0000, 0x0000, 0x0000,
    0x0000, 0x0000, 0x0000, 0x0000, 0x0000, 0x0000, 0x0000, 0x0000, 0x0000, 0x0000, 0x0000, 0x0000,
    0x0000, 0x0000, 0x0000, 0x0000, 0x0000, 0x0000, 0x0000, 0x0000, 0x0000, 0x0000, 0x0000, 0x0000,
    0x0000, 0x0000, 0x0000, 0x0000, 0x0000, 0x0000, 0x0000, 0x0000, 0x0000, 0x62A2, 0xFEC1, 0xFE80,
    0xFE60, 0xFE80, 0xFE61, 0xFE60, 0xFE60, 0xFE60, 0xFE60, 0xFE60, 0xFE60, 0xFE60, 0xFE60, 0xFE60,
    0xFE60, 0xFE60, 0xFE60, 0xFE60, 0xFE60, 0xFE60, 0xFE60, 0xFE60, 0xFEC1, 0x0000, 0x0000, 0x0000,
    0x0000, 0x0000, 0x0000, 0x0000, 0x0000, 0x0000, 0x0000, 0x0000, 0x0000, 0x0000, 0x0000, 0x0000,
    0x0000, 0x0000, 0x0000, 0x0000, 0x0000, 0x0000, 0x0000, 0x0000, 0x0000, 0x0000, 0x0000, 0x0000,
    0x0000, 0x0000, 0x0000, 0x0000, 0x0000, 0x0000, 0x0000, 0x0000, 0x0000, 0x0000, 0x0000, 0x0000,
    0x0000, 0x0000, 0x0000, 0x0000, 0x0000, 0x0000, 0x0000, 0x0000, 0x0000, 0x0000, 0x0000, 0x0000,
    0x0000, 0x0000, 0x0000, 0x0000, 0x0000, 0x0000, 0x0000, 0x0000, 0x0000, 0x0000, 0x0000, 0x0000,
    0x0000, 0x0000, 0x0000, 0x0000, 0x0000, 0x0000, 0x0000, 0x0000, 0x0000, 0x0000, 0x0000, 0x0000,
    0x5222, 0xFEA1, 0xFE60, 0xFE60, 0xFE60, 0xFE60, 0xFE60, 0xFE60, 0xFE60, 0xFE60, 0xFE60, 0xFE60,
    0xFE60, 0xFE60, 0xFE40, 0xFE60, 0xFE60, 0xFE40, 0xFE40, 0xFE60, 0xFE60, 0xFE60, 0xFE60, 0xFE80,
    0xE602, 0x0000, 0x0000, 0x0000, 0x0000, 0x0000, 0x0000, 0x0000, 0x0000, 0x0000, 0x0000, 0x0000,
    0x0000, 0x0000, 0x0000, 0x0000, 0x0000, 0x0000, 0x0000, 0x0000, 0x0000, 0x0000, 0x0000, 0x0000,
    0x0000, 0x0000, 0x0000, 0x0000, 0x0000, 0x0000, 0x0000, 0x0000, 0x0000, 0x0000, 0x0000, 0x0000,
    0x0000, 0x0000, 0x0000, 0x0000, 0x0000, 0x0000, 0x0000, 0x0000, 0x0000, 0x0000, 0x0000, 0x0000,
    0x0000, 0x0000, 0x0000, 0x0000, 0x0000, 0x0000, 0x0000, 0x0000, 0x0000, 0x0000, 0x0000, 0x0000,
    0x0000, 0x0000, 0x0000, 0x0000, 0x0000, 0x0000, 0x0000, 0x0000, 0x0000, 0x0000, 0x0000, 0x0000,
    0x0000, 0x0000, 0x0000, 0x39A2, 0xF661, 0xFE60, 0xFE40, 0xFE60, 0xFE60, 0xFE60, 0xFE60, 0xFE61,
    0xFE60, 0xFE60, 0xFE40, 0xFE40, 0xFE40, 0xFE40, 0xFE40, 0xFE40, 0xFE40, 0xFE40, 0xFE40, 0xFE60,
    0xFE60, 0xFE60, 0xFE40, 0xFEC1, 0xC522, 0x0000, 0x0000, 0x0000, 0x0000, 0x0000, 0x0000, 0x0000,
    0x0000, 0x0000, 0x0000, 0x0000, 0x0000, 0x0000, 0x0000, 0x0000, 0x0000, 0x0000, 0x0000, 0x0000,
    0x0000, 0x0000, 0x0000, 0x0000, 0x0000, 0x0000, 0x0000, 0x0000, 0x0000, 0x0000, 0x0000, 0x0000,
    0x0000, 0x0000, 0x0000, 0x0000, 0x0000, 0x0000, 0x0000, 0x0000, 0x0000, 0x0000, 0x0000, 0x0000,
    0x0000, 0x0000, 0x0000, 0x0000, 0x0000, 0x0000, 0x0000, 0x0000, 0x0000, 0x0000, 0x0000, 0x0000,
    0x0000, 0x0000, 0x0000, 0x0000, 0x0000, 0x0000, 0x0000, 0x0000, 0x0000, 0x0000, 0x0000, 0x0000,
    0x0000, 0x0000, 0x0000, 0x0000, 0x0000, 0x0000, 0x0000, 0xEE42, 0xFE60, 0xFE40, 0xFE60, 0xFE40,
    0xFE60, 0xFE60, 0xFE60, 0xFE60, 0xFE60, 0xFE40, 0xFE40, 0xFE40, 0xFE40, 0xFE40, 0xFE40, 0xFE40,
    0xFE40, 0xFE40, 0xFE40, 0xFE60, 0xFE60, 0xFE60, 0xFE40, 0xFEE0, 0xA442, 0x0000, 0x0000, 0x0000,
    0x0000, 0x0000, 0x0000, 0x0000, 0x0000, 0x0000, 0x0000, 0x0000, 0x0000, 0x0000, 0x0000, 0x0000,
    0x0000, 0x0000, 0x0000, 0x0000, 0x0000, 0x0000, 0x0000, 0x0000, 0x0000, 0x0000, 0x0000, 0x0000,
    0x0000, 0x0000, 0x0000, 0x0000, 0x0000, 0x0000, 0x0000, 0x0000, 0x0000, 0x0000, 0x0000, 0x0000,
    0x0000, 0x0000, 0x0000, 0x0000, 0x0000, 0x0000, 0x0000, 0x0000, 0x0000, 0x0000, 0x0000, 0x0000,
    0x0000, 0x0000, 0x0000, 0x0000, 0x0000, 0x0000, 0x0000, 0x0000, 0x0000, 0x0000, 0x0000, 0x0000,
    0x0000, 0x0000, 0x0000, 0x0000, 0x0000, 0x0000, 0x0000, 0x0000, 0x0000, 0x0000, 0xD582, 0xFEC0,
    0xFE40, 0xFE60, 0xFE40, 0xFE60, 0xFE60, 0xFE60, 0xFE60, 0xFE60, 0xFE60, 0xFE40, 0xFE40, 0xFE40,
    0xFE40, 0xFE40, 0xFE40, 0xFE40, 0xFE40, 0xFE40, 0xFE40, 0xFE40, 0xFE40, 0xFE60, 0xFE40, 0xFEE1,
    0x7BA2, 0x0000, 0x0000, 0x0000, 0x0000, 0x0000, 0x0000, 0x0000, 0x0000, 0x0000, 0x0000, 0x0000,
    0x0000, 0x0000, 0x0000, 0x0000, 0x0000, 0x0000, 0x0000, 0x0000, 0x0000, 0x0000, 0x0000, 0x0000,
    0x0000, 0x0000, 0x0000, 0x0000, 0x0000, 0x0000, 0x0000, 0x0000, 0x0000, 0x0000, 0x0000, 0x0000,
    0x0000, 0x0000, 0x0000, 0x0000, 0x0000, 0x0000, 0x0000, 0x0000, 0x0000, 0x0000, 0x0000, 0x0000,
    0x0000, 0x0000, 0x0000, 0x0000, 0x0000, 0x0000, 0x0000, 0x0000, 0x0000, 0x0000, 0x0000, 0x0000,
    0x0000, 0x0000, 0x0000, 0x0000, 0x0000, 0x0000, 0x0000, 0x0000, 0x0000, 0x0000, 0x0000, 0x0000,
    0x0000, 0xA422, 0xFEC0, 0xFE40, 0xFE60, 0xFE40, 0xFE40, 0xFE40, 0xFE40, 0xFE40, 0xFE60, 0xFE40,
    0xFE40, 0xFE40, 0xFE40, 0xFE40, 0xFE40, 0xFE40, 0xFE40, 0xFE40, 0xFE40, 0xFE40, 0xFE40, 0xFE40,
    0xFE40, 0xFE60, 0xFE40, 0xFEE1, 0x6B21, 0x0000, 0x0000, 0x0000, 0x0000, 0x0000, 0x0000, 0x0000,
    0x0000, 0x0000, 0x0000, 0x0000, 0x0000, 0x0000, 0x0000, 0x0000, 0x0000, 0x0000, 0x0000, 0x0000,
    0x0000, 0x0000, 0x0000, 0x0000, 0x0000, 0x0000, 0x0000, 0x0000, 0x0000, 0x0000, 0x0000, 0x0000,
    0x0000, 0x0000, 0x0000, 0x0000, 0x0000, 0x0000, 0x0000, 0x0000, 0x0000, 0x0000, 0x0000, 0x0000,
    0x0000, 0x0000, 0x0000, 0x0000, 0x0000, 0x0000, 0x0000, 0x0000, 0x0000, 0x0000, 0x0000, 0x0000,
    0x0000, 0x0000, 0x0000, 0x0000, 0x0000, 0x0000, 0x0000, 0x0000, 0x0000, 0x0000, 0x0000, 0x0000,
    0x0000, 0x0000, 0x0000, 0x0000, 0x62A2, 0xFEE1, 0xFE40, 0xFE60, 0xFE60, 0xFE40, 0xFE40, 0xFE40,
    0xFE40, 0xFE40, 0xFE60, 0xFE40, 0xFE40, 0xFE60, 0xFE40, 0xFE40, 0xFE40, 0xFE40, 0xFE40, 0xFE40,
    0xFE40, 0xFE40, 0xFE40, 0xFE40, 0xFE40, 0xFE60, 0xFE60, 0xFEE2, 0x5AA1, 0x0000, 0x0000, 0x0000,
    0x0000, 0x0000, 0x0000, 0x0000, 0x0000, 0x0000, 0x0000, 0x0000, 0x0000, 0x0000, 0x0000, 0x0000,
    0x0000, 0x0000, 0x0000, 0x0000, 0x0000, 0x0000, 0x0000, 0x0000, 0x0000, 0x0000, 0x0000, 0x0000,
    0x0000, 0x0000, 0x0000, 0x0000, 0x0000, 0x0000, 0x0000, 0x0000, 0x0000, 0x0000, 0x0000, 0x0000,
    0x0000, 0x0000, 0x0000, 0x0000, 0x0000, 0x0000, 0x0000, 0x0000, 0x0000, 0x0000, 0x0000, 0x0000,
    0x0000, 0x0000, 0x0000, 0x0000, 0x0000, 0x0000, 0x0000, 0x0000, 0x0000, 0x0000, 0x0000, 0x0000,
    0x0000, 0x0000, 0x0000, 0x0000, 0x0000, 0x0000, 0x0000, 0x0000, 0xEE42, 0xFE80, 0xFE60, 0xFE60,
    0xFE60, 0xFE40, 0xFE40, 0xFE40, 0xFE40, 0xFE60, 0xFE60, 0xFE40, 0xFE40, 0xFE40, 0xFE40, 0xFE40,
    0xFE40, 0xFE40, 0xFE40, 0xFE40, 0xFE40, 0xFE40, 0xFE40, 0xFE40, 0xFE40, 0xFE60, 0xFE60, 0xFEE2,
    0x5241, 0x0000, 0x0000, 0x0000, 0x0000, 0x0000, 0x0000, 0x0000, 0x0000, 0x0000, 0x0000, 0x0000,
    0x0000, 0x0000, 0x0000, 0x0000, 0x0000, 0x0000, 0x0000, 0x0000, 0x0000, 0x0000, 0x0000, 0x0000,
    0x0000, 0x0000, 0x0000, 0x0000, 0x0000, 0x0000, 0x0000, 0x0000, 0x0000, 0x0000, 0x0000, 0x0000,
    0x0000, 0x0000, 0x0000, 0x0000, 0x0000, 0x0000, 0x0000, 0x0000, 0x0000, 0x0000, 0x0000, 0x0000,
    0x0000, 0x0000, 0x0000, 0x0000, 0x0000, 0x0000, 0x0000, 0x0000, 0x0000, 0x0000, 0x0000, 0x0000,
    0x0000, 0x0000, 0x0000, 0x0000, 0x0000, 0x0000, 0x0000, 0x0000, 0x0000, 0x0000, 0x0000, 0xB4A3,
    0xFEE0, 0xFE60, 0xFE60, 0xFE60, 0xFE60, 0xFE40, 0xFE40, 0xFE40, 0xFE40, 0xFE40, 0xFE40, 0xFE60,
    0xFE60, 0xFE60, 0xFE60, 0xFE40, 0xFE40, 0xFE40, 0xFE40, 0xFE40, 0xFE40, 0xFE40, 0xFE40, 0xFE40,
    0xFE40, 0xFE60, 0xFE60, 0xFEE1, 0x5241, 0x0000, 0x0000, 0x0000, 0x0000, 0x0000, 0x0000, 0x0000,
    0x0000, 0x0000, 0x0000, 0x0000, 0x0000, 0x0000, 0x0000, 0x0000, 0x0000, 0x0000, 0x0000, 0x0000,
    0x0000, 0x0000, 0x0000, 0x0000, 0x0000, 0x0000, 0x0000, 0x0000, 0x0000, 0x0000, 0x0000, 0x0000,
    0x0000, 0x0000, 0x0000, 0x0000, 0x0000, 0x0000, 0x0000, 0x0000, 0x0000, 0x0000, 0x0000, 0x0000,
    0x0000, 0x0000, 0x0000, 0x0000, 0x0000, 0x0000, 0x0000, 0x0000, 0x0000, 0x0000, 0x0000, 0x0000,
    0x0000, 0x0000, 0x0000, 0x0000, 0x0000, 0x0000, 0x0000, 0x0000, 0x0000, 0x0000, 0x0000, 0x0000,
    0x0000, 0x0000, 0x5241, 0xFEE1, 0xFE60, 0xFE80, 0xFE80, 0xFE60, 0xFE60, 0xFE40, 0xFE40, 0xFE40,
    0xFE40, 0xFE40, 0xFE40, 0xFE40, 0xFE60, 0xFE40, 0xFE40, 0xFE40, 0xFE40, 0xFE40, 0xFE40, 0xFE40,
    0xFE40, 0xFE40, 0xFE40, 0xFE40, 0xFE60, 0xFE60, 0xFE60, 0xFF01, 0x5241, 0x0000, 0x0000, 0x0000,
    0x0000, 0x0000, 0x0000, 0x0000, 0x0000, 0x0000, 0x0000, 0x0000, 0x0000, 0x0000, 0x0000, 0x0000,
    0x0000, 0x0000, 0x0000, 0x0000, 0x0000, 0x0000, 0x0000, 0x0000, 0x0000, 0x0000, 0x0000, 0x0000,
    0x0000, 0x0000, 0x0000, 0x0000, 0x0000, 0x0000, 0x0000, 0x0000, 0x0000, 0x0000, 0x0000, 0x0000,
    0x0000, 0x0000, 0x0000, 0x0000, 0x0000, 0x0000, 0x0000, 0x0000, 0x0000, 0x0000, 0x0000, 0x0000,
    0x0000, 0x0000, 0x0000, 0x0000, 0x0000, 0x0000, 0x0000, 0x0000, 0x0000, 0x0000, 0x0000, 0x0000,
    0x0000, 0x0000, 0x0000, 0x0000, 0x0000, 0x0000, 0xDDA1, 0xFEA0, 0xFE60, 0xFE80, 0xFE60, 0xFE60,
    0xFE60, 0xFE40, 0xFE40, 0xFE40, 0xFE40, 0xFE40, 0xFE40, 0xFE40, 0xFE40, 0xFE40, 0xFE40, 0xFE40,
    0xFE40, 0xFE40, 0xFE40, 0xFE40, 0xFE40, 0xFE40, 0xFE40, 0xFE60, 0xFE60, 0xFE60, 0xFE60, 0xFEE1,
    0x5262, 0x0000, 0x0000, 0x0000, 0x0000, 0x0000, 0x0000, 0x0000, 0x0000, 0x0000, 0x0000, 0x0000,
    0x0000, 0x0000, 0x0000, 0x0000, 0x0000, 0x0000, 0x0000, 0x0000, 0x0000, 0x0000, 0x0000, 0x0000,
    0x0000, 0x0000, 0x0000, 0x0000, 0x0000, 0x0000, 0x0000, 0x0000, 0x0000, 0x0000, 0x0000, 0x0000,
    0x0000, 0x0000, 0x0000, 0x0000, 0x0000, 0x0000, 0x0000, 0x0000, 0x0000, 0x0000, 0x0000, 0x0000,
    0x0000, 0x0000, 0x0000, 0x0000, 0x0000, 0x0000, 0x0000, 0x0000, 0x0000, 0x0000, 0x0000, 0x0000,
    0x0000, 0x0000, 0x0000, 0x0000, 0x0000, 0x0000, 0x0000, 0x0000, 0x0000, 0x7322, 0xFF00, 0xFE60,
    0xFE80, 0xFE60, 0xFE60, 0xFE60, 0xFE60, 0xFE40, 0xFE40, 0xFE40, 0xFE40, 0xFE40, 0xFE40, 0xFE40,
    0xFE40, 0xFE60, 0xFE60, 0xFE40, 0xFE40, 0xFE40, 0xFE40, 0xFE40, 0xFE40, 0xFE40, 0xFE40, 0xFE60,
    0xFE60, 0xFE60, 0xFE60, 0xFEE1, 0x62A2, 0x0000, 0x0000, 0x0000, 0x0000, 0x0000, 0x0000, 0x0000,
    0x0000, 0x0000, 0x0000, 0x0000, 0x0000, 0x0000, 0x0000, 0x0000, 0x0000, 0x0000, 0x0000, 0x0000,
    0x0000, 0x0000, 0x0000, 0x0000, 0x0000, 0x0000, 0x0000, 0x0000, 0x0000, 0x0000, 0x0000, 0x0000,
    0x0000, 0x0000, 0x0000, 0x0000, 0x0000, 0x0000, 0x0000, 0x0000, 0x0000, 0x0000, 0x0000, 0x0000,
    0x0000, 0x0000, 0x0000, 0x0000, 0x0000, 0x0000, 0x0000, 0x0000, 0x0000, 0x0000, 0x0000, 0x0000,
    0x0000, 0x0000, 0x0000, 0x0000, 0x0000, 0x0000, 0x0000, 0x0000, 0x0000, 0x0000, 0x0000, 0x0000,
    0x0000, 0xE5E2, 0xFEA0, 0xFE80, 0xFE60, 0xFE60, 0xFE60, 0xFE60, 0xFE60, 0xFE40, 0xFE40, 0xFE40,
    0xFE40, 0xFE40, 0xFE60, 0xFE60, 0xFE40, 0xFE60, 0xFE60, 0xFE40, 0xFE40, 0xFE40, 0xFE40, 0xFE40,
    0xFE40, 0xFE40, 0xFE40, 0xFE60, 0xFE60, 0xFE60, 0xFE60, 0xFF01, 0x7322, 0x0000, 0x0000, 0x0000,
    0x0000, 0x0000, 0x0000, 0x0000, 0x0000, 0x0000, 0x0000, 0x0000, 0x0000, 0x0000, 0x0000, 0x0000,
    0x0000, 0x0000, 0x0000, 0x0000, 0x0000, 0x0000, 0x0000, 0x0000, 0x0000, 0x0000, 0x0000, 0x0000,
    0x0000, 0x0000, 0x0000, 0x0000, 0x0000, 0x0000, 0x0000, 0x0000, 0x0000, 0x0000, 0x0000, 0x0000,
    0x0000, 0x0000, 0x0000, 0x0000, 0x0000, 0x0000, 0x0000, 0x0000, 0x0000, 0x0000, 0x0000, 0x0000,
    0x0000, 0x0000, 0x0000, 0x0000, 0x0000, 0x0000, 0x0000, 0x0000, 0x0000, 0x0000, 0x0000, 0x0000,
    0x0000, 0x0000, 0x0000, 0x0000, 0x7302, 0xFEE0, 0xFE60, 0xFE60, 0xFE60, 0xFE60, 0xFE60, 0xFE60,
    0xFE60, 0xFE40, 0xFE40, 0xFE40, 0xFE40, 0xFE40, 0xFE40, 0xFE60, 0xFE60, 0xFE60, 0xFE60, 0xFE60,
    0xFE40, 0xFE40, 0xFE40, 0xFE40, 0xFE40, 0xFE40, 0xFE40, 0xFE60, 0xFE60, 0xFE60, 0xFE60, 0xFF01,
    0x83A2, 0x0000, 0x0000, 0x0000, 0x0000, 0x0000, 0x0000, 0x0000, 0x0000, 0x0000, 0x0000, 0x0000,
    0x0000, 0x0000, 0x0000, 0x0000, 0x0000, 0x0000, 0x0000, 0x0000, 0x0000, 0x0000, 0x0000, 0x0000,
    0x0000, 0x0000, 0x0000, 0x0000, 0x0000, 0x0000, 0x0000, 0x0000, 0x0000, 0x0000, 0x0000, 0x0000,
    0x0000, 0x0000, 0x0000, 0x0000, 0x0000, 0x0000, 0x0000, 0x0000, 0x0000, 0x0000, 0x0000, 0x0000,
    0x0000, 0x0000, 0x0000, 0x0000, 0x0000, 0x0000, 0x0000, 0x0000, 0x0000, 0x0000, 0x0000, 0x0000,
    0x0000, 0x0000, 0x0000, 0x0000, 0x0000, 0x0000, 0x0000, 0x0000, 0xDDC2, 0xFEA0, 0xFE60, 0xFE60,
    0xFE60, 0xFE60, 0xFE40, 0xFE40, 0xFE40, 0xFE40, 0xFE40, 0xFE40, 0xFE40, 0xFE40, 0xFE40, 0xFE60,
    0xFE40, 0xFE60, 0xFE60, 0xFE40, 0xFE40, 0xFE40, 0xFE40, 0xFE40, 0xFE40, 0xFE40, 0xFE40, 0xFE40,
    0xFE60, 0xFE60, 0xFE60, 0xFEE1, 0xA463, 0x0000, 0x0000, 0x0000, 0x0000, 0x0000, 0x0000, 0x0000,
    0x0000, 0x0000, 0x0000, 0x0000, 0x0000, 0x0000, 0x0000, 0x0000, 0x0000, 0x0000, 0x0000, 0x0000,
    0x0000, 0x0000, 0x0000, 0x0000, 0x0000, 0x0000, 0x0000, 0x0000, 0x0000, 0x0000, 0x0000, 0x0000,
    0x0000, 0x0000, 0x0000, 0x0000, 0x0000, 0x0000, 0x0000, 0x0000, 0x0000, 0x0000, 0x0000, 0x0000,
    0x0000, 0x0000, 0x0000, 0x0000, 0x0000, 0x0000, 0x0000, 0x0000, 0x0000, 0x0000, 0x0000, 0x0000,
    0x0000, 0x0000, 0x0000, 0x0000, 0x0000, 0x0000, 0x0000, 0x0000, 0x0000, 0x0000, 0x0000, 0x5241,
    0xFEE0, 0xFE60, 0xFE60, 0xFE60, 0xFE40, 0xFE40, 0xFE40, 0xFE40, 0xFE40, 0xFE40, 0xFE40, 0xFE40,
    0xFE40, 0xFE40, 0xFE40, 0xFE60, 0xFE40, 0xFE60, 0xFE40, 0xFE40, 0xFE40, 0xFE40, 0xFE40, 0xFE40,
    0xFE40, 0xFE40, 0xFE40, 0xFE60, 0xFE60, 0xFE60, 0xFE60, 0xFEE0, 0xC522, 0x0000, 0x0000, 0x0000,
    0x0000, 0x0000, 0x0000, 0x0000, 0x0000, 0x0000, 0x0000, 0x0000, 0x0000, 0x0000, 0x0000, 0x0000,
    0x0000, 0x0000, 0x0000, 0x0000, 0x0000, 0x0000, 0x0000, 0x0000, 0x0000, 0x0000, 0x0000, 0x0000,
    0x0000, 0x0000, 0x0000, 0x0000, 0x0000, 0x0000, 0x0000, 0x0000, 0x0000, 0x0000, 0x0000, 0x0000,
    0x0000, 0x0000, 0x0000, 0x0000, 0x0000, 0x0000, 0x0000, 0x0000, 0x0000, 0x0000, 0x0000, 0x0000,
    0x0000, 0x0000, 0x0000, 0x0000, 0x0000, 0x0000, 0x0000, 0x0000, 0x0000, 0x0000, 0x0000, 0x0000,
    0x0000, 0x0000, 0x0000, 0xB4A2, 0xFEE0, 0xFE60, 0xFE60, 0xFE60, 0xFE60, 0xFE40, 0xFE40, 0xFE40,
    0xFE40, 0xFE40, 0xFE40, 0xFE40, 0xFE40, 0xFE40, 0xFE40, 0xFE60, 0xFE60, 0xFE60, 0xFE40, 0xFE40,
    0xFE40, 0xFE40, 0xFE40, 0xFE40, 0xFE40, 0xFE40, 0xFE40, 0xFE60, 0xFE60, 0xFE60, 0xFE60, 0xFEA0,
    0xE5E2, 0x0000, 0x0000, 0x0000, 0x0000, 0x0000, 0x0000, 0x0000, 0x0000, 0x0000, 0x0000, 0x0000,
    0x0000, 0x0000, 0x0000, 0x0000, 0x0000, 0x0000, 0x0000, 0x0000, 0x0000, 0x0000, 0x0000, 0x0000,
    0x0000, 0x0000, 0x0000, 0x0000, 0x0000, 0x0000, 0x0000, 0x0000, 0x0000, 0x0000, 0x0000, 0x0000,
    0x0000, 0x0000, 0x0000, 0x0000, 0x0000, 0x0000, 0x0000, 0x0000, 0x0000, 0x0000, 0x0000, 0x0000,
    0x0000, 0x0000, 0x0000, 0x0000, 0x0000, 0x0000, 0x0000, 0x0000, 0x0000, 0x0000, 0x0000, 0x0000,
    0x0000, 0x0000, 0x0000, 0x0000, 0x0000, 0x0000, 0x0000, 0xF661, 0xFE81, 0xFE60, 0xFE60, 0xFE60,
    0xFE40, 0xFE40, 0xFE40, 0xFE40, 0xFE40, 0xFE40, 0xFE40, 0xFE40, 0xFE40, 0xFE40, 0xFE40, 0xFE40,
    0xFE40, 0xFE40, 0xFE40, 0xFE40, 0xFE40, 0xFE40, 0xFE40, 0xFE40, 0xFE40, 0xFE40, 0xFE40, 0xFE40,
    0xFE60, 0xFE60, 0xFE60, 0xFE60, 0xFE82, 0x0000, 0x0000, 0x0000, 0x0000, 0x0000, 0x0000, 0x0000,
    0x0000, 0x0000, 0x0000, 0x0000, 0x0000, 0x0000, 0x0000, 0x0000, 0x0000, 0x0000, 0x0000, 0x0000,
    0x0000, 0x0000, 0x0000, 0x0000, 0x0000, 0x0000, 0x0000, 0x0000, 0x0000, 0x0000, 0x0000, 0x0000,
    0x0000, 0x0000, 0x0000, 0x0000, 0x0000, 0x0000, 0x0000, 0x0000, 0x0000, 0x0000, 0x0000, 0x0000,
    0x0000, 0x0000, 0x0000, 0x0000, 0x0000, 0x0000, 0x0000, 0x0000, 0x0000, 0x0000, 0x0000, 0x0000,
    0x0000, 0x0000, 0x0000, 0x0000, 0x0000, 0x0000, 0x0000, 0x0000, 0x0000, 0x0000, 0x6AE1, 0xFF01,
    0xFE60, 0xFE60, 0xFE40, 0xFE40, 0xFE40, 0xFE40, 0xFE40, 0xFE40, 0xFE40, 0xFE40, 0xFE40, 0xFE40,
    0xFE40, 0xFE40, 0xFE40, 0xFE40, 0xFE40, 0xFE40, 0xFE40, 0xFE40, 0xFE40, 0xFE40, 0xFE40, 0xFE40,
    0xFE40, 0xFE40, 0xFE40, 0xFE60, 0xFE60, 0xFE60, 0xFE60, 0xFE40, 0xFEE1, 0x5A61, 0x0000, 0x0000,
    0x0000, 0x0000, 0x0000, 0x0000, 0x0000, 0x0000, 0x0000, 0x0000, 0x0000, 0x0000, 0x0000, 0x0000,
    0x0000, 0x0000, 0x0000, 0x0000, 0x0000, 0x0000, 0x0000, 0x0000, 0x0000, 0x0000, 0x0000, 0x0000,
    0x0000, 0x0000, 0x0000, 0x0000, 0x0000, 0x0000, 0x0000, 0x0000, 0x0000, 0x0000, 0x0000, 0x0000,
    0x0000, 0x0000, 0x0000, 0x0000, 0x0000, 0x0000, 0x0000, 0x0000, 0x0000, 0x0000, 0x0000, 0x0000,
    0x0000, 0x0000, 0x0000, 0x0000, 0x0000, 0x0000, 0x0000, 0x0000, 0x0000, 0x0000, 0x0000, 0x0000,
    0x0000, 0x0000, 0xB4E2, 0xFEC1, 0xFE60, 0xFE60, 0xFE40, 0xFE40, 0xFE40, 0xFE40, 0xFE40, 0xFE40,
    0xFE40, 0xFE40, 0xFE40, 0xFE40, 0xFE40, 0xFE40, 0xFE40, 0xFE40, 0xFE40, 0xFE40, 0xFE40, 0xFE40,
    0xFE40, 0xFE40, 0xFE40, 0xFE40, 0xFE40, 0xFE40, 0xFE40, 0xFE60, 0xFE60, 0xFE60, 0xFE60, 0xFE60,
    0xFEE0, 0x93E2, 0x0000, 0x0000, 0x0000, 0x0000, 0x0000, 0x0000, 0x0000, 0x0000, 0x0000, 0x0000,
    0x0000, 0x0000, 0x0000, 0x0000, 0x0000, 0x0000, 0x0000, 0x0000, 0x0000, 0x0000, 0x0000, 0x0000,
    0x0000, 0x0000, 0x0000, 0x0000, 0x0000, 0x0000, 0x0000, 0x0000, 0x0000, 0x0000, 0x0000, 0x0000,
    0x0000, 0x0000, 0x0000, 0x0000, 0x0000, 0x0000, 0x0000, 0x0000, 0x0000, 0x0000, 0x0000, 0x0000,
    0x0000, 0x0000, 0x0000, 0x0000, 0x0000, 0x0000, 0x0000, 0x0000, 0x0000, 0x0000, 0x0000, 0x0000,
    0x0000, 0x0000, 0x0000, 0x0000, 0x0000, 0x0000, 0xF641, 0xFE81, 0xFE60, 0xFE40, 0xFE40, 0xFE60,
    0xFE60, 0xFE60, 0xFE40, 0xFE40, 0xFE40, 0xFE40, 0xFE40, 0xFE40, 0xFE40, 0xFE41, 0xFE40, 0xFE40,
    0xFE40, 0xFE40, 0xFE40, 0xFE40, 0xFE40, 0xFE40, 0xFE40, 0xFE40, 0xFE41, 0xFE41, 0xFE60, 0xFE60,
    0xFE60, 0xFE60, 0xFE80, 0xFE60, 0xFEA0, 0xD582, 0x0000, 0x0000, 0x0000, 0x0000, 0x0000, 0x0000,
    0x0000, 0x0000, 0x0000, 0x0000, 0x0000, 0x0000, 0x0000, 0x0000, 0x0000, 0x0000, 0x0000, 0x0000,
    0x0000, 0x0000, 0x0000, 0x0000, 0x0000, 0x0000, 0x0000, 0x0000, 0x0000, 0x0000, 0x0000, 0x0000,
    0x0000, 0x0000, 0x0000, 0x0000, 0x0000, 0x0000, 0x0000, 0x0000, 0x0000, 0x0000, 0x0000, 0x0000,
    0x0000, 0x0000, 0x0000, 0x0000, 0x0000, 0x0000, 0x0000, 0x0000, 0x0000, 0x0000, 0x0000, 0x0000,
    0x0000, 0x0000, 0x0000, 0x0000, 0x0000, 0x0000, 0x0000, 0x0000, 0x0000, 0x5241, 0xFEE1, 0xFE60,
    0xFE60, 0xFE40, 0xFE40, 0xFE60, 0xFE60, 0xFE60, 0xFE60, 0xFE40, 0xFE40, 0xFE40, 0xFE40, 0xFE40,
    0xFE40, 0xFE40, 0xFE40, 0xFE40, 0xFE40, 0xFE40, 0xFE60, 0xFE40, 0xFE40, 0xFE40, 0xFE40, 0xFE40,
    0xFE60, 0xFE60, 0xFE60, 0xFE60, 0xFE60, 0xFE60, 0xFE60, 0xFE80, 0xFE80, 0xFEA2, 0x0000, 0x0000,
    0x0000, 0x0000, 0x0000, 0x0000, 0x0000, 0x0000, 0x0000, 0x0000, 0x0000, 0x0000, 0x0000, 0x0000,
    0x0000, 0x0000, 0x0000, 0x0000, 0x0000, 0x0000, 0x0000, 0x0000, 0x0000, 0x0000, 0x0000, 0x0000,
    0x0000, 0x0000, 0x0000, 0x0000, 0x0000, 0x0000, 0x0000, 0x0000, 0x0000, 0x0000, 0x0000, 0x0000,
    0x0000, 0x0000, 0x0000, 0x0000, 0x0000, 0x0000, 0x0000, 0x0000, 0x0000, 0x0000, 0x0000, 0x0000,
    0x0000, 0x0000, 0x0000, 0x0000, 0x0000, 0x0000, 0x0000, 0x0000, 0x0000, 0x0000, 0x0000, 0x0000,
    0x0000, 0x8BC2, 0xFEE0, 0xFE40, 0xFE40, 0xFE40, 0xFE60, 0xFE60, 0xFE60, 0xFE60, 0xFE60, 0xFE40,
    0xFE40, 0xFE40, 0xFE40, 0xFE40, 0xFE40, 0xFE40, 0xFE40, 0xFE40, 0xFE40, 0xFE40, 0xFE60, 0xFE40,
    0xFE60, 0xFE40, 0xFE40, 0xFE40, 0xFE60, 0xFE40, 0xFE40, 0xFE60, 0xFE60, 0xFE60, 0xFE60, 0xFE80,
    0xFE60, 0xFEE1, 0x7B63, 0x0000, 0x0000, 0x0000, 0x0000, 0x0000, 0x0000, 0x0000, 0x0000, 0x0000,
    0x0000, 0x0000, 0x0000, 0x0000, 0x0000, 0x0000, 0x0000, 0x0000, 0x0000, 0x0000, 0x0000, 0x0000,
    0x0000, 0x0000, 0x0000, 0x0000, 0x0000, 0x0000, 0x0000, 0x0000, 0x0000, 0x0000, 0x0000, 0x0000,
    0x0000, 0x0000, 0x0000, 0x0000, 0x0000, 0x0000, 0x0000, 0x0000, 0x0000, 0x0000, 0x0000, 0x0000,
    0x0000, 0x0000, 0x0000, 0x0000, 0x0000, 0x0000, 0x0000, 0x0000, 0x0000, 0x0000, 0x0000, 0x0000,
    0x0000, 0x0000, 0x0000, 0x0000, 0x0000, 0xBD01, 0xFEC0, 0xFE40, 0xFE40, 0xFE40, 0xFE60, 0xFE60,
    0xFE60, 0xFE40, 0xFE60, 0xFE40, 0xFE40, 0xFE40, 0xFE40, 0xFE40, 0xFE40, 0xFE40, 0xFE40, 0xFE40,
    0xFE40, 0xFE60, 0xFE60, 0xFE40, 0xFE60, 0xFE60, 0xFE40, 0xFE40, 0xFE40, 0xFE40, 0xFE40, 0xFE40,
    0xFE60, 0xFE60, 0xFE60, 0xFE80, 0xFE80, 0xFEC0, 0xCD43, 0x0000, 0x0000, 0x0000, 0x0000, 0x0000,
    0x0000, 0x0000, 0x0000, 0x0000, 0x0000, 0x0000, 0x0000, 0x0000, 0x0000, 0x0000, 0x0000, 0x0000,
    0x0000, 0x0000, 0x0000, 0x0000, 0x0000, 0x0000, 0x0000, 0x0000, 0x0000, 0x0000, 0x0000, 0x0000,
    0x0000, 0x0000, 0x0000, 0x0000, 0x0000, 0x0000, 0x0000, 0x0000, 0x0000, 0x0000, 0x0000, 0x0000,
    0x0000, 0x0000, 0x0000, 0x0000, 0x0000, 0x0000, 0x0000, 0x0000, 0x0000, 0x0000, 0x0000, 0x0000,
    0x0000, 0x0000, 0x0000, 0x0000, 0x0000, 0x0000, 0x0000, 0x0000, 0x0000, 0xE601, 0xFEA0, 0xFE60,
    0xFE60, 0xFE60, 0xFE60, 0xFE60, 0xFE60, 0xFE40, 0xFE60, 0xFE40, 0xFE40, 0xFE40, 0xFE40, 0xFE40,
    0xFE40, 0xFE40, 0xFE40, 0xFE40, 0xFE40, 0xFE60, 0xFE60, 0xFE60, 0xFE60, 0xFE60, 0xFE40, 0xFE40,
    0xFE40, 0xFE60, 0xFE60, 0xFE60, 0xFE60, 0xFE60, 0xFE60, 0xFE60, 0xFE80, 0xFE80, 0xFEA2, 0x3982,
    0x0000, 0x0000, 0x0000, 0x0000, 0x0000, 0x0000, 0x0000, 0x0000, 0x0000, 0x0000, 0x0000, 0x0000,
    0x0000, 0x0000, 0x0000, 0x0000, 0x0000, 0x0000, 0x0000, 0x0000, 0x0000, 0x0000, 0x0000, 0x0000,
    0x0000, 0x0000, 0x0000, 0x0000, 0x0000, 0x0000, 0x0000, 0x0000, 0x0000, 0x0000, 0x0000, 0x0000,
    0x0000, 0x0000, 0x0000, 0x0000, 0x0000, 0x0000, 0x0000, 0x0000, 0x0000, 0x0000, 0x0000, 0x0000,
    0x0000, 0x0000, 0x0000, 0x0000, 0x0000, 0x0000, 0x0000, 0x0000, 0x0000, 0x0000, 0x0000, 0x0000,
    0x0000, 0xFEA1, 0xFE80, 0xFE60, 0xFE60, 0xFE60, 0xFE60, 0xFE60, 0xFE60, 0xFE40, 0xFE40, 0xFE40,
    0xFE40, 0xFE40, 0xFE40, 0xFE40, 0xFE40, 0xFE40, 0xFE40, 0xFE40, 0xFE40, 0xFE40, 0xFE60, 0xFE60,
    0xFE60, 0xFE60, 0xFE40, 0xFE40, 0xFE40, 0xFE60, 0xFE60, 0xFE60, 0xFE60, 0xFE60, 0xFE60, 0xFE60,
    0xFE80, 0xFE60, 0xFEC1, 0xA422, 0x0000, 0x0000, 0x0000, 0x0000, 0x0000, 0x0000, 0x0000, 0x0000,
    0x0000, 0x0000, 0x0000, 0x0000, 0x0000, 0x0000, 0x0000, 0x0000, 0x0000, 0x0000, 0x0000, 0x0000,
    0x0000, 0x0000, 0x0000, 0x0000, 0x0000, 0x0000, 0x0000, 0x0000, 0x0000, 0x0000, 0x0000, 0x0000,
    0x0000, 0x0000, 0x0000, 0x0000, 0x0000, 0x0000, 0x0000, 0x0000, 0x0000, 0x0000, 0x0000, 0x0000,
    0x0000, 0x0000, 0x0000, 0x0000, 0x0000, 0x0000, 0x0000, 0x0000, 0x0000, 0x0000, 0x0000, 0x0000,
    0x0000, 0x0000, 0x0000, 0x0000, 0x4A41, 0xFEE1, 0xFE60, 0xFE60, 0xFE60, 0xFE60, 0xFE60, 0xFE60,
    0xFE40, 0xFE40, 0xFE40, 0xFE40, 0xFE40, 0xFE40, 0xFE40, 0xFE40, 0xFE40, 0xFE40, 0xFE40, 0xFE40,
    0xFE40, 0xFE40, 0xFE40, 0xFE40, 0xFE40, 0xFE40, 0xFE40, 0xFE40, 0xFE40, 0xFE40, 0xFE60, 0xFE60,
    0xFE40, 0xFE60, 0xFE60, 0xFE60, 0xFE80, 0xFE80, 0xFE80, 0xF622, 0x0000, 0x0000, 0x0000, 0x0000,
    0x0000, 0x0000, 0x0000, 0x0000, 0x0000, 0x0000, 0x0000, 0x0000, 0x0000, 0x0000, 0x0000, 0x0000,
    0x0000, 0x0000, 0x0000, 0x0000, 0x0000, 0x0000, 0x0000, 0x0000, 0x0000, 0x0000, 0x0000, 0x0000,
    0x0000, 0x0000, 0x0000, 0x0000, 0x0000, 0x0000, 0x0000, 0x0000, 0x0000, 0x0000, 0x0000, 0x0000,
    0x0000, 0x0000, 0x0000, 0x0000, 0x0000, 0x0000, 0x0000, 0x0000, 0x0000, 0x0000, 0x0000, 0x0000,
    0x0000, 0x0000, 0x0000, 0x0000, 0x0000, 0x0000, 0x0000, 0x0000, 0x6B22, 0xFF01, 0xF660, 0xFE60,
    0xFE60, 0xFE60, 0xFE60, 0xFE60, 0xFE60, 0xFE40, 0xFE40, 0xFE40, 0xFE40, 0xFE40, 0xFE40, 0xFE40,
    0xFE40, 0xFE40, 0xFE40, 0xFE40, 0xFE40, 0xFE40, 0xFE40, 0xFE40, 0xFE40, 0xFE40, 0xFE40, 0xFE40,
    0xFE40, 0xFE40, 0xFE60, 0xFE60, 0xFE40, 0xFE40, 0xFE60, 0xFE60, 0xFE60, 0xFE80, 0xFE60, 0xFEE1,
    0x83A2, 0x0000, 0x0000, 0x0000, 0x0000, 0x0000, 0x0000, 0x0000, 0x0000, 0x0000, 0x0000, 0x0000,
    0x0000, 0x0000, 0x0000, 0x0000, 0x0000, 0x0000, 0x0000, 0x0000, 0x0000, 0x0000, 0x0000, 0x0000,
    0x0000, 0x0000, 0x0000, 0x0000, 0x0000, 0x0000, 0x0000, 0x0000, 0x0000, 0x0000, 0x0000, 0x0000,
    0x0000, 0x0000, 0x0000, 0x0000, 0x0000, 0x0000, 0x0000, 0x0000, 0x0000, 0x0000, 0x0000, 0x0000,
    0x0000, 0x0000, 0x0000, 0x0000, 0x0000, 0x0000, 0x0000, 0x0000, 0x0000, 0x0000, 0x0000, 0x0000,
    0x83C2, 0xFF01, 0xF641, 0xFE60, 0xFE60, 0xFE60, 0xFE60, 0xFE60, 0xFE60, 0xFE40, 0xFE40, 0xFE40,
    0xFE40, 0xFE40, 0xFE40, 0xFE40, 0xFE40, 0xFE40, 0xFE40, 0xFE40, 0xFE40, 0xFE40, 0xFE40, 0xFE40,
    0xFE40, 0xFE40, 0xFE40, 0xFE40, 0xFE60, 0xFE60, 0xFE40, 0xFE60, 0xFE40, 0xFE40, 0xFE60, 0xFE60,
    0xFE60, 0xFE60, 0xFE80, 0xFE80, 0xEE22, 0x0000, 0x0000, 0x0000, 0x0000, 0x0000, 0x0000, 0x0000,
    0x0000, 0x0000, 0x0000, 0x0000, 0x0000, 0x0000, 0x0000, 0x0000, 0x0000, 0x0000, 0x0000, 0x0000,
    0x0000, 0x0000, 0x0000, 0x0000, 0x0000, 0x0000, 0x0000, 0x0000, 0x0000, 0x0000, 0x0000, 0x0000,
    0x0000, 0x0000, 0x0000, 0x0000, 0x0000, 0x0000, 0x0000, 0x0000, 0x0000, 0x0000, 0x0000, 0x0000,
    0x0000, 0x0000, 0x0000, 0x0000, 0x0000, 0x0000, 0x0000, 0x0000, 0x0000, 0x0000, 0x0000, 0x0000,
    0x0000, 0x0000, 0x0000, 0x0000, 0x9C63, 0xFEE0, 0xFE60, 0xFE60, 0xFE60, 0xFE60, 0xFE60, 0xFE60,
    0xFE60, 0xFE40, 0xFE40, 0xFE40, 0xFE40, 0xFE40, 0xFE40, 0xFE40, 0xFE40, 0xFE40, 0xFE40, 0xFE40,
    0xFE40, 0xFE40, 0xFE40, 0xFE40, 0xFE40, 0xFE40, 0xFE40, 0xFE40, 0xFE60, 0xFE60, 0xFE60, 0xFE40,
    0xFE40, 0xFE40, 0xFE60, 0xFE60, 0xFE60, 0xFE60, 0xFE80, 0xFE60, 0xFEE1, 0x93C2, 0x0000, 0x0000,
    0x0000, 0x0000, 0x0000, 0x0000, 0x0000, 0x0000, 0x0000, 0x0000, 0x0000, 0x0000, 0x0000, 0x0000,
    0x0000, 0x0000, 0x0000, 0x0000, 0x0000, 0x0000, 0x0000, 0x0000, 0x0000, 0x0000, 0x0000, 0x0000,
    0x0000, 0x0000, 0x0000, 0x0000, 0x0000, 0x0000, 0x0000, 0x0000, 0x0000, 0x0000, 0x0000, 0x0000,
    0x0000, 0x0000, 0x0000, 0x0000, 0x0000, 0x0000, 0x0000, 0x0000, 0x0000, 0x0000, 0x0000, 0x0000,
    0x0000, 0x0000, 0x0000, 0x0000, 0x0000, 0x0000, 0x0000, 0x0000, 0xACE2, 0xFEE0, 0xFE60, 0xFE60,
    0xFE60, 0xFE60, 0xFE60, 0xFE60, 0xFE40, 0xFE40, 0xFE40, 0xFE40, 0xFE40, 0xFE40, 0xFE40, 0xFE40,
    0xFE40, 0xFE40, 0xFE40, 0xFE40, 0xFE40, 0xFE40, 0xFE40, 0xFE40, 0xFE40, 0xFE40, 0xFE40, 0xFE40,
    0xFE40, 0xFE40, 0xFE40, 0xFE40, 0xFE40, 0xFE40, 0xFE60, 0xFE60, 0xFE60, 0xFE60, 0xFE80, 0xFE80,
    0xFE60, 0xFE82, 0x0000, 0x0000, 0x0000, 0x0000, 0x0000, 0x0000, 0x0000, 0x0000, 0x0000, 0x0000,
    0x0000, 0x0000, 0x0000, 0x0000, 0x0000, 0x0000, 0x0000, 0x0000, 0x0000, 0x0000, 0x0000, 0x0000,
    0x0000, 0x0000, 0x0000, 0x0000, 0x0000, 0x0000, 0x0000, 0x0000, 0x0000, 0x0000, 0x0000, 0x0000,
    0x0000, 0x0000, 0x0000, 0x0000, 0x0000, 0x0000, 0x0000, 0x0000, 0x0000, 0x0000, 0x0000, 0x0000,
    0x0000, 0x0000, 0x0000, 0x0000, 0x0000, 0x0000, 0x0000, 0x0000, 0x0000, 0x0000, 0x0000, 0x0000,
    0xB502, 0xFEE0, 0xFE60, 0xFE60, 0xFE60, 0xFE60, 0xFE60, 0xFE40, 0xFE40, 0xFE40, 0xFE40, 0xFE40,
    0xFE40, 0xFE40, 0xFE40, 0xFE60, 0xFE40, 0xFE40, 0xFE40, 0xFE40, 0xFE40, 0xFE40, 0xFE40, 0xFE40,
    0xFE40, 0xFE40, 0xFE40, 0xFE40, 0xFE40, 0xFE40, 0xFE40, 0xFE40, 0xFE40, 0xFE60, 0xFE60, 0xFE60,
    0xFE60, 0xFE60, 0xFE60, 0xFE60, 0xFE60, 0xFEA1, 0xC523, 0x0000, 0x0000, 0x0000, 0x0000, 0x0000,
    0x0000, 0x0000, 0x0000, 0x0000, 0x0000, 0x0000, 0x0000, 0x0000, 0x0000, 0x0000, 0x0000, 0x0000,
    0x0000, 0x0000, 0x0000, 0x0000, 0x0000, 0x0000, 0x0000, 0x0000, 0x0000, 0x0000, 0x0000, 0x0000,
    0x0000, 0x0000, 0x0000, 0x0000, 0x0000, 0x0000, 0x0000, 0x0000, 0x0000, 0x0000, 0x0000, 0x0000,
    0x0000, 0x0000, 0x0000, 0x0000, 0x0000, 0x0000, 0x0000, 0x0000, 0x0000, 0x0000, 0x0000, 0x0000,
    0x0000, 0x0000, 0x0000, 0x0000, 0xB502, 0xFEE1, 0xFE40, 0xFE60, 0xFE40, 0xFE60, 0xFE40, 0xFE40,
    0xFE40, 0xFE40, 0xFE40, 0xFE40, 0xFE40, 0xFE40, 0xFE40, 0xFE60, 0xFE60, 0xFE40, 0xFE40, 0xFE40,
    0xFE40, 0xFE40, 0xFE40, 0xFE40, 0xFE40, 0xFE40, 0xFE40, 0xFE40, 0xFE40, 0xFE40, 0xFE40, 0xFE40,
    0xFE40, 0xFE40, 0xFE40, 0xFE40, 0xFE60, 0xFE60, 0xFE60, 0xFE60, 0xFE60, 0xFE40, 0xFEC1, 0x7B22,
    0x0000, 0x0000, 0x0000, 0x0000, 0x0000, 0x0000, 0x0000, 0x0000, 0x0000, 0x0000, 0x0000, 0x0000,
    0x0000, 0x0000, 0x0000, 0x0000, 0x0000, 0x0000, 0x0000, 0x0000, 0x0000, 0x0000, 0x0000, 0x0000,
    0x0000, 0x0000, 0x0000, 0x0000, 0x0000, 0x0000, 0x0000, 0x0000, 0x0000, 0x0000, 0x0000, 0x0000,
    0x0000, 0x0000, 0x0000, 0x0000, 0x0000, 0x0000, 0x0000, 0x0000, 0x0000, 0x0000, 0x0000, 0x0000,
    0x0000, 0x0000, 0x0000, 0x0000, 0x0000, 0x0000, 0x0000, 0x0000, 0xB502, 0xFEE0, 0xFE60, 0xFE40,
    0xFE40, 0xFE40, 0xFE40, 0xFE40, 0xFE40, 0xFE40, 0xFE40, 0xFE40, 0xFE60, 0xFE60, 0xFE60, 0xFE60,
    0xFE60, 0xFE60, 0xFE40, 0xFE40, 0xFE40, 0xFE40, 0xFE40, 0xFE40, 0xFE40, 0xFE40, 0xFE40, 0xFE40,
    0xFE60, 0xFE60, 0xFE40, 0xFE40, 0xFE40, 0xFE40, 0xFE40, 0xFE40, 0xFE40, 0xFE60, 0xFE60, 0xFE60,
    0xFE60, 0xFE60, 0xFE60, 0xFE62, 0x3961, 0x0000, 0x0000, 0x0000, 0x0000, 0x0000, 0x0000, 0x0000,
    0x0000, 0x0000, 0x0000, 0x0000, 0x0000, 0x0000, 0x0000, 0x0000, 0x0000, 0x0000, 0x0000, 0x0000,
    0x0000, 0x0000, 0x0000, 0x0000, 0x0000, 0x0000, 0x0000, 0x0000, 0x0000, 0x0000, 0x0000, 0x0000,
    0x0000, 0x0000, 0x0000, 0x0000, 0x0000, 0x0000, 0x0000, 0x0000, 0x0000, 0x0000, 0x0000, 0x0000,
    0x0000, 0x0000, 0x0000, 0x0000, 0x0000, 0x0000, 0x0000, 0x0000, 0x0000, 0x0000, 0x0000, 0x0000,
    0xACC2, 0xFEE1, 0xFE40, 0xFE40, 0xFE40, 0xFE40, 0xFE40, 0xFE40, 0xFE40, 0xFE40, 0xFE40, 0xFE60,
    0xFE60, 0xFE60, 0xFE60, 0xFE60, 0xFE60, 0xFE60, 0xFE60, 0xFE40, 0xFE40, 0xFE40, 0xFE40, 0xFE40,
    0xFE40, 0xFE40, 0xFE40, 0xFE40, 0xFE40, 0xFE40, 0xFE40, 0xFE40, 0xFE40, 0xFE40, 0xFE40, 0xFE40,
    0xFE40, 0xFE40, 0xFE40, 0xFE40, 0xFE60, 0xFE60, 0xFE60, 0xFE80, 0xDD82, 0x0000, 0x0000, 0x0000,
    0x0000, 0x0000, 0x0000, 0x0000, 0x0000, 0x0000, 0x0000, 0x0000, 0x0000, 0x0000, 0x0000, 0x0000,
    0x0000, 0x0000, 0x0000, 0x0000, 0x0000, 0x0000, 0x0000, 0x0000, 0x0000, 0x0000, 0x0000, 0x0000,
    0x0000, 0x0000, 0x0000, 0x0000, 0x0000, 0x0000, 0x0000, 0x0000, 0x0000, 0x0000, 0x0000, 0x0000,
    0x0000, 0x0000, 0x0000, 0x0000, 0x0000, 0x0000, 0x0000, 0x0000, 0x0000, 0x0000, 0x0000, 0x0000,
    0x0000, 0x0000, 0x0000, 0x0000, 0x9C62, 0xFF00, 0xFE40, 0xFE40, 0xFE40, 0xFE40, 0xFE40, 0xFE40,
    0xFE40, 0xFE40, 0xFE60, 0xFE60, 0xFE60, 0xFE60, 0xFE60, 0xFE60, 0xFE60, 0xFE40, 0xFE40, 0xFE40,
    0xFE40, 0xFE40, 0xFE40, 0xFE40, 0xFE40, 0xFE40, 0xFE40, 0xFE40, 0xFE40, 0xFE40, 0xFE40, 0xFE40,
    0xFE40, 0xFE40, 0xFE40, 0xFE40, 0xFE40, 0xFE40, 0xFE40, 0xFE40, 0xFE40, 0xFE60, 0xFE80, 0xFE40,
    0xFEA0, 0xA422, 0x0000, 0x0000, 0x0000, 0x0000, 0x0000, 0x0000, 0x0000, 0x0000, 0x0000, 0x0000,
    0x0000, 0x0000, 0x0000, 0x0000, 0x0000, 0x0000, 0x0000, 0x0000, 0x0000, 0x0000, 0x0000, 0x0000,
    0x0000, 0x0000, 0x0000, 0x0000, 0x0000, 0x0000, 0x0000, 0x0000, 0x0000, 0x0000, 0x0000, 0x0000,
    0x0000, 0x0000, 0x0000, 0x0000, 0x0000, 0x0000, 0x0000, 0x0000, 0x0000, 0x0000, 0x0000, 0x0000,
    0x0000, 0x0000, 0x0000, 0x0000, 0x0000, 0x0000, 0x0000, 0x0000, 0x8C03, 0xFF20, 0xFE40, 0xFE60,
    0xFE40, 0xFE40, 0xFE40, 0xFE40, 0xFE40, 0xFE40, 0xFE60, 0xFE60, 0xFE60, 0xFE60, 0xFE60, 0xFE60,
    0xFE60, 0xFE40, 0xFE40, 0xFE40, 0xFE40, 0xFE40, 0xFE40, 0xFE40, 0xFE40, 0xFE40, 0xFE40, 0xFE40,
    0xFE40, 0xFE40, 0xFE40, 0xFE40, 0xFE40, 0xFE40, 0xFE40, 0xFE40, 0xFE40, 0xFE40, 0xFE40, 0xFE40,
    0xFE60, 0xFE60, 0xFE60, 0xFE60, 0xFE40, 0xFEA2, 0x8B63, 0x0000, 0x0000, 0x0000, 0x0000, 0x0000,
    0x0000, 0x0000, 0x0000, 0x0000, 0x0000, 0x0000, 0x0000, 0x0000, 0x0000, 0x0000, 0x0000, 0x0000,
    0x0000, 0x0000, 0x0000, 0x0000, 0x0000, 0x0000, 0x0000, 0x0000, 0x0000, 0x0000, 0x0000, 0x0000,
    0x0000, 0x0000, 0x0000, 0x0000, 0x0000, 0x0000, 0x0000, 0x0000, 0x0000, 0x0000, 0x0000, 0x0000,
    0x0000, 0x0000, 0x0000, 0x0000, 0x0000, 0x0000, 0x0000, 0x0000, 0x0000, 0x0000, 0x0000, 0x0000,
    0x7342, 0xFF20, 0xFE60, 0xFE60, 0xFE40, 0xFE40, 0xFE40, 0xFE40, 0xFE40, 0xFE40, 0xFE40, 0xFE60,
    0xFE60, 0xFE60, 0xFE60, 0xFE60, 0xFE40, 0xFE40, 0xFE40, 0xFE40, 0xFE40, 0xFE40, 0xFE40, 0xFE40,
    0xFE40, 0xFE40, 0xFE40, 0xFE40, 0xFE40, 0xFE40, 0xFE40, 0xFE40, 0xFE40, 0xFE40, 0xFE40, 0xFE40,
    0xFE40, 0xFE40, 0xFE40, 0xFE40, 0xFE60, 0xFE60, 0xFE60, 0xFE60, 0xFE60, 0xFE40, 0xFEA1, 0x7B02,
    0x0000, 0x0000, 0x0000, 0x0000, 0x0000, 0x0000, 0x0000, 0x0000, 0x0000, 0x0000, 0x0000, 0x0000,
    0x0000, 0x0000, 0x0000, 0x0000, 0x0000, 0x0000, 0x0000, 0x0000, 0x0000, 0x0000, 0x0000, 0x0000,
    0x0000, 0x0000, 0x0000, 0x0000, 0x0000, 0x0000, 0x0000, 0x0000, 0x0000, 0x0000, 0x0000, 0x0000,
    0x0000, 0x0000, 0x0000, 0x0000, 0x0000, 0x0000, 0x0000, 0x0000, 0x0000, 0x0000, 0x0000, 0x0000,
    0x0000, 0x0000, 0x0000, 0x0000, 0x5262, 0xFF20, 0xFE60, 0xFE60, 0xFE40, 0xFE40, 0xFE40, 0xFE40,
    0xFE40, 0xFE40, 0xFE40, 0xFE40, 0xFE60, 0xFE60, 0xFE60, 0xFE60, 0xFE40, 0xFE40, 0xFE40, 0xFE40,
    0xFE40, 0xFE40, 0xFE40, 0xFE40, 0xFE40, 0xFE40, 0xFE40, 0xFE40, 0xFE40, 0xFE40, 0xFE40, 0xFE40,
    0xFE40, 0xFE40, 0xFE40, 0xFE40, 0xFE40, 0xFE40, 0xFE40, 0xFE40, 0xFE40, 0xFE60, 0xFE60, 0xFE60,
    0xFE80, 0xFE60, 0xFE40, 0xFEA2, 0x72E3, 0x0000, 0x0000, 0x0000, 0x0000, 0x0000, 0x0000, 0x0000,
    0x0000, 0x0000, 0x0000, 0x0000, 0x0000, 0x0000, 0x0000, 0x0000, 0x0000, 0x0000, 0x0000, 0x0000,
    0x0000, 0x0000, 0x0000, 0x0000, 0x0000, 0x0000, 0x0000, 0x0000, 0x0000, 0x0000, 0x0000, 0x0000,
    0x0000, 0x0000, 0x0000, 0x0000, 0x0000, 0x0000, 0x0000, 0x0000, 0x0000, 0x0000, 0x0000, 0x0000,
    0x0000, 0x0000, 0x0000, 0x0000, 0x0000, 0x0000, 0x0000, 0x0000, 0x0000, 0xFF00, 0xFE60, 0xFE60,
    0xFE60, 0xFE40, 0xFE40, 0xFE40, 0xFE40, 0xFE40, 0xFE40, 0xFE40, 0xFE60, 0xFE60, 0xFE40, 0xFE40,
    0xFE40, 0xFE40, 0xFE40, 0xFE40, 0xFE40, 0xFE40, 0xFE40, 0xFE40, 0xFE40, 0xFE40, 0xFE40, 0xFE40,
    0xFE40, 0xFE40, 0xFE40, 0xFE40, 0xFE40, 0xFE40, 0xFE40, 0xFE40, 0xFE40, 0xFE40, 0xFE40, 0xFE40,
    0xFE40, 0xFE40, 0xFE60, 0xFE60, 0xFE60, 0xFE80, 0xFE60, 0xFE40, 0xFEC1, 0x7303, 0x0000, 0x0000,
    0x0000, 0x0000, 0x0000, 0x0000, 0x0000, 0x0000, 0x0000, 0x0000, 0x0000, 0x0000, 0x0000, 0x0000,
    0x0000, 0x0000, 0x0000, 0x0000, 0x0000, 0x0000, 0x0000, 0x0000, 0x0000, 0x0000, 0x0000, 0x0000,
    0x0000, 0x0000, 0x0000, 0x0000, 0x0000, 0x0000, 0x0000, 0x0000, 0x0000, 0x0000, 0x0000, 0x0000,
    0x0000, 0x0000, 0x0000, 0x0000, 0x0000, 0x0000, 0x0000, 0x0000, 0x0000, 0x0000, 0x0000, 0x0000,
    0x0000, 0xEE81, 0xFEA0, 0xFE60, 0xFE60, 0xFE40, 0xFE40, 0xFE40, 0xFE40, 0xFE40, 0xFE40, 0xFE40,
    0xFE60, 0xFE60, 0xFE60, 0xFE40, 0xFE40, 0xFE40, 0xFE40, 0xFE40, 0xFE40, 0xFE40, 0xFE40, 0xFE40,
    0xFE40, 0xFE40, 0xFE40, 0xFE40, 0xFE40, 0xFE40, 0xFE40, 0xFE40, 0xFE40, 0xFE40, 0xFE40, 0xFE40,
    0xFE40, 0xFE40, 0xFE40, 0xFE40, 0xFE40, 0xFE40, 0xFE40, 0xFE60, 0xFE60, 0xFE60, 0xFE60, 0xFE60,
    0xFE40, 0xFEC2, 0x8383, 0x0000, 0x0000, 0x0000, 0x0000, 0x0000, 0x0000, 0x0000, 0x0000, 0x0000,
    0x0000, 0x0000, 0x0000, 0x0000, 0x0000, 0x0000, 0x0000, 0x0000, 0x0000, 0x0000, 0x0000, 0x0000,
    0x0000, 0x0000, 0x0000, 0x0000, 0x0000, 0x0000, 0x0000, 0x0000, 0x0000, 0x0000, 0x0000, 0x0000,
    0x0000, 0x0000, 0x0000, 0x0000, 0x0000, 0x0000, 0x0000, 0x0000, 0x0000, 0x0000, 0x0000, 0x0000,
    0x0000, 0x0000, 0x0000, 0x0000, 0x0000, 0xCD82, 0xFEC0, 0xFE60, 0xFE60, 0xFE40, 0xFE40, 0xFE40,
    0xFE40, 0xFE40, 0xFE60, 0xFE60, 0xFE40, 0xFE60, 0xFE60, 0xFE40, 0xFE40, 0xFE40, 0xFE40, 0xFE40,
    0xFE40, 0xFE40, 0xFE40, 0xFE41, 0xFE40, 0xFE40, 0xFE40, 0xFE40, 0xFE40, 0xFE40, 0xFE40, 0xFE40,
    0xFE40, 0xFE40, 0xFE40, 0xFE40, 0xFE40, 0xFE40, 0xFE40, 0xFE40, 0xFE40, 0xFE40, 0xFE40, 0xFE60,
    0xFE60, 0xFE60, 0xFE60, 0xFE60, 0xFE60, 0xFE40, 0xFEC1, 0xA442, 0x0000, 0x0000, 0x0000, 0x0000,
    0x0000, 0x0000, 0x0000, 0x0000, 0x0000, 0x0000, 0x0000, 0x0000, 0x0000, 0x0000, 0x0000, 0x0000,
    0x0000, 0x0000, 0x0000, 0x0000, 0x0000, 0x0000, 0x0000, 0x0000, 0x0000, 0x0000, 0x0000, 0x0000,
    0x0000, 0x0000, 0x0000, 0x0000, 0x0000, 0x0000, 0x0000, 0x0000, 0x0000, 0x0000, 0x0000, 0x0000,
    0x0000, 0x0000, 0x0000, 0x0000, 0x0000, 0x0000, 0x0000, 0x0000, 0x0000, 0x9C62, 0xFF20, 0xFE60,
    0xFE60, 0xFE60, 0xFE40, 0xFE40, 0xFE40, 0xFE40, 0xFE60, 0xFE60, 0xFE60, 0xFE40, 0xFE40, 0xFE40,
    0xFE40, 0xFE40, 0xFE40, 0xFE40, 0xFE40, 0xFE40, 0xFE40, 0xFE40, 0xFE40, 0xFE40, 0xFE40, 0xFE40,
    0xFE40, 0xFE40, 0xFE40, 0xFE40, 0xFE40, 0xFE40, 0xFE40, 0xFE40, 0xFE40, 0xFE40, 0xFE40, 0xFE40,
    0xFE40, 0xFE40, 0xFE40, 0xFE40, 0xFE60, 0xFE60, 0xFE60, 0xFE60, 0xFE60, 0xFE60, 0xFE40, 0xFEC0,
    0xCD62, 0x0000, 0x0000, 0x0000, 0x0000, 0x0000, 0x0000, 0x0000, 0x0000, 0x0000, 0x0000, 0x0000,
    0x0000, 0x0000, 0x0000, 0x0000, 0x0000, 0x0000, 0x0000, 0x0000, 0x0000, 0x0000, 0x0000, 0x0000,
    0x0000, 0x0000, 0x0000, 0x0000, 0x0000, 0x0000, 0x0000, 0x0000, 0x0000, 0x0000, 0x0000, 0x0000,
    0x0000, 0x0000, 0x0000, 0x0000, 0x0000, 0x0000, 0x0000, 0x0000, 0x0000, 0x0000, 0x0000, 0x0000,
    0x0000, 0x62E2, 0xFF21, 0xFE40, 0xFE60, 0xFE60, 0xFE40, 0xFE40, 0xFE40, 0xFE40, 0xFE60, 0xFE40,
    0xFE40, 0xFE40, 0xFE40, 0xFE40, 0xFE40, 0xFE40, 0xFE40, 0xFE40, 0xFE40, 0xFE40, 0xFE40, 0xFE40,
    0xFE40, 0xFE40, 0xFE40, 0xFE40, 0xFE40, 0xFE40, 0xFE40, 0xFE40, 0xFE40, 0xFE40, 0xFE40, 0xFE40,
    0xFE40, 0xFE40, 0xFE40, 0xFE40, 0xFE40, 0xFE40, 0xFE40, 0xFE40, 0xFE60, 0xFE60, 0xFE60, 0xFE60,
    0xFE60, 0xFE60, 0xFE80, 0xFE60, 0xFEA0, 0xF642, 0x6AC2, 0x0000, 0x0000, 0x0000, 0x0000, 0x0000,
    0x0000, 0x0000, 0x0000, 0x0000, 0x0000, 0x0000, 0x0000, 0x0000, 0x0000, 0x0000, 0x0000, 0x0000,
    0x0000, 0x0000, 0x0000, 0x0000, 0x0000, 0x0000, 0x0000, 0x0000, 0x0000, 0x0000, 0x0000, 0x0000,
    0x0000, 0x0000, 0x0000, 0x0000, 0x0000, 0x0000, 0x0000, 0x0000, 0x0000, 0x0000, 0x0000, 0x0000,
    0x0000, 0x0000, 0x0000, 0x0000, 0x0000, 0x0000, 0xFEE2, 0xFE80, 0xFE60, 0xFE60, 0xFE40, 0xFE40,
    0xFE40, 0xFE40, 0xFE40, 0xFE40, 0xFE40, 0xFE40, 0xFE40, 0xFE40, 0xFE40, 0xFE40, 0xFE40, 0xFE40,
    0xFE40, 0xFE40, 0xFE40, 0xFE40, 0xFE40, 0xFE40, 0xFE40, 0xFE40, 0xFE41, 0xFE40, 0xFE40, 0xFE40,
    0xFE40, 0xFE40, 0xFE40, 0xFE40, 0xFE40, 0xFE40, 0xFE40, 0xFE40, 0xFE40, 0xFE40, 0xFE40, 0xFE40,
    0xFE60, 0xFE60, 0xFE60, 0xFE60, 0xFE60, 0xFE80, 0xFE60, 0xFE80, 0xFE61, 0xFE60, 0xFEA2, 0xB4C3,
    0x0000, 0x0000, 0x0000, 0x0000, 0x0000, 0x0000, 0x0000, 0x0000, 0x0000, 0x0000, 0x0000, 0x0000,
    0x0000, 0x0000, 0x0000, 0x0000, 0x0000, 0x0000, 0x0000, 0x0000, 0x0000, 0x0000, 0x0000, 0x0000,
    0x0000, 0x0000, 0x0000, 0x0000, 0x0000, 0x0000, 0x0000, 0x0000, 0x0000, 0x0000, 0x0000, 0x0000,
    0x0000, 0x0000, 0x0000, 0x0000, 0x0000, 0x0000, 0x0000, 0x0000, 0x0000, 0x0000, 0xD5A3, 0xFEE0,
    0xFE60, 0xFE60, 0xFE40, 0xFE40, 0xFE40, 0xFE40, 0xFE40, 0xFE40, 0xFE40, 0xFE40, 0xFE40, 0xFE40,
    0xFE40, 0xFE40, 0xFE40, 0xFE40, 0xFE40, 0xFE40, 0xFE40, 0xFE40, 0xFE40, 0xFE40, 0xFE40, 0xFE40,
    0xFE40, 0xFE40, 0xFE40, 0xFE41, 0xFE40, 0xFE40, 0xFE40, 0xFE40, 0xFE40, 0xFE40, 0xFE40, 0xFE40,
    0xFE40, 0xFE40, 0xFE40, 0xFE40, 0xFE60, 0xFE60, 0xFE60, 0xFE60, 0xFE60, 0xFE60, 0xFE60, 0xFE80,
    0xFE80, 0xFE60, 0xFE40, 0xFEA0, 0xF663, 0x83A3, 0x0000, 0x0000, 0x0000, 0x0000, 0x0000, 0x0000,
    0x0000, 0x0000, 0x0000, 0x0000, 0x0000, 0x0000, 0x0000, 0x0000, 0x0000, 0x0000, 0x0000, 0x0000,
    0x0000, 0x0000, 0x0000, 0x0000, 0x0000, 0x0000, 0x0000, 0x0000, 0x0000, 0x0000, 0x0000, 0x0000,
    0x0000, 0x0000, 0x0000, 0x0000, 0x0000, 0x0000, 0x0000, 0x0000, 0x0000, 0x0000, 0x0000, 0x0000,
    0x0000, 0x0000, 0x83A2, 0xFF21, 0xFE60, 0xFE60, 0xFE40, 0xFE40, 0xFE40, 0xFE40, 0xFE40, 0xFE40,
    0xFE40, 0xFE40, 0xFE40, 0xFE40, 0xFE40, 0xFE40, 0xFE40, 0xFE40, 0xFE40, 0xFE40, 0xFE40, 0xFE40,
    0xFE40, 0xFE40, 0xFE40, 0xFE40, 0xFE40, 0xFE40, 0xFE40, 0xFE40, 0xFE40, 0xFE40, 0xFE40, 0xFE40,
    0xFE40, 0xFE40, 0xFE40, 0xFE40, 0xFE40, 0xFE40, 0xFE40, 0xFE40, 0xFE60, 0xFE60, 0xFE60, 0xFE60,
    0xFE60, 0xFE60, 0xFE60, 0xFE80, 0xFE60, 0xFE80, 0xFE80, 0xFE40, 0xFE60, 0xFEC1, 0xE5E2, 0x7322,
    0x0000, 0x0000, 0x0000, 0x0000, 0x0000, 0x0000, 0x0000, 0x0000, 0x0000, 0x0000, 0x0000, 0x0000,
    0x0000, 0x0000, 0x0000, 0x0000, 0x0000, 0x0000, 0x0000, 0x0000, 0x0000, 0x0000, 0x0000, 0x0000,
    0x0000, 0x0000, 0x0000, 0x0000, 0x0000, 0x0000, 0x0000, 0x0000, 0x0000, 0x0000, 0x0000, 0x0000,
    0x0000, 0x0000, 0x0000, 0x0000, 0x0000, 0x0000, 0x0000, 0xFEE1, 0xFE80, 0xFE60, 0xFE40, 0xFE40,
    0xFE40, 0xFE40, 0xFE40, 0xFE40, 0xFE40, 0xFE40, 0xFE40, 0xFE40, 0xFE40, 0xFE41, 0xFE40, 0xFE40,
    0xFE40, 0xFE40, 0xFE40, 0xFE40, 0xFE40, 0xFE41, 0xFE40, 0xFE40, 0xFE40, 0xFE40, 0xFE40, 0xFE41,
    0xFE40, 0xFE40, 0xFE40, 0xFE40, 0xFE40, 0xFE40, 0xFE40, 0xFE40, 0xFE40, 0xFE40, 0xFE40, 0xFE40,
    0xFE40, 0xFE60, 0xFE60, 0xFE60, 0xFE60, 0xFE60, 0xFE60, 0xFE60, 0xFE80, 0xFE60, 0xFE60, 0xFE80,
    0xFE60, 0xFE40, 0xFE60, 0xFEA1, 0xE5E3, 0x8BA2, 0x0000, 0x0000, 0x0000, 0x0000, 0x0000, 0x0000,
    0x0000, 0x0000, 0x0000, 0x0000, 0x0000, 0x0000, 0x0000, 0x0000, 0x0000, 0x0000, 0x0000, 0x0000,
    0x0000, 0x0000, 0x0000, 0x0000, 0x0000, 0x0000, 0x0000, 0x0000, 0x0000, 0x0000, 0x0000, 0x0000,
    0x0000, 0x0000, 0x0000, 0x0000, 0x0000, 0x0000, 0x0000, 0x0000, 0x0000, 0x0000, 0x0000, 0xC542,
    0xFEE0, 0xFE60, 0xFE60, 0xFE60, 0xFE60, 0xFE60, 0xFE40, 0xFE40, 0xFE60, 0xFE60, 0xFE60, 0xFE60,
    0xFE60, 0xFE40, 0xFE40, 0xFE41, 0xFE40, 0xFE40, 0xFE40, 0xFE40, 0xFE40, 0xFE40, 0xFE40, 0xFE40,
    0xFE40, 0xFE40, 0xFE40, 0xFE40, 0xFE40, 0xFE40, 0xFE40, 0xFE40, 0xFE40, 0xFE40, 0xFE40, 0xFE40,
    0xFE40, 0xFE40, 0xFE40, 0xFE40, 0xFE40, 0xFE60, 0xFE60, 0xFE60, 0xFE60, 0xFE60, 0xFE60, 0xFE60,
    0xFE60, 0xFE60, 0xFE80, 0xFE60, 0xFE60, 0xFE60, 0xFE60, 0xFE40, 0xFE60, 0xFEC1, 0xFE62, 0xBCE3,
    0x62C3, 0x0000, 0x0000, 0x0000, 0x0000, 0x0000, 0x0000, 0x0000, 0x0000, 0x0000, 0x0000, 0x0000,
    0x0000, 0x0000, 0x0000, 0x0000, 0x0000, 0x0000, 0x0000, 0x0000, 0x0000, 0x0000, 0x0000, 0x0000,
    0x0000, 0x0000, 0x0000, 0x0000, 0x0000, 0x0000, 0x0000, 0x0000, 0x0000, 0x0000, 0x0000, 0x0000,
    0x0000, 0x0000, 0x0000, 0x7302, 0xFF21, 0xFE60, 0xFE60, 0xFE60, 0xFE60, 0xFE60, 0xFE60, 0xFE40,
    0xFE60, 0xFE60, 0xFE40, 0xFE60, 0xFE40, 0xFE40, 0xFE40, 0xFE40, 0xFE40, 0xFE40, 0xFE40, 0xFE40,
    0xFE40, 0xFE40, 0xFE40, 0xFE40, 0xFE40, 0xFE40, 0xFE40, 0xFE40, 0xFE40, 0xFE40, 0xFE40, 0xFE40,
    0xFE40, 0xFE40, 0xFE40, 0xFE40, 0xFE40, 0xFE40, 0xFE40, 0xFE40, 0xFE40, 0xFE60, 0xFE60, 0xFE60,
    0xFE60, 0xFE60, 0xFE60, 0xFE60, 0xFE60, 0xFE60, 0xFE60, 0xFE60, 0xFE60, 0xFE60, 0xFE80, 0xFE60,
    0xFE60, 0xFE40, 0xFE60, 0xFEA0, 0xFEA1, 0xF621, 0xC502, 0x8382, 0x4202, 0x0000, 0x0000, 0x0000,
    0x0000, 0x0000, 0x0000, 0x0000, 0x0000, 0x0000, 0x0000, 0x0000, 0x0000, 0x0000, 0x0000, 0x0000,
    0x0000, 0x0000, 0x0000, 0x0000, 0x41E2, 0x7302, 0xBD24, 0x7345, 0x0000, 0x0000, 0x0000, 0x0000,
    0x0000, 0x0000, 0x0000, 0x0000, 0x0000, 0x0000, 0x0000, 0x0000, 0xEE62, 0xFEA0, 0xFE80, 0xFE60,
    0xFE60, 0xFE60, 0xFE60, 0xFE40, 0xFE40, 0xFE60, 0xFE60, 0xFE60, 0xFE40, 0xFE40, 0xFE40, 0xFE40,
    0xFE40, 0xFE40, 0xFE40, 0xFE40, 0xFE40, 0xFE40, 0xFE40, 0xFE40, 0xFE40, 0xFE40, 0xFE40, 0xFE40,
    0xFE40, 0xFE40, 0xFE40, 0xFE40, 0xFE40, 0xFE40, 0xFE40, 0xFE40, 0xFE40, 0xFE40, 0xFE40, 0xFE40,
    0xFE40, 0xFE40, 0xFE40, 0xFE60, 0xFE60, 0xFE60, 0xFE60, 0xFE60, 0xFE60, 0xFE60, 0xFE60, 0xFE60,
    0xFE60, 0xFE60, 0xFE60, 0xFE80, 0xFE60, 0xFE60, 0xFE80, 0xFE60, 0xFE60, 0xFE60, 0xFEA0, 0xFEC0,
    0xFEA1, 0xF622, 0xDD61, 0xB4A2, 0x93A2, 0x72E1, 0x5242, 0x41C2, 0x3982, 0x0000, 0x0000, 0x0000,
    0x41C1, 0x5221, 0x62A2, 0x7322, 0x93E2, 0xB4C2, 0xD5A2, 0xF642, 0xFEE1, 0xFF01, 0xFF42, 0x0000,
    0x0000, 0x0000, 0x0000, 0x0000, 0x0000, 0x0000, 0x0000, 0x0000, 0x0000, 0x0000, 0x0000, 0x0000,
    0x8BC3, 0xFF21, 0xFE60, 0xFE80, 0xFE80, 0xFE60, 0xFE60, 0xFE60, 0xFE40, 0xFE40, 0xFE60, 0xFE40,
    0xFE60, 0xFE60, 0xFE40, 0xFE40, 0xFE40, 0xFE40, 0xFE40, 0xFE40, 0xFE40, 0xFE41, 0xFE40, 0xFE40,
    0xFE40, 0xFE40, 0xFE40, 0xFE40, 0xFE40, 0xFE40, 0xFE40, 0xFE40, 0xFE40, 0xFE40, 0xFE40, 0xFE40,
    0xFE40, 0xFE40, 0xFE40, 0xFE40, 0xFE40, 0xFE40, 0xFE40, 0xFE40, 0xFE60, 0xFE60, 0xFE60, 0xFE60,
    0xFE60, 0xFE60, 0xFE60, 0xFE60, 0xFE60, 0xFE60, 0xFE60, 0xFE60, 0xFE60, 0xFE60, 0xFE60, 0xFE80,
    0xFE80, 0xFE60, 0xFE60, 0xFE60, 0xFE60, 0xFE80, 0xFE80, 0xFEA0, 0xFEA0, 0xFEC0, 0xFEA1, 0xFEA1,
    0xFE81, 0xFE81, 0xFE81, 0xFE81, 0xFE81, 0xFEA1, 0xFEA0, 0xFEC0, 0xFEA0, 0xFEA0, 0xFE80, 0xFE80,
    0xFE80, 0xFF20, 0xACC3, 0x0000, 0x0000, 0x0000, 0x0000, 0x0000, 0x0000, 0x0000, 0x0000, 0x0000,
    0x0000, 0x0000, 0x0000, 0x0000, 0x0000, 0xF683, 0xFEC0, 0xFE80, 0xFE80, 0xFE60, 0xFE60, 0xFE60,
    0xFE60, 0xFE60, 0xFE60, 0xFE60, 0xFE60, 0xFE40, 0xFE40, 0xFE40, 0xFE40, 0xFE40, 0xFE40, 0xFE40,
    0xFE40, 0xFE41, 0xFE40, 0xFE40, 0xFE40, 0xFE40, 0xFE40, 0xFE40, 0xFE40, 0xFE40, 0xFE40, 0xFE40,
    0xFE40, 0xFE40, 0xFE40, 0xFE40, 0xFE40, 0xFE40, 0xFE40, 0xFE40, 0xFE40, 0xFE40, 0xFE40, 0xFE60,
    0xFE60, 0xFE60, 0xFE60, 0xFE60, 0xFE60, 0xFE40, 0xFE60, 0xFE60, 0xFE60, 0xFE60, 0xFE60, 0xFE60,
    0xFE60, 0xFE60, 0xFE60, 0xFE60, 0xFE60, 0xFE60, 0xFE60, 0xFE60, 0xFE60, 0xFE60, 0xFE60, 0xFE40,
    0xFE40, 0xFE40, 0xFE40, 0xFE40, 0xFE40, 0xFE40, 0xFE40, 0xFE40, 0xFE40, 0xFE20, 0xFE20, 0xFE40,
    0xFE40, 0xFE40, 0xFE60, 0xFE80, 0xFEA0, 0xFF21, 0x0000, 0x0000, 0x0000, 0x0000, 0x0000, 0x0000,
    0x0000, 0x0000, 0x0000, 0x0000, 0x0000, 0x0000, 0x0000, 0x0000, 0x0000, 0x8BA3, 0xFF41, 0xFE80,
    0xFE80, 0xFE60, 0xFE60, 0xFE60, 0xFE60, 0xFE60, 0xFE60, 0xFE60, 0xFE60, 0xFE60, 0xFE40, 0xFE40,
    0xFE40, 0xFE40, 0xFE40, 0xFE40, 0xFE40, 0xFE40, 0xFE41, 0xFE40, 0xFE40, 0xFE40, 0xFE40, 0xFE40,
    0xFE40, 0xFE40, 0xFE40, 0xFE40, 0xFE40, 0xFE40, 0xFE40, 0xFE40, 0xFE40, 0xFE40, 0xFE40, 0xFE40,
    0xFE40, 0xFE40, 0xFE40, 0xFE40, 0xFE60, 0xFE60, 0xFE60, 0xFE40, 0xFE40, 0xFE40, 0xFE40, 0xFE40,
    0xFE40, 0xFE60, 0xFE60, 0xFE60, 0xFE60, 0xFE60, 0xFE60, 0xFE60, 0xFE60, 0xFE60, 0xFE60, 0xFE60,
    0xFE60, 0xFE60, 0xFE60, 0xFE60, 0xFE60, 0xFE60, 0xFE60, 0xFE60, 0xFE60, 0xFE60, 0xFE60, 0xFE60,
    0xFE40, 0xFE40, 0xFE40, 0xFE60, 0xFE60, 0xFE60, 0xFE80, 0xFE60, 0xFF20, 0xACE3, 0x0000, 0x0000,
    0x0000, 0x0000, 0x0000, 0x0000, 0x0000, 0x0000, 0x0000, 0x0000, 0x0000, 0x0000, 0x0000, 0x0000,
    0x0000, 0x0000, 0xEE62, 0xFEC0, 0xFE80, 0xFE80, 0xFE60, 0xFE60, 0xFE60, 0xFE60, 0xFE60, 0xFE60,
    0xFE60, 0xFE60, 0xFE60, 0xFE40, 0xFE40, 0xFE40, 0xFE40, 0xFE40, 0xFE40, 0xFE40, 0xFE40, 0xFE40,
    0xFE40, 0xFE40, 0xFE40, 0xFE40, 0xFE40, 0xFE40, 0xFE40, 0xFE40, 0xFE40, 0xFE40, 0xFE40, 0xFE40,
    0xFE40, 0xFE40, 0xFE40, 0xFE40, 0xFE40, 0xFE40, 0xFE40, 0xFE40, 0xFE40, 0xFE40, 0xFE40, 0xFE40,
    0xFE40, 0xFE40, 0xFE40, 0xFE40, 0xFE40, 0xFE40, 0xFE40, 0xFE60, 0xFE60, 0xFE60, 0xFE60, 0xFE60,
    0xFE60, 0xFE60, 0xFE60, 0xFE60, 0xFE60, 0xFE60, 0xFE60, 0xFE60, 0xFE60, 0xFE60, 0xFE60, 0xFE60,
    0xFE60, 0xFE60, 0xFE60, 0xFE60, 0xFE60, 0xFE40, 0xFE60, 0xFE60, 0xFE60, 0xFE80, 0xFE80, 0xFE80,
    0xFEE1, 0x0000, 0x0000, 0x0000, 0x0000, 0x0000, 0x0000, 0x0000, 0x0000, 0x0000, 0x0000, 0x0000,
    0x0000, 0x0000, 0x0000, 0x0000, 0x0000, 0x0000, 0x72E2, 0xFF61, 0xFE80, 0xFE80, 0xFE80, 0xFE80,
    0xFE60, 0xFE60, 0xFE60, 0xFE60, 0xFE60, 0xFE60, 0xFE40, 0xFE40, 0xFE40, 0xFE40, 0xFE40, 0xFE40,
    0xFE40, 0xFE40, 0xFE40, 0xFE40, 0xFE40, 0xFE40, 0xFE41, 0xFE40, 0xFE40, 0xFE40, 0xFE40, 0xFE40,
    0xFE40, 0xFE40, 0xFE40, 0xFE40, 0xFE40, 0xFE40, 0xFE40, 0xFE40, 0xFE40, 0xFE40, 0xFE40, 0xFE40,
    0xFE40, 0xFE40, 0xFE40, 0xFE40, 0xFE40, 0xFE40, 0xFE40, 0xFE40, 0xFE40, 0xFE40, 0xFE40, 0xFE40,
    0xFE60, 0xFE60, 0xFE40, 0xFE60, 0xFE60, 0xFE60, 0xFE60, 0xFE60, 0xFE60, 0xFE60, 0xFE40, 0xFE40,
    0xFE40, 0xFE60, 0xFE60, 0xFE60, 0xFE60, 0xFE60, 0xFE60, 0xFE60, 0xFE60, 0xFE60, 0xFE60, 0xFE60,
    0xFE80, 0xFE80, 0xFE60, 0xFF21, 0x9423, 0x0000, 0x0000, 0x0000, 0x0000, 0x0000, 0x0000, 0x0000,
    0x0000, 0x0000, 0x0000, 0x0000, 0x0000, 0x0000, 0x0000, 0x0000, 0x0000, 0x0000, 0x0000, 0xCD83,
    0xFF00, 0xFE80, 0xFE80, 0xFE80, 0xFE80, 0xFE60, 0xFE60, 0xFE60, 0xFE60, 0xFE60, 0xFE40, 0xFE40,
    0xFE40, 0xFE40, 0xFE40, 0xFE40, 0xFE40, 0xFE40, 0xFE40, 0xFE40, 0xFE40, 0xFE40, 0xFE40, 0xFE40,
    0xFE40, 0xFE40, 0xFE40, 0xFE40, 0xFE40, 0xFE40, 0xFE40, 0xFE40, 0xFE40, 0xFE40, 0xFE41, 0xFE40,
    0xFE40, 0xFE40, 0xFE40, 0xFE40, 0xFE40, 0xFE40, 0xFE40, 0xFE40, 0xFE40, 0xFE40, 0xFE40, 0xFE40,
    0xFE40, 0xFE40, 0xFE40, 0xFE40, 0xFE40, 0xFE40, 0xFE40, 0xFE40, 0xFE40, 0xFE40, 0xFE60, 0xFE60,
    0xFE60, 0xFE60, 0xFE40, 0xFE40, 0xFE40, 0xFE40, 0xFE60, 0xFE40, 0xFE60, 0xFE60, 0xFE60, 0xFE60,
    0xFE60, 0xFE60, 0xFE60, 0xFE60, 0xFE80, 0xFE80, 0xFEC0, 0xEE82, 0x0000, 0x0000, 0x0000, 0x0000,
    0x0000, 0x0000, 0x0000, 0x0000, 0x0000, 0x0000, 0x0000, 0x0000, 0x0000, 0x0000, 0x0000, 0x0000,
    0x0000, 0x0000, 0x0000, 0x3982, 0xFF02, 0xFEA0, 0xFE80, 0xFE80, 0xFE80, 0xFE60, 0xFE60, 0xFE60,
    0xFE60, 0xFE40, 0xFE40, 0xFE40, 0xFE40, 0xFE40, 0xFE40, 0xFE40, 0xFE40, 0xFE40, 0xFE40, 0xFE40,
    0xFE40, 0xFE40, 0xFE20, 0xFE20, 0xFE40, 0xFE40, 0xFE40, 0xFE40, 0xFE40, 0xFE40, 0xFE40, 0xFE40,
    0xFE40, 0xFE40, 0xFE40, 0xFE41, 0xFE40, 0xFE40, 0xFE40, 0xFE40, 0xFE40, 0xFE40, 0xFE40, 0xFE40,
    0xFE40, 0xFE40, 0xFE40, 0xFE40, 0xFE40, 0xFE40, 0xFE40, 0xFE40, 0xFE40, 0xFE40, 0xFE40, 0xFE40,
    0xFE40, 0xFE40, 0xFE60, 0xFE60, 0xFE60, 0xFE40, 0xFE40, 0xFE40, 0xFE40, 0xFE40, 0xFE40, 0xFE40,
    0xFE60, 0xFE60, 0xFE60, 0xFE60, 0xFE60, 0xFE60, 0xFE60, 0xFE60, 0xFE80, 0xFE60, 0xFF41, 0x5A82,
    0x0000, 0x0000, 0x0000, 0x0000, 0x0000, 0x0000, 0x0000, 0x0000, 0x0000, 0x0000, 0x0000, 0x0000,
    0x0000, 0x0000, 0x0000, 0x0000, 0x0000, 0x0000, 0x0000, 0x0000, 0x8383, 0xFF42, 0xFE60, 0xFE80,
    0xFE80, 0xFE60, 0xFE60, 0xFE60, 0xFE60, 0xFE60, 0xFE40, 0xFE40, 0xFE60, 0xFE40, 0xFE40, 0xFE40,
    0xFE40, 0xFE40, 0xFE40, 0xFE40, 0xFE40, 0xFE40, 0xFE20, 0xFE40, 0xFE40, 0xFE40, 0xFE40, 0xFE41,
    0xFE40, 0xFE40, 0xFE40, 0xFE40, 0xFE40, 0xFE40, 0xFE40, 0xFE40, 0xFE40, 0xFE40, 0xFE40, 0xFE40,
    0xFE40, 0xFE40, 0xFE40, 0xFE40, 0xFE40, 0xFE40, 0xFE40, 0xFE40, 0xFE40, 0xFE40, 0xFE40, 0xFE40,
    0xFE40, 0xFE40, 0xFE40, 0xFE40, 0xFE40, 0xFE40, 0xFE40, 0xFE40, 0xFE60, 0xFE40, 0xFE40, 0xFE40,
    0xFE40, 0xFE40, 0xFE40, 0xFE40, 0xFE40, 0xFE60, 0xFE60, 0xFE60, 0xFE60, 0xFE60, 0xFE60, 0xFE80,
    0xFE60, 0xFF20, 0xACA2, 0x0000, 0x0000, 0x0000, 0x0000, 0x0000, 0x0000, 0x0000, 0x0000, 0x0000,
    0x0000, 0x0000, 0x0000, 0x0000, 0x0000, 0x0000, 0x0000, 0x0000, 0x0000, 0x0000, 0x0000, 0x0000,
    0x0000, 0xC543, 0xFF20, 0xFE61, 0xFE80, 0xFE60, 0xFE60, 0xFE60, 0xFE60, 0xFE60, 0xFE60, 0xFE40,
    0xFE40, 0xFE40, 0xFE40, 0xFE40, 0xFE40, 0xFE40, 0xFE40, 0xFE40, 0xFE40, 0xFE20, 0xFE20, 0xFE20,
    0xFE40, 0xFE40, 0xFE40, 0xFE40, 0xFE40, 0xFE40, 0xFE40, 0xFE41, 0xFE40, 0xFE40, 0xFE40, 0xFE40,
    0xFE40, 0xFE41, 0xFE40, 0xFE40, 0xFE40, 0xFE40, 0xFE40, 0xFE40, 0xFE40, 0xFE40, 0xFE40, 0xFE40,
    0xFE40, 0xFE40, 0xFE40, 0xFE40, 0xFE40, 0xFE40, 0xFE40, 0xFE40, 0xFE40, 0xFE40, 0xFE40, 0xFE40,
    0xFE40, 0xFE40, 0xFE40, 0xFE40, 0xFE40, 0xFE40, 0xFE40, 0xFE40, 0xFE40, 0xFE60, 0xFE60, 0xFE60,
    0xFE60, 0xFE60, 0xFE80, 0xFE60, 0xFEC0, 0xDE23, 0x0000, 0x0000, 0x0000, 0x0000, 0x0000, 0x0000,
    0x0000, 0x0000, 0x0000, 0x0000, 0x0000, 0x0000, 0x0000, 0x0000, 0x0000, 0x0000, 0x0000, 0x0000,
    0x0000, 0x0000, 0x0000, 0x0000, 0x0000, 0x0000, 0xEE63, 0xFEC0, 0xFE61, 0xFE80, 0xFE60, 0xFE60,
    0xFE60, 0xFE60, 0xFE60, 0xFE40, 0xFE40, 0xFE40, 0xFE40, 0xFE40, 0xFE40, 0xFE40, 0xFE40, 0xFE40,
    0xFE40, 0xFE20, 0xFE20, 0xFE40, 0xFE40, 0xFE40, 0xFE40, 0xFE40, 0xFE40, 0xFE40, 0xFE40, 0xFE40,
    0xFE40, 0xFE40, 0xFE40, 0xFE40, 0xFE40, 0xFE40, 0xFE40, 0xFE40, 0xFE40, 0xFE40, 0xFE40, 0xFE40,
    0xFE40, 0xFE40, 0xFE40, 0xFE40, 0xFE40, 0xFE40, 0xFE40, 0xFE40, 0xFE40, 0xFE40, 0xFE40, 0xFE40,
    0xFE40, 0xFE40, 0xFE40, 0xFE40, 0xFE40, 0xFE40, 0xFE40, 0xFE40, 0xFE40, 0xFE40, 0xFE40, 0xFE40,
    0xFE40, 0xFE40, 0xFE60, 0xFE60, 0xFE60, 0xFE80, 0xFE60, 0xFE80, 0xFF02, 0x0000, 0x0000, 0x0000,
    0x0000, 0x0000, 0x0000, 0x0000, 0x0000, 0x0000, 0x0000, 0x0000, 0x0000, 0x0000, 0x0000, 0x0000,
    0x0000, 0x0000, 0x0000, 0x0000, 0x0000, 0x0000, 0x0000, 0x0000, 0x0000, 0x0000, 0x49C2, 0xFEE3,
    0xFEA1, 0xFE61, 0xFE80, 0xFE60, 0xFE60, 0xFE60, 0xFE60, 0xFE60, 0xFE60, 0xFE60, 0xFE40, 0xFE40,
    0xFE40, 0xFE40, 0xFE40, 0xFE40, 0xFE40, 0xFE40, 0xFE40, 0xFE40, 0xFE40, 0xFE40, 0xFE40, 0xFE40,
    0xFE40, 0xFE40, 0xFE40, 0xFE40, 0xFE40, 0xFE40, 0xFE40, 0xFE40, 0xFE40, 0xFE40, 0xFE40, 0xFE40,
    0xFE40, 0xFE40, 0xFE40, 0xFE40, 0xFE40, 0xFE40, 0xFE40, 0xFE40, 0xFE40, 0xFE40, 0xFE40, 0xFE40,
    0xFE40, 0xFE40, 0xFE40, 0xFE40, 0xFE40, 0xFE40, 0xFE40, 0xFE40, 0xFE40, 0xFE40, 0xFE40, 0xFE40,
    0xFE40, 0xFE40, 0xFE40, 0xFE40, 0xFE60, 0xFE60, 0xFE60, 0xFE60, 0xFE80, 0xFE80, 0xFE62, 0xFF62,
    0x62C2, 0x0000, 0x0000, 0x0000, 0x0000, 0x0000, 0x0000, 0x0000, 0x0000, 0x0000, 0x0000, 0x0000,
    0x0000, 0x0000, 0x0000, 0x0000, 0x0000, 0x0000, 0x0000, 0x0000, 0x0000, 0x0000, 0x0000, 0x0000,
    0x0000, 0x0000, 0x0000, 0x6283, 0xFEE2, 0xFE80, 0xFE61, 0xFE60, 0xFE60, 0xFE60, 0xFE60, 0xFE60,
    0xFE60, 0xFE60, 0xFE40, 0xFE60, 0xFE60, 0xFE40, 0xFE40, 0xFE40, 0xFE40, 0xFE40, 0xFE40, 0xFE40,
    0xFE40, 0xFE40, 0xFE40, 0xFE40, 0xFE40, 0xFE40, 0xFE40, 0xFE40, 0xFE40, 0xFE40, 0xFE40, 0xFE40,
    0xFE40, 0xFE40, 0xFE40, 0xFE40, 0xFE40, 0xFE40, 0xFE40, 0xFE40, 0xFE40, 0xFE40, 0xFE40, 0xFE40,
    0xFE40, 0xFE40, 0xFE40, 0xFE40, 0xFE40, 0xFE40, 0xFE40, 0xFE40, 0xFE40, 0xFE40, 0xFE40, 0xFE40,
    0xFE40, 0xFE40, 0xFE40, 0xFE40, 0xFE40, 0xFE40, 0xFE40, 0xFE40, 0xFE60, 0xFE60, 0xFE60, 0xFE80,
    0xFE80, 0xFE61, 0xFF62, 0x7B83, 0x0000, 0x0000, 0x0000, 0x0000, 0x0000, 0x0000, 0x0000, 0x0000,
    0x0000, 0x0000, 0x0000, 0x0000, 0x0000, 0x0000, 0x0000, 0x0000, 0x0000, 0x0000, 0x0000, 0x0000,
    0x0000, 0x0000, 0x0000, 0x0000, 0x0000, 0x0000, 0x0000, 0x0000, 0x72E3, 0xFF02, 0xFE61, 0xFE60,
    0xFE60, 0xFE60, 0xFE60, 0xFE60, 0xFE60, 0xFE60, 0xFE60, 0xFE60, 0xFE60, 0xFE40, 0xFE40, 0xFE40,
    0xFE40, 0xFE40, 0xFE40, 0xFE40, 0xFE40, 0xFE40, 0xFE40, 0xFE40, 0xFE40, 0xFE40, 0xFE40, 0xFE40,
    0xFE40, 0xFE41, 0xFE40, 0xFE40, 0xFE40, 0xFE40, 0xFE40, 0xFE40, 0xFE40, 0xFE40, 0xFE40, 0xFE40,
    0xFE40, 0xFE40, 0xFE40, 0xFE40, 0xFE40, 0xFE40, 0xFE40, 0xFE40, 0xFE40, 0xFE40, 0xFE40, 0xFE60,
    0xFE40, 0xFE40, 0xFE40, 0xFE40, 0xFE40, 0xFE40, 0xFE40, 0xFE40, 0xFE40, 0xFE40, 0xFE40, 0xFE40,
    0xFE60, 0xFE60, 0xFE80, 0xFE80, 0xFE61, 0xFF81, 0x9422, 0x0000, 0x0000, 0x0000, 0x0000, 0x0000,
    0x0000, 0x0000, 0x0000, 0x0000, 0x0000, 0x0000, 0x0000, 0x0000, 0x0000, 0x0000, 0x0000, 0x0000,
    0x0000, 0x0000, 0x0000, 0x0000, 0x0000, 0x0000, 0x0000, 0x0000, 0x0000, 0x0000, 0x0000, 0x0000,
    0x0000, 0x7AE3, 0xFF02, 0xFE81, 0xFE60, 0xFE60, 0xFE60, 0xFE60, 0xFE60, 0xFE60, 0xFE60, 0xFE60,
    0xFE60, 0xFE40, 0xFE40, 0xFE40, 0xFE40, 0xFE40, 0xFE40, 0xFE40, 0xFE40, 0xFE40, 0xFE40, 0xFE40,
    0xFE40, 0xFE40, 0xFE40, 0xFE40, 0xFE40, 0xFE40, 0xFE40, 0xFE40, 0xFE40, 0xFE40, 0xFE40, 0xFE40,
    0xFE40, 0xFE40, 0xFE40, 0xFE40, 0xFE40, 0xFE40, 0xFE40, 0xFE40, 0xFE40, 0xFE40, 0xFE40, 0xFE40,
    0xFE40, 0xFE60, 0xFE60, 0xFE60, 0xFE60, 0xFE40, 0xFE40, 0xFE40, 0xFE40, 0xFE60, 0xFE40, 0xFE40,
    0xFE40, 0xFE60, 0xFE60, 0xFE60, 0xFE60, 0xFE80, 0xFE81, 0xFE61, 0xFF61, 0x9423, 0x0000, 0x0000,
    0x0000, 0x0000, 0x0000, 0x0000, 0x0000, 0x0000, 0x0000, 0x0000, 0x0000, 0x0000, 0x0000, 0x0000,
    0x0000, 0x0000, 0x0000, 0x0000, 0x0000, 0x0000, 0x0000, 0x0000, 0x0000, 0x0000, 0x0000, 0x0000,
    0x0000, 0x0000, 0x0000, 0x0000, 0x0000, 0x0000, 0x7B03, 0xFF02, 0xFE80, 0xFE61, 0xFE80, 0xFE60,
    0xFE60, 0xFE61, 0xFE60, 0xFE60, 0xFE60, 0xFE60, 0xFE40, 0xFE40, 0xFE40, 0xFE40, 0xFE40, 0xFE40,
    0xFE40, 0xFE40, 0xFE40, 0xFE40, 0xFE40, 0xFE40, 0xFE40, 0xFE40, 0xFE40, 0xFE40, 0xFE40, 0xFE40,
    0xFE40, 0xFE40, 0xFE40, 0xFE40, 0xFE40, 0xFE40, 0xFE40, 0xFE40, 0xFE40, 0xFE40, 0xFE40, 0xFE40,
    0xFE40, 0xFE40, 0xFE40, 0xFE40, 0xFE40, 0xFE60, 0xFE60, 0xFE40, 0xFE60, 0xFE60, 0xFE60, 0xFE60,
    0xFE60, 0xFE60, 0xFE60, 0xFE60, 0xFE60, 0xFE60, 0xFE60, 0xFE60, 0xFE60, 0xFE60, 0xFE61, 0xFF62,
    0x8C03, 0x0000, 0x0000, 0x0000, 0x0000, 0x0000, 0x0000, 0x0000, 0x0000, 0x0000, 0x0000, 0x0000,
    0x0000, 0x0000, 0x0000, 0x0000, 0x0000, 0x0000, 0x0000, 0x0000, 0x0000, 0x0000, 0x0000, 0x0000,
    0x0000, 0x0000, 0x0000, 0x0000, 0x0000, 0x0000, 0x0000, 0x0000, 0x0000, 0x0000, 0x0000, 0x6A82,
    0xFEA2, 0xFEA1, 0xFE61, 0xFE80, 0xFE80, 0xFE60, 0xFE60, 0xFE60, 0xFE60, 0xFE60, 0xFE40, 0xFE40,
    0xFE40, 0xFE40, 0xFE40, 0xFE40, 0xFE40, 0xFE40, 0xFE40, 0xFE40, 0xFE40, 0xFE40, 0xFE40, 0xFE40,
    0xFE40, 0xFE40, 0xFE40, 0xFE40, 0xFE40, 0xFE40, 0xFE40, 0xFE40, 0xFE40, 0xFE40, 0xFE40, 0xFE40,
    0xFE40, 0xFE40, 0xFE40, 0xFE40, 0xFE40, 0xFE40, 0xFE40, 0xFE40, 0xFE40, 0xFE40, 0xFE60, 0xFE60,
    0xFE60, 0xFE60, 0xFE60, 0xFE60, 0xFE60, 0xFE60, 0xFE60, 0xFE60, 0xFE60, 0xFE60, 0xFE60, 0xFE80,
    0xFE61, 0xFE81, 0xFF61, 0x83A2, 0x0000, 0x0000, 0x0000, 0x0000, 0x0000, 0x0000, 0x0000, 0x0000,
    0x0000, 0x0000, 0x0000, 0x0000, 0x0000, 0x0000, 0x0000, 0x0000, 0x0000, 0x0000, 0x0000, 0x0000,
    0x0000, 0x0000, 0x0000, 0x0000, 0x0000, 0x0000, 0x0000, 0x0000, 0x0000, 0x0000, 0x0000, 0x0000,
    0x0000, 0x0000, 0x0000, 0x0000, 0x51E2, 0xF682, 0xFF01, 0xFE61, 0xFE80, 0xFE60, 0xFE60, 0xFE60,
    0xFE60, 0xFE60, 0xFE60, 0xFE60, 0xFE40, 0xFE40, 0xFE40, 0xFE40, 0xFE40, 0xFE40, 0xFE40, 0xFE40,
    0xFE40, 0xFE40, 0xFE40, 0xFE40, 0xFE40, 0xFE40, 0xFE40, 0xFE40, 0xFE40, 0xFE40, 0xFE40, 0xFE40,
    0xFE40, 0xFE40, 0xFE40, 0xFE40, 0xFE40, 0xFE40, 0xFE40, 0xFE40, 0xFE40, 0xFE40, 0xFE40, 0xFE40,
    0xFE40, 0xFE60, 0xFE60, 0xFE60, 0xFE60, 0xFE60, 0xFE60, 0xFE60, 0xFE60, 0xFE60, 0xFE60, 0xFE60,
    0xFE60, 0xFE80, 0xFE80, 0xFE61, 0xFEE1, 0xFF22, 0x6AE2, 0x0000, 0x0000, 0x0000, 0x0000, 0x0000,
    0x0000, 0x0000, 0x0000, 0x0000, 0x0000, 0x0000, 0x0000, 0x0000, 0x0000, 0x0000, 0x0000, 0x0000,
    0x0000, 0x0000, 0x0000, 0x0000, 0x0000, 0x0000, 0x0000, 0x0000, 0x0000, 0x0000, 0x0000, 0x0000,
    0x0000, 0x0000, 0x0000, 0x0000, 0x0000, 0x0000, 0x0000, 0x0000, 0x0000, 0x0000, 0xD5A3, 0xFF41,
    0xFE61, 0xFE80, 0xFE80, 0xFE60, 0xFE60, 0xFE60, 0xFE60, 0xFE60, 0xFE40, 0xFE40, 0xFE40, 0xFE40,
    0xFE40, 0xFE40, 0xFE40, 0xFE40, 0xFE40, 0xFE40, 0xFE40, 0xFE40, 0xFE40, 0xFE40, 0xFE40, 0xFE60,
    0xFE60, 0xFE60, 0xFE40, 0xFE40, 0xFE40, 0xFE40, 0xFE40, 0xFE40, 0xFE40, 0xFE40, 0xFE40, 0xFE40,
    0xFE40, 0xFE40, 0xFE40, 0xFE40, 0xFE40, 0xFE40, 0xFE60, 0xFE60, 0xFE60, 0xFE60, 0xFE60, 0xFE60,
    0xFE60, 0xFE60, 0xFE80, 0xFE80, 0xFE80, 0xFE81, 0xFE61, 0xFF41, 0xDE83, 0x41E2, 0x0000, 0x0000,
    0x0000, 0x0000, 0x0000, 0x0000, 0x0000, 0x0000, 0x0000, 0x0000, 0x0000, 0x0000, 0x0000, 0x0000,
    0x0000, 0x0000, 0x0000, 0x0000, 0x0000, 0x0000, 0x0000, 0x0000, 0x0000, 0x0000, 0x0000, 0x0000,
    0x0000, 0x0000, 0x0000, 0x0000, 0x0000, 0x0000, 0x0000, 0x0000, 0x0000, 0x0000, 0x0000, 0x0000,
    0x0000, 0x0000, 0x0000, 0xA443, 0xFF42, 0xFEC1, 0xFE60, 0xFE60, 0xFE80, 0xFE60, 0xFE60, 0xFE60,
    0xFE60, 0xFE60, 0xFE60, 0xFE40, 0xFE40, 0xFE40, 0xFE40, 0xFE40, 0xFE40, 0xFE40, 0xFE40, 0xFE40,
    0xFE40, 0xFE60, 0xFE40, 0xFE61, 0xFE60, 0xFE60, 0xFE60, 0xFE40, 0xFE60, 0xFE60, 0xFE40, 0xFE40,
    0xFE40, 0xFE40, 0xFE40, 0xFE40, 0xFE40, 0xFE40, 0xFE40, 0xFE40, 0xFE40, 0xFE40, 0xFE60, 0xFE60,
    0xFE60, 0xFE60, 0xFE60, 0xFE60, 0xFE60, 0xFE80, 0xFE80, 0xFE80, 0xFE61, 0xFEC1, 0xFF61, 0xACC3,
    0x0000, 0x0000, 0x0000, 0x0000, 0x0000, 0x0000, 0x0000, 0x0000, 0x0000, 0x0000, 0x0000, 0x0000,
    0x0000, 0x0000, 0x0000, 0x0000, 0x0000, 0x0000, 0x0000, 0x0000, 0x0000, 0x0000, 0x0000, 0x0000,
    0x0000, 0x0000, 0x0000, 0x0000, 0x0000, 0x0000, 0x0000, 0x0000, 0x0000, 0x0000, 0x0000, 0x0000,
    0x0000, 0x0000, 0x0000, 0x0000, 0x0000, 0x0000, 0x0000, 0x0000, 0x6262, 0xEE62, 0xFF41, 0xFE80,
    0xFE60, 0xFE80, 0xFE80, 0xFE60, 0xFE60, 0xFE60, 0xFE60, 0xFE60, 0xFE40, 0xFE40, 0xFE40, 0xFE40,
    0xFE40, 0xFE40, 0xFE40, 0xFE40, 0xFE40, 0xFE40, 0xFE40, 0xFE60, 0xFE60, 0xFE60, 0xFE60, 0xFE60,
    0xFE40, 0xFE40, 0xFE40, 0xFE40, 0xFE40, 0xFE41, 0xFE40, 0xFE40, 0xFE40, 0xFE40, 0xFE40, 0xFE40,
    0xFE40, 0xFE60, 0xFE60, 0xFE60, 0xFE60, 0xFE80, 0xFE80, 0xFE80, 0xFE80, 0xFE80, 0xFE80, 0xFE80,
    0xFF41, 0xEE82, 0x62C2, 0x0000, 0x0000, 0x0000, 0x0000, 0x0000, 0x0000, 0x0000, 0x0000, 0x0000,
    0x0000, 0x0000, 0x0000, 0x0000, 0x0000, 0x0000, 0x0000, 0x0000, 0x0000, 0x0000, 0x0000, 0x0000,
    0x0000, 0x0000, 0x0000, 0x0000, 0x0000, 0x0000, 0x0000, 0x0000, 0x0000, 0x0000, 0x0000, 0x0000,
    0x0000, 0x0000, 0x0000, 0x0000, 0x0000, 0x0000, 0x0000, 0x0000, 0x0000, 0x0000, 0x0000, 0x0000,
    0x0000, 0x0000, 0xA462, 0xFF02, 0xFF21, 0xFE80, 0xFE80, 0xFE80, 0xFE60, 0xFE60, 0xFE60, 0xFE60,
    0xFE60, 0xFE40, 0xFE40, 0xFE40, 0xFE40, 0xFE40, 0xFE40, 0xFE40, 0xFE60, 0xFE40, 0xFE60, 0xFE60,
    0xFE60, 0xFE60, 0xFE60, 0xFE60, 0xFE40, 0xFE60, 0xFE40, 0xFE40, 0xFE40, 0xFE60, 0xFE40, 0xFE60,
    0xFE60, 0xFE60, 0xFE40, 0xFE40, 0xFE60, 0xFE60, 0xFE60, 0xFE60, 0xFE80, 0xFE80, 0xFE80, 0xFE80,
    0xFE81, 0xFE81, 0xFF01, 0xFF42, 0xA4A3, 0x0000, 0x0000, 0x0000, 0x0000, 0x0000, 0x0000, 0x0000,
    0x0000, 0x0000, 0x0000, 0x0000, 0x0000, 0x0000, 0x0000, 0x0000, 0x0000, 0x0000, 0x0000, 0x0000,
    0x0000, 0x0000, 0x0000, 0x0000, 0x0000, 0x0000, 0x0000, 0x0000, 0x0000, 0x0000, 0x0000, 0x0000,
    0x0000, 0x0000, 0x0000, 0x0000, 0x0000, 0x0000, 0x0000, 0x0000, 0x0000, 0x0000, 0x0000, 0x0000,
    0x0000, 0x0000, 0x0000, 0x0000, 0x0000, 0x0000, 0x0000, 0x41A1, 0xC543, 0xFF62, 0xFF01, 0xFE80,
    0xFE60, 0xFE60, 0xFE60, 0xFE60, 0xFE60, 0xFE40, 0xFE60, 0xFE60, 0xFE60, 0xFE40, 0xFE60, 0xFE40,
    0xFE60, 0xFE40, 0xFE40, 0xFE60, 0xFE60, 0xFE60, 0xFE60, 0xFE60, 0xFE40, 0xFE60, 0xFE60, 0xFE40,
    0xFE60, 0xFE60, 0xFE60, 0xFE60, 0xFE60, 0xFE60, 0xFE60, 0xFE60, 0xFE60, 0xFE60, 0xFE80, 0xFE80,
    0xFE80, 0xFE80, 0xFE80, 0xFE81, 0xFF21, 0xFF62, 0xC5A3, 0x4A03, 0x0000, 0x0000, 0x0000, 0x0000,
    0x0000, 0x0000, 0x0000, 0x0000, 0x0000, 0x0000, 0x0000, 0x0000, 0x0000, 0x0000, 0x0000, 0x0000,
    0x0000, 0x0000, 0x0000, 0x0000, 0x0000, 0x0000, 0x0000, 0x0000, 0x0000, 0x0000, 0x0000, 0x0000,
    0x0000, 0x0000, 0x0000, 0x0000, 0x0000, 0x0000, 0x0000, 0x0000, 0x0000, 0x0000, 0x0000, 0x0000,
    0x0000, 0x0000, 0x0000, 0x0000, 0x0000, 0x0000, 0x0000, 0x0000, 0x0000, 0x0000, 0x0000, 0x0000,
    0x0000, 0x5A42, 0xCD63, 0xFF21, 0xFF01, 0xFE80, 0xFE40, 0xFE60, 0xFE60, 0xFE60, 0xFE60, 0xFE60,
    0xFE60, 0xFE60, 0xFE60, 0xFE60, 0xFE60, 0xFE60, 0xFE60, 0xFE60, 0xFE60, 0xFE60, 0xFE60, 0xFE60,
    0xFE60, 0xFE60, 0xFE60, 0xFE60, 0xFE60, 0xFE60, 0xFE60, 0xFE60, 0xFE60, 0xFE60, 0xFE60, 0xFE60,
    0xFE80, 0xFE80, 0xFE80, 0xFE80, 0xFE60, 0xFEA0, 0xFF20, 0xFF62, 0xC5A3, 0x5A63, 0x0000, 0x0000,
    0x0000, 0x0000, 0x0000, 0x0000, 0x0000, 0x0000, 0x0000, 0x0000, 0x0000, 0x0000, 0x0000, 0x0000,
    0x0000, 0x0000, 0x0000, 0x0000, 0x0000, 0x0000, 0x0000, 0x0000, 0x0000, 0x0000, 0x0000, 0x0000,
    0x0000, 0x0000, 0x0000, 0x0000, 0x0000, 0x0000, 0x0000, 0x0000, 0x0000, 0x0000, 0x0000, 0x0000,
    0x0000, 0x0000, 0x0000, 0x0000, 0x0000, 0x0000, 0x0000, 0x0000, 0x0000, 0x0000, 0x0000, 0x0000,
    0x0000, 0x0000, 0x0000, 0x0000, 0x0000, 0x0000, 0x0000, 0x4A02, 0xB4C2, 0xFEA2, 0xFF21, 0xFEC0,
    0xFE60, 0xFE60, 0xFE80, 0xFE80, 0xFE60, 0xFE80, 0xFE60, 0xFE60, 0xFE60, 0xFE60, 0xFE60, 0xFE60,
    0xFE60, 0xFE60, 0xFE60, 0xFE60, 0xFE60, 0xFE60, 0xFE60, 0xFE60, 0xFE60, 0xFE60, 0xFE60, 0xFE80,
    0xFE80, 0xFE80, 0xFE80, 0xFE80, 0xFE80, 0xFE60, 0xFE80, 0xFEE0, 0xFF41, 0xFEE2, 0xB523, 0x5242,
    0x0000, 0x0000, 0x0000, 0x0000, 0x0000, 0x0000, 0x0000, 0x0000, 0x0000, 0x0000, 0x0000, 0x0000,
    0x0000, 0x0000, 0x0000, 0x0000, 0x0000, 0x0000, 0x0000, 0x0000, 0x0000, 0x0000, 0x0000, 0x0000,
    0x0000, 0x0000, 0x0000, 0x0000, 0x0000, 0x0000, 0x0000, 0x0000, 0x0000, 0x0000, 0x0000, 0x0000,
    0x0000, 0x0000, 0x0000, 0x0000, 0x0000, 0x0000, 0x0000, 0x0000, 0x0000, 0x0000, 0x0000, 0x0000,
    0x0000, 0x0000, 0x0000, 0x0000, 0x0000, 0x0000, 0x0000, 0x0000, 0x0000, 0x0000, 0x0000, 0x0000,
    0x0000, 0x0000, 0x8362, 0xD5A2, 0xFEE2, 0xFF21, 0xFEE1, 0xFEA0, 0xFE80, 0xFE80, 0xFE80, 0xFE80,
    0xFE60, 0xFE80, 0xFE80, 0xFE60, 0xFE60, 0xFE60, 0xFE60, 0xFE80, 0xFE80, 0xFE80, 0xFE60, 0xFE60,
    0xFE80, 0xFE80, 0xFE80, 0xFE60, 0xFE80, 0xFE60, 0xFE81, 0xFEA0, 0xFF00, 0xFF41, 0xFF21, 0xDDE2,
    0x83A2, 0x0000, 0x0000, 0x0000, 0x0000, 0x0000, 0x0000, 0x0000, 0x0000, 0x0000, 0x0000, 0x0000,
    0x0000, 0x0000, 0x0000, 0x0000, 0x0000, 0x0000, 0x0000, 0x0000, 0x0000, 0x0000, 0x0000, 0x0000,
    0x0000, 0x0000, 0x0000, 0x0000, 0x0000, 0x0000, 0x0000, 0x0000, 0x0000, 0x0000, 0x0000, 0x0000,
    0x0000, 0x0000, 0x0000, 0x0000, 0x0000, 0x0000, 0x0000, 0x0000, 0x0000, 0x0000, 0x0000, 0x0000,
    0x0000, 0x0000, 0x0000, 0x0000, 0x0000, 0x0000, 0x0000, 0x0000, 0x0000, 0x0000, 0x0000, 0x0000,
    0x0000, 0x0000, 0x0000, 0x0000, 0x0000, 0x0000, 0x0000, 0x0000, 0x41A1, 0x8BC2, 0xCD82, 0xF6A1,
    0xFF21, 0xFF60, 0xFF21, 0xFEE0, 0xFEA0, 0xFE81, 0xFE80, 0xFE60, 0xFE60, 0xFE60, 0xFE80, 0xFE60,
    0xFE60, 0xFE80, 0xFE60, 0xFE60, 0xFE80, 0xFE81, 0xFEA0, 0xFEE1, 0xFF21, 0xFF41, 0xFF61, 0xFEE2,
    0xCDC2, 0x9423, 0x41E2, 0x0000, 0x0000, 0x0000, 0x0000, 0x0000, 0x0000, 0x0000, 0x0000, 0x0000,
    0x0000, 0x0000, 0x0000, 0x0000, 0x0000, 0x0000, 0x0000, 0x0000, 0x0000, 0x0000, 0x0000, 0x0000,
    0x0000, 0x0000, 0x0000, 0x0000, 0x0000, 0x0000, 0x0000, 0x0000, 0x0000, 0x0000, 0x0000, 0x0000,
    0x0000, 0x0000, 0x0000, 0x0000, 0x0000, 0x0000, 0x0000, 0x0000, 0x0000, 0x0000, 0x0000, 0x0000,
    0x0000, 0x0000, 0x0000, 0x0000, 0x0000, 0x0000, 0x0000, 0x0000, 0x0000, 0x0000, 0x0000, 0x0000,
    0x0000, 0x0000, 0x0000, 0x0000, 0x0000, 0x0000, 0x0000, 0x0000, 0x0000, 0x0000, 0x0000, 0x0000,
    0x0000, 0x0000, 0x0000, 0x0000, 0x5222, 0x8BC2, 0xBD01, 0xDDE1, 0xF681, 0xFEE1, 0xFF21, 0xFF21,
    0xFF40, 0xFF40, 0xFF40, 0xFF40, 0xFF40, 0xFF40, 0xFF40, 0xFF60, 0xFF41, 0xFF02, 0xF6C2, 0xDE22,
    0xB522, 0x8BE2, 0x5A82, 0x0000, 0x0000, 0x0000, 0x0000, 0x0000, 0x0000, 0x0000, 0x0000, 0x0000,
    0x0000, 0x0000, 0x0000, 0x0000, 0x0000, 0x0000, 0x0000, 0x0000, 0x0000, 0x0000, 0x0000, 0x0000,
    0x0000, 0x0000, 0x0000, 0x0000, 0x0000, 0x0000, 0x0000, 0x0000, 0x0000, 0x0000, 0x0000, 0x0000,
    0x0000, 0x0000, 0x0000, 0x0000, 0x0000, 0x0000, 0x0000, 0x0000, 0x0000, 0x0000, 0x0000, 0x0000,
    0x0000, 0x0000, 0x0000, 0x0000, 0x0000, 0x0000, 0x0000, 0x0000, 0x0000, 0x0000, 0x0000, 0x0000,
    0x0000, 0x0000, 0x0000, 0x0000, 0x0000, 0x0000, 0x0000, 0x0000, 0x0000, 0x0000, 0x0000, 0x0000,
    0x0000, 0x0000, 0x0000, 0x0000, 0x0000, 0x0000, 0x0000, 0x0000, 0x0000, 0x0000, 0x0000, 0x0000,
    0x0000, 0x3960, 0x4A01, 0x6281, 0x7301, 0x8361, 0x8BA1, 0x8BC1, 0x8BC1, 0x83A1, 0x7B61, 0x62E2,
    0x4A21, 0x3980, 0x0000, 0x0000, 0x0000, 0x0000, 0x0000, 0x0000, 0x0000, 0x0000, 0x0000, 0x0000,
    0x0000, 0x0000, 0x0000, 0x0000, 0x0000, 0x0000, 0x0000, 0x0000, 0x0000, 0x0000, 0x0000, 0x0000,
    0x0000, 0x0000, 0x0000, 0x0000, 0x0000, 0x0000, 0x0000, 0x0000, 0x0000, 0x0000, 0x0000, 0x0000,
    0x0000, 0x0000, 0x0000, 0x0000, 0x0000, 0x0000, 0x0000, 0x0000, 0x0000, 0x0000, 0x0000, 0x0000,
    0x0000, 0x0000, 0x0000, 0x0000, 0x0000, 0x0000, 0x0000, 0x0000, 0x0000, 0x0000, 0x0000, 0x0000,
    0x0000, 0x0000, 0x0000, 0x0000, 0x0000, 0x0000, 0x0000, 0x0000, 0x0000, 0x0000, 0x0000, 0x0000,
    0x0000, 0x0000, 0x0000, 0x0000, 0x0000, 0x0000, 0x0000, 0x0000, 0x0000, 0x0000, 0x0000, 0x0000,
    0x0000, 0x0000, 0x0000, 0x0000, 0x0000, 0x0000, 0x0000, 0x0000, 0x0000, 0x0000, 0x0000, 0x0000,
    0x0000, 0x0000, 0x0000, 0x0000, 0x0000, 0x0000, 0x0000, 0x0000, 0x0000, 0x0000, 0x0000, 0x0000,
    0x0000, 0x0000, 0x0000, 0x0000, 0x0000, 0x0000, 0x0000, 0x0000, 0x0000, 0x0000, 0x0000, 0x0000,
    0x0000, 0x0000, 0x0000, 0x0000, 0x0000, 0x0000, 0x0000, 0x0000, 0x0000, 0x0000, 0x0000, 0x0000,
    0x0000, 0x0000, 0x0000, 0x0000, 0x0000, 0x0000, 0x0000, 0x0000, 0x0000, 0x0000, 0x0000, 0x0000,
    0x0000, 0x0000, 0x0000, 0x0000, 0x0000, 0x0000, 0x0000, 0x0000, 0x0000, 0x0000, 0x0000, 0x0000,
    0x0000, 0x0000, 0x0000, 0x0000, 0x0000, 0x0000, 0x0000, 0x0000, 0x0000, 0x0000, 0x0000, 0x0000,
    0x0000, 0x0000, 0x0000, 0x0000, 0x0000, 0x0000, 0x0000, 0x0000, 0x0000, 0x0000, 0x0000, 0x0000,
    0x0000, 0x0000, 0x0000, 0x0000, 0x0000, 0x0000, 0x0000, 0x0000, 0x0000, 0x0000, 0x0000, 0x0000,
    0x0000, 0x0000, 0x0000, 0x0000, 0x0000, 0x0000, 0x0000, 0x0000, 0x0000, 0x0000, 0x0000, 0x0000,
    0x0000, 0x0000, 0x0000, 0x0000, 0x0000, 0x0000, 0x0000, 0x0000, 0x0000, 0x0000, 0x0000, 0x0000,
    0x0000, 0x0000, 0x0000, 0x0000, 0x0000, 0x0000, 0x0000, 0x0000, 0x0000, 0x0000, 0x0000, 0x0000,
    0x0000, 0x0000, 0x0000, 0x0000, 0x0000, 0x0000, 0x0000, 0x0000, 0x0000, 0x0000, 0x0000, 0x0000,
    0x0000, 0x0000, 0x0000, 0x0000, 0x0000, 0x0000, 0x0000, 0x0000, 0x0000, 0x0000, 0x0000, 0x0000,
    0x0000, 0x0000, 0x0000, 0x0000, 0x0000, 0x0000, 0x0000, 0x0000, 0x0000, 0x0000, 0x0000, 0x0000,
    0x0000, 0x0000, 0x0000, 0x0000, 0x0000, 0x0000, 0x0000, 0x0000, 0x0000, 0x0000, 0x0000, 0x0000,
    0x0000, 0x0000, 0x0000, 0x0000, 0x0000, 0x0000, 0x0000, 0x0000, 0x0000, 0x0000, 0x0000, 0x0000,
    0x0000, 0x0000, 0x0000, 0x0000, 0x0000, 0x0000, 0x0000, 0x0000, 0x0000, 0x0000, 0x0000, 0x0000,
    0x0000, 0x0000, 0x0000, 0x0000, 0x0000, 0x0000, 0x0000, 0x0000, 0x0000, 0x0000, 0x0000, 0x0000,
    0x0000, 0x0000, 0x0000, 0x0000, 0x0000, 0x0000, 0x0000, 0x0000, 0x0000, 0x0000, 0x0000, 0x0000,
    0x0000, 0x0000, 0x0000, 0x0000, 0x0000, 0x0000, 0x0000, 0x0000, 0x0000, 0x0000, 0x0000, 0x0000,
    0x0000, 0x0000, 0x0000, 0x0000, 0x0000, 0x0000, 0x0000, 0x0000, 0x0000, 0x0000, 0x0000, 0x0000,
    0x0000, 0x0000, 0x0000, 0x0000, 0x0000, 0x0000, 0x0000, 0x0000, 0x0000, 0x0000, 0x0000, 0x0000,
    0x0000, 0x0000, 0x0000, 0x0000, 0x0000, 0x0000, 0x0000, 0x0000, 0x0000, 0x0000, 0x0000, 0x0000,
    0x0000, 0x0000, 0x0000, 0x0000, 0x0000, 0x0000, 0x0000, 0x0000, 0x0000, 0x0000, 0x0000, 0x0000,
    0x0000, 0x0000, 0x0000, 0x0000, 0x0000, 0x0000, 0x0000, 0x0000, 0x0000, 0x0000, 0x0000, 0x0000,
    0x0000, 0x0000, 0x0000, 0x0000, 0x0000, 0x0000, 0x0000, 0x0000, 0x0000, 0x0000, 0x0000, 0x0000,
    0x0000, 0x0000, 0x0000, 0x0000, 0x0000, 0x0000, 0x0000, 0x0000, 0x0000, 0x0000, 0x0000, 0x0000,
    0x0000, 0x0000, 0x0000, 0x0000, 0x0000, 0x0000, 0x0000, 0x0000, 0x0000, 0x0000, 0x0000, 0x0000,
    0x0000, 0x0000, 0x0000, 0x0000, 0x0000, 0x0000, 0x0000, 0x0000, 0x0000, 0x0000, 0x0000, 0x0000,
    0x0000, 0x0000, 0x0000, 0x0000, 0x0000, 0x0000, 0x0000, 0x0000, 0x0000, 0x0000, 0x0000, 0x0000,
    0x0000, 0x0000, 0x0000, 0x0000, 0x0000, 0x0000, 0x0000, 0x0000, 0x0000, 0x0000, 0x0000, 0x0000,
    0x0000, 0x0000, 0x0000, 0x0000, 0x0000, 0x0000, 0x0000, 0x0000, 0x0000, 0x0000, 0x0000, 0x0000,
    0x0000, 0x0000, 0x0000, 0x0000, 0x0000, 0x0000, 0x0000, 0x0000, 0x0000, 0x0000, 0x0000, 0x0000,
    0x0000, 0x0000, 0x0000, 0x0000, 0x0000, 0x0000, 0x0000, 0x0000, 0x0000, 0x0000, 0x0000, 0x0000,
    0x0000, 0x0000, 0x0000, 0x0000, 0x0000, 0x0000, 0x0000, 0x0000, 0x0000, 0x0000, 0x0000, 0x0000,
    0x0000, 0x0000, 0x0000, 0x0000, 0x0000, 0x0000, 0x0000, 0x0000, 0x0000, 0x0000, 0x0000, 0x0000,
    0x0000, 0x0000, 0x0000, 0x0000, 0x0000, 0x0000, 0x0000, 0x0000, 0x0000, 0x0000, 0x0000, 0x0000,
    0x0000, 0x0000, 0x0000, 0x0000
  },
  { // 帧 6
    0x0000, 0x0000, 0x0000, 0x0000, 0x0000, 0x0000, 0x0000, 0x0000, 0x0000, 0x0000, 0x0000, 0x0000,
    0x0000, 0x0000, 0x0000, 0x0000, 0x0000, 0x0000, 0x0000, 0x0000, 0x0000, 0x0000, 0x0000, 0x0000,
    0x0000, 0x0000, 0x0000, 0x0000, 0x0000, 0x0000, 0x0000, 0x0000, 0x0000, 0x0000, 0x0000, 0x0000,
    0x0000, 0x0000, 0x0000, 0x0000, 0x0000, 0x0000, 0x0000, 0x0000, 0x0000, 0x0000, 0x0000, 0x0000,
    0x0000, 0x9380, 0xF600, 0xE580, 0x59E1, 0x0000, 0x0000, 0x0000, 0x0000, 0x0000, 0x0000, 0x0000,
    0x0000, 0x0000, 0x0000, 0x0000, 0x0000, 0x0000, 0x0000, 0x0000, 0x0000, 0x0000, 0x0000, 0x0000,
    0x0000, 0x0000, 0x0000, 0x0000, 0x0000, 0x0000, 0x0000, 0x0000, 0x0000, 0x0000, 0x0000, 0x0000,
    0x0000, 0x0000, 0x0000, 0x0000, 0x0000, 0x0000, 0x0000, 0x0000, 0x0000, 0x0000, 0x0000, 0x0000,
    0x0000, 0x0000, 0x0000, 0x0000, 0x0000, 0x0000, 0x0000, 0x0000, 0x0000, 0x0000, 0x0000, 0x0000,
    0x0000, 0x0000, 0x0000, 0x0000, 0x0000, 0x0000, 0x0000, 0x0000, 0x0000, 0x0000, 0x0000, 0x0000,
    0x0000, 0x0000, 0x0000, 0x0000, 0x0000, 0x0000, 0x0000, 0x0000, 0x0000, 0x0000, 0x0000, 0x0000,
    0x0000, 0x0000, 0x0000, 0x0000, 0x0000, 0x0000, 0x0000, 0x0000, 0x0000, 0x0000, 0x0000, 0x0000,
    0x0000, 0x0000, 0x0000, 0x0000, 0x6260, 0xFE41, 0xF620, 0xFE60, 0xD561, 0x0000, 0x0000, 0x0000,
    0x0000, 0x0000, 0x0000, 0x0000, 0x0000, 0x0000, 0x0000, 0x0000, 0x0000, 0x0000, 0x0000, 0x0000,
    0x0000, 0x0000, 0x0000, 0x0000, 0x0000, 0x0000, 0x0000, 0x0000, 0x0000, 0x0000, 0x0000, 0x0000,
    0x0000, 0x0000, 0x0000, 0x0000, 0x0000, 0x0000, 0x0000, 0x0000, 0x0000, 0x0000, 0x0000, 0x0000,
    0x0000, 0x0000, 0x0000, 0x0000, 0x0000, 0x0000, 0x0000, 0x0000, 0x0000, 0x0000, 0x0000, 0x0000,
    0x0000, 0x0000, 0x0000, 0x0000, 0x0000, 0x0000, 0x0000, 0x0000, 0x0000, 0x0000, 0x0000, 0x0000,
    0x0000, 0x0000, 0x0000, 0x0000, 0x0000, 0x0000, 0x0000, 0x0000, 0x0000, 0x0000, 0x0000, 0x0000,
    0x0000, 0x0000, 0x0000, 0x0000, 0x0000, 0x0000, 0x0000, 0x0000, 0x0000, 0x0000, 0x0000, 0x0000,
    0x0000, 0x0000, 0x0000, 0x0000, 0x0000, 0x0000, 0x0000, 0x0000, 0x8B80, 0xFE60, 0xF600, 0xFE20,
    0xFE41, 0x3960, 0x0000, 0x0000, 0x0000, 0x0000, 0x0000, 0x0000, 0x0000, 0x0000, 0x0000, 0x0000,
    0x0000, 0x0000, 0x0000, 0x0000, 0x0000, 0x0000, 0x0000, 0x0000, 0x0000, 0x0000, 0x0000, 0x0000,
    0x0000, 0x0000, 0x0000, 0x0000, 0x0000, 0x0000, 0x0000, 0x0000, 0x0000, 0x0000, 0x0000, 0x0000,
    0x0000, 0x0000, 0x0000, 0x0000, 0x0000, 0x0000, 0x0000, 0x0000, 0x0000, 0x0000, 0x0000, 0x0000,
    0x0000, 0x0000, 0x0000, 0x0000, 0x0000, 0x0000, 0x0000, 0x0000, 0x0000, 0x0000, 0x0000, 0x0000,
    0x0000, 0x0000, 0x0000, 0x0000, 0x0000, 0x0000, 0x0000, 0x0000, 0x0000, 0x0000, 0x0000, 0x0000,
    0x0000, 0x0000, 0x0000, 0x0000, 0x0000, 0x0000, 0x0000, 0x0000, 0x0000, 0x0000, 0x0000, 0x0000,
    0x0000, 0x0000, 0x0000, 0x0000, 0x0000, 0x0000, 0x0000, 0x0000, 0x0000, 0x0000, 0x0000, 0x0000,
    0x8360, 0xFE60, 0xF601, 0xFE20, 0xF600, 0x3960, 0x0000, 0x0000, 0x0000, 0x0000, 0x0000, 0x0000,
    0x0000, 0x0000, 0x0000, 0x0000, 0x0000, 0x0000, 0x0000, 0x0000, 0x0000, 0x0000, 0x0000, 0x0000,
    0x0000, 0x0000, 0x0000, 0x0000, 0x0000, 0x0000, 0x0000, 0x0000, 0x0000, 0x0000, 0x0000, 0x0000,
    0x0000, 0x0000, 0x0000, 0x0000, 0x0000, 0x0000, 0x0000, 0x0000, 0x0000, 0x0000, 0x0000, 0x0000,
    0x0000, 0x0000, 0x0000, 0x0000, 0x0000, 0x0000, 0x0000, 0x0000, 0x0000, 0x0000, 0x0000, 0x0000,
    0x0000, 0x0000, 0x0000, 0x0000, 0x0000, 0x0000, 0x0000, 0x0000, 0x0000, 0x0000, 0x0000, 0x0000,
    0x0000, 0x0000, 0x0000, 0x0000, 0x0000, 0x0000, 0x0000, 0x0000, 0x0000, 0x0000, 0x0000, 0x0000,
    0x0000, 0x0000, 0x0000, 0x0000, 0x0000, 0x0000, 0x0000, 0x0000, 0x0000, 0x0000, 0x0000, 0x0000,
    0x0000, 0x0000, 0x0000, 0x0000, 0x8B60, 0xFE60, 0xF600, 0xFE21, 0xF600, 0x3960, 0x0000, 0x0000,
    0x0000, 0x0000, 0x0000, 0x0000, 0x0000, 0x0000, 0x0000, 0x0000, 0x0000, 0x0000, 0x0000, 0x0000,
    0x0000, 0x0000, 0x0000, 0x0000, 0x0000, 0x0000, 0x0000, 0x0000, 0x0000, 0x0000, 0x0000, 0x0000,
    0x0000, 0x0000, 0x0000, 0x0000, 0x0000, 0x0000, 0x0000, 0x0000, 0x0000, 0x0000, 0x0000, 0x0000,
    0x0000, 0x0000, 0x0000, 0x0000, 0x0000, 0x0000, 0x0000, 0x0000, 0x0000, 0x0000, 0x0000, 0x0000,
    0x0000, 0x0000, 0x0000, 0x0000, 0x0000, 0x0000, 0x0000, 0x0000, 0x0000, 0x0000, 0x0000, 0x0000,
    0x0000, 0x0000, 0x0000, 0x0000, 0x0000, 0x0000, 0x0000, 0x0000, 0x0000, 0x0000, 0x0000, 0x0000,
    0x0000, 0x0000, 0x0000, 0x0000, 0x0000, 0x0000, 0x0000, 0x0000, 0x0000, 0x0000, 0x0000, 0x0000,
    0x0000, 0x0000, 0x0000, 0x0000, 0x0000, 0x0000, 0x0000, 0x0000, 0x8B60, 0xFE60, 0xF600, 0xFE20,
    0xF620, 0x3960, 0x0000, 0x0000, 0x0000, 0x0000, 0x0000, 0x0000, 0x0000, 0x0000, 0x0000, 0x0000,
    0x0000, 0x0000, 0x0000, 0x0000, 0x0000, 0x0000, 0x0000, 0x0000, 0x0000, 0x0000, 0x0000, 0x0000,
    0x0000, 0x0000, 0x0000, 0x0000, 0x0000, 0x0000, 0x0000, 0x0000, 0x0000, 0x0000, 0x0000, 0x0000,
    0x0000, 0x0000, 0x0000, 0x0000, 0x0000, 0x0000, 0x0000, 0x0000, 0x0000, 0x0000, 0x0000, 0x0000,
    0x0000, 0x0000, 0x0000, 0x0000, 0x0000, 0x0000, 0x0000, 0x0000, 0x0000, 0x0000, 0x0000, 0x0000,
    0x0000, 0x0000, 0x0000, 0x0000, 0x0000, 0x0000, 0x0000, 0x0000, 0x0000, 0x0000, 0x0000, 0x0000,
    0x0000, 0x0000, 0x0000, 0x0000, 0x0000, 0x0000, 0x0000, 0x0000, 0x0000, 0x0000, 0x0000, 0x0000,
    0x0000, 0x0000, 0x0000, 0x0000, 0x0000, 0x0000, 0x0000, 0x0000, 0x0000, 0x0000, 0x0000, 0x0000,
    0x8B60, 0xFE60, 0xF600, 0xFE20, 0xF620, 0x3960, 0x0000, 0x0000, 0x0000, 0x0000, 0x0000, 0x0000,
    0x0000, 0x0000, 0x0000, 0x0000, 0x0000, 0x0000, 0x0000, 0x0000, 0x0000, 0x0000, 0x0000, 0x0000,
    0x0000, 0x0000, 0x0000, 0x0000, 0x0000, 0x0000, 0x0000, 0x0000, 0x0000, 0x0000, 0x0000, 0x0000,
    0x0000, 0x0000, 0x0000, 0x0000, 0x0000, 0x0000, 0x0000, 0x0000, 0x0000, 0x0000, 0x0000, 0x0000,
    0x0000, 0x0000, 0x0000, 0x0000, 0x0000, 0x0000, 0x0000, 0x0000, 0x0000, 0x0000, 0x0000, 0x0000,
    0x0000, 0x0000, 0x0000, 0x0000, 0x0000, 0x0000, 0x0000, 0x0000, 0x0000, 0x0000, 0x0000, 0x0000,
    0x0000, 0x0000, 0x0000, 0x0000, 0x0000, 0x0000, 0x0000, 0x0000, 0x0000, 0x0000, 0x0000, 0x0000,
    0x0000, 0x0000, 0x0000, 0x0000, 0x0000, 0x0000, 0x0000, 0x0000, 0x0000, 0x0000, 0x0000, 0x0000,
    0x0000, 0x0000, 0x0000, 0x0000, 0x8B60, 0xFE60, 0xF601, 0xFE20, 0xF620, 0x3960, 0x0000, 0x0000,
    0x0000, 0x0000, 0x0000, 0x0000, 0x0000, 0x0000, 0x0000, 0x0000, 0x0000, 0x0000, 0x0000, 0x0000,
    0x0000, 0x0000, 0x0000, 0x0000, 0x0000, 0x0000, 0x0000, 0x0000, 0x0000, 0x0000, 0x0000, 0x0000,
    0x0000, 0x0000, 0x0000, 0x0000, 0x0000, 0x0000, 0x0000, 0x0000, 0x0000, 0x0000, 0x0000, 0x0000,
    0x0000, 0x0000, 0x0000, 0x0000, 0x0000, 0x0000, 0x0000, 0x0000, 0x0000, 0x0000, 0x0000, 0x0000,
    0x0000, 0x0000, 0x0000, 0x0000, 0x0000, 0x0000, 0x0000, 0x0000, 0x0000, 0x0000, 0x0000, 0x0000,
    0x0000, 0x0000, 0x0000, 0x0000, 0x0000, 0x0000, 0x0000, 0x0000, 0x0000, 0x0000, 0x0000, 0x0000,
    0x0000, 0x0000, 0x0000, 0x0000, 0x0000, 0x0000, 0x0000, 0x0000, 0x0000, 0x0000, 0x0000, 0x0000,
    0x0000, 0x0000, 0x0000, 0x0000, 0x0000, 0x0000, 0x0000, 0x0000, 0x8B60, 0xFE61, 0xF5E1, 0xFE20,
    0xF620, 0x3960, 0x0000, 0x0000, 0x0000, 0x0000, 0x0000, 0x0000, 0x0000, 0x0000, 0x0000, 0x0000,
    0x0000, 0x0000, 0x0000, 0x0000, 0x0000, 0x0000, 0x0000, 0x0000, 0x0000, 0x0000, 0x0000, 0x0000,
    0x0000, 0x0000, 0x0000, 0x0000, 0x0000, 0x0000, 0x0000, 0x0000, 0x0000, 0x0000, 0x0000, 0x0000,
    0x0000, 0x0000, 0x0000, 0x0000, 0x0000, 0x0000, 0x0000, 0x0000, 0x0000, 0x0000, 0x0000, 0x0000,
    0x0000, 0x0000, 0x0000, 0x0000, 0x0000, 0x0000, 0x0000, 0x0000, 0x0000, 0x0000, 0x0000, 0x0000,
    0x0000, 0x0000, 0x0000, 0x0000, 0x0000, 0x0000, 0x0000, 0x0000, 0x0000, 0x0000, 0x0000, 0x0000,
    0x0000, 0x0000, 0x0000, 0x0000, 0x0000, 0x0000, 0x0000, 0x0000, 0x0000, 0x0000, 0x0000, 0x0000,
    0x0000, 0x0000, 0x0000, 0x0000, 0x0000, 0x0000, 0x0000, 0x0000, 0x0000, 0x0000, 0x0000, 0x0000,
    0x8B81, 0xFE81, 0xF601, 0xF620, 0xF620, 0x3960, 0x0000, 0x0000, 0x0000, 0x0000, 0x0000, 0x0000,
    0x0000, 0x0000, 0x0000, 0x0000, 0x0000, 0x0000, 0x0000, 0x0000, 0x0000, 0x0000, 0x0000, 0x0000,
    0x0000, 0x0000, 0x0000, 0x0000, 0x0000, 0x0000, 0x0000, 0x0000, 0x0000, 0x0000, 0x0000, 0x0000,
    0x0000, 0x0000, 0x0000, 0x0000, 0x0000, 0x0000, 0x0000, 0x0000, 0x0000, 0x0000, 0x0000, 0x0000,
    0x0000, 0x0000, 0x0000, 0x0000, 0x0000, 0x0000, 0x0000, 0x0000, 0x0000, 0x0000, 0x0000, 0x0000,
    0x0000, 0x0000, 0x0000, 0x0000, 0x0000, 0x0000, 0x0000, 0x0000, 0x0000, 0x0000, 0x0000, 0x0000,
    0x0000, 0x0000, 0x0000, 0x0000, 0x0000, 0x0000, 0x0000, 0x0000, 0x0000, 0x0000, 0x0000, 0x0000,
    0x0000, 0x0000, 0x0000, 0x0000, 0x0000, 0x0000, 0x0000, 0x0000, 0x0000, 0x0000, 0x0000, 0x0000,
    0x0000, 0x0000, 0x0000, 0x0000, 0x8B81, 0xFE81, 0xF601, 0xF620, 0xF620, 0x3960, 0x0000, 0x0000,
    0x0000, 0x0000, 0x0000, 0x0000, 0x0000, 0x0000, 0x0000, 0x0000, 0x0000, 0x0000, 0x0000, 0x0000,
    0x0000, 0x0000, 0x0000, 0x0000, 0x0000, 0x0000, 0x0000, 0x0000, 0x0000, 0x0000, 0x0000, 0x0000,
    0x0000, 0x0000, 0x0000, 0x0000, 0x0000, 0x0000, 0x0000, 0x0000, 0x0000, 0x0000, 0x0000, 0x0000,
    0x0000, 0x0000, 0x0000, 0x0000, 0x0000, 0x0000, 0x0000, 0x0000, 0x0000, 0x0000, 0x0000, 0x0000,
    0x0000, 0x0000, 0x0000, 0x0000, 0x0000, 0x0000, 0x0000, 0x0000, 0x0000, 0x0000, 0x0000, 0x0000,
    0x0000, 0x0000, 0x0000, 0x0000, 0x0000, 0x0000, 0x0000, 0x0000, 0x0000, 0x0000, 0x0000, 0x0000,
    0x0000, 0x0000, 0x0000, 0x0000, 0x0000, 0x0000, 0x0000, 0x0000, 0x0000, 0x0000, 0x0000, 0x0000,
    0x0000, 0x0000, 0x0000, 0x0000, 0x0000, 0x0000, 0x0000, 0x0000, 0x8B81, 0xFE61, 0xF600, 0xFE20,
    0xF621, 0x3980, 0x0000, 0x0000, 0x0000, 0x0000, 0x0000, 0x0000, 0x0000, 0x0000, 0x0000, 0x0000,
    0x0000, 0x0000, 0x0000, 0x0000, 0x0000, 0x0000, 0x0000, 0x0000, 0x0000, 0x0000, 0x0000, 0x0000,
    0x0000, 0x0000, 0x0000, 0x0000, 0x0000, 0x0000, 0x0000, 0x0000, 0x0000, 0x0000, 0x0000, 0x0000,
    0x0000, 0x0000, 0x0000, 0x0000, 0x0000, 0x0000, 0x0000, 0x0000, 0x0000, 0x0000, 0x0000, 0x0000,
    0x0000, 0x0000, 0x0000, 0x0000, 0x0000, 0x0000, 0x0000, 0x0000, 0x0000, 0x0000, 0x0000, 0x0000,
    0x0000, 0x0000, 0x0000, 0x0000, 0x0000, 0x0000, 0x0000, 0x0000, 0x0000, 0x0000, 0x0000, 0x0000,
    0x0000, 0x0000, 0x0000, 0x0000, 0x0000, 0x0000, 0x0000, 0x0000, 0x0000, 0x0000, 0x0000, 0x0000,
    0x0000, 0x0000, 0x0000, 0x0000, 0x0000, 0x0000, 0x0000, 0x0000, 0x0000, 0x0000, 0x0000, 0x0000,
    0x8B60, 0xFE61, 0xF601, 0xFE21, 0xF620, 0x3980, 0x0000, 0x0000, 0x0000, 0x0000, 0x0000, 0x0000,
    0x0000, 0x0000, 0x0000, 0x0000, 0x0000, 0x0000, 0x0000, 0x0000, 0x0000, 0x0000, 0x0000, 0x0000,
    0x0000, 0x0000, 0x0000, 0x0000, 0x0000, 0x0000, 0x0000, 0x0000, 0x0000, 0x0000, 0x0000, 0x0000,
    0x0000, 0x0000, 0x0000, 0x0000, 0x0000, 0x0000, 0x0000, 0x0000, 0x0000, 0x0000, 0x0000, 0x0000,
    0x0000, 0x0000, 0x0000, 0x0000, 0x0000, 0x0000, 0x0000, 0x0000, 0x0000, 0x0000, 0x0000, 0x0000,
    0x0000, 0x0000, 0x0000, 0x0000, 0x0000, 0x0000, 0x0000, 0x0000, 0x5A60, 0x41A0, 0x0000, 0x0000,
    0x0000, 0x0000, 0x0000, 0x0000, 0x0000, 0x0000, 0x0000, 0x0000, 0x0000, 0x0000, 0x0000, 0x0000,
    0x0000, 0x0000, 0x0000, 0x0000, 0x0000, 0x0000, 0x0000, 0x0000, 0x0000, 0x0000, 0x0000, 0x0000,
    0x0000, 0x0000, 0x0000, 0x0000, 0x8B80, 0xFE60, 0xF600, 0xFE20, 0xF600, 0x3960, 0x0000, 0x0000,
    0x0000, 0x0000, 0x0000, 0x0000, 0x0000, 0x0000, 0x0000, 0x0000, 0x0000, 0x0000, 0x0000, 0x0000,
    0x0000, 0x0000, 0x0000, 0x0000, 0x0000, 0x0000, 0x0000, 0x0000, 0x0000, 0x0000, 0x0000, 0x0000,
    0x0000, 0x0000, 0x0000, 0x0000, 0x5A20, 0x5220, 0x0000, 0x0000, 0x0000, 0x0000, 0x0000, 0x0000,
    0x0000, 0x0000, 0x0000, 0x0000, 0x0000, 0x0000, 0x0000, 0x0000, 0x0000, 0x0000, 0x0000, 0x0000,
    0x0000, 0x0000, 0x0000, 0x0000, 0x0000, 0x0000, 0x0000, 0x0000, 0x0000, 0x0000, 0x49E0, 0xE5A1,
    0xFE80, 0xFE41, 0x8B60, 0x0000, 0x0000, 0x0000, 0x0000, 0x0000, 0x0000, 0x0000, 0x0000, 0x0000,
    0x0000, 0x0000, 0x0000, 0x0000, 0x0000, 0x0000, 0x0000, 0x0000, 0x0000, 0x0000, 0x0000, 0x0000,
    0x0000, 0x0000, 0x0000, 0x0000, 0x0000, 0x0000, 0x0000, 0x0000, 0x8B80, 0xFE60, 0xF600, 0xFE20,
    0xF601, 0x3960, 0x0000, 0x0000, 0x0000, 0x0000, 0x0000, 0x0000, 0x0000, 0x0000, 0x0000, 0x0000,
    0x0000, 0x0000, 0x0000, 0x0000, 0x0000, 0x0000, 0x0000, 0x0000, 0x0000, 0x0000, 0x0000, 0x0000,
    0x0000, 0x0000, 0x0000, 0x0000, 0x0000, 0x0000, 0x0000, 0xCD21, 0xFE81, 0xFE81, 0xB481, 0x0000,
    0x0000, 0x0000, 0x0000, 0x0000, 0x0000, 0x0000, 0x0000, 0x0000, 0x0000, 0x0000, 0x0000, 0x0000,
    0x0000, 0x0000, 0x0000, 0x0000, 0x0000, 0x0000, 0x0000, 0x0000, 0x0000, 0x0000, 0x0000, 0x0000,
    0x0000, 0x0000, 0xB481, 0xFE60, 0xF600, 0xFE40, 0xFE80, 0x93A0, 0x0000, 0x0000, 0x0000, 0x0000,
    0x0000, 0x0000, 0x0000, 0x0000, 0x0000, 0x0000, 0x0000, 0x0000, 0x0000, 0x0000, 0x0000, 0x0000,
    0x0000, 0x0000, 0x0000, 0x0000, 0x0000, 0x0000, 0x0000, 0x0000, 0x0000, 0x0000, 0x0000, 0x0000,
    0x8B80, 0xFE80, 0xF600, 0xFE21, 0xF601, 0x3960, 0x0000, 0x0000, 0x0000, 0x0000, 0x0000, 0x0000,
    0x0000, 0x0000, 0x0000, 0x0000, 0x0000, 0x0000, 0x0000, 0x0000, 0x0000, 0x0000, 0x0000, 0x0000,
    0x0000, 0x0000, 0x0000, 0x0000, 0x0000, 0x0000, 0x0000, 0x0000, 0x0000, 0x0000, 0xD541, 0xFE60,
    0xF600, 0xF620, 0xFE81, 0x6260, 0x0000, 0x0000, 0x0000, 0x0000, 0x0000, 0x0000, 0x0000, 0x0000,
    0x0000, 0x0000, 0x0000, 0x0000, 0x0000, 0x0000, 0x0000, 0x0000, 0x0000, 0x0000, 0x0000, 0x0000,
    0x0000, 0x0000, 0x0000, 0x0000, 0x0000, 0x0000, 0xAC40, 0xFE60, 0xF600, 0xF620, 0xF620, 0xFE80,
    0x93C0, 0x0000, 0x0000, 0x0000, 0x0000, 0x0000, 0x0000, 0x0000, 0x0000, 0x0000, 0x0000, 0x0000,
    0x0000, 0x0000, 0x0000, 0x0000, 0x0000, 0x0000, 0x0000, 0x0000, 0x0000, 0x0000, 0x0000, 0x0000,
    0x0000, 0x0000, 0x0000, 0x0000, 0x8B60, 0xFE80, 0xF600, 0xFE21, 0xF621, 0x3960, 0x0000, 0x0000,
    0x0000, 0x0000, 0x0000, 0x0000, 0x0000, 0x0000, 0x0000, 0x0000, 0x0000, 0x0000, 0x0000, 0x0000,
    0x0000, 0x0000, 0x0000, 0x0000, 0x0000, 0x0000, 0x0000, 0x0000, 0x0000, 0x0000, 0x0000, 0x0000,
    0x0000, 0xD541, 0xFE60, 0xF600, 0xF620, 0xF620, 0xFE61, 0x5200, 0x0000, 0x0000, 0x0000, 0x0000,
    0x0000, 0x0000, 0x0000, 0x0000, 0x0000, 0x0000, 0x0000, 0x0000, 0x0000, 0x0000, 0x0000, 0x0000,
    0x0000, 0x0000, 0x0000, 0x0000, 0x0000, 0x0000, 0x0000, 0x0000, 0x0000, 0x0000, 0x3960, 0xEDE1,
    0xFE40, 0xF600, 0xF620, 0xF620, 0xFE80, 0x9BC0, 0x0000, 0x0000, 0x0000, 0x0000, 0x0000, 0x0000,
    0x0000, 0x0000, 0x0000, 0x0000, 0x0000, 0x0000, 0x0000, 0x0000, 0x0000, 0x0000, 0x0000, 0x0000,
    0x0000, 0x0000, 0x0000, 0x0000, 0x0000, 0x0000, 0x0000, 0x0000, 0x49C0, 0xE5C1, 0xFE81, 0xFE81,
    0xBC81, 0x0000, 0x0000, 0x0000, 0x0000, 0x0000, 0x0000, 0x0000, 0x0000, 0x0000, 0x0000, 0x0000,
    0x0000, 0x0000, 0x0000, 0x0000, 0x0000, 0x0000, 0x0000, 0x0000, 0x0000, 0x0000, 0x0000, 0x0000,
    0x0000, 0x0000, 0x0000, 0x0000, 0xD541, 0xFE60, 0xF600, 0xF620, 0xF600, 0xFE80, 0xAC21, 0x0000,
    0x0000, 0x0000, 0x0000, 0x0000, 0x0000, 0x0000, 0x0000, 0x0000, 0x0000, 0x0000, 0x0000, 0x0000,
    0x0000, 0x0000, 0x0000, 0x0000, 0x0000, 0x0000, 0x0000, 0x0000, 0x0000, 0x0000, 0x0000, 0x0000,
    0x0000, 0x0000, 0x0000, 0x49C0, 0xEDE0, 0xFE40, 0xF600, 0xF620, 0xF620, 0xFE81, 0x9BC0, 0x0000,
    0x0000, 0x0000, 0x0000, 0x0000, 0x0000, 0x0000, 0x0000, 0x0000, 0x0000, 0x0000, 0x0000, 0x0000,
    0x0000, 0x0000, 0x0000, 0x0000, 0x0000, 0x0000, 0x0000, 0x0000, 0x0000, 0x0000, 0x0000, 0x0000,
    0x0000, 0x49C0, 0x9BE1, 0x8B60, 0x0000, 0x0000, 0x0000, 0x0000, 0x0000, 0x0000, 0x0000, 0x0000,
    0x0000, 0x0000, 0x0000, 0x0000, 0x0000, 0x0000, 0x0000, 0x0000, 0x0000, 0x0000, 0x0000, 0x0000,
    0x0000, 0x0000, 0x0000, 0x0000, 0x0000, 0x0000, 0x0000, 0xDD61, 0xFE60, 0xF600, 0xF600, 0xF600,
    0xFE80, 0xAC40, 0x0000, 0x0000, 0x0000, 0x0000, 0x0000, 0x0000, 0x0000, 0x0000, 0x0000, 0x0000,
    0x0000, 0x0000, 0x0000, 0x0000, 0x0000, 0x0000, 0x0000, 0x0000, 0x0000, 0x0000, 0x0000, 0x0000,
    0x0000, 0x0000, 0x0000, 0x0000, 0x0000, 0x0000, 0x0000, 0x0000, 0x4180, 0xEDC0, 0xFE40, 0xF600,
    0xF620, 0xF620, 0xFE60, 0x9BC0, 0x0000, 0x0000, 0x0000, 0x0000, 0x0000, 0x0000, 0x0000, 0x0000,
    0x0000, 0x0000, 0x0000, 0x0000, 0x0000, 0x0000, 0x0000, 0x0000, 0x0000, 0x0000, 0x0000, 0x0000,
    0x0000, 0x0000, 0x0000, 0x0000, 0x0000, 0x0000, 0x0000, 0x0000, 0x0000, 0x0000, 0x0000, 0x0000,
    0x0000, 0x0000, 0x0000, 0x0000, 0x0000, 0x0000, 0x0000, 0x0000, 0x0000, 0x0000, 0x0000, 0x0000,
    0x0000, 0x0000, 0x0000, 0x0000, 0x0000, 0x0000, 0x0000, 0x0000, 0x0000, 0x0000, 0xDD60, 0xFE60,
    0xF600, 0xF600, 0xF600, 0xFE80, 0xAC20, 0x0000, 0x0000, 0x0000, 0x0000, 0x0000, 0x0000, 0x0000,
    0x0000, 0x0000, 0x0000, 0x0000, 0x0000, 0x0000, 0x0000, 0x0000, 0x0000, 0x0000, 0x0000, 0x0000,
    0x0000, 0x0000, 0x0000, 0x0000, 0x0000, 0x0000, 0x0000, 0x0000, 0x0000, 0x0000, 0x0000, 0x0000,
    0x0000, 0x41A0, 0xE5C0, 0xFE40, 0xF600, 0xF600, 0xF600, 0xFE60, 0x9BC0, 0x0000, 0x0000, 0x0000,
    0x0000, 0x0000, 0x0000, 0x0000, 0x0000, 0x0000, 0x0000, 0x0000, 0x0000, 0x0000, 0x0000, 0x0000,
    0x0000, 0x0000, 0x0000, 0x0000, 0x0000, 0x0000, 0x0000, 0x0000, 0x0000, 0x0000, 0x0000, 0x0000,
    0x0000, 0x0000, 0x0000, 0x0000, 0x0000, 0x0000, 0x0000, 0x0000, 0x0000, 0x0000, 0x0000, 0x0000,
    0x0000, 0x0000, 0x0000, 0x0000, 0x0000, 0x0000, 0x0000, 0x0000, 0x0000, 0x0000, 0x0000, 0x0000,
    0x0000, 0xDD81, 0xFE60, 0xF600, 0xFE20, 0xF600, 0xFE80, 0xAC20, 0x0000, 0x0000, 0x0000, 0x0000,
    0x0000, 0x0000, 0x0000, 0x0000, 0x0000, 0x0000, 0x0000, 0x0000, 0x0000, 0x0000, 0x0000, 0x0000,
    0x0000, 0x0000, 0x0000, 0x0000, 0x0000, 0x0000, 0x0000, 0x0000, 0x0000, 0x0000, 0x0000, 0x0000,
    0x0000, 0x0000, 0x0000, 0x0000, 0x0000, 0x0000, 0x3960, 0xE5A0, 0xFE40, 0xF600, 0xF600, 0xF600,
    0xFE80, 0x9BC0, 0x0000, 0x0000, 0x0000, 0x0000, 0x0000, 0x0000, 0x0000, 0x0000, 0x0000, 0x0000,
    0x0000, 0x0000, 0x0000, 0x0000, 0x0000, 0x0000, 0x0000, 0x0000, 0x0000, 0x0000, 0x0000, 0x0000,
    0x0000, 0x0000, 0x0000, 0x0000, 0x0000, 0x0000, 0x0000, 0x0000, 0x0000, 0x0000, 0x0000, 0x0000,
    0x0000, 0x0000, 0x0000, 0x0000, 0x0000, 0x0000, 0x0000, 0x0000, 0x0000, 0x0000, 0x0000, 0x0000,
    0x0000, 0x0000, 0x0000, 0x3940, 0xDD81, 0xFE40, 0xF600, 0xFE20, 0xF620, 0xFE80, 0xAC20, 0x0000,
    0x0000, 0x0000, 0x0000, 0x0000, 0x0000, 0x0000, 0x0000, 0x0000, 0x0000, 0x0000, 0x0000, 0x0000,
    0x0000, 0x0000, 0x0000, 0x0000, 0x0000, 0x0000, 0x0000, 0x0000, 0x0000, 0x0000, 0x0000, 0x0000,
    0x0000, 0x0000, 0x0000, 0x0000, 0x0000, 0x0000, 0x0000, 0x0000, 0x0000, 0x0000, 0x0000, 0x3960,
    0xE5A0, 0xFE40, 0xF600, 0xF620, 0xF620, 0xFE80, 0xA3E0, 0x0000, 0x0000, 0x0000, 0x0000, 0x0000,
    0x0000, 0x0000, 0x0000, 0x0000, 0x0000, 0x0000, 0x0000, 0x0000, 0x0000, 0x0000, 0x0000, 0x0000,
    0x0000, 0x0000, 0x0000, 0x0000, 0x0000, 0x0000, 0x0000, 0x0000, 0x0000, 0x0000, 0x0000, 0x0000,
    0x0000, 0x0000, 0x0000, 0x0000, 0x0000, 0x0000, 0x0000, 0x0000, 0x0000, 0x0000, 0x0000, 0x0000,
    0x0000, 0x0000, 0x0000, 0x0000, 0x0000, 0x0000, 0x3940, 0xDD81, 0xFE40, 0xF5E0, 0xFE00, 0xF620,
    0xFE80, 0xA3E0, 0x0000, 0x0000, 0x0000, 0x0000, 0x0000, 0x0000, 0x0000, 0x0000, 0x0000, 0x0000,
    0x0000, 0x0000, 0x0000, 0x0000, 0x0000, 0x0000, 0x0000, 0x0000, 0x0000, 0x0000, 0x0000, 0x0000,
    0x0000, 0x0000, 0x0000, 0x0000, 0x0000, 0x0000, 0x0000, 0x0000, 0x0000, 0x0000, 0x0000, 0x0000,
    0x0000, 0x0000, 0x0000, 0x0000, 0x3940, 0xE580, 0xFE40, 0xF600, 0xFE20, 0xF620, 0xFE81, 0xA400,
    0x0000, 0x0000, 0x0000, 0x0000, 0x0000, 0x0000, 0x0000, 0x0000, 0x0000, 0x0000, 0x0000, 0x0000,
    0x0000, 0x0000, 0x0000, 0x0000, 0x0000, 0x0000, 0x0000, 0x0000, 0x0000, 0x0000, 0x0000, 0x0000,
    0x0000, 0x0000, 0x0000, 0x0000, 0x0000, 0x0000, 0x0000, 0x0000, 0x0000, 0x0000, 0x0000, 0x0000,
    0x0000, 0x0000, 0x0000, 0x0000, 0x0000, 0x0000, 0x0000, 0x0000, 0x0000, 0x3960, 0xE581, 0xFE40,
    0xF600, 0xF600, 0xF600, 0xFE80, 0x9BE0, 0x0000, 0x0000, 0x0000, 0x0000, 0x0000, 0x0000, 0x0000,
    0x0000, 0x0000, 0x0000, 0x0000, 0x0000, 0x0000, 0x0000, 0x0000, 0x0000, 0x0000, 0x0000, 0x0000,
    0x0000, 0x0000, 0x0000, 0x0000, 0x0000, 0x0000, 0x0000, 0x0000, 0x0000, 0x0000, 0x0000, 0x0000,
    0x0000, 0x0000, 0x0000, 0x0000, 0x0000, 0x0000, 0x0000, 0x0000, 0x0000, 0x0000, 0xDD60, 0xFE40,
    0xF600, 0xFE20, 0xF620, 0xFEA1, 0x9380, 0x0000, 0x0000, 0x0000, 0x0000, 0x0000, 0x0000, 0x0000,
    0x0000, 0x0000, 0x0000, 0x0000, 0x0000, 0x0000, 0x0000, 0x0000, 0x0000, 0x0000, 0x0000, 0x0000,
    0x0000, 0x0000, 0x0000, 0x0000, 0x0000, 0x0000, 0x0000, 0x0000, 0x0000, 0x0000, 0x0000, 0x0000,
    0x0000, 0x0000, 0x0000, 0x0000, 0x0000, 0x0000, 0x0000, 0x0000, 0x0000, 0x0000, 0x0000, 0x0000,
    0x0000, 0xD540, 0xFE40, 0xF600, 0xFE00, 0xF600, 0xFE60, 0x9BE0, 0x0000, 0x0000, 0x0000, 0x0000,
    0x0000, 0x0000, 0x0000, 0x0000, 0x0000, 0x0000, 0x0000, 0x0000, 0x0000, 0x0000, 0x0000, 0x0000,
    0x0000, 0x0000, 0x0000, 0x0000, 0x0000, 0x0000, 0x0000, 0x0000, 0x0000, 0x0000, 0x0000, 0x0000,
    0x0000, 0x0000, 0x0000, 0x0000, 0x0000, 0x0000, 0x0000, 0x0000, 0x0000, 0x0000, 0x0000, 0x0000,
    0x0000, 0x0000, 0x0000, 0xD540, 0xFE40, 0xF600, 0xF600, 0xFE40, 0xE5C1, 0x0000, 0x0000, 0x0000,
    0x0000, 0x0000, 0x0000, 0x0000, 0x0000, 0x0000, 0x0000, 0x0000, 0x0000, 0x0000, 0x0000, 0x0000,
    0x0000, 0x49C0, 0x7AE0, 0x9BC0, 0xB480, 0xC4E0, 0xC4E0, 0xC4C0, 0xBCA0, 0xAC40, 0x8B60, 0x6A60,
    0x0000, 0x0000, 0x0000, 0x0000, 0x0000, 0x0000, 0x0000, 0x0000, 0x0000, 0x0000, 0x0000, 0x0000,
    0x0000, 0x0000, 0x0000, 0x0000, 0x8340, 0xFE40, 0xF600, 0xF600, 0xF600, 0xFE60, 0x9BC0, 0x0000,
    0x0000, 0x0000, 0x0000, 0x0000, 0x0000, 0x0000, 0x0000, 0x0000, 0x0000, 0x0000, 0x0000, 0x0000,
    0x0000, 0x0000, 0x0000, 0x0000, 0x0000, 0x0000, 0x0000, 0x0000, 0x0000, 0x0000, 0x0000, 0x0000,
    0x0000, 0x0000, 0x0000, 0x0000, 0x0000, 0x0000, 0x0000, 0x0000, 0x0000, 0x0000, 0x0000, 0x0000,
    0x0000, 0x0000, 0x0000, 0x0000, 0x0000, 0x0000, 0x0000, 0x0000, 0xD540, 0xFE60, 0xF600, 0xFE60,
    0xDD61, 0x0000, 0x0000, 0x0000, 0x0000, 0x0000, 0x0000, 0x0000, 0x0000, 0x0000, 0x0000, 0x0000,
    0x0000, 0x0000, 0x72C0, 0xBC80, 0xDD81, 0xEDE1, 0xF600, 0xF620, 0xFE40, 0xFE40, 0xFE60, 0xFE60,
    0xFE40, 0xFE20, 0xF600, 0xF5E0, 0xE5C1, 0xD541, 0xA400, 0x5200, 0x0000, 0x0000, 0x0000, 0x0000,
    0x0000, 0x0000, 0x0000, 0x0000, 0x0000, 0x0000, 0x0000, 0x0000, 0x7B00, 0xFE40, 0xFE20, 0xFE20,
    0xFE60, 0x9BC0, 0x0000, 0x0000, 0x0000, 0x0000, 0x0000, 0x0000, 0x0000, 0x0000, 0x0000, 0x0000,
    0x0000, 0x0000, 0x0000, 0x0000, 0x0000, 0x0000, 0x0000, 0x0000, 0x0000, 0x0000, 0x0000, 0x0000,
    0x0000, 0x0000, 0x0000, 0x0000, 0x0000, 0x0000, 0x0000, 0x0000, 0x0000, 0x0000, 0x0000, 0x0000,
    0x0000, 0x0000, 0x0000, 0x0000, 0x0000, 0x0000, 0x0000, 0x0000, 0x0000, 0x0000, 0x0000, 0x0000,
    0x0000, 0xCD00, 0xFE61, 0xF601, 0x72A0, 0x0000, 0x0000, 0x0000, 0x0000, 0x0000, 0x0000, 0x0000,
    0x0000, 0x0000, 0x0000, 0x4180, 0x93A0, 0xDD81, 0xF621, 0xFE40, 0xFE40, 0xFE41, 0xFE40, 0xF620,
    0xF600, 0xF600, 0xF620, 0xF620, 0xF620, 0xFE20, 0xFE20, 0xFE20, 0xFE40, 0xFE40, 0xFE41, 0xEDE1,
    0xBCA0, 0x6AA0, 0x0000, 0x0000, 0x0000, 0x0000, 0x0000, 0x0000, 0x0000, 0x0000, 0x0000, 0x0000,
    0x0000, 0xBCA1, 0xFE61, 0xFE21, 0x9380, 0x0000, 0x0000, 0x0000, 0x0000, 0x0000, 0x0000, 0x0000,
    0x0000, 0x0000, 0x0000, 0x0000, 0x0000, 0x0000, 0x0000, 0x0000, 0x0000, 0x0000, 0x0000, 0x0000,
    0x0000, 0x0000, 0x0000, 0x0000, 0x0000, 0x0000, 0x0000, 0x0000, 0x0000, 0x0000, 0x0000, 0x0000,
    0x0000, 0x0000, 0x0000, 0x0000, 0x0000, 0x0000, 0x0000, 0x0000, 0x0000, 0x0000, 0x0000, 0x0000,
    0x0000, 0x0000, 0x0000, 0x0000, 0x0000, 0x0000, 0x5A20, 0x3980, 0x0000, 0x0000, 0x0000, 0x0000,
    0x0000, 0x0000, 0x0000, 0x0000, 0x0000, 0x0000, 0x93A0, 0xE5C0, 0xFE61, 0xFE40, 0xFE20, 0xF620,
    0xF620, 0xFE21, 0xF621, 0xF621, 0xF620, 0xF600, 0xF620, 0xF620, 0xF620, 0xF620, 0xFE20, 0xFE21,
    0xFE20, 0xF600, 0xF620, 0xFE20, 0xFE60, 0xFE41, 0xD520, 0x6AA0, 0x0000, 0x0000, 0x0000, 0x0000,
    0x0000, 0x0000, 0x0000, 0x0000, 0x0000, 0x0000, 0x5A20, 0x41A0, 0x0000, 0x0000, 0x0000, 0x0000,
    0x0000, 0x0000, 0x0000, 0x0000, 0x0000, 0x0000, 0x0000, 0x0000, 0x0000, 0x0000, 0x0000, 0x0000,
    0x0000, 0x0000, 0x0000, 0x0000, 0x0000, 0x0000, 0x0000, 0x0000, 0x0000, 0x0000, 0x0000, 0x0000,
    0x0000, 0x0000, 0x0000, 0x0000, 0x0000, 0x0000, 0x0000, 0x0000, 0x0000, 0x0000, 0x0000, 0x0000,
    0x0000, 0x0000, 0x0000, 0x0000, 0x0000, 0x0000, 0x0000, 0x0000, 0x0000, 0x0000, 0x0000, 0x0000,
    0x0000, 0x0000, 0x0000, 0x0000, 0x0000, 0x0000, 0x0000, 0x0000, 0x72C0, 0xDD61, 0xFE41, 0xFE40,
    0xF600, 0xF620, 0xFE21, 0xFE21, 0xFE21, 0xFE21, 0xFE21, 0xF621, 0xF620, 0xF620, 0xF620, 0xF620,
    0xF620, 0xF620, 0xFE20, 0xFE21, 0xFE21, 0xF621, 0xFE21, 0xFE21, 0xFE20, 0xFE20, 0xFE60, 0xF621,
    0xAC20, 0x0000, 0x0000, 0x0000, 0x0000, 0x0000, 0x0000, 0x0000, 0x0000, 0x0000, 0x0000, 0x0000,
    0x0000, 0x0000, 0x0000, 0x0000, 0x0000, 0x0000, 0x0000, 0x0000, 0x0000, 0x0000, 0x0000, 0x0000,
    0x0000, 0x0000, 0x0000, 0x0000, 0x0000, 0x0000, 0x0000, 0x0000, 0x0000, 0x0000, 0x0000, 0x0000,
    0x0000, 0x0000, 0x0000, 0x0000, 0x0000, 0x0000, 0x0000, 0x0000, 0x0000, 0x0000, 0x0000, 0x0000,
    0x0000, 0x0000, 0x0000, 0x0000, 0x0000, 0x0000, 0x0000, 0x0000, 0x0000, 0x0000, 0x0000, 0x0000,
    0x0000, 0x0000, 0x0000, 0x0000, 0x0000, 0x0000, 0x0000, 0x0000, 0x0000, 0x0000, 0x0000, 0x9BE0,
    0xFE41, 0xFE40, 0xF620, 0xF620, 0xFE20, 0xF620, 0xF621, 0xF621, 0xF620, 0xF620, 0xF620, 0xF620,
    0xF620, 0xF620, 0xF620, 0xF620, 0xF620, 0xF620, 0xF620, 0xF620, 0xF620, 0xF621, 0xF621, 0xFE21,
    0xFE21, 0xF620, 0xF620, 0xFE20, 0xFE61, 0xDD60, 0x51E0, 0x0000, 0x0000, 0x0000, 0x0000, 0x0000,
    0x0000, 0x0000, 0x0000, 0x0000, 0x0000, 0x0000, 0x0000, 0x0000, 0x0000, 0x0000, 0x0000, 0x0000,
    0x0000, 0x0000, 0x0000, 0x0000, 0x0000, 0x0000, 0x0000, 0x0000, 0x0000, 0x0000, 0x0000, 0x0000,
    0x0000, 0x0000, 0x0000, 0x0000, 0x0000, 0x0000, 0x0000, 0x0000, 0x0000, 0x0000, 0x0000, 0x0000,
    0x0000, 0x0000, 0x0000, 0x0000, 0x0000, 0x0000, 0x0000, 0x0000, 0x0000, 0x0000, 0x0000, 0x0000,
    0x0000, 0x0000, 0x0000, 0x0000, 0x0000, 0x0000, 0x0000, 0x0000, 0x0000, 0x0000, 0x0000, 0x0000,
    0x0000, 0x0000, 0xBCA1, 0xFE61, 0xFE20, 0xF600, 0xFE20, 0xF621, 0xF620, 0xF620, 0xF620, 0xF620,
    0xF620, 0xF600, 0xF600, 0xF600, 0xF600, 0xF620, 0xF620, 0xF620, 0xF620, 0xF600, 0xF620, 0xF620,
    0xF621, 0xF620, 0xF620, 0xF621, 0xF621, 0xF621, 0xF620, 0xF620, 0xF620, 0xFE61, 0xEDE1, 0x6A80,
    0x0000, 0x0000, 0x0000, 0x0000, 0x0000, 0x0000, 0x0000, 0x0000, 0x0000, 0x0000, 0x0000, 0x0000,
    0x0000, 0x0000, 0x0000, 0x0000, 0x0000, 0x0000, 0x0000, 0x0000, 0x0000, 0x0000, 0x0000, 0x0000,
    0x0000, 0x0000, 0x0000, 0x0000, 0x0000, 0x0000, 0x0000, 0x0000, 0x0000, 0x0000, 0x0000, 0x0000,
    0x0000, 0x0000, 0x0000, 0x0000, 0x0000, 0x0000, 0x0000, 0x0000, 0x0000, 0x0000, 0x0000, 0x0000,
    0x0000, 0x0000, 0x0000, 0x0000, 0x0000, 0x0000, 0x0000, 0x0000, 0x0000, 0x0000, 0x0000, 0x0000,
    0x0000, 0x0000, 0x0000, 0x0000, 0x0000, 0xC4E1, 0xFE41, 0xF600, 0xF600, 0xF620, 0xFE20, 0xF621,
    0xF620, 0xF620, 0xF620, 0xF620, 0xF620, 0xF600, 0xF600, 0xF600, 0xF600, 0xF600, 0xF620, 0xF620,
    0xF620, 0xF620, 0xF620, 0xF620, 0xF620, 0xF620, 0xF620, 0xF620, 0xF620, 0xF621, 0xF621, 0xFE20,
    0xFE20, 0xF620, 0xFE60, 0xEDE1, 0x72E0, 0x0000, 0x0000, 0x0000, 0x0000, 0x0000, 0x0000, 0x0000,
    0x0000, 0x0000, 0x0000, 0x0000, 0x0000, 0x0000, 0x0000, 0x0000, 0x0000, 0x0000, 0x0000, 0x0000,
    0x0000, 0x0000, 0x0000, 0x0000, 0x0000, 0x0000, 0x0000, 0x0000, 0x0000, 0x0000, 0x0000, 0x0000,
    0x0000, 0x0000, 0x0000, 0x0000, 0x0000, 0x0000, 0x0000, 0x0000, 0x0000, 0x0000, 0x0000, 0x0000,
    0x0000, 0x0000, 0x0000, 0x0000, 0x0000, 0x0000, 0x0000, 0x0000, 0x0000, 0x0000, 0x0000, 0x0000,
    0x0000, 0x0000, 0x0000, 0x0000, 0x0000, 0x0000, 0x0000, 0x0000, 0xC4E1, 0xFE60, 0xF600, 0xF600,
    0xF600, 0xF620, 0xF620, 0xF621, 0xF620, 0xF620, 0xF620, 0xF620, 0xF620, 0xF601, 0xF600, 0xF600,
    0xF600, 0xF620, 0xF620, 0xF621, 0xF620, 0xF620, 0xF620, 0xF621, 0xF620, 0xF620, 0xF620, 0xF620,
    0xF620, 0xF620, 0xF621, 0xFE21, 0xFE21, 0xF620, 0xF620, 0xFE40, 0xF601, 0x72A0, 0x0000, 0x0000,
    0x0000, 0x0000, 0x0000, 0x0000, 0x0000, 0x0000, 0x0000, 0x0000, 0x0000, 0x0000, 0x0000, 0x0000,
    0x0000, 0x0000, 0x0000, 0x0000, 0x0000, 0x0000, 0x0000, 0x0000, 0x0000, 0x0000, 0x0000, 0x0000,
    0x0000, 0x0000, 0x0000, 0x0000, 0x0000, 0x0000, 0x0000, 0x0000, 0x0000, 0x0000, 0x0000, 0x0000,
    0x0000, 0x0000, 0x0000, 0x0000, 0x0000, 0x0000, 0x0000, 0x0000, 0x0000, 0x0000, 0x0000, 0x0000,
    0x0000, 0x0000, 0x0000, 0x0000, 0x0000, 0x0000, 0x0000, 0x0000, 0x0000, 0x0000, 0x0000, 0xB481,
    0xFE61, 0xF600, 0xFE20, 0xFE00, 0xF600, 0xF600, 0xF620, 0xF620, 0xF620, 0xF620, 0xF620, 0xF620,
    0xF620, 0xF600, 0xF600, 0xF600, 0xF620, 0xF620, 0xF620, 0xF620, 0xF620, 0xF620, 0xF621, 0xF620,
    0xF621, 0xF620, 0xF620, 0xF620, 0xF620, 0xF620, 0xF620, 0xF621, 0xF621, 0xF620, 0xF620, 0xF620,
    0xFE40, 0xEDC1, 0x5A20, 0x0000, 0x0000, 0x0000, 0x0000, 0x0000, 0x0000, 0x0000, 0x0000, 0x0000,
    0x0000, 0x0000, 0x0000, 0x0000, 0x0000, 0x0000, 0x0000, 0x0000, 0x0000, 0x0000, 0x0000, 0x0000,
    0x0000, 0x0000, 0x0000, 0x0000, 0x0000, 0x0000, 0x0000, 0x0000, 0x0000, 0x0000, 0x0000, 0x0000,
    0x0000, 0x0000, 0x0000, 0x0000, 0x0000, 0x0000, 0x0000, 0x0000, 0x0000, 0x0000, 0x0000, 0x0000,
    0x0000, 0x0000, 0x0000, 0x0000, 0x0000, 0x0000, 0x0000, 0x0000, 0x0000, 0x0000, 0x0000, 0x0000,
    0x0000, 0x0000, 0x8B80, 0xFE41, 0xFE00, 0xFE20, 0xFE20, 0xFE20, 0xFE20, 0xF620, 0xF620, 0xF620,
    0xF620, 0xF620, 0xF620, 0xF620, 0xF620, 0xF620, 0xF600, 0xF600, 0xF620, 0xF620, 0xF620, 0xF620,
    0xF620, 0xF620, 0xF620, 0xF620, 0xF621, 0xF621, 0xF620, 0xF620, 0xF620, 0xFE21, 0xF621, 0xF620,
    0xF620, 0xF621, 0xF621, 0xF620, 0xF620, 0xFE61, 0xD561, 0x3960, 0x0000, 0x0000, 0x0000, 0x0000,
    0x0000, 0x0000, 0x0000, 0x0000, 0x0000, 0x0000, 0x0000, 0x0000, 0x0000, 0x0000, 0x0000, 0x0000,
    0x0000, 0x0000, 0x0000, 0x0000, 0x0000, 0x0000, 0x0000, 0x0000, 0x0000, 0x0000, 0x0000, 0x0000,
    0x0000, 0x0000, 0x0000, 0x0000, 0x0000, 0x0000, 0x0000, 0x0000, 0x0000, 0x0000, 0x0000, 0x0000,
    0x0000, 0x0000, 0x0000, 0x0000, 0x0000, 0x0000, 0x0000, 0x0000, 0x0000, 0x0000, 0x0000, 0x0000,
    0x0000, 0x0000, 0x0000, 0x0000, 0x0000, 0x51E0, 0xEDE1, 0xFE40, 0xF600, 0xFE21, 0xFE20, 0xFE20,
    0xFE21, 0xF620, 0xF620, 0xF620, 0xF600, 0xF620, 0xF620, 0xF620, 0xF620, 0xF600, 0xF600, 0xF600,
    0xF620, 0xF620, 0xF620, 0xF620, 0xF620, 0xF620, 0xF620, 0xFE20, 0xFE20, 0xF620, 0xF620, 0xF621,
    0xF621, 0xFE21, 0xF620, 0xF620, 0xF620, 0xF620, 0xF620, 0xF620, 0xF620, 0xF620, 0xFE81, 0xAC20,
    0x0000, 0x0000, 0x0000, 0x0000, 0x0000, 0x0000, 0x0000, 0x0000, 0x0000, 0x0000, 0x0000, 0x0000,
    0x0000, 0x0000, 0x0000, 0x0000, 0x0000, 0x0000, 0x0000, 0x0000, 0x0000, 0x0000, 0x0000, 0x0000,
    0x0000, 0x0000, 0x0000, 0x0000, 0x0000, 0x0000, 0x0000, 0x0000, 0x0000, 0x0000, 0x0000, 0x0000,
    0x0000, 0x0000, 0x0000, 0x0000, 0x0000, 0x0000, 0x0000, 0x0000, 0x0000, 0x0000, 0x0000, 0x0000,
    0x0000, 0x0000, 0x0000, 0x0000, 0x0000, 0x0000, 0x0000, 0x0000, 0x0000, 0xBCA0, 0xFE40, 0xF600,
    0xF620, 0xF620, 0xFE20, 0xFE20, 0xF621, 0xF620, 0xF620, 0xF620, 0xF620, 0xF620, 0xF620, 0xF620,
    0xF620, 0xF620, 0xF621, 0xF621, 0xFE20, 0xF620, 0xF620, 0xF620, 0xF620, 0xF620, 0xF620, 0xF620,
    0xF620, 0xF620, 0xF620, 0xF620, 0xF620, 0xF620, 0xF620, 0xF620, 0xFE20, 0xFE20, 0xF620, 0xF620,
    0xF620, 0xF620, 0xFE40, 0xF621, 0x6260, 0x0000, 0x0000, 0x0000, 0x0000, 0x0000, 0x0000, 0x0000,
    0x0000, 0x0000, 0x0000, 0x0000, 0x0000, 0x0000, 0x0000, 0x0000, 0x0000, 0x0000, 0x0000, 0x0000,
    0x0000, 0x0000, 0x0000, 0x0000, 0x0000, 0x0000, 0x0000, 0x0000, 0x0000, 0x0000, 0x0000, 0x0000,
    0x0000, 0x0000, 0x0000, 0x0000, 0x0000, 0x0000, 0x0000, 0x0000, 0x0000, 0x0000, 0x0000, 0x0000,
    0x0000, 0x0000, 0x0000, 0x0000, 0x0000, 0x0000, 0x0000, 0x0000, 0x0000, 0x0000, 0x0000, 0x0000,
    0x72C0, 0xF601, 0xFE20, 0xF600, 0xF621, 0xFE21, 0xFE21, 0xF621, 0xF620, 0xF621, 0xF620, 0xF621,
    0xF620, 0xF620, 0xF620, 0xF620, 0xF620, 0xF620, 0xF620, 0xF621, 0xFE21, 0xF620, 0xF620, 0xF620,
    0xFE21, 0xF620, 0xF620, 0xF620, 0xF620, 0xF620, 0xF620, 0xF620, 0xF620, 0xF620, 0xF620, 0xF620,
    0xFE20, 0xF620, 0xF620, 0xF600, 0xF620, 0xF620, 0xF620, 0xFE61, 0xC4E1, 0x0000, 0x0000, 0x0000,
    0x0000, 0x0000, 0x0000, 0x0000, 0x0000, 0x0000, 0x0000, 0x0000, 0x0000, 0x0000, 0x0000, 0x0000,
    0x0000, 0x0000, 0x0000, 0x0000, 0x0000, 0x0000, 0x0000, 0x0000, 0x0000, 0x0000, 0x0000, 0x0000,
    0x0000, 0x0000, 0x0000, 0x0000, 0x0000, 0x0000, 0x0000, 0x0000, 0x0000, 0x0000, 0x0000, 0x0000,
    0x0000, 0x0000, 0x0000, 0x0000, 0x0000, 0x0000, 0x0000, 0x0000, 0x0000, 0x0000, 0x0000, 0x0000,
    0x0000, 0x0000, 0x0000, 0x0000, 0xBCC1, 0xFE40, 0xF600, 0xF620, 0xFE20, 0xF620, 0xF601, 0xF620,
    0xF620, 0xF620, 0xF620, 0xF620, 0xF620, 0xF620, 0xF620, 0xF621, 0xF621, 0xFE20, 0xF620, 0xF620,
    0xF620, 0xF620, 0xF620, 0xF621, 0xFE21, 0xF620, 0xF620, 0xF621, 0xF620, 0xF620, 0xF620, 0xF620,
    0xF620, 0xF621, 0xF620, 0xF620, 0xF620, 0xF620, 0xFE20, 0xF620, 0xF620, 0xF620, 0xF620, 0xFE40,
    0xFE41, 0x6260, 0x0000, 0x0000, 0x0000, 0x0000, 0x0000, 0x0000, 0x0000, 0x0000, 0x0000, 0x0000,
    0x0000, 0x0000, 0x0000, 0x0000, 0x0000, 0x0000, 0x0000, 0x0000, 0x0000, 0x0000, 0x0000, 0x0000,
    0x0000, 0x0000, 0x0000, 0x0000, 0x0000, 0x0000, 0x0000, 0x0000, 0x0000, 0x0000, 0x0000, 0x0000,
    0x0000, 0x0000, 0x0000, 0x0000, 0x0000, 0x0000, 0x0000, 0x0000, 0x0000, 0x0000, 0x0000, 0x0000,
    0x0000, 0x0000, 0x0000, 0x0000, 0x0000, 0x0000, 0x0000, 0x6A80, 0xEE01, 0xFE20, 0xF600, 0xF621,
    0xFE21, 0xF620, 0xF620, 0xF620, 0xF620, 0xFE20, 0xF620, 0xF620, 0xF620, 0xF620, 0xF620, 0xF620,
    0xF621, 0xFE21, 0xFE20, 0xF620, 0xF620, 0xF620, 0xF620, 0xF621, 0xF620, 0xF620, 0xFE20, 0xF620,
    0xF620, 0xF620, 0xF620, 0xF620, 0xF620, 0xF620, 0xF620, 0xF620, 0xF620, 0xF621, 0xFE21, 0xF620,
    0xF620, 0xF620, 0xF621, 0xF620, 0xFE61, 0xBCA0, 0x0000, 0x0000, 0x0000, 0x0000, 0x0000, 0x0000,
    0x0000, 0x0000, 0x0000, 0x0000, 0x0000, 0x0000, 0x0000, 0x0000, 0x0000, 0x0000, 0x0000, 0x0000,
    0x0000, 0x0000, 0x0000, 0x0000, 0x0000, 0x0000, 0x0000, 0x0000, 0x0000, 0x0000, 0x0000, 0x0000,
    0x0000, 0x0000, 0x0000, 0x0000, 0x0000, 0x0000, 0x0000, 0x0000, 0x0000, 0x0000, 0x0000, 0x0000,
    0x0000, 0x0000, 0x0000, 0x0000, 0x0000, 0x0000, 0x0000, 0x0000, 0x0000, 0x0000, 0x0000, 0xAC40,
    0xFE40, 0xF600, 0xF620, 0xF620, 0xFE21, 0xF620, 0xF620, 0xF620, 0xF620, 0xF621, 0xF620, 0xF620,
    0xF620, 0xF620, 0xF620, 0xF621, 0xFE21, 0xFE21, 0xFE21, 0xF621, 0xF620, 0xF620, 0xF620, 0xF620,
    0xF620, 0xF620, 0xF621, 0xF621, 0xF621, 0xF620, 0xF620, 0xF621, 0xF620, 0xF620, 0xF620, 0xF620,
    0xF621, 0xF621, 0xF621, 0xF620, 0xF620, 0xF620, 0xF621, 0xF620, 0xFE40, 0xEE01, 0x41A0, 0x0000,
    0x0000, 0x0000, 0x0000, 0x0000, 0x0000, 0x0000, 0x0000, 0x0000, 0x0000, 0x0000, 0x0000, 0x0000,
    0x0000, 0x0000, 0x0000, 0x0000, 0x0000, 0x0000, 0x0000, 0x0000, 0x0000, 0x0000, 0x0000, 0x0000,
    0x0000, 0x0000, 0x0000, 0x0000, 0x0000, 0x0000, 0x0000, 0x0000, 0x0000, 0x0000, 0x0000, 0x0000,
    0x0000, 0x0000, 0x0000, 0x0000, 0x0000, 0x0000, 0x0000, 0x0000, 0x0000, 0x0000, 0x0000, 0x0000,
    0x0000, 0x0000, 0x0000, 0xCD21, 0xFE60, 0xF600, 0xF621, 0xFE20, 0xFE20, 0xF621, 0xF620, 0xF621,
    0xF620, 0xF620, 0xF620, 0xF621, 0xF620, 0xF620, 0xF620, 0xFE21, 0xFE21, 0xFE21, 0xF621, 0xF621,
    0xF620, 0xF620, 0xF620, 0xF620, 0xF620, 0xF620, 0xF620, 0xF620, 0xF620, 0xFE20, 0xFE20, 0xF620,
    0xF620, 0xF620, 0xF620, 0xF620, 0xFE21, 0xFE21, 0xF620, 0xF620, 0xF620, 0xF620, 0xF620, 0xF620,
    0xF620, 0xFE81, 0x7AE0, 0x0000, 0x0000, 0x0000, 0x0000, 0x0000, 0x0000, 0x0000, 0x0000, 0x0000,
    0x0000, 0x0000, 0x0000, 0x0000, 0x0000, 0x0000, 0x0000, 0x0000, 0x0000, 0x0000, 0x0000, 0x0000,
    0x0000, 0x0000, 0x0000, 0x0000, 0x0000, 0x0000, 0x0000, 0x0000, 0x0000, 0x0000, 0x0000, 0x0000,
    0x0000, 0x0000, 0x0000, 0x0000, 0x0000, 0x0000, 0x0000, 0x0000, 0x0000, 0x0000, 0x0000, 0x0000,
    0x0000, 0x0000, 0x0000, 0x0000, 0x0000, 0x0000, 0x6260, 0xEDC1, 0xFE40, 0xFE21, 0xFE21, 0xFE21,
    0xFE21, 0xF620, 0xF621, 0xF621, 0xF620, 0xF620, 0xF620, 0xF620, 0xF620, 0xF620, 0xF620, 0xFE21,
    0xF621, 0xF620, 0xF620, 0xF620, 0xF620, 0xFE20, 0xFE20, 0xF620, 0xF620, 0xF600, 0xF620, 0xF620,
    0xFE21, 0xFE20, 0xFE21, 0xF621, 0xF620, 0xF620, 0xF620, 0xF620, 0xFE21, 0xF620, 0xF620, 0xF620,
    0xF620, 0xF620, 0xF620, 0xF620, 0xF620, 0xFE61, 0xB461, 0x0000, 0x0000, 0x0000, 0x0000, 0x0000,
    0x0000, 0x0000, 0x0000, 0x0000, 0x0000, 0x0000, 0x0000, 0x0000, 0x0000, 0x0000, 0x0000, 0x0000,
    0x0000, 0x0000, 0x0000, 0x0000, 0x0000, 0x0000, 0x0000, 0x0000, 0x0000, 0x0000, 0x0000, 0x0000,
    0x0000, 0x0000, 0x0000, 0x0000, 0x0000, 0x0000, 0x0000, 0x0000, 0x0000, 0x0000, 0x0000, 0x0000,
    0x0000, 0x0000, 0x0000, 0x0000, 0x0000, 0x0000, 0x0000, 0x0000, 0x0000, 0x0000, 0x93A0, 0xFE21,
    0xFE20, 0xFE21, 0xFE21, 0xFE21, 0xFE21, 0xF620, 0xF620, 0xF620, 0xF620, 0xF620, 0xF620, 0xF620,
    0xF620, 0xF620, 0xF620, 0xFE21, 0xF621, 0xF620, 0xF620, 0xF620, 0xF620, 0xF620, 0xF620, 0xF620,
    0xF620, 0xF620, 0xF620, 0xFE21, 0xFE21, 0xFE20, 0xFE20, 0xF621, 0xF620, 0xF620, 0xF620, 0xF620,
    0xF621, 0xF620, 0xF620, 0xFE20, 0xF621, 0xF620, 0xF620, 0xF620, 0xF600, 0xFE40, 0xE580, 0x0000,
    0x0000, 0x0000, 0x0000, 0x0000, 0x0000, 0x0000, 0x0000, 0x0000, 0x0000, 0x0000, 0x0000, 0x0000,
    0x0000, 0x0000, 0x0000, 0x0000, 0x0000, 0x0000, 0x0000, 0x0000, 0x0000, 0x0000, 0x0000, 0x0000,
    0x0000, 0x0000, 0x0000, 0x0000, 0x0000, 0x0000, 0x0000, 0x0000, 0x0000, 0x0000, 0x0000, 0x0000,
    0x0000, 0x0000, 0x0000, 0x0000, 0x0000, 0x0000, 0x0000, 0x0000, 0x0000, 0x0000, 0x0000, 0x0000,
    0x0000, 0x0000, 0xB481, 0xFE61, 0xF600, 0xF620, 0xF621, 0xF620, 0xF620, 0xF621, 0xF620, 0xF620,
    0xF620, 0xF620, 0xF620, 0xF620, 0xF621, 0xF620, 0xF620, 0xFE21, 0xFE21, 0xF620, 0xF620, 0xF620,
    0xF620, 0xF620, 0xF620, 0xF621, 0xF600, 0xF620, 0xF620, 0xF600, 0xF620, 0xFE00, 0xFE21, 0xF621,
    0xF620, 0xF620, 0xF620, 0xF620, 0xF620, 0xF620, 0xF620, 0xFE20, 0xF620, 0xF620, 0xF620, 0xF621,
    0xF621, 0xFE20, 0xFE41, 0x49E0, 0x0000, 0x0000, 0x0000, 0x0000, 0x0000, 0x0000, 0x0000, 0x0000,
    0x0000, 0x0000, 0x0000, 0x0000, 0x0000, 0x0000, 0x0000, 0x0000, 0x0000, 0x0000, 0x0000, 0x0000,
    0x0000, 0x0000, 0x0000, 0x0000, 0x0000, 0x0000, 0x0000, 0x0000, 0x0000, 0x0000, 0x0000, 0x0000,
    0x0000, 0x0000, 0x0000, 0x0000, 0x0000, 0x0000, 0x0000, 0x0000, 0x0000, 0x0000, 0x0000, 0x0000,
    0x0000, 0x0000, 0x0000, 0x0000, 0x0000, 0x0000, 0xBCE1, 0xFE60, 0xF600, 0xF621, 0xF620, 0xF620,
    0xF620, 0xF620, 0xF621, 0xF620, 0xF620, 0xF620, 0xF620, 0xF620, 0xF621, 0xF620, 0xF620, 0xF621,
    0xF621, 0xF620, 0xF620, 0xF620, 0xF620, 0xF620, 0xF620, 0xF620, 0xF620, 0xF620, 0xF620, 0xF600,
    0xF620, 0xFE20, 0xFE20, 0xF620, 0xF620, 0xF620, 0xF620, 0xF620, 0xF620, 0xF620, 0xF620, 0xF620,
    0xF620, 0xF620, 0xF620, 0xF621, 0xF621, 0xF620, 0xFE61, 0x6260, 0x0000, 0x0000, 0x0000, 0x0000,
    0x0000, 0x0000, 0x0000, 0x0000, 0x0000, 0x0000, 0x0000, 0x0000, 0x0000, 0x0000, 0x0000, 0x0000,
    0x0000, 0x0000, 0x0000, 0x0000, 0x0000, 0x0000, 0x0000, 0x0000, 0x0000, 0x3980, 0x72C0, 0x72E0,
    0x72E0, 0x72E0, 0x72E0, 0x72E0, 0x72E0, 0x72E0, 0x72E0, 0x72E0, 0x72E0, 0x72E0, 0x72E0, 0x72E0,
    0x72C0, 0x6260, 0x0000, 0x0000, 0x0000, 0x0000, 0x0000, 0x0000, 0x0000, 0x0000, 0xC501, 0xFE40,
    0xF600, 0xF620, 0xF621, 0xF620, 0xF620, 0xF621, 0xF620, 0xF620, 0xF620, 0xF620, 0xF620, 0xF620,
    0xF621, 0xF620, 0xF620, 0xF620, 0xF620, 0xF620, 0xF620, 0xF620, 0xF620, 0xF620, 0xF620, 0xF621,
    0xF620, 0xF620, 0xF620, 0xF600, 0xF620, 0xFE21, 0xF620, 0xF620, 0xF620, 0xF621, 0xF620, 0xF620,
    0xF620, 0xF620, 0xF620, 0xF621, 0xF620, 0xF620, 0xF620, 0xF621, 0xF621, 0xF620, 0xFE40, 0x7AE0,
    0x0000, 0x0000, 0x0000, 0x0000, 0x0000, 0x0000, 0x0000, 0x41C0, 0x72E0, 0x72E0, 0x72C0, 0x72C0,
    0x72C0, 0x72E0, 0x72E0, 0x72E0, 0x72E0, 0x72E0, 0x72E0, 0x72C0, 0x72C0, 0x72C0, 0x4180, 0x0000,
    0x6A80, 0xEDC1, 0xFE81, 0xFE80, 0xFE61, 0xFE60, 0xFE60, 0xFE61, 0xFE61, 0xFE61, 0xFE61, 0xFE61,
    0xFE61, 0xFE61, 0xFE61, 0xFE60, 0xFE60, 0xFE61, 0xAC41, 0x0000, 0x0000, 0x0000, 0x0000, 0x0000,
    0x0000, 0x3960, 0xCD20, 0xFE20, 0xF600, 0xF620, 0xF620, 0xF620, 0xF620, 0xF620, 0xF620, 0xF620,
    0xF620, 0xF621, 0xF620, 0xF620, 0xF621, 0xF620, 0xF620, 0xF620, 0xF620, 0xF620, 0xF620, 0xF620,
    0xF620, 0xF620, 0xF620, 0xF620, 0xF620, 0xF620, 0xF620, 0xF620, 0xF620, 0xF620, 0xF620, 0xF621,
    0xF620, 0xF620, 0xF620, 0xF620, 0xF620, 0xF620, 0xF620, 0xF620, 0xF620, 0xF620, 0xF620, 0xF620,
    0xF620, 0xF620, 0xFE21, 0x8B60, 0x0000, 0x0000, 0x0000, 0x0000, 0x0000, 0x0000, 0x5A40, 0xEDE2,
    0xFE81, 0xFE61, 0xFE60, 0xFE60, 0xFE60, 0xFE60, 0xFE60, 0xFE40, 0xFE60, 0xFE60, 0xFE60, 0xFE60,
    0xFE60, 0xFE80, 0xEDE1, 0x72C0, 0xF5E0, 0xFE20, 0xF600, 0xF620, 0xF600, 0xF600, 0xF600, 0xF601,
    0xF601, 0xF601, 0xF600, 0xF600, 0xF601, 0xF601, 0xF620, 0xF600, 0xF600, 0xFE20, 0xF621, 0x5A40,
    0x0000, 0x0000, 0x0000, 0x0000, 0x0000, 0x41A0, 0xD520, 0xFE20, 0xF600, 0xF620, 0xF620, 0xF620,
    0xF620, 0xF620, 0xF620, 0xF620, 0xF621, 0xF600, 0xF620, 0xF620, 0xF621, 0xF620, 0xF620, 0xF620,
    0xF600, 0xF600, 0xF620, 0xF620, 0xF620, 0xF620, 0xF620, 0xF620, 0xF620, 0xF620, 0xF620, 0xF620,
    0xF620, 0xF620, 0xF620, 0xF620, 0xF620, 0xF620, 0xF620, 0xF620, 0xF620, 0xF620, 0xF620, 0xF620,
    0xF620, 0xF620, 0xF620, 0xF620, 0xF620, 0xF600, 0xF621, 0x9380, 0x0000, 0x0000, 0x0000, 0x0000,
    0x0000, 0x0000, 0xC4C0, 0xFE60, 0xF600, 0xF600, 0xF620, 0xF600, 0xF600, 0xF600, 0xF5E0, 0xF5E0,
    0xF600, 0xF600, 0xF600, 0xF601, 0xF600, 0xF620, 0xFE40, 0xF600, 0xE580, 0xFE60, 0xFE21, 0xF621,
    0xF621, 0xF601, 0xF601, 0xF601, 0xF621, 0xFE21, 0xF621, 0xF621, 0xF621, 0xF621, 0xFE20, 0xFE21,
    0xFE21, 0xFE40, 0xF601, 0x51E0, 0x0000, 0x0000, 0x0000, 0x0000, 0x0000, 0x49C0, 0xD540, 0xFE20,
    0xF600, 0xF620, 0xF621, 0xF621, 0xF620, 0xF620, 0xF620, 0xF620, 0xF620, 0xF620, 0xF620, 0xF620,
    0xF621, 0xF620, 0xF620, 0xF620, 0xF620, 0xF620, 0xF620, 0xF620, 0xF620, 0xF620, 0xF620, 0xF620,
    0xF620, 0xF620, 0xF620, 0xF621, 0xF620, 0xF620, 0xF620, 0xF620, 0xF620, 0xF620, 0xF620, 0xF620,
    0xF620, 0xF620, 0xF620, 0xF620, 0xF620, 0xF620, 0xF620, 0xF620, 0xF600, 0xF600, 0xFE20, 0x9380,
    0x0000, 0x0000, 0x0000, 0x0000, 0x0000, 0x0000, 0xB4A0, 0xFE60, 0xF600, 0xFE21, 0xFE21, 0xFE21,
    0xF621, 0xF601, 0xF600, 0xF600, 0xF620, 0xF620, 0xF600, 0xFE01, 0xFE20, 0xFE20, 0xFE40, 0xE580,
    0x49C0, 0xDD61, 0xFE81, 0xFE61, 0xFE41, 0xFE41, 0xFE41, 0xFE41, 0xFE41, 0xFE41, 0xFE41, 0xFE61,
    0xFE41, 0xFE41, 0xFE61, 0xFE61, 0xFE61, 0xFE61, 0x93A1, 0x0000, 0x0000, 0x0000, 0x0000, 0x0000,
    0x0000, 0x4180, 0xD540, 0xFE40, 0xF620, 0xF621, 0xF620, 0xF620, 0xF620, 0xF620, 0xF621, 0xF620,
    0xF620, 0xF620, 0xFE20, 0xFE21, 0xF621, 0xF620, 0xF620, 0xF620, 0xF620, 0xF620, 0xF620, 0xF620,
    0xF620, 0xF620, 0xF600, 0xF620, 0xF620, 0xFE21, 0xFE20, 0xF620, 0xF620, 0xF620, 0xF620, 0xF621,
    0xF620, 0xF620, 0xF620, 0xF620, 0xF620, 0xF620, 0xF620, 0xF621, 0xF620, 0xF620, 0xF620, 0xF620,
    0xF600, 0xF600, 0xFE40, 0x8B40, 0x0000, 0x0000, 0x0000, 0x0000, 0x0000, 0x0000, 0x49C0, 0xDD81,
    0xFE61, 0xFE41, 0xFE41, 0xFE41, 0xFE41, 0xFE41, 0xFE41, 0xFE41, 0xFE41, 0xFE41, 0xFE41, 0xFE41,
    0xFE41, 0xFE61, 0xDD81, 0x51E0, 0x0000, 0x0000, 0x5200, 0x5220, 0x5200, 0x5200, 0x5200, 0x5200,
    0x5220, 0x5220, 0x5A20, 0x5220, 0x5200, 0x5200, 0x5200, 0x5200, 0x5220, 0x49C0, 0x0000, 0x0000,
    0x0000, 0x0000, 0x0000, 0x0000, 0x0000, 0x0000, 0xCD00, 0xFE40, 0xF621, 0xFE21, 0xFE20, 0xFE20,
    0xF620, 0xF621, 0xF620, 0xF620, 0xF620, 0xFE20, 0xF621, 0xFE21, 0xF621, 0xF600, 0xF620, 0xF620,
    0xF620, 0xF600, 0xF620, 0xF620, 0xF620, 0xF620, 0xF600, 0xF620, 0xF620, 0xF620, 0xFE20, 0xF620,
    0xFE21, 0xF620, 0xF620, 0xF620, 0xF620, 0xF621, 0xF620, 0xF620, 0xF620, 0xF620, 0xF620, 0xF620,
    0xF620, 0xF620, 0xF620, 0xF620, 0xF620, 0xF620, 0xFE40, 0x7B00, 0x0000, 0x0000, 0x0000, 0x0000,
    0x0000, 0x0000, 0x0000, 0x0000, 0x5200, 0x5200, 0x5200, 0x5200, 0x5200, 0x51E0, 0x51E0, 0x5200,
    0x5200, 0x5200, 0x5200, 0x5220, 0x5200, 0x5200, 0x0000, 0x0000, 0x0000, 0x0000, 0x0000, 0x0000,
    0x0000, 0x0000, 0x0000, 0x0000, 0x0000, 0x0000, 0x0000, 0x0000, 0x0000, 0x0000, 0x0000, 0x0000,
    0x0000, 0x0000, 0x0000, 0x0000, 0x0000, 0x0000, 0x0000, 0x0000, 0x0000, 0x0000, 0xC4E0, 0xFE40,
    0xF600, 0xF620, 0xFE21, 0xF620, 0xF620, 0xF620, 0xF620, 0xF621, 0xF620, 0xF620, 0xF620, 0xF620,
    0xF620, 0xF600, 0xF620, 0xF620, 0xF620, 0xF620, 0xF620, 0xF620, 0xF620, 0xF620, 0xF620, 0xF620,
    0xF620, 0xF620, 0xF620, 0xF620, 0xF620, 0xF621, 0xF621, 0xF620, 0xF620, 0xF621, 0xF620, 0xF620,
    0xF620, 0xF620, 0xF620, 0xF620, 0xF620, 0xF620, 0xF620, 0xF620, 0xF621, 0xF620, 0xFE40, 0x6A80,
    0x0000, 0x0000, 0x0000, 0x0000, 0x0000, 0x0000, 0x0000, 0x0000, 0x0000, 0x0000, 0x0000, 0x0000,
    0x0000, 0x0000, 0x0000, 0x0000, 0x0000, 0x0000, 0x0000, 0x0000, 0x0000, 0x0000, 0x0000, 0x0000,
    0x0000, 0x0000, 0x0000, 0x0000, 0x0000, 0x0000, 0x0000, 0x0000, 0x0000, 0x0000, 0x0000, 0x0000,
    0x0000, 0x0000, 0x0000, 0x0000, 0x0000, 0x0000, 0x0000, 0x0000, 0x0000, 0x0000, 0x0000, 0x0000,
    0x0000, 0x0000, 0xBCA0, 0xFE60, 0xF600, 0xF620, 0xFE21, 0xF620, 0xFE20, 0xF620, 0xF620, 0xF620,
    0xF620, 0xF621, 0xF620, 0xF621, 0xF620, 0xF620, 0xF620, 0xFE21, 0xFE20, 0xFE20, 0xF620, 0xF620,
    0xF620, 0xF620, 0xF620, 0xF620, 0xFE20, 0xF620, 0xF620, 0xFE20, 0xF620, 0xF620, 0xFE20, 0xFE21,
    0xFE20, 0xF620, 0xF620, 0xF620, 0xF620, 0xF620, 0xF620, 0xF620, 0xF620, 0xF620, 0xF620, 0xF620,
    0xF600, 0xF620, 0xFE40, 0x51E0, 0x0000, 0x0000, 0x0000, 0x0000, 0x0000, 0x0000, 0x0000, 0x0000,
    0x0000, 0x0000, 0x0000, 0x0000, 0x0000, 0x0000, 0x0000, 0x0000, 0x0000, 0x0000, 0x0000, 0x0000,
    0x0000, 0x0000, 0x0000, 0x0000, 0x0000, 0x0000, 0x0000, 0x0000, 0x0000, 0x0000, 0x0000, 0x0000,
    0x0000, 0x0000, 0x0000, 0x0000, 0x0000, 0x0000, 0x0000, 0x0000, 0x0000, 0x0000, 0x0000, 0x0000,
    0x0000, 0x0000, 0x0000, 0x0000, 0x0000, 0x0000, 0x9BC0, 0xFE40, 0xFE20, 0xFE21, 0xF621, 0xFE21,
    0xFE21, 0xF620, 0xF620, 0xF620, 0xF621, 0xF621, 0xF620, 0xF620, 0xF620, 0xF620, 0xF620, 0xF621,
    0xFE20, 0xFE20, 0xF620, 0xF620, 0xF620, 0xF620, 0xF620, 0xF620, 0xF621, 0xF620, 0xF620, 0xF621,
    0xF621, 0xFE21, 0xFE21, 0xF621, 0xF620, 0xF620, 0xF620, 0xF620, 0xF620, 0xF621, 0xF600, 0xF620,
    0xFE21, 0xFE20, 0xF620, 0xF600, 0xF600, 0xFE20, 0xE5A1, 0x3960, 0x0000, 0x0000, 0x0000, 0x0000,
    0x0000, 0x0000, 0x0000, 0x0000, 0x0000, 0x0000, 0x0000, 0x0000, 0x0000, 0x0000, 0x0000, 0x0000,
    0x0000, 0x0000, 0x0000, 0x0000, 0x0000, 0x0000, 0x0000, 0x0000, 0x0000, 0x0000, 0x0000, 0x0000,
    0x0000, 0x0000, 0x0000, 0x0000, 0x0000, 0x0000, 0x0000, 0x0000, 0x0000, 0x0000, 0x0000, 0x0000,
    0x0000, 0x0000, 0x0000, 0x0000, 0x0000, 0x0000, 0x0000, 0x0000, 0x0000, 0x0000, 0x6260, 0xEDC0,
    0xFE40, 0xFE20, 0xFE21, 0xF620, 0xF621, 0xF620, 0xF620, 0xF620, 0xF620, 0xF620, 0xF620, 0xF620,
    0xF620, 0xF620, 0xF621, 0xF621, 0xF621, 0xFE20, 0xFE20, 0xFE20, 0xF620, 0xF620, 0xF620, 0xF620,
    0xF620, 0xF600, 0xF620, 0xF620, 0xF621, 0xFE20, 0xF600, 0xF620, 0xF620, 0xF620, 0xFE20, 0xFE21,
    0xF620, 0xF620, 0xF600, 0xF620, 0xF621, 0xFE20, 0xF620, 0xF600, 0xF600, 0xFE40, 0xBC60, 0x0000,
    0x0000, 0x0000, 0x0000, 0x0000, 0x0000, 0x0000, 0x0000, 0x0000, 0x0000, 0x0000, 0x0000, 0x0000,
    0x0000, 0x0000, 0x0000, 0x0000, 0x0000, 0x0000, 0x0000, 0x0000, 0x0000, 0x0000, 0x0000, 0x0000,
    0x0000, 0x0000, 0x0000, 0x0000, 0x0000, 0x0000, 0x0000, 0x0000, 0x0000, 0x0000, 0x0000, 0x0000,
    0x0000, 0x0000, 0x0000, 0x0000, 0x0000, 0x0000, 0x0000, 0x0000, 0x0000, 0x0000, 0x0000, 0x0000,
    0x0000, 0x0000, 0x0000, 0xD541, 0xFE60, 0xF600, 0xF620, 0xF620, 0xF621, 0xF621, 0xF620, 0xF620,
    0xF620, 0xF600, 0xF621, 0xF621, 0xF620, 0xFE20, 0xFE20, 0xF621, 0xFE21, 0xF620, 0xF601, 0xF601,
    0xF620, 0xF620, 0xF620, 0xFE20, 0xF620, 0xF600, 0xF600, 0xF620, 0xF620, 0xFE20, 0xF620, 0xF620,
    0xF621, 0xF620, 0xF620, 0xFE20, 0xFE21, 0xFE20, 0xF620, 0xF620, 0xFE20, 0xF620, 0xF620, 0xF600,
    0xF600, 0xFE41, 0x7AE0, 0x0000, 0x0000, 0x0000, 0x0000, 0x0000, 0x0000, 0x0000, 0x0000, 0x0000,
    0x0000, 0x0000, 0x0000, 0x0000, 0x0000, 0x0000, 0x0000, 0x0000, 0x0000, 0x0000, 0x0000, 0x0000,
    0x0000, 0x0000, 0x0000, 0x0000, 0x0000, 0x0000, 0x0000, 0x0000, 0x0000, 0x0000, 0x0000, 0x0000,
    0x0000, 0x0000, 0x0000, 0x0000, 0x0000, 0x0000, 0x0000, 0x0000, 0x0000, 0x0000, 0x0000, 0x0000,
    0x0000, 0x0000, 0x0000, 0x0000, 0x0000, 0x0000, 0x0000, 0xAC41, 0xFE60, 0xF620, 0xF620, 0xFE20,
    0xFE21, 0xFE21, 0xF620, 0xF620, 0xF600, 0xF620, 0xF620, 0xF620, 0xF620, 0xFE20, 0xF620, 0xF620,
    0xF620, 0xF620, 0xF600, 0xF620, 0xFE20, 0xF620, 0xF620, 0xFE21, 0xFE21, 0xF601, 0xF600, 0xF620,
    0xFE20, 0xF620, 0xF621, 0xF621, 0xF620, 0xF620, 0xF621, 0xF620, 0xF620, 0xF620, 0xF620, 0xF620,
    0xFE20, 0xF620, 0xF621, 0xF600, 0xFE20, 0xEDE1, 0x41A0, 0x0000, 0x0000, 0x0000, 0x0000, 0x0000,
    0x0000, 0x0000, 0x0000, 0x0000, 0x0000, 0x0000, 0x0000, 0x0000, 0x0000, 0x0000, 0x0000, 0x0000,
    0x0000, 0x0000, 0x0000, 0x0000, 0x0000, 0x0000, 0x0000, 0x0000, 0x0000, 0x0000, 0x0000, 0x0000,
    0x0000, 0x0000, 0x0000, 0x0000, 0x0000, 0x0000, 0x0000, 0x0000, 0x0000, 0x0000, 0x0000, 0x0000,
    0x0000, 0x0000, 0x0000, 0x0000, 0x0000, 0x0000, 0x0000, 0x0000, 0x0000, 0x0000, 0x0000, 0x6260,
    0xEE01, 0xFE20, 0xF620, 0xFE20, 0xFE20, 0xFE21, 0xFE20, 0xF620, 0xF620, 0xF620, 0xF620, 0xF620,
    0xF620, 0xF620, 0xF620, 0xF620, 0xF620, 0xF620, 0xF620, 0xF620, 0xFE21, 0xFE20, 0xF620, 0xF620,
    0xF621, 0xF600, 0xFE00, 0xF620, 0xF620, 0xF621, 0xF620, 0xF621, 0xF620, 0xF620, 0xF620, 0xF620,
    0xF620, 0xF621, 0xF621, 0xF620, 0xF620, 0xF620, 0xF601, 0xF600, 0xFE61, 0xBC81, 0x0000, 0x0000,
    0x0000, 0x0000, 0x0000, 0x0000, 0x0000, 0x0000, 0x0000, 0x0000, 0x0000, 0x0000, 0x0000, 0x0000,
    0x0000, 0x0000, 0x0000, 0x0000, 0x0000, 0x0000, 0x0000, 0x0000, 0x0000, 0x0000, 0x0000, 0x0000,
    0x0000, 0x0000, 0x0000, 0x0000, 0x0000, 0x0000, 0x0000, 0x0000, 0x0000, 0x0000, 0x0000, 0x0000,
    0x0000, 0x0000, 0x0000, 0x0000, 0x0000, 0x0000, 0x0000, 0x0000, 0x0000, 0x0000, 0x0000, 0x0000,
    0x0000, 0x0000, 0x0000, 0x0000, 0xC4E0, 0xFE40, 0xF600, 0xF620, 0xF620, 0xF620, 0xFE21, 0xF620,
    0xF620, 0xF620, 0xF620, 0xF620, 0xF620, 0xF620, 0xF620, 0xF620, 0xF620, 0xF620, 0xFE20, 0xFE21,
    0xFE21, 0xFE21, 0xFE20, 0xF620, 0xF620, 0xF600, 0xF600, 0xFE20, 0xFE21, 0xF620, 0xF620, 0xF620,
    0xF620, 0xF620, 0xF621, 0xF620, 0xF621, 0xF621, 0xFE21, 0xF621, 0xF620, 0xF620, 0xF601, 0xF620,
    0xF621, 0x6A80, 0x0000, 0x0000, 0x0000, 0x0000, 0x0000, 0x0000, 0x0000, 0x0000, 0x0000, 0x0000,
    0x0000, 0x0000, 0x0000, 0x0000, 0x0000, 0x0000, 0x0000, 0x0000, 0x0000, 0x0000, 0x0000, 0x0000,
    0x0000, 0x0000, 0x0000, 0x0000, 0x0000, 0x0000, 0x0000, 0x0000, 0x0000, 0x0000, 0x0000, 0x0000,
    0x0000, 0x0000, 0x0000, 0x0000, 0x0000, 0x0000, 0x0000, 0x0000, 0x0000, 0x0000, 0x0000, 0x0000,
    0x0000, 0x0000, 0x0000, 0x0000, 0x0000, 0x0000, 0x0000, 0x0000, 0x72A0, 0xF621, 0xFE20, 0xF600,
    0xF620, 0xF620, 0xFE20, 0xF621, 0xF620, 0xF620, 0xF620, 0xF620, 0xF620, 0xF620, 0xF620, 0xF620,
    0xF620, 0xF620, 0xFE21, 0xF620, 0xF621, 0xFE21, 0xF621, 0xF620, 0xF620, 0xF600, 0xF601, 0xFE21,
    0xFE20, 0xF621, 0xF620, 0xF621, 0xF620, 0xF620, 0xF620, 0xF620, 0xF620, 0xFE20, 0xF620, 0xF621,
    0xF620, 0xF620, 0xF600, 0xFE61, 0xC4C0, 0x0000, 0x0000, 0x0000, 0x0000, 0x0000, 0x0000, 0x0000,
    0x0000, 0x0000, 0x0000, 0x0000, 0x0000, 0x0000, 0x0000, 0x0000, 0x0000, 0x0000, 0x0000, 0x0000,
    0x0000, 0x0000, 0x0000, 0x0000, 0x0000, 0x0000, 0x0000, 0x0000, 0x0000, 0x0000, 0x0000, 0x0000,
    0x0000, 0x0000, 0x0000, 0x0000, 0x0000, 0x0000, 0x0000, 0x0000, 0x0000, 0x0000, 0x0000, 0x0000,
    0x0000, 0x0000, 0x0000, 0x0000, 0x0000, 0x0000, 0x0000, 0x0000, 0x0000, 0x0000, 0x0000, 0x0000,
    0x0000, 0xBC80, 0xFE41, 0xFE00, 0xF620, 0xFE20, 0xFE20, 0xF620, 0xF620, 0xFE21, 0xFE20, 0xF620,
    0xF620, 0xF620, 0xF620, 0xF620, 0xF620, 0xF620, 0xF620, 0xF620, 0xF620, 0xF621, 0xF621, 0xF621,
    0xF620, 0xF620, 0xF621, 0xFE21, 0xF620, 0xF621, 0xF621, 0xF620, 0xF620, 0xF620, 0xFE21, 0xFE20,
    0xFE21, 0xF621, 0xFE21, 0xFE20, 0xF621, 0xF600, 0xFE21, 0xF621, 0x6A80, 0x0000, 0x0000, 0x0000,
    0x0000, 0x0000, 0x0000, 0x0000, 0x0000, 0x0000, 0x0000, 0x0000, 0x0000, 0x0000, 0x0000, 0x0000,
    0x0000, 0x0000, 0x0000, 0x0000, 0x0000, 0x0000, 0x0000, 0x0000, 0x0000, 0x0000, 0x0000, 0x0000,
    0x0000, 0x0000, 0x0000, 0x0000, 0x0000, 0x0000, 0x0000, 0x0000, 0x0000, 0x0000, 0x0000, 0x0000,
    0x0000, 0x0000, 0x0000, 0x0000, 0x0000, 0x0000, 0x0000, 0x0000, 0x0000, 0x0000, 0x0000, 0x0000,
    0x0000, 0x0000, 0x0000, 0x0000, 0x0000, 0x49C0, 0xEDC1, 0xFE20, 0xF600, 0xFE20, 0xFE21, 0xFE21,
    0xFE20, 0xFE20, 0xF620, 0xF620, 0xF620, 0xF620, 0xF620, 0xF620, 0xF620, 0xF620, 0xF621, 0xF620,
    0xF620, 0xF620, 0xF620, 0xF620, 0xF620, 0xF620, 0xFE20, 0xFE20, 0xF620, 0xF620, 0xF620, 0xF620,
    0xF620, 0xF620, 0xFE20, 0xFE20, 0xFE20, 0xF620, 0xFE20, 0xFE20, 0xF600, 0xF620, 0xFE61, 0xAC21,
    0x0000, 0x0000, 0x0000, 0x0000, 0x0000, 0x0000, 0x0000, 0x0000, 0x0000, 0x0000, 0x0000, 0x0000,
    0x0000, 0x0000, 0x0000, 0x0000, 0x0000, 0x0000, 0x0000, 0x0000, 0x0000, 0x0000, 0x0000, 0x0000,
    0x0000, 0x0000, 0x0000, 0x0000, 0x0000, 0x0000, 0x0000, 0x0000, 0x0000, 0x0000, 0x0000, 0x0000,
    0x0000, 0x0000, 0x0000, 0x0000, 0x0000, 0x0000, 0x0000, 0x0000, 0x0000, 0x0000, 0x0000, 0x0000,
    0x0000, 0x0000, 0x0000, 0x0000, 0x0000, 0x0000, 0x0000, 0x0000, 0x0000, 0x0000, 0x8340, 0xFE40,
    0xFE00, 0xFE20, 0xFE21, 0xFE21, 0xFE21, 0xF621, 0xF620, 0xF620, 0xF620, 0xF620, 0xF620, 0xF620,
    0xF621, 0xF621, 0xF620, 0xF620, 0xF620, 0xFE21, 0xF621, 0xF621, 0xF621, 0xFE20, 0xF620, 0xF620,
    0xF620, 0xF620, 0xF620, 0xF620, 0xF620, 0xF620, 0xF620, 0xF620, 0xF620, 0xF620, 0xF620, 0xF620,
    0xFE20, 0xFE61, 0xDD41, 0x3940, 0x0000, 0x0000, 0x0000, 0x0000, 0x0000, 0x0000, 0x0000, 0x0000,
    0x0000, 0x0000, 0x0000, 0x0000, 0x0000, 0x0000, 0x0000, 0x0000, 0x0000, 0x0000, 0x0000, 0x0000,
    0x0000, 0x0000, 0x0000, 0x0000, 0x0000, 0x0000, 0x0000, 0x0000, 0x0000, 0x0000, 0x0000, 0x0000,
    0x0000, 0x0000, 0x0000, 0x0000, 0x0000, 0x0000, 0x0000, 0x0000, 0x0000, 0x0000, 0x0000, 0x0000,
    0x0000, 0x0000, 0x0000, 0x0000, 0x0000, 0x0000, 0x0000, 0x0000, 0x0000, 0x0000, 0x0000, 0x0000,
    0x0000, 0x0000, 0x0000, 0xAC20, 0xFE61, 0xFE00, 0xFE00, 0xFE20, 0xFE21, 0xF621, 0xF620, 0xF620,
    0xF620, 0xF620, 0xF620, 0xFE21, 0xF620, 0xF620, 0xFE20, 0xFE20, 0xF620, 0xFE20, 0xFE20, 0xF620,
    0xFE21, 0xFE20, 0xF620, 0xF620, 0xF621, 0xF621, 0xF620, 0xF620, 0xF620, 0xF620, 0xF620, 0xF620,
    0xFE20, 0xFE20, 0xFE20, 0xF600, 0xFE60, 0xEDE1, 0x5A00, 0x0000, 0x0000, 0x0000, 0x0000, 0x0000,
    0x0000, 0x0000, 0x0000, 0x0000, 0x0000, 0x0000, 0x0000, 0x0000, 0x0000, 0x0000, 0x0000, 0x0000,
    0x0000, 0x0000, 0x0000, 0x0000, 0x0000, 0x0000, 0x0000, 0x0000, 0x0000, 0x0000, 0x0000, 0x0000,
    0x0000, 0x0000, 0x0000, 0x0000, 0x0000, 0x0000, 0x0000, 0x0000, 0x0000, 0x0000, 0x0000, 0x0000,
    0x0000, 0x0000, 0x0000, 0x0000, 0x0000, 0x0000, 0x0000, 0x0000, 0x0000, 0x0000, 0x0000, 0x0000,
    0x0000, 0x0000, 0x0000, 0x0000, 0x0000, 0x0000, 0x0000, 0x0000, 0xBCA0, 0xFE61, 0xFE20, 0xFE20,
    0xFE20, 0xFE21, 0xF621, 0xF620, 0xF620, 0xF620, 0xFE21, 0xFE21, 0xFE20, 0xF620, 0xFE20, 0xF620,
    0xFE20, 0xFE20, 0xF620, 0xFE20, 0xFE21, 0xF621, 0xF620, 0xF620, 0xF620, 0xF620, 0xFE21, 0xF620,
    0xF620, 0xF620, 0xF620, 0xFE20, 0xFE20, 0xFE21, 0xF600, 0xFE40, 0xF601, 0x6A80, 0x0000, 0x0000,
    0x0000, 0x0000, 0x0000, 0x0000, 0x0000, 0x0000, 0x0000, 0x0000, 0x0000, 0x0000, 0x0000, 0x0000,
    0x0000, 0x0000, 0x0000, 0x0000, 0x0000, 0x0000, 0x0000, 0x0000, 0x0000, 0x0000, 0x0000, 0x0000,
    0x0000, 0x0000, 0x0000, 0x0000, 0x0000, 0x0000, 0x0000, 0x0000, 0x0000, 0x0000, 0x0000, 0x0000,
    0x0000, 0x0000, 0x0000, 0x0000, 0x0000, 0x0000, 0x0000, 0x0000, 0x0000, 0x0000, 0x0000, 0x0000,
    0x0000, 0x0000, 0x0000, 0x0000, 0x0000, 0x0000, 0x0000, 0x0000, 0x0000, 0x0000, 0x0000, 0x0000,
    0x0000, 0xBC80, 0xFE60, 0xFE20, 0xFE00, 0xF620, 0xF620, 0xF620, 0xF620, 0xFE21, 0xFE21, 0xF621,
    0xFE21, 0xFE21, 0xF620, 0xF620, 0xFE20, 0xFE21, 0xF620, 0xF620, 0xF620, 0xF620, 0xF620, 0xF620,
    0xF621, 0xFE21, 0xF621, 0xF620, 0xF620, 0xF620, 0xF620, 0xF621, 0xF621, 0xF601, 0xFE40, 0xEDE1,
    0x72A0, 0x0000, 0x0000, 0x0000, 0x0000, 0x0000, 0x0000, 0x0000, 0x0000, 0x0000, 0x0000, 0x0000,
    0x0000, 0x0000, 0x0000, 0x0000, 0x0000, 0x0000, 0x0000, 0x0000, 0x0000, 0x0000, 0x0000, 0x0000,
    0x0000, 0x0000, 0x0000, 0x0000, 0x0000, 0x0000, 0x0000, 0x0000, 0x0000, 0x0000, 0x0000, 0x0000,
    0x0000, 0x0000, 0x0000, 0x0000, 0x0000, 0x0000, 0x0000, 0x0000, 0x0000, 0x0000, 0x0000, 0x0000,
    0x0000, 0x0000, 0x0000, 0x0000, 0x0000, 0x0000, 0x0000, 0x0000, 0x0000, 0x0000, 0x0000, 0x0000,
    0x0000, 0x0000, 0x0000, 0x0000, 0x0000, 0x0000, 0xAC40, 0xFE40, 0xFE20, 0xF600, 0xF620, 0xFE21,
    0xFE21, 0xF620, 0xF620, 0xF621, 0xFE21, 0xFE20, 0xFE21, 0xFE20, 0xFE20, 0xFE20, 0xFE21, 0xFE21,
    0xFE21, 0xFE21, 0xF620, 0xF620, 0xFE21, 0xFE21, 0xFE21, 0xF621, 0xFE21, 0xFE21, 0xF620, 0xF621,
    0xF621, 0xFE61, 0xEDC1, 0x6A60, 0x0000, 0x0000, 0x0000, 0x0000, 0x0000, 0x0000, 0x0000, 0x0000,
    0x0000, 0x0000, 0x0000, 0x0000, 0x0000, 0x0000, 0x0000, 0x0000, 0x0000, 0x0000, 0x0000, 0x0000,
    0x0000, 0x0000, 0x0000, 0x0000, 0x0000, 0x0000, 0x0000, 0x0000, 0x0000, 0x0000, 0x0000, 0x0000,
    0x0000, 0x0000, 0x0000, 0x0000, 0x0000, 0x0000, 0x0000, 0x0000, 0x0000, 0x0000, 0x0000, 0x0000,
    0x0000, 0x0000, 0x0000, 0x0000, 0x0000, 0x0000, 0x0000, 0x0000, 0x0000, 0x0000, 0x0000, 0x0000,
    0x0000, 0x0000, 0x0000, 0x0000, 0x0000, 0x0000, 0x0000, 0x0000, 0x0000, 0x0000, 0x0000, 0x8B40,
    0xF5E0, 0xFE40, 0xF601, 0xF601, 0xF621, 0xF620, 0xF621, 0xFE21, 0xFE21, 0xFE21, 0xFE21, 0xFE20,
    0xFE21, 0xFE21, 0xFE21, 0xF621, 0xF621, 0xF620, 0xF620, 0xF620, 0xFE21, 0xFE21, 0xFE21, 0xFE20,
    0xFE21, 0xF600, 0xF600, 0xFE41, 0xFE61, 0xD521, 0x49C0, 0x0000, 0x0000, 0x0000, 0x0000, 0x0000,
    0x0000, 0x0000, 0x0000, 0x0000, 0x0000, 0x0000, 0x0000, 0x0000, 0x0000, 0x0000, 0x0000, 0x0000,
    0x0000, 0x0000, 0x0000, 0x0000, 0x0000, 0x0000, 0x0000, 0x0000, 0x0000, 0x0000, 0x0000, 0x0000,
    0x0000, 0x0000, 0x0000, 0x0000, 0x0000, 0x0000, 0x0000, 0x0000, 0x0000, 0x0000, 0x0000, 0x0000,
    0x0000, 0x0000, 0x0000, 0x0000, 0x0000, 0x0000, 0x0000, 0x0000, 0x0000, 0x0000, 0x0000, 0x0000,
    0x0000, 0x0000, 0x0000, 0x0000, 0x0000, 0x0000, 0x0000, 0x0000, 0x0000, 0x0000, 0x0000, 0x0000,
    0x0000, 0x0000, 0x0000, 0x0000, 0x5A20, 0xCD20, 0xFE41, 0xFE41, 0xF600, 0xF620, 0xFE21, 0xFE21,
    0xFE21, 0xFE21, 0xFE20, 0xFE20, 0xFE20, 0xFE21, 0xFE20, 0xF620, 0xFE21, 0xFE21, 0xFE20, 0xFE21,
    0xFE21, 0xFE21, 0xFE21, 0xF600, 0xF600, 0xFE00, 0xFE61, 0xF5E1, 0xA3E0, 0x0000, 0x0000, 0x0000,
    0x0000, 0x0000, 0x0000, 0x0000, 0x0000, 0x0000, 0x0000, 0x0000, 0x0000, 0x0000, 0x0000, 0x0000,
    0x0000, 0x0000, 0x0000, 0x0000, 0x0000, 0x0000, 0x0000, 0x0000, 0x0000, 0x0000, 0x0000, 0x0000,
    0x0000, 0x0000, 0x0000, 0x0000, 0x0000, 0x0000, 0x0000, 0x0000, 0x0000, 0x0000, 0x0000, 0x0000,
    0x0000, 0x0000, 0x0000, 0x0000, 0x0000, 0x0000, 0x0000, 0x0000, 0x0000, 0x0000, 0x0000, 0x0000,
    0x0000, 0x0000, 0x0000, 0x0000, 0x0000, 0x0000, 0x0000, 0x0000, 0x0000, 0x0000, 0x5A40, 0x41A0,
    0x0000, 0x0000, 0x0000, 0x0000, 0x0000, 0x0000, 0x0000, 0x0000, 0x0000, 0x0000, 0x8B80, 0xE5A0,
    0xFE61, 0xFE41, 0xFE20, 0xFE20, 0xF621, 0xF620, 0xF620, 0xF621, 0xF620, 0xFE20, 0xFE21, 0xFE20,
    0xFE21, 0xFE21, 0xF620, 0xF600, 0xF600, 0xF601, 0xFE21, 0xFE20, 0xFE41, 0xFE21, 0xC4C1, 0x5A20,
    0x0000, 0x0000, 0x0000, 0x0000, 0x0000, 0x0000, 0x0000, 0x0000, 0x0000, 0x0000, 0x5220, 0x49C0,
    0x0000, 0x0000, 0x0000, 0x0000, 0x0000, 0x0000, 0x0000, 0x0000, 0x0000, 0x0000, 0x0000, 0x0000,
    0x0000, 0x0000, 0x0000, 0x0000, 0x0000, 0x0000, 0x0000, 0x0000, 0x0000, 0x0000, 0x0000, 0x0000,
    0x0000, 0x0000, 0x0000, 0x0000, 0x0000, 0x0000, 0x0000, 0x0000, 0x0000, 0x0000, 0x0000, 0x0000,
    0x0000, 0x0000, 0x0000, 0x0000, 0x0000, 0x0000, 0x0000, 0x0000, 0x0000, 0x0000, 0x0000, 0x0000,
    0x3940, 0xD541, 0xFE61, 0xF601, 0x7AE0, 0x0000, 0x0000, 0x0000, 0x0000, 0x0000, 0x0000, 0x0000,
    0x0000, 0x0000, 0x0000, 0x3940, 0x8340, 0xCD21, 0xF600, 0xFE41, 0xFE41, 0xFE40, 0xFE40, 0xFE21,
    0xF621, 0xF621, 0xF621, 0xF621, 0xFE21, 0xFE21, 0xFE20, 0xFE20, 0xFE41, 0xFE41, 0xFE40, 0xF5E0,
    0xBC80, 0x6A80, 0x0000, 0x0000, 0x0000, 0x0000, 0x0000, 0x0000, 0x0000, 0x0000, 0x0000, 0x0000,
    0x0000, 0xBCA1, 0xFE61, 0xFE61, 0x9BC0, 0x0000, 0x0000, 0x0000, 0x0000, 0x0000, 0x0000, 0x0000,
    0x0000, 0x0000, 0x0000, 0x0000, 0x0000, 0x0000, 0x0000, 0x0000, 0x0000, 0x0000, 0x0000, 0x0000,
    0x0000, 0x0000, 0x0000, 0x0000, 0x0000, 0x0000, 0x0000, 0x0000, 0x0000, 0x0000, 0x0000, 0x0000,
    0x0000, 0x0000, 0x0000, 0x0000, 0x0000, 0x0000, 0x0000, 0x0000, 0x0000, 0x0000, 0x0000, 0x0000,
    0x0000, 0x0000, 0x0000, 0x3960, 0xDD81, 0xFE60, 0xF600, 0xFE60, 0xE5C1, 0x0000, 0x0000, 0x0000,
    0x0000, 0x0000, 0x0000, 0x0000, 0x0000, 0x0000, 0x0000, 0x0000, 0x0000, 0x0000, 0x6240, 0xA400,
    0xD541, 0xEDC1, 0xF601, 0xFE21, 0xFE40, 0xFE61, 0xFE61, 0xFE61, 0xFE40, 0xFE20, 0xF601, 0xF5E1,
    0xE581, 0xCD01, 0x93A0, 0x49E0, 0x0000, 0x0000, 0x0000, 0x0000, 0x0000, 0x0000, 0x0000, 0x0000,
    0x0000, 0x0000, 0x0000, 0x0000, 0x8320, 0xFE61, 0xFE20, 0xFE20, 0xFE81, 0xA420, 0x0000, 0x0000,
    0x0000, 0x0000, 0x0000, 0x0000, 0x0000, 0x0000, 0x0000, 0x0000, 0x0000, 0x0000, 0x0000, 0x0000,
    0x0000, 0x0000, 0x0000, 0x0000, 0x0000, 0x0000, 0x0000, 0x0000, 0x0000, 0x0000, 0x0000, 0x0000,
    0x0000, 0x0000, 0x0000, 0x0000, 0x0000, 0x0000, 0x0000, 0x0000, 0x0000, 0x0000, 0x0000, 0x0000,
    0x0000, 0x0000, 0x0000, 0x0000, 0x0000, 0x0000, 0x3960, 0xE5A0, 0xFE40, 0xF600, 0xF600, 0xFE40,
    0xE5C1, 0x0000, 0x0000, 0x0000, 0x0000, 0x0000, 0x0000, 0x0000, 0x0000, 0x0000, 0x0000, 0x0000,
    0x0000, 0x0000, 0x0000, 0x0000, 0x0000, 0x3960, 0x6A80, 0x8B60, 0xA420, 0xB481, 0xBCA1, 0xBCA1,
    0xB460, 0x9BC0, 0x8300, 0x5A20, 0x0000, 0x0000, 0x0000, 0x0000, 0x0000, 0x0000, 0x0000, 0x0000,
    0x0000, 0x0000, 0x0000, 0x0000, 0x0000, 0x0000, 0x0000, 0x0000, 0x8B60, 0xFE61, 0xF600, 0xFE20,
    0xF620, 0xFE81, 0xAC21, 0x0000, 0x0000, 0x0000, 0x0000, 0x0000, 0x0000, 0x0000, 0x0000, 0x0000,
    0x0000, 0x0000, 0x0000, 0x0000, 0x0000, 0x0000, 0x0000, 0x0000, 0x0000, 0x0000, 0x0000, 0x0000,
    0x0000, 0x0000, 0x0000, 0x0000, 0x0000, 0x0000, 0x0000, 0x0000, 0x0000, 0x0000, 0x0000, 0x0000,
    0x0000, 0x0000, 0x0000, 0x0000, 0x0000, 0x0000, 0x0000, 0x0000, 0x0000, 0x4180, 0xE5A0, 0xFE40,
    0xF600, 0xF600, 0xF600, 0xFE80, 0x8340, 0x0000, 0x0000, 0x0000, 0x0000, 0x0000, 0x0000, 0x0000,
    0x0000, 0x0000, 0x0000, 0x0000, 0x0000, 0x0000, 0x0000, 0x0000, 0x0000, 0x0000, 0x0000, 0x0000,
    0x0000, 0x0000, 0x0000, 0x0000, 0x0000, 0x0000, 0x0000, 0x0000, 0x0000, 0x0000, 0x0000, 0x0000,
    0x0000, 0x0000, 0x0000, 0x0000, 0x0000, 0x0000, 0x0000, 0x0000, 0x0000, 0x0000, 0x0000, 0x0000,
    0x0000, 0xD521, 0xFE60, 0xF600, 0xF620, 0xF620, 0xFE80, 0xA420, 0x0000, 0x0000, 0x0000, 0x0000,
    0x0000, 0x0000, 0x0000, 0x0000, 0x0000, 0x0000, 0x0000, 0x0000, 0x0000, 0x0000, 0x0000, 0x0000,
    0x0000, 0x0000, 0x0000, 0x0000, 0x0000, 0x0000, 0x0000, 0x0000, 0x0000, 0x0000, 0x0000, 0x0000,
    0x0000, 0x0000, 0x0000, 0x0000, 0x0000, 0x0000, 0x0000, 0x0000, 0x0000, 0x0000, 0x0000, 0x0000,
    0x4180, 0xE5C0, 0xFE40, 0xF600, 0xF620, 0xFE20, 0xFE60, 0x9380, 0x0000, 0x0000, 0x0000, 0x0000,
    0x0000, 0x0000, 0x0000, 0x0000, 0x0000, 0x0000, 0x0000, 0x0000, 0x0000, 0x0000, 0x0000, 0x0000,
    0x0000, 0x0000, 0x0000, 0x0000, 0x0000, 0x0000, 0x0000, 0x0000, 0x0000, 0x0000, 0x0000, 0x0000,
    0x0000, 0x0000, 0x0000, 0x0000, 0x0000, 0x0000, 0x0000, 0x0000, 0x0000, 0x0000, 0x0000, 0x0000,
    0x0000, 0x0000, 0x0000, 0x0000, 0x0000, 0x0000, 0xDD41, 0xFE60, 0xF600, 0xF620, 0xF620, 0xFE80,
    0xAC20, 0x0000, 0x0000, 0x0000, 0x0000, 0x0000, 0x0000, 0x0000, 0x0000, 0x0000, 0x0000, 0x0000,
    0x0000, 0x0000, 0x0000, 0x0000, 0x0000, 0x0000, 0x0000, 0x0000, 0x0000, 0x0000, 0x0000, 0x0000,
    0x0000, 0x0000, 0x0000, 0x0000, 0x0000, 0x0000, 0x0000, 0x0000, 0x0000, 0x0000, 0x0000, 0x0000,
    0x0000, 0x0000, 0x0000, 0x4180, 0xE5C1, 0xFE40, 0xF600, 0xFE20, 0xFE20, 0xFE80, 0x9380, 0x0000,
    0x0000, 0x0000, 0x0000, 0x0000, 0x0000, 0x0000, 0x0000, 0x0000, 0x0000, 0x0000, 0x0000, 0x0000,
    0x0000, 0x0000, 0x0000, 0x0000, 0x0000, 0x0000, 0x0000, 0x0000, 0x0000, 0x0000, 0x0000, 0x0000,
    0x0000, 0x0000, 0x0000, 0x0000, 0x0000, 0x0000, 0x0000, 0x0000, 0x0000, 0x0000, 0x0000, 0x0000,
    0x0000, 0x0000, 0x0000, 0x0000, 0x0000, 0x0000, 0x0000, 0x0000, 0x0000, 0x0000, 0x0000, 0xD540,
    0xFE60, 0xF600, 0xFE20, 0xF620, 0xFE80, 0xAC40, 0x0000, 0x0000, 0x0000, 0x0000, 0x0000, 0x0000,
    0x0000, 0x0000, 0x0000, 0x0000, 0x0000, 0x0000, 0x0000, 0x0000, 0x0000, 0x0000, 0x0000, 0x0000,
    0x0000, 0x0000, 0x0000, 0x0000, 0x0000, 0x0000, 0x0000, 0x0000, 0x0000, 0x0000, 0x0000, 0x0000,
    0x0000, 0x0000, 0x0000, 0x0000, 0x0000, 0x0000, 0x41A0, 0xEDE1, 0xFE60, 0xF600, 0xFE20, 0xFE20,
    0xFE80, 0x9380, 0x0000, 0x0000, 0x0000, 0x0000, 0x0000, 0x0000, 0x0000, 0x0000, 0x0000, 0x0000,
    0x0000, 0x0000, 0x0000, 0x0000, 0x0000, 0x0000, 0x0000, 0x0000, 0x0000, 0x0000, 0x0000, 0x0000,
    0x0000, 0x0000, 0x0000, 0x0000, 0x0000, 0x0000, 0x0000, 0x0000, 0x0000, 0x0000, 0x0000, 0x0000,
    0x0000, 0x0000, 0x0000, 0x0000, 0x0000, 0x0000, 0x0000, 0x0000, 0x0000, 0x0000, 0x0000, 0x0000,
    0x0000, 0x0000, 0x0000, 0x0000, 0xD540, 0xFE40, 0xF600, 0xFE20, 0xF620, 0xFE81, 0xB460, 0x0000,
    0x0000, 0x0000, 0x0000, 0x0000, 0x0000, 0x0000, 0x0000, 0x0000, 0x0000, 0x0000, 0x0000, 0x0000,
    0x0000, 0x0000, 0x0000, 0x0000, 0x0000, 0x0000, 0x0000, 0x0000, 0x0000, 0x0000, 0x0000, 0x0000,
    0x0000, 0x0000, 0x0000, 0x0000, 0x0000, 0x0000, 0x0000, 0x0000, 0x0000, 0x49C0, 0xEDC0, 0xFE40,
    0xF600, 0xF620, 0xFE20, 0xFE61, 0x9380, 0x0000, 0x0000, 0x0000, 0x0000, 0x0000, 0x0000, 0x0000,
    0x0000, 0x0000, 0x0000, 0x0000, 0x0000, 0x0000, 0x0000, 0x0000, 0x0000, 0x0000, 0x0000, 0x0000,
    0x0000, 0x0000, 0x0000, 0x0000, 0x0000, 0x0000, 0x0000, 0x0000, 0x0000, 0x0000, 0x0000, 0x0000,
    0x0000, 0x0000, 0x0000, 0x0000, 0x0000, 0x0000, 0x0000, 0x0000, 0x0000, 0x0000, 0x0000, 0x0000,
    0x0000, 0x0000, 0x0000, 0x0000, 0x0000, 0x0000, 0x0000, 0x0000, 0x0000, 0xD520, 0xFE60, 0xF600,
    0xFE20, 0xF600, 0xFE81, 0xB461, 0x0000, 0x0000, 0x0000, 0x0000, 0x0000, 0x0000, 0x0000, 0x0000,
    0x0000, 0x0000, 0x0000, 0x0000, 0x0000, 0x0000, 0x0000, 0x0000, 0x0000, 0x0000, 0x0000, 0x0000,
    0x0000, 0x0000, 0x0000, 0x0000, 0x0000, 0x0000, 0x0000, 0x0000, 0x0000, 0x0000, 0x0000, 0x0000,
    0x49E0, 0xEDE0, 0xFE40, 0xF600, 0xF600, 0xFE20, 0xFE80, 0x9380, 0x0000, 0x0000, 0x0000, 0x0000,
    0x0000, 0x0000, 0x0000, 0x0000, 0x0000, 0x0000, 0x0000, 0x0000, 0x0000, 0x0000, 0x0000, 0x0000,
    0x0000, 0x0000, 0x0000, 0x0000, 0x0000, 0x0000, 0x0000, 0x0000, 0x0000, 0x0000, 0x0000, 0x0000,
    0x0000, 0x0000, 0x0000, 0x0000, 0x0000, 0x0000, 0x0000, 0x0000, 0x0000, 0x0000, 0x0000, 0x0000,
    0x0000, 0x0000, 0x0000, 0x0000, 0x0000, 0x0000, 0x0000, 0x0000, 0x0000, 0x0000, 0x0000, 0x0000,
    0x0000, 0x0000, 0xD520, 0xFE61, 0xF601, 0xFE20, 0xF620, 0xFE81, 0xB460, 0x0000, 0x0000, 0x0000,
    0x0000, 0x0000, 0x0000, 0x0000, 0x0000, 0x0000, 0x0000, 0x0000, 0x0000, 0x0000, 0x0000, 0x0000,
    0x0000, 0x0000, 0x0000, 0x0000, 0x0000, 0x0000, 0x0000, 0x0000, 0x0000, 0x0000, 0x0000, 0x0000,
    0x0000, 0x0000, 0x0000, 0x49E0, 0xEE01, 0xFE40, 0xF600, 0xF600, 0xFE20, 0xFE60, 0x8B40, 0x0000,
    0x0000, 0x0000, 0x0000, 0x0000, 0x0000, 0x0000, 0x0000, 0x0000, 0x0000, 0x0000, 0x0000, 0x0000,
    0x0000, 0x0000, 0x0000, 0x0000, 0x0000, 0x0000, 0x0000, 0x0000, 0x0000, 0x0000, 0x0000, 0x0000,
    0x0000, 0x49E0, 0x9BE0, 0x8B60, 0x0000, 0x0000, 0x0000, 0x0000, 0x0000, 0x0000, 0x0000, 0x0000,
    0x0000, 0x0000, 0x0000, 0x0000, 0x0000, 0x0000, 0x0000, 0x0000, 0x0000, 0x0000, 0x0000, 0x0000,
    0x0000, 0x0000, 0x0000, 0x0000, 0x0000, 0x0000, 0x0000, 0xD500, 0xFE60, 0xF600, 0xFE21, 0xF620,
    0xFE60, 0xB460, 0x0000, 0x0000, 0x0000, 0x0000, 0x0000, 0x0000, 0x0000, 0x0000, 0x0000, 0x0000,
    0x0000, 0x0000, 0x0000, 0x0000, 0x0000, 0x0000, 0x0000, 0x0000, 0x0000, 0x0000, 0x0000, 0x0000,
    0x0000, 0x0000, 0x0000, 0x0000, 0x0000, 0x0000, 0x4180, 0xEDE1, 0xFE60, 0xF600, 0xF600, 0xFE20,
    0xFE60, 0x8B40, 0x0000, 0x0000, 0x0000, 0x0000, 0x0000, 0x0000, 0x0000, 0x0000, 0x0000, 0x0000,
    0x0000, 0x0000, 0x0000, 0x0000, 0x0000, 0x0000, 0x0000, 0x0000, 0x0000, 0x0000, 0x0000, 0x0000,
    0x0000, 0x0000, 0x0000, 0x0000, 0x49C0, 0xEDE1, 0xFE81, 0xFEA1, 0xBCA1, 0x0000, 0x0000, 0x0000,
    0x0000, 0x0000, 0x0000, 0x0000, 0x0000, 0x0000, 0x0000, 0x0000, 0x0000, 0x0000, 0x0000, 0x0000,
    0x0000, 0x0000, 0x0000, 0x0000, 0x0000, 0x0000, 0x0000, 0x0000, 0x0000, 0x0000, 0x0000, 0x0000,
    0xCD00, 0xFE61, 0xF601, 0xFE20, 0xF600, 0xFE81, 0xAC60, 0x0000, 0x0000, 0x0000, 0x0000, 0x0000,
    0x0000, 0x0000, 0x0000, 0x0000, 0x0000, 0x0000, 0x0000, 0x0000, 0x0000, 0x0000, 0x0000, 0x0000,
    0x0000, 0x0000, 0x0000, 0x0000, 0x0000, 0x0000, 0x0000, 0x0000, 0x0000, 0x0000, 0xAC41, 0xFE80,
    0xF600, 0xFE21, 0xFE20, 0xFE60, 0x8B40, 0x0000, 0x0000, 0x0000, 0x0000, 0x0000, 0x0000, 0x0000,
    0x0000, 0x0000, 0x0000, 0x0000, 0x0000, 0x0000, 0x0000, 0x0000, 0x0000, 0x0000, 0x0000, 0x0000,
    0x0000, 0x0000, 0x0000, 0x0000, 0x0000, 0x0000, 0x0000, 0x0000, 0x8B60, 0xFE81, 0xF600, 0xFE40,
    0xF621, 0x0000, 0x0000, 0x0000, 0x0000, 0x0000, 0x0000, 0x0000, 0x0000, 0x0000, 0x0000, 0x0000,
    0x0000, 0x0000, 0x0000, 0x0000, 0x0000, 0x0000, 0x0000, 0x0000, 0x0000, 0x0000, 0x0000, 0x0000,
    0x0000, 0x0000, 0x0000, 0x0000, 0x0000, 0xCD21, 0xFE80, 0xF600, 0xF620, 0xF600, 0xFE60, 0x5220,
    0x0000, 0x0000, 0x0000, 0x0000, 0x0000, 0x0000, 0x0000, 0x0000, 0x0000, 0x0000, 0x0000, 0x0000,
    0x0000, 0x0000, 0x0000, 0x0000, 0x0000, 0x0000, 0x0000, 0x0000, 0x0000, 0x0000, 0x0000, 0x0000,
    0x0000, 0x0000, 0xB481, 0xFE80, 0xF600, 0xFE40, 0xFE81, 0x8340, 0x0000, 0x0000, 0x0000, 0x0000,
    0x0000, 0x0000, 0x0000, 0x0000, 0x0000, 0x0000, 0x0000, 0x0000, 0x0000, 0x0000, 0x0000, 0x0000,
    0x0000, 0x0000, 0x0000, 0x0000, 0x0000, 0x0000, 0x0000, 0x0000, 0x0000, 0x0000, 0x0000, 0x0000,
    0x8B80, 0xFE60, 0xF600, 0xFE40, 0xF620, 0x3960, 0x0000, 0x0000, 0x0000, 0x0000, 0x0000, 0x0000,
    0x0000, 0x0000, 0x0000, 0x0000, 0x0000, 0x0000, 0x0000, 0x0000, 0x0000, 0x0000, 0x0000, 0x0000,
    0x0000, 0x0000, 0x0000, 0x0000, 0x0000, 0x0000, 0x0000, 0x0000, 0x0000, 0x0000, 0xCD01, 0xFE80,
    0xF600, 0xF600, 0xFE61, 0x6260, 0x0000, 0x0000, 0x0000, 0x0000, 0x0000, 0x0000, 0x0000, 0x0000,
    0x0000, 0x0000, 0x0000, 0x0000, 0x0000, 0x0000, 0x0000, 0x0000, 0x0000, 0x0000, 0x0000, 0x0000,
    0x0000, 0x0000, 0x0000, 0x0000, 0x0000, 0x0000, 0x49E0, 0xE5A1, 0xFE81, 0xF621, 0x8320, 0x0000,
    0x0000, 0x0000, 0x0000, 0x0000, 0x0000, 0x0000, 0x0000, 0x0000, 0x0000, 0x0000, 0x0000, 0x0000,
    0x0000, 0x0000, 0x0000, 0x0000, 0x0000, 0x0000, 0x0000, 0x0000, 0x0000, 0x0000, 0x0000, 0x0000,
    0x0000, 0x0000, 0x0000, 0x0000, 0x8B60, 0xFE60, 0xF600, 0xF620, 0xF620, 0x3960, 0x0000, 0x0000,
    0x0000, 0x0000, 0x0000, 0x0000, 0x0000, 0x0000, 0x0000, 0x0000, 0x0000, 0x0000, 0x0000, 0x0000,
    0x0000, 0x0000, 0x0000, 0x0000, 0x0000, 0x0000, 0x0000, 0x0000, 0x0000, 0x0000, 0x0000, 0x0000,
    0x0000, 0x0000, 0x0000, 0xBCC1, 0xFE60, 0xFE60, 0xB441, 0x0000, 0x0000, 0x0000, 0x0000, 0x0000,
    0x0000, 0x0000, 0x0000, 0x0000, 0x0000, 0x0000, 0x0000, 0x0000, 0x0000, 0x0000, 0x0000, 0x0000,
    0x0000, 0x0000, 0x0000, 0x0000, 0x0000, 0x0000, 0x0000, 0x0000, 0x0000, 0x0000, 0x0000, 0x0000,
    0x5A40, 0x3960, 0x0000, 0x0000, 0x0000, 0x0000, 0x0000, 0x0000, 0x0000, 0x0000, 0x0000, 0x0000,
    0x0000, 0x0000, 0x0000, 0x0000, 0x0000, 0x0000, 0x0000, 0x0000, 0x0000, 0x0000, 0x0000, 0x0000,
    0x0000, 0x0000, 0x0000, 0x0000, 0x0000, 0x0000, 0x0000, 0x0000, 0x8B80, 0xFE60, 0xF5E0, 0xF620,
    0xF620, 0x3960, 0x0000, 0x0000, 0x0000, 0x0000, 0x0000, 0x0000, 0x0000, 0x0000, 0x0000, 0x0000,
    0x0000, 0x0000, 0x0000, 0x0000, 0x0000, 0x0000, 0x0000, 0x0000, 0x0000, 0x0000, 0x0000, 0x0000,
    0x0000, 0x0000, 0x0000, 0x0000, 0x0000, 0x0000, 0x0000, 0x0000, 0x5200, 0x5200, 0x0000, 0x0000,
    0x0000, 0x0000, 0x0000, 0x0000, 0x0000, 0x0000, 0x0000, 0x0000, 0x0000, 0x0000, 0x0000, 0x0000,
    0x0000, 0x0000, 0x0000, 0x0000, 0x0000, 0x0000, 0x0000, 0x0000, 0x0000, 0x0000, 0x0000, 0x0000,
    0x0000, 0x0000, 0x0000, 0x0000, 0x0000, 0x0000, 0x0000, 0x0000, 0x0000, 0x0000, 0x0000, 0x0000,
    0x0000, 0x0000, 0x0000, 0x0000, 0x0000, 0x0000, 0x0000, 0x0000, 0x0000, 0x0000, 0x0000, 0x0000,
    0x0000, 0x0000, 0x0000, 0x0000, 0x0000, 0x0000, 0x0000, 0x0000, 0x0000, 0x0000, 0x0000, 0x0000,
    0x8B80, 0xFE60, 0xF5E0, 0xF620, 0xF620, 0x3960, 0x0000, 0x0000, 0x0000, 0x0000, 0x0000, 0x0000,
    0x0000, 0x0000, 0x0000, 0x0000, 0x0000, 0x0000, 0x0000, 0x0000, 0x0000, 0x0000, 0x0000, 0x0000,
    0x0000, 0x0000, 0x0000, 0x0000, 0x0000, 0x0000, 0x0000, 0x0000, 0x0000, 0x0000, 0x0000, 0x0000,
    0x0000, 0x0000, 0x0000, 0x0000, 0x0000, 0x0000, 0x0000, 0x0000, 0x0000, 0x0000, 0x0000, 0x0000,
    0x0000, 0x0000, 0x0000, 0x0000, 0x0000, 0x0000, 0x0000, 0x0000, 0x0000, 0x0000, 0x0000, 0x0000,
    0x0000, 0x0000, 0x0000, 0x0000, 0x0000, 0x0000, 0x0000, 0x0000, 0x0000, 0x0000, 0x0000, 0x0000,
    0x0000, 0x0000, 0x0000, 0x0000, 0x0000, 0x0000, 0x0000, 0x0000, 0x0000, 0x0000, 0x0000, 0x0000,
    0x0000, 0x0000, 0x0000, 0x0000, 0x0000, 0x0000, 0x0000, 0x0000, 0x0000, 0x0000, 0x0000, 0x0000,
    0x0000, 0x0000, 0x0000, 0x0000, 0x8B80, 0xFE60, 0xF5E0, 0xF620, 0xF620, 0x3960, 0x0000, 0x0000,
    0x0000, 0x0000, 0x0000, 0x0000, 0x0000, 0x0000, 0x0000, 0x0000, 0x0000, 0x0000, 0x0000, 0x0000,
    0x0000, 0x0000, 0x0000, 0x0000, 0x0000, 0x0000, 0x0000, 0x0000, 0x0000, 0x0000, 0x0000, 0x0000,
    0x0000, 0x0000, 0x0000, 0x0000, 0x0000, 0x0000, 0x0000, 0x0000, 0x0000, 0x0000, 0x0000, 0x0000,
    0x0000, 0x0000, 0x0000, 0x0000, 0x0000, 0x0000, 0x0000, 0x0000, 0x0000, 0x0000, 0x0000, 0x0000,
    0x0000, 0x0000, 0x0000, 0x0000, 0x0000, 0x0000, 0x0000, 0x0000, 0x0000, 0x0000, 0x0000, 0x0000,
    0x0000, 0x0000, 0x0000, 0x0000, 0x0000, 0x0000, 0x0000, 0x0000, 0x0000, 0x0000, 0x0000, 0x0000,
    0x0000, 0x0000, 0x0000, 0x0000, 0x0000, 0x0000, 0x0000, 0x0000, 0x0000, 0x0000, 0x0000, 0x0000,
    0x0000, 0x0000, 0x0000, 0x0000, 0x0000, 0x0000, 0x0000, 0x0000, 0x8B80, 0xFE80, 0xF600, 0xFE20,
    0xF600, 0x3960, 0x0000, 0x0000, 0x0000, 0x0000, 0x0000, 0x0000, 0x0000, 0x0000, 0x0000, 0x0000,
    0x0000, 0x0000, 0x0000, 0x0000, 0x0000, 0x0000, 0x0000, 0x0000, 0x0000, 0x0000, 0x0000, 0x0000,
    0x0000, 0x0000, 0x0000, 0x0000, 0x0000, 0x0000, 0x0000, 0x0000, 0x0000, 0x0000, 0x0000, 0x0000,
    0x0000, 0x0000, 0x0000, 0x0000, 0x0000, 0x0000, 0x0000, 0x0000, 0x0000, 0x0000, 0x0000, 0x0000,
    0x0000, 0x0000, 0x0000, 0x0000, 0x0000, 0x0000, 0x0000, 0x0000, 0x0000, 0x0000, 0x0000, 0x0000,
    0x0000, 0x0000, 0x0000, 0x0000, 0x0000, 0x0000, 0x0000, 0x0000, 0x0000, 0x0000, 0x0000, 0x0000,
    0x0000, 0x0000, 0x0000, 0x0000, 0x0000, 0x0000, 0x0000, 0x0000, 0x0000, 0x0000, 0x0000, 0x0000,
    0x0000, 0x0000, 0x0000, 0x0000, 0x0000, 0x0000, 0x0000, 0x0000, 0x0000, 0x0000, 0x0000, 0x0000,
    0x8B80, 0xFE80, 0xF600, 0xF620, 0xF600, 0x3960, 0x0000, 0x0000, 0x0000, 0x0000, 0x0000, 0x0000,
    0x0000, 0x0000, 0x0000, 0x0000, 0x0000, 0x0000, 0x0000, 0x0000, 0x0000, 0x0000, 0x0000, 0x0000,
    0x0000, 0x0000, 0x0000, 0x0000, 0x0000, 0x0000, 0x0000, 0x0000, 0x0000, 0x0000, 0x0000, 0x0000,
    0x0000, 0x0000, 0x0000, 0x0000, 0x0000, 0x0000, 0x0000, 0x0000, 0x0000, 0x0000, 0x0000, 0x0000,
    0x0000, 0x0000, 0x0000, 0x0000, 0x0000, 0x0000, 0x0000, 0x0000, 0x0000, 0x0000, 0x0000, 0x0000,
    0x0000, 0x0000, 0x0000, 0x0000, 0x0000, 0x0000, 0x0000, 0x0000, 0x0000, 0x0000, 0x0000, 0x0000,
    0x0000, 0x0000, 0x0000, 0x0000, 0x0000, 0x0000, 0x0000, 0x0000, 0x0000, 0x0000, 0x0000, 0x0000,
    0x0000, 0x0000, 0x0000, 0x0000, 0x0000, 0x0000, 0x0000, 0x0000, 0x0000, 0x0000, 0x0000, 0x0000,
    0x0000, 0x0000, 0x0000, 0x0000, 0x8BA0, 0xFE80, 0xF5E0, 0xF620, 0xF600, 0x3960, 0x0000, 0x0000,
    0x0000, 0x0000, 0x0000, 0x0000, 0x0000, 0x0000, 0x0000, 0x0000, 0x0000, 0x0000, 0x0000, 0x0000,
    0x0000, 0x0000, 0x0000, 0x0000, 0x0000, 0x0000, 0x0000, 0x0000, 0x0000, 0x0000, 0x0000, 0x0000,
    0x0000, 0x0000, 0x0000, 0x0000, 0x0000, 0x0000, 0x0000, 0x0000, 0x0000, 0x0000, 0x0000, 0x0000,
    0x0000, 0x0000, 0x0000, 0x0000, 0x0000, 0x0000, 0x0000, 0x0000, 0x0000, 0x0000, 0x0000, 0x0000,
    0x0000, 0x0000, 0x0000, 0x0000, 0x0000, 0x0000, 0x0000, 0x0000, 0x0000, 0x0000, 0x0000, 0x0000,
    0x0000, 0x0000, 0x0000, 0x0000, 0x0000, 0x0000, 0x0000, 0x0000, 0x0000, 0x0000, 0x0000, 0x0000,
    0x0000, 0x0000, 0x0000, 0x0000, 0x0000, 0x0000, 0x0000, 0x0000, 0x0000, 0x0000, 0x0000, 0x0000,
    0x0000, 0x0000, 0x0000, 0x0000, 0x0000, 0x0000, 0x0000, 0x0000, 0x8B80, 0xFE60, 0xF5E0, 0xF620,
    0xF620, 0x3960, 0x0000, 0x0000, 0x0000, 0x0000, 0x0000, 0x0000, 0x0000, 0x0000, 0x0000, 0x0000,
    0x0000, 0x0000, 0x0000, 0x0000, 0x0000, 0x0000, 0x0000, 0x0000, 0x0000, 0x0000, 0x0000, 0x0000,
    0x0000, 0x0000, 0x0000, 0x0000, 0x0000, 0x0000, 0x0000, 0x0000, 0x0000, 0x0000, 0x0000, 0x0000,
    0x0000, 0x0000, 0x0000, 0x0000, 0x0000, 0x0000, 0x0000, 0x0000, 0x0000, 0x0000, 0x0000, 0x0000,
    0x0000, 0x0000, 0x0000, 0x0000, 0x0000, 0x0000, 0x0000, 0x0000, 0x0000, 0x0000, 0x0000, 0x0000,
    0x0000, 0x0000, 0x0000, 0x0000, 0x0000, 0x0000, 0x0000, 0x0000, 0x0000, 0x0000, 0x0000, 0x0000,
    0x0000, 0x0000, 0x0000, 0x0000, 0x0000, 0x0000, 0x0000, 0x0000, 0x0000, 0x0000, 0x0000, 0x0000,
    0x0000, 0x0000, 0x0000, 0x0000, 0x0000, 0x0000, 0x0000, 0x0000, 0x0000, 0x0000, 0x0000, 0x0000,
    0x8BA0, 0xFE60, 0xF5E0, 0xFE20, 0xF620, 0x3960, 0x0000, 0x0000, 0x0000, 0x0000, 0x0000, 0x0000,
    0x0000, 0x0000, 0x0000, 0x0000, 0x0000, 0x0000, 0x0000, 0x0000, 0x0000, 0x0000, 0x0000, 0x0000,
    0x0000, 0x0000, 0x0000, 0x0000, 0x0000, 0x0000, 0x0000, 0x0000, 0x0000, 0x0000, 0x0000, 0x0000,
    0x0000, 0x0000, 0x0000, 0x0000, 0x0000, 0x0000, 0x0000, 0x0000, 0x0000, 0x0000, 0x0000, 0x0000,
    0x0000, 0x0000, 0x0000, 0x0000, 0x0000, 0x0000, 0x0000, 0x0000, 0x0000, 0x0000, 0x0000, 0x0000,
    0x0000, 0x0000, 0x0000, 0x0000, 0x0000, 0x0000, 0x0000, 0x0000, 0x0000, 0x0000, 0x0000, 0x0000,
    0x0000, 0x0000, 0x0000, 0x0000, 0x0000, 0x0000, 0x0000, 0x0000, 0x0000, 0x0000, 0x0000, 0x0000,
    0x0000, 0x0000, 0x0000, 0x0000, 0x0000, 0x0000, 0x0000, 0x0000, 0x0000, 0x0000, 0x0000, 0x0000,
    0x0000, 0x0000, 0x0000, 0x0000, 0x8BA0, 0xFE61, 0xF600, 0xF620, 0xF621, 0x3960, 0x0000, 0x0000,
    0x0000, 0x0000, 0x0000, 0x0000, 0x0000, 0x0000, 0x0000, 0x0000, 0x0000, 0x0000, 0x0000, 0x0000,
    0x0000, 0x0000, 0x0000, 0x0000, 0x0000, 0x0000, 0x0000, 0x0000, 0x0000, 0x0000, 0x0000, 0x0000,
    0x0000, 0x0000, 0x0000, 0x0000, 0x0000, 0x0000, 0x0000, 0x0000, 0x0000, 0x0000, 0x0000, 0x0000,
    0x0000, 0x0000, 0x0000, 0x0000, 0x0000, 0x0000, 0x0000, 0x0000, 0x0000, 0x0000, 0x0000, 0x0000,
    0x0000, 0x0000, 0x0000, 0x0000, 0x0000, 0x0000, 0x0000, 0x0000, 0x0000, 0x0000, 0x0000, 0x0000,
    0x0000, 0x0000, 0x0000, 0x0000, 0x0000, 0x0000, 0x0000, 0x0000, 0x0000, 0x0000, 0x0000, 0x0000,
    0x0000, 0x0000, 0x0000, 0x0000, 0x0000, 0x0000, 0x0000, 0x0000, 0x0000, 0x0000, 0x0000, 0x0000,
    0x0000, 0x0000, 0x0000, 0x0000, 0x0000, 0x0000, 0x0000, 0x0000, 0x8B80, 0xFE60, 0xF600, 0xFE20,
    0xF621, 0x3980, 0x0000, 0x0000, 0x0000, 0x0000, 0x0000, 0x0000, 0x0000, 0x0000, 0x0000, 0x0000,
    0x0000, 0x0000, 0x0000, 0x0000, 0x0000, 0x0000, 0x0000, 0x0000, 0x0000, 0x0000, 0x0000, 0x0000,
    0x0000, 0x0000, 0x0000, 0x0000, 0x0000, 0x0000, 0x0000, 0x0000, 0x0000, 0x0000, 0x0000, 0x0000,
    0x0000, 0x0000, 0x0000, 0x0000, 0x0000, 0x0000, 0x0000, 0x0000, 0x0000, 0x0000, 0x0000, 0x0000,
    0x0000, 0x0000, 0x0000, 0x0000, 0x0000, 0x0000, 0x0000, 0x0000, 0x0000, 0x0000, 0x0000, 0x0000,
    0x0000, 0x0000, 0x0000, 0x0000, 0x0000, 0x0000, 0x0000, 0x0000, 0x0000, 0x0000, 0x0000, 0x0000,
    0x0000, 0x0000, 0x0000, 0x0000, 0x0000, 0x0000, 0x0000, 0x0000, 0x0000, 0x0000, 0x0000, 0x0000,
    0x0000, 0x0000, 0x0000, 0x0000, 0x0000, 0x0000, 0x0000, 0x0000, 0x0000, 0x0000, 0x0000, 0x0000,
    0x8B80, 0xFE60, 0xF600, 0xFE20, 0xF600, 0x3980, 0x0000, 0x0000, 0x0000, 0x0000, 0x0000, 0x0000,
    0x0000, 0x0000, 0x0000, 0x0000, 0x0000, 0x0000, 0x0000, 0x0000, 0x0000, 0x0000, 0x0000, 0x0000,
    0x0000, 0x0000, 0x0000, 0x0000, 0x0000, 0x0000, 0x0000, 0x0000, 0x0000, 0x0000, 0x0000, 0x0000,
    0x0000, 0x0000, 0x0000, 0x0000, 0x0000, 0x0000, 0x0000, 0x0000, 0x0000, 0x0000, 0x0000, 0x0000,
    0x0000, 0x0000, 0x0000, 0x0000, 0x0000, 0x0000, 0x0000, 0x0000, 0x0000, 0x0000, 0x0000, 0x0000,
    0x0000, 0x0000, 0x0000, 0x0000, 0x0000, 0x0000, 0x0000, 0x0000, 0x0000, 0x0000, 0x0000, 0x0000,
    0x0000, 0x0000, 0x0000, 0x0000, 0x0000, 0x0000, 0x0000, 0x0000, 0x0000, 0x0000, 0x0000, 0x0000,
    0x0000, 0x0000, 0x0000, 0x0000, 0x0000, 0x0000, 0x0000, 0x0000, 0x0000, 0x0000, 0x0000, 0x0000,
    0x0000, 0x0000, 0x0000, 0x0000, 0x93A0, 0xFE80, 0xF600, 0xFE20, 0xF620, 0x3960, 0x0000, 0x0000,
    0x0000, 0x0000, 0x0000, 0x0000, 0x0000, 0x0000, 0x0000, 0x0000, 0x0000, 0x0000, 0x0000, 0x0000,
    0x0000, 0x0000, 0x0000, 0x0000, 0x0000, 0x0000, 0x0000, 0x0000, 0x0000, 0x0000, 0x0000, 0x0000,
    0x0000, 0x0000, 0x0000, 0x0000, 0x0000, 0x0000, 0x0000, 0x0000, 0x0000, 0x0000, 0x0000, 0x0000,
    0x0000, 0x0000, 0x0000, 0x0000, 0x0000, 0x0000, 0x0000, 0x0000, 0x0000, 0x0000, 0x0000, 0x0000,
    0x0000, 0x0000, 0x0000, 0x0000, 0x0000, 0x0000, 0x0000, 0x0000, 0x0000, 0x0000, 0x0000, 0x0000,
    0x0000, 0x0000, 0x0000, 0x0000, 0x0000, 0x0000, 0x0000, 0x0000, 0x0000, 0x0000, 0x0000, 0x0000,
    0x0000, 0x0000, 0x0000, 0x0000, 0x0000, 0x0000, 0x0000, 0x0000, 0x0000, 0x0000, 0x0000, 0x0000,
    0x0000, 0x0000, 0x0000, 0x0000, 0x0000, 0x0000, 0x0000, 0x0000, 0x6240, 0xFE20, 0xFE20, 0xFE60,
    0xD520, 0x0000, 0x0000, 0x0000, 0x0000, 0x0000, 0x0000, 0x0000, 0x0000, 0x0000, 0x0000, 0x0000,
    0x0000, 0x0000, 0x0000, 0x0000, 0x0000, 0x0000, 0x0000, 0x0000, 0x0000, 0x0000, 0x0000, 0x0000,
    0x0000, 0x0000, 0x0000, 0x0000, 0x0000, 0x0000, 0x0000, 0x0000, 0x0000, 0x0000, 0x0000, 0x0000,
    0x0000, 0x0000, 0x0000, 0x0000, 0x0000, 0x0000, 0x0000, 0x0000, 0x0000, 0x0000, 0x0000, 0x0000,
    0x0000, 0x0000, 0x0000, 0x0000, 0x0000, 0x0000, 0x0000, 0x0000, 0x0000, 0x0000, 0x0000, 0x0000,
    0x0000, 0x0000, 0x0000, 0x0000, 0x0000, 0x0000, 0x0000, 0x0000, 0x0000, 0x0000, 0x0000, 0x0000,
    0x0000, 0x0000, 0x0000, 0x0000, 0x0000, 0x0000, 0x0000, 0x0000, 0x0000, 0x0000, 0x0000, 0x0000,
    0x0000, 0x0000, 0x0000, 0x0000, 0x0000, 0x0000, 0x0000, 0x0000, 0x0000, 0x0000, 0x0000, 0x0000,
    0x0000, 0x9380, 0xF620, 0xE5A0, 0x49E0, 0x0000, 0x0000, 0x0000, 0x0000, 0x0000, 0x0000, 0x0000,
    0x0000, 0x0000, 0x0000, 0x0000, 0x0000, 0x0000, 0x0000, 0x0000, 0x0000, 0x0000, 0x0000, 0x0000,
    0x0000, 0x0000, 0x0000, 0x0000, 0x0000, 0x0000, 0x0000, 0x0000, 0x0000, 0x0000, 0x0000, 0x0000,
    0x0000, 0x0000, 0x0000, 0x0000, 0x0000, 0x0000, 0x0000, 0x0000, 0x0000, 0x0000, 0x0000, 0x0000,
    0x0000, 0x0000, 0x0000, 0x0000
  },
  { // 帧 7
    0x0000, 0x0000, 0x0000, 0x0000, 0x0000, 0x0000, 0x0000, 0x0000, 0x0000, 0x0000, 0x0000, 0x0000,
    0x0000, 0x0000, 0x0000, 0x0000, 0x0000, 0x0000, 0x0000, 0x0000, 0x0000, 0x0000, 0x0000, 0x0000,
    0x0000, 0x0000, 0x0000, 0x0000, 0x0000, 0x0000, 0x0000, 0x0000, 0x0000, 0x0000, 0x0000, 0x0000,
    0x0000, 0x0000, 0x0000, 0x0000, 0x0000, 0x0000, 0x0000, 0x0000, 0x0000, 0x0000, 0x0000, 0x0000,
    0x0000, 0x0000, 0x0000, 0x0000, 0x0000, 0x0000, 0x0000, 0x0000, 0x0000, 0x0000, 0x0000, 0x0000,
    0x0000, 0x0000, 0x0000, 0x0000, 0x0000, 0x0000, 0x0000, 0x0000, 0x0000, 0x0000, 0x0000, 0x0000,
    0x0000, 0x0000, 0x0000, 0x0000, 0x0000, 0x0000, 0x0000, 0x0000, 0x0000, 0x0000, 0x0000, 0x0000,
    0x0000, 0x0000, 0x0000, 0x0000, 0x0000, 0x0000, 0x0000, 0x0000, 0x0000, 0x0000, 0x0000, 0x0000,
    0x0000, 0x0000, 0x0000, 0x0000, 0x0000, 0x0000, 0x0000, 0x0000, 0x0000, 0x0000, 0x0000, 0x0000,
    0x0000, 0x0000, 0x0000, 0x0000, 0x0000, 0x0000, 0x0000, 0x0000, 0x0000, 0x0000, 0x0000, 0x0000,
    0x0000, 0x0000, 0x0000, 0x0000, 0x0000, 0x0000, 0x0000, 0x0000, 0x0000, 0x0000, 0x0000, 0x0000,
    0x0000, 0x0000, 0x0000, 0x0000, 0x0000, 0x0000, 0x0000, 0x0000, 0x0000, 0x0000, 0x0000, 0x0000,
    0x0000, 0x0000, 0x0000, 0x0000, 0x0000, 0x0000, 0x0000, 0x0000, 0x0000, 0x0000, 0x0000, 0x0000,
    0x0000, 0x0000, 0x0000, 0x0000, 0x0000, 0x0000, 0x0000, 0x0000, 0x0000, 0x0000, 0x0000, 0x0000,
    0x0000, 0x0000, 0x0000, 0x0000, 0x0000, 0x0000, 0x0000, 0x0000, 0x0000, 0x0000, 0x0000, 0x0000,
    0x0000, 0x0000, 0x0000, 0x0000, 0x0000, 0x0000, 0x0000, 0x0000, 0x0000, 0x0000, 0x0000, 0x0000,
    0x0000, 0x0000, 0x0000, 0x0000, 0x0000, 0x0000, 0x0000, 0x0000, 0x0000, 0x0000, 0x0000, 0x0000,
    0x0000, 0x0000, 0x0000, 0x0000, 0x0000, 0x0000, 0x0000, 0x0000, 0x0000, 0x0000, 0x0000, 0x0000,
    0x0000, 0x0000, 0x0000, 0x0000, 0x0000, 0x0000, 0x0000, 0x0000, 0x0000, 0x0000, 0x0000, 0x0000,
    0x0000, 0x0000, 0x0000, 0x0000, 0x0000, 0x0000, 0x0000, 0x0000, 0x0000, 0x0000, 0x0000, 0x0000,
    0x0000, 0x0000, 0x0000, 0x0000, 0x0000, 0x0000, 0x0000, 0x0000, 0x0000, 0x0000, 0x0000, 0x0000,
    0x0000, 0x0000, 0x0000, 0x0000, 0x0000, 0x0000, 0x0000, 0x0000, 0x0000, 0x0000, 0x0000, 0x0000,
    0x0000, 0x0000, 0x0000, 0x0000, 0x0000, 0x0000, 0x0000, 0x0000, 0x0000, 0x0000, 0x0000, 0x0000,
    0x0000, 0x0000, 0x0000, 0x0000, 0x0000, 0x0000, 0x0000, 0x0000, 0x0000, 0x0000, 0x0000, 0x0000,
    0x0000, 0x0000, 0x0000, 0x0000, 0x0000, 0x0000, 0x0000, 0x0000, 0x0000, 0x0000, 0x0000, 0x0000,
    0x0000, 0x0000, 0x0000, 0x0000, 0x0000, 0x0000, 0x0000, 0x0000, 0x0000, 0x0000, 0x0000, 0x0000,
    0x0000, 0x0000, 0x0000, 0x0000, 0x0000, 0x0000, 0x0000, 0x0000, 0x0000, 0x0000, 0x0000, 0x0000,
    0x0000, 0x0000, 0x0000, 0x0000, 0x0000, 0x0000, 0x0000, 0x0000, 0x0000, 0x0000, 0x0000, 0x0000,
    0x0000, 0x0000, 0x0000, 0x0000, 0x0000, 0x0000, 0x0000, 0x0000, 0x0000, 0x0000, 0x0000, 0x0000,
    0x0000, 0x0000, 0x0000, 0x0000, 0x0000, 0x0000, 0x0000, 0x0000, 0x0000, 0x0000, 0x0000, 0x0000,
    0x0000, 0x0000, 0x0000, 0x0000, 0x0000, 0x0000, 0x0000, 0x0000, 0x0000, 0x0000, 0x0000, 0x0000,
    0x0000, 0x0000, 0x0000, 0x0000, 0x0000, 0x0000, 0x0000, 0x0000, 0x0000, 0x0000, 0x0000, 0x0000,
    0x0000, 0x0000, 0x0000, 0x0000, 0x0000, 0x0000, 0x0000, 0x0000, 0x0000, 0x0000, 0x0000, 0x0000,
    0x0000, 0x0000, 0x0000, 0x0000, 0x0000, 0x0000, 0x0000, 0x0000, 0x0000, 0x0000, 0x0000, 0x0000,
    0x0000, 0x0000, 0x0000, 0x0000, 0x0000, 0x0000, 0x0000, 0x0000, 0x0000, 0x0000, 0x0000, 0x0000,
    0x0000, 0x0000, 0x0000, 0x0000, 0x0000, 0x0000, 0x0000, 0x0000, 0x0000, 0x0000, 0x0000, 0x0000,
    0x0000, 0x0000, 0x0000, 0x0000, 0x0000, 0x0000, 0x0000, 0x0000, 0x0000, 0x0000, 0x0000, 0x0000,
    0x0000, 0x0000, 0x0000, 0x0000, 0x0000, 0x0000, 0x0000, 0x0000, 0x0000, 0x0000, 0x0000, 0x0000,
    0x0000, 0x0000, 0x0000, 0x0000, 0x0000, 0x0000, 0x0000, 0x0000, 0x0000, 0x0000, 0x0000, 0x0000,
    0x0000, 0x0000, 0x0000, 0x0000, 0x0000, 0x0000, 0x0000, 0x0000, 0x0000, 0x0000, 0x0000, 0x0000,
    0x0000, 0x0000, 0x0000, 0x0000, 0x0000, 0x0000, 0x0000, 0x0000, 0x0000, 0x0000, 0x0000, 0x0000,
    0x0000, 0x0000, 0x0000, 0x0000, 0x0000, 0x0000, 0x0000, 0x0000, 0x0000, 0x0000, 0x0000, 0x0000,
    0x0000, 0x0000, 0x0000, 0x0000, 0x0000, 0x0000, 0x0000, 0x0000, 0x0000, 0x0000, 0x0000, 0x0000,
    0x0000, 0x0000, 0x0000, 0x0000, 0x0000, 0x0000, 0x0000, 0x0000, 0x0000, 0x0000, 0x0000, 0x0000,
    0x0000, 0x0000, 0x0000, 0x0000, 0x0000, 0x0000, 0x0000, 0x0000, 0x0000, 0x0000, 0x0000, 0x0000,
    0x0000, 0x0000, 0x0000, 0x0000, 0x0000, 0x0000, 0x0000, 0x0000, 0x0000, 0x0000, 0x0000, 0x0000,
    0x0000, 0x0000, 0x0000, 0x0000, 0x0000, 0x0000, 0x0000, 0x0000, 0x0000, 0x0000, 0x0000, 0x0000,
    0x0000, 0x0000, 0x0000, 0x0000, 0x0000, 0x0000, 0x0000, 0x0000, 0x0000, 0x0000, 0x0000, 0x0000,
    0x0000, 0x0000, 0x0000, 0x0000, 0x0000, 0x0000, 0x0000, 0x0000, 0x0000, 0x0000, 0x0000, 0x0000,
    0x0000, 0x0000, 0x0000, 0x0000, 0x0000, 0x0000, 0x0000, 0x0000, 0x0000, 0x0000, 0x0000, 0x0000,
    0x0000, 0x0000, 0x0000, 0x0000, 0x0000, 0x0000, 0x0000, 0x0000, 0x0000, 0x0000, 0x0000, 0x0000,
    0x0000, 0x0000, 0x0000, 0x0000, 0x0000, 0x0000, 0x0000, 0x0000, 0x0000, 0x0000, 0x0000, 0x0000,
    0x0000, 0x0000, 0x0000, 0x0000, 0x0000, 0x0000, 0x0000, 0x0000, 0x0000, 0x0000, 0x0000, 0x0000,
    0x0000, 0x0000, 0x0000, 0x0000, 0x0000, 0x0000, 0x0000, 0x0000, 0x0000, 0x0000, 0x0000, 0x0000,
    0x0000, 0x0000, 0x0000, 0x0000, 0x0000, 0x0000, 0x0000, 0x0000, 0x0000, 0x0000, 0x0000, 0x0000,
    0x0000, 0x0000, 0x0000, 0x0000, 0x0000, 0x0000, 0x0000, 0x0000, 0x0000, 0x0000, 0x0000, 0x0000,
    0x0000, 0x0000, 0x0000, 0x0000, 0x0000, 0x0000, 0x0000, 0x0000, 0x0000, 0x0000, 0x0000, 0x0000,
    0x0000, 0x0000, 0x0000, 0x0000, 0x0000, 0x0000, 0x0000, 0x0000, 0x0000, 0x0000, 0x0000, 0x0000,
    0x0000, 0x0000, 0x0000, 0x0000, 0x0000, 0x0000, 0x0000, 0x0000, 0x0000, 0x0000, 0x0000, 0x0000,
    0x0000, 0x0000, 0x0000, 0x0000, 0x0000, 0x0000, 0x0000, 0x0000, 0x0000, 0x0000, 0x0000, 0x0000,
    0x0000, 0x0000, 0x0000, 0x0000, 0x0000, 0x0000, 0x0000, 0x0000, 0x0000, 0x0000, 0x0000, 0x0000,
    0x0000, 0x0000, 0x0000, 0x0000, 0x0000, 0x0000, 0x0000, 0x0000, 0x0000, 0x0000, 0x0000, 0x0000,
    0x0000, 0x0000, 0x0000, 0x0000, 0x0000, 0x0000, 0x0000, 0x0000, 0x0000, 0x0000, 0x0000, 0x0000,
    0x0000, 0x0000, 0x0000, 0x0000, 0x0000, 0x0000, 0x0000, 0x0000, 0x0000, 0x0000, 0x0000, 0x0000,
    0x0000, 0x0000, 0x0000, 0x0000, 0x0000, 0x0000, 0x0000, 0x0000, 0x0000, 0x0000, 0x0000, 0x0000,
    0x0000, 0x0000, 0x0000, 0x0000, 0x0000, 0x0000, 0x0000, 0x0000, 0x0000, 0x0000, 0x0000, 0x0000,
    0x0000, 0x0000, 0x0000, 0x0000, 0x0000, 0x0000, 0x0000, 0x0000, 0x0000, 0x0000, 0x0000, 0x0000,
    0x0000, 0x0000, 0x0000, 0x0000, 0x0000, 0x0000, 0x0000, 0x0000, 0x0000, 0x0000, 0x0000, 0x0000,
    0x0000, 0x0000, 0x0000, 0x0000, 0x0000, 0x0000, 0x0000, 0x0000, 0x0000, 0x0000, 0x0000, 0x0000,
    0x0000, 0x0000, 0x0000, 0x0000, 0x0000, 0x0000, 0x0000, 0x0000, 0x0000, 0x0000, 0x0000, 0x0000,
    0x0000, 0x0000, 0x0000, 0x0000, 0x0000, 0x0000, 0x0000, 0x0000, 0x0000, 0x0000, 0x0000, 0x0000,
    0x0000, 0x0000, 0x0000, 0x0000, 0x0000, 0x0000, 0x0000, 0x0000, 0x0000, 0x0000, 0x0000, 0x0000,
    0x0000, 0x0000, 0x0000, 0x0000, 0x0000, 0x0000, 0x0000, 0x0000, 0x0000, 0x0000, 0x0000, 0x0000,
    0x0000, 0x0000, 0x0000, 0x0000, 0x0000, 0x0000, 0x0000, 0x0000, 0x0000, 0x0000, 0x0000, 0x0000,
    0x0000, 0x0000, 0x0000, 0x0000, 0x0000, 0x0000, 0x0000, 0x0000, 0x0000, 0x0000, 0x0000, 0x0000,
    0x0000, 0x0000, 0x0000, 0x0000, 0x0000, 0x0000, 0x0000, 0x0000, 0x0000, 0x0000, 0x0000, 0x0000,
    0x0000, 0x0000, 0x0000, 0x0000, 0x0000, 0x0000, 0x0000, 0x0000, 0x0000, 0x0000, 0x0000, 0x0000,
    0x0000, 0x0000, 0x0000, 0x0000, 0x0000, 0x0000, 0x0000, 0x0000, 0x0000, 0x0000, 0x0000, 0x0000,
    0x0000, 0x0000, 0x0000, 0x0000, 0x0000, 0x0000, 0x0000, 0x0000, 0x0000, 0x0000, 0x0000, 0x0000,
    0x0000, 0x0000, 0x0000, 0x0000, 0x0000, 0x0000, 0x0000, 0x0000, 0x0000, 0x0000, 0x0000, 0x0000,
    0x0000, 0x0000, 0x0000, 0x0000, 0x0000, 0x0000, 0x0000, 0x0000, 0x0000, 0x0000, 0x0000, 0x0000,
    0x0000, 0x0000, 0x0000, 0x0000, 0x0000, 0x0000, 0x0000, 0x0000, 0x0000, 0x0000, 0x0000, 0x0000,
    0x0000, 0x0000, 0x0000, 0x0000, 0x0000, 0x0000, 0x0000, 0x0000, 0x0000, 0x0000, 0x0000, 0x0000,
    0x0000, 0x0000, 0x0000, 0x0000, 0x0000, 0x0000, 0x0000, 0x0000, 0x0000, 0x0000, 0x0000, 0x0000,
    0x0000, 0x0000, 0x0000, 0x0000, 0x0000, 0x0000, 0x0000, 0x0000, 0x0000, 0x0000, 0x0000, 0x0000,
    0x0000, 0x0000, 0x0000, 0x0000, 0x0000, 0x0000, 0x0000, 0x0000, 0x0000, 0x0000, 0x0000, 0x0000,
    0x0000, 0x0000, 0x0000, 0x0000, 0x0000, 0x0000, 0x0000, 0x0000, 0x0000, 0x0000, 0x0000, 0x0000,
    0x0000, 0x0000, 0x0000, 0x0000, 0x0000, 0x0000, 0x0000, 0x0000, 0x0000, 0x0000, 0x0000, 0x0000,
    0x0000, 0x0000, 0x0000, 0x0000, 0x0000, 0x0000, 0x0000, 0x0000, 0x0000, 0x0000, 0x0000, 0x0000,
    0x0000, 0x0000, 0x0000, 0x0000, 0x0000, 0x0000, 0x0000, 0x0000, 0x0000, 0x0000, 0x0000, 0x0000,
    0x0000, 0x0000, 0x0000, 0x0000, 0x0000, 0x0000, 0x0000, 0x0000, 0x0000, 0x0000, 0x0000, 0x0000,
    0x0000, 0x0000, 0x0000, 0x0000, 0x0000, 0x0000, 0x0000, 0x0000, 0x0000, 0x0000, 0x0000, 0x0000,
    0x0000, 0x0000, 0x0000, 0x0000, 0x0000, 0x0000, 0x0000, 0x0000, 0x0000, 0x0000, 0x0000, 0x0000,
    0x0000, 0x0000, 0x0000, 0x0000, 0x0000, 0x0000, 0x0000, 0x0000, 0x0000, 0x0000, 0x0000, 0x0000,
    0x0000, 0x0000, 0x0000, 0x0000, 0x0000, 0x0000, 0x0000, 0x0000, 0x0000, 0x0000, 0x0000, 0x0000,
    0x0000, 0x0000, 0x0000, 0x0000, 0x0000, 0x0000, 0x0000, 0x0000, 0x0000, 0x0000, 0x0000, 0x0000,
    0x0000, 0x0000, 0x0000, 0x0000, 0x0000, 0x0000, 0x0000, 0x0000, 0x0000, 0x0000, 0x0000, 0x0000,
    0x0000, 0x0000, 0x0000, 0x0000, 0x0000, 0x0000, 0x0000, 0x0000, 0x0000, 0x0000, 0x0000, 0x0000,
    0x0000, 0x0000, 0x0000, 0x0000, 0x0000, 0x0000, 0x0000, 0x0000, 0x0000, 0x0000, 0x0000, 0x0000,
    0x0000, 0x0000, 0x0000, 0x0000, 0x0000, 0x0000, 0x0000, 0x0000, 0x0000, 0x0000, 0x0000, 0x0000,
    0x0000, 0x0000, 0x0000, 0x0000, 0x0000, 0x0000, 0x0000, 0x0000, 0x0000, 0x0000, 0x0000, 0x0000,
    0x0000, 0x0000, 0x0000, 0x0000, 0x0000, 0x0000, 0x0000, 0x0000, 0x0000, 0x0000, 0x0000, 0x0000,
    0x0000, 0x0000, 0x0000, 0x0000, 0x0000, 0x0000, 0x0000, 0x0000, 0x0000, 0x0000, 0x0000, 0x0000,
    0x0000, 0x0000, 0x0000, 0x0000, 0x0000, 0x0000, 0x0000, 0x0000, 0x0000, 0x0000, 0x0000, 0x0000,
    0x0000, 0x0000, 0x0000, 0x0000, 0x0000, 0x0000, 0x0000, 0x0000, 0x0000, 0x0000, 0x0000, 0x0000,
    0x0000, 0x0000, 0x0000, 0x0000, 0x0000, 0x0000, 0x0000, 0x0000, 0x0000, 0x0000, 0x0000, 0x0000,
    0x0000, 0x0000, 0x0000, 0x0000, 0x0000, 0x0000, 0x0000, 0x0000, 0x0000, 0x0000, 0x0000, 0x0000,
    0x0000, 0x0000, 0x0000, 0x0000, 0x0000, 0x0000, 0x0000, 0x0000, 0x0000, 0x0000, 0x0000, 0x0000,
    0x0000, 0x0000, 0x0000, 0x0000, 0x0000, 0x0000, 0x0000, 0x0000, 0x0000, 0x0000, 0x0000, 0x0000,
    0x0000, 0x0000, 0x0000, 0x0000, 0x0000, 0x0000, 0x0000, 0x0000, 0x0000, 0x0000, 0x0000, 0x0000,
    0x0000, 0x0000, 0x0000, 0x0000, 0x0000, 0x0000, 0x0000, 0x0000, 0x0000, 0x0000, 0x0000, 0x0000,
    0x0000, 0x0000, 0x0000, 0x0000, 0x0000, 0x0000, 0x0000, 0x0000, 0x0000, 0x0000, 0x0000, 0x0000,
    0x0000, 0x0000, 0x0000, 0x0000, 0x0000, 0x0000, 0x0000, 0x0000, 0x0000, 0x0000, 0x0000, 0x0000,
    0x0000, 0x0000, 0x0000, 0x0000, 0x0000, 0x0000, 0x0000, 0x0000, 0x0000, 0x0000, 0x0000, 0x0000,
    0x0000, 0x0000, 0x0000, 0x0000, 0x0000, 0x0000, 0x0000, 0x0000, 0x0000, 0x0000, 0x0000, 0x0000,
    0x0000, 0x0000, 0x0000, 0x0000, 0x0000, 0x0000, 0x0000, 0x0000, 0x0000, 0x0000, 0x0000, 0x0000,
    0x0000, 0x0000, 0x0000, 0x0000, 0x0000, 0x0000, 0x0000, 0x0000, 0x0000, 0x0000, 0x0000, 0x0000,
    0x0000, 0x0000, 0x0000, 0x0000, 0x0000, 0x0000, 0x0000, 0x0000, 0x0000, 0x0000, 0x0000, 0x0000,
    0x0000, 0x0000, 0x0000, 0x0000, 0x0000, 0x0000, 0x0000, 0x0000, 0x0000, 0x0000, 0x0000, 0x0000,
    0x0000, 0x0000, 0x0000, 0x0000, 0x0000, 0x0000, 0x0000, 0x0000, 0x0000, 0x0000, 0x0000, 0x0000,
    0x0000, 0x0000, 0x0000, 0x0000, 0x0000, 0x0000, 0x0000, 0x0000, 0x0000, 0x0000, 0x0000, 0x0000,
    0x0000, 0x0000, 0x0000, 0x0000, 0x0000, 0x0000, 0x0000, 0x0000, 0x0000, 0x0000, 0x0000, 0x0000,
    0x0000, 0x0000, 0x0000, 0x0000, 0x0000, 0x0000, 0x0000, 0x0000, 0x0000, 0x0000, 0x0000, 0x0000,
    0x0000, 0x0000, 0x0000, 0x0000, 0x0000, 0x0000, 0x0000, 0x0000, 0x0000, 0x0000, 0x0000, 0x0000,
    0x0000, 0x0000, 0x0000, 0x0000, 0x0000, 0x0000, 0x0000, 0x0000, 0x0000, 0x0000, 0x0000, 0x0000,
    0x0000, 0x0000, 0x0000, 0x0000, 0x0000, 0x0000, 0x0000, 0x0000, 0x0000, 0x0000, 0x0000, 0x0000,
    0x0000, 0x0000, 0x0000, 0x0000, 0x0000, 0x0000, 0x0000, 0x0000, 0x0000, 0x0000, 0x0000, 0x0000,
    0x0000, 0x0000, 0x0000, 0x0000, 0x0000, 0x0000, 0x0000, 0x0000, 0x0000, 0x0000, 0x0000, 0x0000,
    0x0000, 0x0000, 0x0000, 0x0000, 0x0000, 0x0000, 0x0000, 0x0000, 0x0000, 0x0000, 0x0000, 0x0000,
    0x0000, 0x0000, 0x0000, 0x0000, 0x0000, 0x0000, 0x0000, 0x0000, 0x0000, 0x0000, 0x0000, 0x0000,
    0x0000, 0x0000, 0x0000, 0x0000, 0x0000, 0x0000, 0x0000, 0x0000, 0x0000, 0x0000, 0x0000, 0x0000,
    0x0000, 0x0000, 0x0000, 0x0000, 0x0000, 0x0000, 0x0000, 0x0000, 0x0000, 0x0000, 0x0000, 0x0000,
    0x0000, 0x0000, 0x0000, 0x0000, 0x0000, 0x0000, 0x0000, 0x0000, 0x0000, 0x0000, 0x0000, 0x0000,
    0x0000, 0x0000, 0x0000, 0x0000, 0x0000, 0x0000, 0x0000, 0x0000, 0x0000, 0x0000, 0x0000, 0x0000,
    0x0000, 0x0000, 0x0000, 0x0000, 0x0000, 0x0000, 0x0000, 0x0000, 0x0000, 0x0000, 0x0000, 0x0000,
    0x0000, 0x0000, 0x0000, 0x0000, 0x0000, 0x0000, 0x0000, 0x0000, 0x0000, 0x0000, 0x0000, 0x0000,
    0x0000, 0x0000, 0x0000, 0x0000, 0x0000, 0x0000, 0x0000, 0x0000, 0x0000, 0x0000, 0x0000, 0x0000,
    0x0000, 0x0000, 0x0000, 0x0000, 0x0000, 0x0000, 0x0000, 0x0000, 0x0000, 0x0000, 0x0000, 0x0000,
    0x0000, 0x0000, 0x0000, 0x0000, 0x0000, 0x0000, 0x0000, 0x0000, 0x0000, 0x0000, 0x0000, 0x0000,
    0x0000, 0x0000, 0x0000, 0x0000, 0x0000, 0x0000, 0x0000, 0x0000, 0x0000, 0x0000, 0x0000, 0x0000,
    0x0000, 0x0000, 0x0000, 0x0000, 0x0000, 0x0000, 0x0000, 0x0000, 0x0000, 0x0000, 0x0000, 0x0000,
    0x0000, 0x0000, 0x0000, 0x0000, 0x0000, 0x0000, 0x0000, 0x0000, 0x0000, 0x0000, 0x0000, 0x0000,
    0x0000, 0x0000, 0x0000, 0x0000, 0x0000, 0x0000, 0x0000, 0x0000, 0x0000, 0x0000, 0x0000, 0x0000,
    0x0000, 0x0000, 0x0000, 0x0000, 0x0000, 0x0000, 0x0000, 0x0000, 0x0000, 0x0000, 0x0000, 0x0000,
    0x0000, 0x0000, 0x0000, 0x0000, 0x0000, 0x0000, 0x0000, 0x0000, 0x0000, 0x0000, 0x0000, 0x0000,
    0x0000, 0x0000, 0x0000, 0x0000, 0x0000, 0x0000, 0x0000, 0x0000, 0x0000, 0x0000, 0x0000, 0x0000,
    0x0000, 0x5ACB, 0x7BCF, 0x9492, 0xA514, 0xAD55, 0xAD75, 0xAD55, 0x9CF3, 0x8C71, 0x73AF, 0x52AB,
    0x0000, 0x0000, 0x0000, 0x0000, 0x0000, 0x0000, 0x0000, 0x0000, 0x0000, 0x0000, 0x0000, 0x0000,
    0x0000, 0x0000, 0x0000, 0x0000, 0x0000, 0x0000, 0x0000, 0x0000, 0x0000, 0x0000, 0x0000, 0x0000,
    0x0000, 0x0000, 0x0000, 0x0000, 0x0000, 0x0000, 0x0000, 0x0000, 0x0000, 0x0000, 0x0000, 0x0000,
    0x0000, 0x0000, 0x0000, 0x0000, 0x0000, 0x0000, 0x0000, 0x0000, 0x0000, 0x0000, 0x0000, 0x0000,
    0x0000, 0x0000, 0x0000, 0x0000, 0x0000, 0x0000, 0x0000, 0x0000, 0x0000, 0x0000, 0x0000, 0x0000,
    0x0000, 0x0000, 0x0000, 0x0000, 0x0000, 0x0000, 0x0000, 0x0000, 0x0000, 0x0000, 0x0000, 0x0000,
    0x0000, 0x0000, 0x0000, 0x0000, 0x0000, 0x0000, 0x0000, 0x0000, 0x0000, 0x0000, 0x0000, 0x0000,
    0x0000, 0x5AEB, 0xA514, 0xCE7A, 0xE75D, 0xEF9E, 0xF79E, 0xEF9E, 0xEF7E, 0xEF7E, 0xEF7E, 0xEF7E,
    0xF79E, 0xF79E, 0xF7BE, 0xF79E, 0xE73D, 0xCE7A, 0xA534, 0x632C, 0x0000, 0x0000, 0x0000, 0x0000,
    0x0000, 0x0000, 0x0000, 0x0000, 0x0000, 0x0000, 0x0000, 0x0000, 0x0000, 0x0000, 0x0000, 0x0000,
    0x0000, 0x0000, 0x0000, 0x0000, 0x0000, 0x0000, 0x0000, 0x0000, 0x0000, 0x0000, 0x0000, 0x0000,
    0x0000, 0x0000, 0x0000, 0x0000, 0x0000, 0x0000, 0x0000, 0x0000, 0x0000, 0x0000, 0x0000, 0x0000,
    0x0000, 0x0000, 0x0000, 0x0000, 0x0000, 0x0000, 0x0000, 0x0000, 0x0000, 0x0000, 0x0000, 0x0000,
    0x0000, 0x0000, 0x0000, 0x0000, 0x0000, 0x0000, 0x0000, 0x0000, 0x0000, 0x0000, 0x0000, 0x0000,
    0x0000, 0x0000, 0x0000, 0x0000, 0x0000, 0x0000, 0x0000, 0x0000, 0x0000, 0x0000, 0x0000, 0x0000,
    0x0000, 0x0000, 0x0000, 0x9492, 0xD6DB, 0xF79E, 0xEF7E, 0xE73C, 0xDF1C, 0xDEFC, 0xDEFB, 0xDEFC,
    0xDEFC, 0xDEFC, 0xDF1C, 0xDF1C, 0xDF1C, 0xDEFC, 0xDEFC, 0xDEFC, 0xE71C, 0xE73C, 0xEF7D, 0xF79E,
    0xDEFC, 0xAD55, 0x4A69, 0x0000, 0x0000, 0x0000, 0x0000, 0x0000, 0x0000, 0x0000, 0x0000, 0x0000,
    0x0000, 0x0000, 0x0000, 0x0000, 0x0000, 0x0000, 0x0000, 0x0000, 0x0000, 0x0000, 0x0000, 0x0000,
    0x0000, 0x0000, 0x0000, 0x0000, 0x0000, 0x0000, 0x0000, 0x0000, 0x0000, 0x0000, 0x0000, 0x0000,
    0x0000, 0x0000, 0x0000, 0x0000, 0x0000, 0x0000, 0x0000, 0x0000, 0x0000, 0x0000, 0x0000, 0x0000,
    0x0000, 0x0000, 0x0000, 0x0000, 0x0000, 0x0000, 0x0000, 0x0000, 0x0000, 0x0000, 0x0000, 0x0000,
    0x0000, 0x0000, 0x0000, 0x0000, 0x0000, 0x0000, 0x0000, 0x0000, 0x0000, 0x0000, 0x0000, 0x0000,
    0x0000, 0x0000, 0x0000, 0x0000, 0x0000, 0x9CD3, 0xE73D, 0xEF9E, 0xE73C, 0xDEFC, 0xDEFC, 0xDF1C,
    0xE71C, 0xDF1C, 0xDF1C, 0xDF1C, 0xDF1B, 0xDF1C, 0xE71C, 0xE71C, 0xE71C, 0xE71C, 0xE71C, 0xE71C,
    0xE71C, 0xDF1C, 0xDEFC, 0xDEFC, 0xE71C, 0xEF7D, 0xF79E, 0xC5F7, 0x528A, 0x0000, 0x0000, 0x0000,
    0x0000, 0x0000, 0x0000, 0x0000, 0x0000, 0x0000, 0x0000, 0x0000, 0x0000, 0x0000, 0x0000, 0x0000,
    0x0000, 0x0000, 0x0000, 0x0000, 0x0000, 0x0000, 0x0000, 0x0000, 0x0000, 0x0000, 0x0000, 0x0000,
    0x0000, 0x0000, 0x0000, 0x0000, 0x0000, 0x0000, 0x0000, 0x0000, 0x0000, 0x0000, 0x0000, 0x0000,
    0x0000, 0x0000, 0x0000, 0x0000, 0x0000, 0x0000, 0x0000, 0x0000, 0x0000, 0x0000, 0x0000, 0x0000,
    0x0000, 0x0000, 0x0000, 0x0000, 0x0000, 0x0000, 0x0000, 0x0000, 0x0000, 0x0000, 0x0000, 0x0000,
    0x0000, 0x0000, 0x0000, 0x0000, 0x0000, 0x0000, 0x0000, 0x73AE, 0xE71C, 0xEF9E, 0xE71C, 0xDEFC,
    0xDF1C, 0xDF1C, 0xDF1C, 0xDF1C, 0xDF1C, 0xDF1B, 0xDF1C, 0xDF1C, 0xDF1C, 0xDF1C, 0xDF1C, 0xE71C,
    0xDF1C, 0xDF1C, 0xDF1C, 0xDF1C, 0xDF1C, 0xDF1C, 0xE71C, 0xE71C, 0xE71C, 0xDF1C, 0xDF1C, 0xEF5D,
    0xF79E, 0xAD75, 0x0000, 0x0000, 0x0000, 0x0000, 0x0000, 0x0000, 0x0000, 0x0000, 0x0000, 0x0000,
    0x0000, 0x0000, 0x0000, 0x0000, 0x0000, 0x0000, 0x0000, 0x0000, 0x0000, 0x0000, 0x0000, 0x0000,
    0x0000, 0x0000, 0x0000, 0x0000, 0x0000, 0x0000, 0x0000, 0x0000, 0x0000, 0x0000, 0x0000, 0x0000,
    0x0000, 0x0000, 0x0000, 0x0000, 0x0000, 0x0000, 0x0000, 0x0000, 0x0000, 0x0000, 0x0000, 0x0000,
    0x0000, 0x0000, 0x0000, 0x0000, 0x0000, 0x0000, 0x0000, 0x0000, 0x0000, 0x0000, 0x0000, 0x0000,
    0x0000, 0x0000, 0x0000, 0x0000, 0x0000, 0x0000, 0x0000, 0x0000, 0x0000, 0x0000, 0xBDD7, 0xF7BE,
    0xE71C, 0xDEFC, 0xDF1C, 0xE71C, 0xDF1B, 0xDF1B, 0xDF1B, 0xDF1C, 0xDF1C, 0xDF1C, 0xDF1C, 0xDF1C,
    0xDF1B, 0xDF1C, 0xDF1C, 0xDF1C, 0xDF1C, 0xDF1C, 0xDEFC, 0xDEFB, 0xDEFB, 0xDF1C, 0xDF1C, 0xE71C,
    0xE71C, 0xE71C, 0xE71C, 0xE71C, 0xDEFC, 0xEF7E, 0xE73C, 0x6B6D, 0x0000, 0x0000, 0x0000, 0x0000,
    0x0000, 0x0000, 0x0000, 0x0000, 0x0000, 0x0000, 0x0000, 0x0000, 0x0000, 0x0000, 0x0000, 0x0000,
    0x0000, 0x0000, 0x0000, 0x0000, 0x0000, 0x0000, 0x0000, 0x0000, 0x0000, 0x0000, 0x0000, 0x0000,
    0x0000, 0x0000, 0x0000, 0x0000, 0x0000, 0x0000, 0x0000, 0x0000, 0x0000, 0x0000, 0x0000, 0x0000,
    0x0000, 0x0000, 0x0000, 0x0000, 0x0000, 0x0000, 0x0000, 0x0000, 0x0000, 0x0000, 0x0000, 0x0000,
    0x0000, 0x0000, 0x0000, 0x0000, 0x0000, 0x0000, 0x0000, 0x0000, 0x0000, 0x0000, 0x0000, 0x0000,
    0x4A49, 0xDEFB, 0xEF7E, 0xDEFB, 0xDF1C, 0xDF1C, 0xDF1C, 0xDF1B, 0xDF1C, 0xDEFB, 0xDF1B, 0xE71C,
    0xE71C, 0xDF1C, 0xE71C, 0xDF1C, 0xDF1C, 0xDF1B, 0xDEFB, 0xDF1B, 0xDF1C, 0xDF1C, 0xDF1C, 0xDF1B,
    0xDEFC, 0xDEFC, 0xDEFC, 0xDF1C, 0xE71C, 0xE71C, 0xE71C, 0xE71C, 0xE71C, 0xDF1C, 0xE71C, 0xF7BE,
    0xA514, 0x0000, 0x0000, 0x0000, 0x0000, 0x0000, 0x0000, 0x0000, 0x0000, 0x0000, 0x0000, 0x0000,
    0x0000, 0x0000, 0x0000, 0x0000, 0x0000, 0x0000, 0x0000, 0x0000, 0x0000, 0x0000, 0x0000, 0x0000,
    0x0000, 0x0000, 0x0000, 0x0000, 0x0000, 0x0000, 0x0000, 0x0000, 0x0000, 0x0000, 0x0000, 0x0000,
    0x0000, 0x0000, 0x0000, 0x0000, 0x0000, 0x0000, 0x0000, 0x0000, 0x0000, 0x0000, 0x0000, 0x0000,
    0x0000, 0x0000, 0x0000, 0x0000, 0x0000, 0x0000, 0x0000, 0x0000, 0x0000, 0x0000, 0x0000, 0x0000,
    0x0000, 0x0000, 0x0000, 0x5AEB, 0xEF7D, 0xE73C, 0xDEFC, 0xE71C, 0xDF1B, 0xDF1B, 0xE71C, 0xE71C,
    0xE71C, 0xDF1C, 0xE71C, 0xE71C, 0xE71C, 0xDF1C, 0xDF1C, 0xDF1C, 0xDF1C, 0xDF1C, 0xDEFB, 0xDF1B,
    0xE71C, 0xDF1B, 0xDF1B, 0xDEFC, 0xDEFB, 0xDEFB, 0xDF1C, 0xDF1C, 0xDF1C, 0xE71C, 0xE71C, 0xE71C,
    0xE71C, 0xE71C, 0xE71C, 0xDEFB, 0xF79E, 0xBDF7, 0x0000, 0x0000, 0x0000, 0x0000, 0x0000, 0x0000,
    0x0000, 0x0000, 0x0000, 0x0000, 0x0000, 0x0000, 0x0000, 0x0000, 0x0000, 0x0000, 0x0000, 0x0000,
    0x0000, 0x0000, 0x0000, 0x0000, 0x0000, 0x0000, 0x0000, 0x0000, 0x0000, 0x0000, 0x0000, 0x0000,
    0x0000, 0x0000, 0x0000, 0x0000, 0x0000, 0x0000, 0x0000, 0x0000, 0x0000, 0x0000, 0x0000, 0x0000,
    0x0000, 0x0000, 0x0000, 0x0000, 0x0000, 0x0000, 0x0000, 0x0000, 0x0000, 0x0000, 0x0000, 0x0000,
    0x0000, 0x0000, 0x0000, 0x0000, 0x0000, 0x0000, 0x5AEB, 0xF79E, 0xE71C, 0xDF1C, 0xE71C, 0xE71C,
    0xDF1C, 0xDF1C, 0xE71C, 0xE71C, 0xE71C, 0xDF1C, 0xE71C, 0xE71C, 0xDF1C, 0xDF1C, 0xDF1C, 0xDF1C,
    0xDF1C, 0xDF1C, 0xDF1C, 0xDF1C, 0xE71C, 0xE71C, 0xE71C, 0xDF1C, 0xDEFC, 0xDEFC, 0xDF1B, 0xDEFC,
    0xDEFC, 0xDF1C, 0xE71C, 0xE71C, 0xE71C, 0xE71C, 0xDF1C, 0xE71C, 0xDEFB, 0xEF7D, 0xCE59, 0x0000,
    0x0000, 0x0000, 0x0000, 0x0000, 0x0000, 0x0000, 0x0000, 0x0000, 0x0000, 0x0000, 0x0000, 0x0000,
    0x0000, 0x0000, 0x0000, 0x0000, 0x0000, 0x0000, 0x0000, 0x0000, 0x0000, 0x0000, 0x0000, 0x0000,
    0x0000, 0x0000, 0x0000, 0x0000, 0x0000, 0x0000, 0x0000, 0x0000, 0x0000, 0x0000, 0x0000, 0x0000,
    0x0000, 0x0000, 0x0000, 0x0000, 0x0000, 0x0000, 0x0000, 0x0000, 0x0000, 0x0000, 0x0000, 0x0000,
    0x0000, 0x0000, 0x0000, 0x0000, 0x0000, 0x0000, 0x0000, 0x0000, 0x0000, 0x4A69, 0xEF7E, 0xE71C,
    0xDF1C, 0xE71C, 0xE71C, 0xE71C, 0xDF1C, 0xE71C, 0xE71C, 0xE71C, 0xDEFC, 0xDEFC, 0xDF1C, 0xE71C,
    0xDF1C, 0xDF1C, 0xDF1C, 0xDF1C, 0xDF1C, 0xDF1C, 0xDF1C, 0xDF1C, 0xE71C, 0xE71C, 0xE71C, 0xE71C,
    0xDF1C, 0xDF1C, 0xDEFB, 0xDEFC, 0xDEFC, 0xE6FC, 0xE71C, 0xE71C, 0xE71C, 0xE71C, 0xDF1C, 0xE71C,
    0xE71C, 0xDEFB, 0xEF7D, 0xCE59, 0x0000, 0x0000, 0x0000, 0x0000, 0x0000, 0x0000, 0x0000, 0x0000,
    0x0000, 0x0000, 0x0000, 0x0000, 0x0000, 0x0000, 0x0000, 0x0000, 0x0000, 0x0000, 0x0000, 0x0000,
    0x0000, 0x0000, 0x0000, 0x0000, 0x0000, 0x0000, 0x0000, 0x0000, 0x0000, 0x0000, 0x0000, 0x0000,
    0x0000, 0x0000, 0x0000, 0x0000, 0x0000, 0x0000, 0x0000, 0x0000, 0x0000, 0x0000, 0x0000, 0x0000,
    0x0000, 0x0000, 0x0000, 0x0000, 0x0000, 0x0000, 0x0000, 0x0000, 0x0000, 0x0000, 0x0000, 0x0000,
    0x0000, 0xE73C, 0xE73C, 0xE71C, 0xE71C, 0xE71C, 0xE71C, 0xDF1C, 0xDF1C, 0xE71C, 0xE71C, 0xE71C,
    0xE71C, 0xDEFC, 0xDEFB, 0xDF1C, 0xDF1C, 0xDF1C, 0xDF1C, 0xDF1C, 0xDF1C, 0xDF1C, 0xDF1C, 0xE71C,
    0xE71C, 0xE71C, 0xE71C, 0xDF1C, 0xDF1C, 0xDF1C, 0xDF1C, 0xE71C, 0xE71C, 0xDEFC, 0xE71C, 0xE71C,
    0xE71C, 0xE71C, 0xDF1C, 0xDF1C, 0xDF1C, 0xE71C, 0xDEFB, 0xEF7E, 0xB596, 0x0000, 0x0000, 0x0000,
    0x0000, 0x0000, 0x0000, 0x0000, 0x0000, 0x0000, 0x0000, 0x0000, 0x0000, 0x0000, 0x0000, 0x0000,
    0x0000, 0x0000, 0x0000, 0x0000, 0x0000, 0x0000, 0x0000, 0x0000, 0x0000, 0x0000, 0x0000, 0x0000,
    0x0000, 0x0000, 0x0000, 0x0000, 0x0000, 0x0000, 0x0000, 0x0000, 0x0000, 0x0000, 0x0000, 0x0000,
    0x0000, 0x0000, 0x0000, 0x0000, 0x0000, 0x0000, 0x0000, 0x0000, 0x0000, 0x0000, 0x0000, 0x0000,
    0x0000, 0x0000, 0x0000, 0x0000, 0xC618, 0xEF7D, 0xDF1C, 0xE73C, 0xE71C, 0xE71C, 0xDF1C, 0xDF1B,
    0xDF1C, 0xE71C, 0xE71C, 0xE71C, 0xE71C, 0xE71C, 0xDEFB, 0xDF1C, 0xDF1C, 0xDF1C, 0xDF1C, 0xDF1C,
    0xDF1C, 0xDF1C, 0xDF1C, 0xDF1C, 0xDF1C, 0xDF1C, 0xDF1C, 0xDF1C, 0xE71C, 0xE71C, 0xE71C, 0xE71C,
    0xE71C, 0xE71C, 0xE71C, 0xE71C, 0xE71C, 0xE71C, 0xDEFC, 0xDEFB, 0xDEFB, 0xDF1C, 0xE71C, 0xDEFB,
    0xF7BE, 0x8C30, 0x0000, 0x0000, 0x0000, 0x0000, 0x0000, 0x0000, 0x0000, 0x0000, 0x0000, 0x0000,
    0x0000, 0x0000, 0x0000, 0x0000, 0x0000, 0x0000, 0x0000, 0x0000, 0x0000, 0x0000, 0x0000, 0x0000,
    0x0000, 0x0000, 0x0000, 0x0000, 0x0000, 0x0000, 0x0000, 0x0000, 0x0000, 0x0000, 0x0000, 0x0000,
    0x0000, 0x0000, 0x0000, 0x0000, 0x0000, 0x0000, 0x0000, 0x0000, 0x0000, 0x0000, 0x0000, 0x0000,
    0x0000, 0x0000, 0x0000, 0x0000, 0x0000, 0x0000, 0x0000, 0x8410, 0xF7BE, 0xDEFC, 0xE71C, 0xE71C,
    0xE71C, 0xE71C, 0xE71C, 0xDF1C, 0xE71C, 0xE71C, 0xE71C, 0xE71C, 0xE71C, 0xE6FC, 0xDF1C, 0xDF1C,
    0xDF1C, 0xDF1C, 0xDF1C, 0xDF1C, 0xDF1C, 0xDF1C, 0xDF1C, 0xDF1C, 0xDEFC, 0xDF1C, 0xDF1C, 0xDF1C,
    0xDF1C, 0xDF1C, 0xDEFB, 0xE71C, 0xE71C, 0xE6FB, 0xE71C, 0xE71C, 0xE71C, 0xE71C, 0xE6FB, 0xDEFB,
    0xDEFB, 0xDEFB, 0xDEFB, 0xDF1B, 0xDEFB, 0xEF9E, 0x4A49, 0x0000, 0x0000, 0x0000, 0x0000, 0x0000,
    0x0000, 0x0000, 0x0000, 0x0000, 0x0000, 0x0000, 0x0000, 0x0000, 0x0000, 0x0000, 0x0000, 0x0000,
    0x0000, 0x0000, 0x0000, 0x0000, 0x0000, 0x0000, 0x0000, 0x0000, 0x0000, 0x0000, 0x0000, 0x0000,
    0x0000, 0x0000, 0x0000, 0x0000, 0x0000, 0x0000, 0x0000, 0x0000, 0x0000, 0x0000, 0x0000, 0x0000,
    0x0000, 0x0000, 0x0000, 0x0000, 0x0000, 0x0000, 0x0000, 0x0000, 0x0000, 0x0000, 0x0000, 0xE75D,
    0xDF1C, 0xDF1C, 0xDF1C, 0xE71C, 0xE71C, 0xE71C, 0xE71C, 0xE71C, 0xE71C, 0xE71C, 0xE71C, 0xE71C,
    0xE71C, 0xE71C, 0xE71C, 0xDF1C, 0xDF1C, 0xDF1C, 0xDF1C, 0xDF1C, 0xDF1C, 0xDF1C, 0xDF1C, 0xDF1C,
    0xDF1C, 0xDF1C, 0xDF1C, 0xDF1C, 0xE71C, 0xE71C, 0xE71C, 0xE71C, 0xE71C, 0xE71C, 0xE71C, 0xE6FC,
    0xE6FC, 0xE6FC, 0xDEFB, 0xDEFB, 0xDEFB, 0xDEFB, 0xDEFB, 0xDEFB, 0xDEFB, 0xEF5D, 0xCE7A, 0x0000,
    0x0000, 0x0000, 0x0000, 0x0000, 0x0000, 0x0000, 0x0000, 0x0000, 0x0000, 0x0000, 0x0000, 0x0000,
    0x0000, 0x0000, 0x0000, 0x0000, 0x0000, 0x0000, 0x0000, 0x0000, 0x0000, 0x0000, 0x0000, 0x0000,
    0x0000, 0x0000, 0x0000, 0x0000, 0x0000, 0x0000, 0x0000, 0x0000, 0x0000, 0x0000, 0x0000, 0x0000,
    0x0000, 0x0000, 0x0000, 0x0000, 0x0000, 0x0000, 0x0000, 0x0000, 0x0000, 0x0000, 0x0000, 0x0000,
    0x0000, 0x0000, 0xAD75, 0xEF7D, 0xDEFB, 0xDF1C, 0xDF1C, 0xDF1C, 0xDF1C, 0xE71C, 0xE71B, 0xE71B,
    0xDF1B, 0xDEFB, 0xE71C, 0xE71C, 0xE71C, 0xE71C, 0xE71C, 0xDF1C, 0xDF1C, 0xDF1C, 0xDF1C, 0xDF1C,
    0xDF1C, 0xDF1C, 0xDF1C, 0xDF1C, 0xDF1C, 0xE71C, 0xE71C, 0xE71C, 0xDF1C, 0xE71C, 0xE71C, 0xE71C,
    0xE71C, 0xE71C, 0xE71C, 0xE6FC, 0xE6FC, 0xE71C, 0xDEFB, 0xDEFB, 0xDEFB, 0xDEFB, 0xDEFB, 0xDEFB,
    0xDF1C, 0xDEFB, 0xF7BE, 0x8410, 0x0000, 0x0000, 0x0000, 0x0000, 0x0000, 0x0000, 0x0000, 0x0000,
    0x0000, 0x0000, 0x0000, 0x0000, 0x0000, 0x0000, 0x0000, 0x0000, 0x0000, 0x0000, 0x0000, 0x0000,
    0x0000, 0x0000, 0x0000, 0x0000, 0x0000, 0x0000, 0x0000, 0x0000, 0x0000, 0x0000, 0x0000, 0x0000,
    0x0000, 0x0000, 0x0000, 0x0000, 0x0000, 0x0000, 0x0000, 0x0000, 0x0000, 0x0000, 0x0000, 0x0000,
    0x0000, 0x0000, 0x0000, 0x0000, 0x0000, 0x4208, 0xEF7D, 0xDEFB, 0xE71C, 0xDF1C, 0xDF1C, 0xDEFC,
    0xDF1B, 0xDF1C, 0xDF1B, 0xDF1B, 0xE71C, 0xE71C, 0xE71C, 0xE71C, 0xDF1C, 0xE71C, 0xDF1C, 0xDF1C,
    0xDF1C, 0xDF1C, 0xDF1C, 0xDF1C, 0xDF1C, 0xDF1C, 0xDF1C, 0xDEFC, 0xDF1C, 0xE71C, 0xE71C, 0xE71C,
    0xDF1C, 0xDF1C, 0xDF1C, 0xE71C, 0xE71C, 0xE71C, 0xDF1C, 0xDEFC, 0xE71C, 0xDF1C, 0xDEFB, 0xDEFB,
    0xDEFB, 0xDEFB, 0xDEFB, 0xDF1B, 0xE71C, 0xE71C, 0xE73C, 0xE71C, 0x0000, 0x0000, 0x0000, 0x0000,
    0x0000, 0x0000, 0x0000, 0x0000, 0x0000, 0x0000, 0x0000, 0x0000, 0x0000, 0x0000, 0x0000, 0x0000,
    0x0000, 0x0000, 0x0000, 0x0000, 0x0000, 0x0000, 0x0000, 0x0000, 0x0000, 0x0000, 0x0000, 0x0000,
    0x0000, 0x0000, 0x0000, 0x0000, 0x0000, 0x0000, 0x0000, 0x0000, 0x0000, 0x0000, 0x0000, 0x0000,
    0x39C7, 0x5B0C, 0x73AF, 0x8410, 0x8410, 0x73AE, 0x5AEB, 0x39E7, 0x0000, 0xB596, 0xEF7D, 0xDEFC,
    0xE71C, 0xDF1C, 0xDF1C, 0xDF1C, 0xDF1C, 0xDF1C, 0xE71C, 0xE71C, 0xE71C, 0xE71C, 0xE71C, 0xE71C,
    0xDF1C, 0xE71C, 0xDF1C, 0xDF1C, 0xDF1C, 0xDF1C, 0xDF1C, 0xDF1C, 0xDF1C, 0xDF1C, 0xDF1C, 0xDF1C,
    0xDF1C, 0xE71C, 0xE71C, 0xE71C, 0xDF1C, 0xDF1C, 0xDF1C, 0xDF1C, 0xDF1C, 0xDF1C, 0xDEFC, 0xDF1C,
    0xDF1C, 0xDF1C, 0xDEFC, 0xDEFC, 0xDEFB, 0xDEFB, 0xDEFB, 0xDEFB, 0xDF1B, 0xDF1C, 0xDEFB, 0xF79E,
    0x8430, 0x0000, 0x0000, 0x0000, 0x0000, 0x0000, 0x0000, 0x0000, 0x0000, 0x0000, 0x0000, 0x0000,
    0x0000, 0x0000, 0x0000, 0x0000, 0x0000, 0x0000, 0x0000, 0x0000, 0x0000, 0x0000, 0x0000, 0x0000,
    0x0000, 0x0000, 0x0000, 0x0000, 0x0000, 0x0000, 0x0000, 0x0000, 0x0000, 0x0000, 0x0000, 0x0000,
    0x0000, 0x39C7, 0x9492, 0xD69A, 0xEF5D, 0xEF9E, 0xEF9E, 0xF79E, 0xF7BE, 0xF7BE, 0xF7BE, 0xEF7D,
    0xDEDB, 0xE71C, 0xE71C, 0xE71C, 0xE71C, 0xE71C, 0xE71C, 0xE71C, 0xE71C, 0xE71C, 0xE71C, 0xE71C,
    0xE71C, 0xDF1C, 0xDF1C, 0xDF1C, 0xDF1C, 0xDF1C, 0xDF1C, 0xDF1C, 0xDF1C, 0xDF1C, 0xE71C, 0xE71C,
    0xE71C, 0xE71C, 0xE71C, 0xDF1C, 0xDF1C, 0xE71C, 0xE71C, 0xE71C, 0xDF1C, 0xDF1C, 0xDF1C, 0xDEFC,
    0xDEFC, 0xDEFC, 0xDEFC, 0xDEFC, 0xDF1C, 0xDF1C, 0xDF1C, 0xDEFC, 0xDEFC, 0xDEFB, 0xDEFB, 0xDEFB,
    0xDEFB, 0xDF1B, 0xDEFB, 0xE73C, 0xD6BA, 0x0000, 0x0000, 0x0000, 0x0000, 0x0000, 0x0000, 0x0000,
    0x0000, 0x0000, 0x0000, 0x0000, 0x0000, 0x0000, 0x0000, 0x0000, 0x0000, 0x0000, 0x0000, 0x0000,
    0x0000, 0x0000, 0x0000, 0x0000, 0x0000, 0x0000, 0x0000, 0x0000, 0x0000, 0x0000, 0x0000, 0x0000,
    0x0000, 0x0000, 0x0000, 0x0000, 0x9CF3, 0xEF5D, 0xEF9E, 0xE73C, 0xDEFC, 0xDEFB, 0xDF1B, 0xDF1C,
    0xDF1B, 0xDF1B, 0xDF1B, 0xE71C, 0xE73C, 0xE71C, 0xE71C, 0xE71C, 0xE71C, 0xE71C, 0xE71C, 0xE71C,
    0xE71C, 0xE71C, 0xE71C, 0xE71C, 0xDF1C, 0xDF1C, 0xDF1C, 0xDF1C, 0xDF1C, 0xDF1C, 0xDF1C, 0xDF1C,
    0xE71C, 0xE71C, 0xE71C, 0xE71C, 0xE71C, 0xE71C, 0xE71C, 0xDF1C, 0xDF1C, 0xE71C, 0xDF1C, 0xDF1C,
    0xDF1C, 0xE71C, 0xDF1C, 0xDF1C, 0xDF1C, 0xDF1C, 0xDF1C, 0xDF1C, 0xDF1C, 0xDF1C, 0xDF1C, 0xDF1C,
    0xDF1C, 0xDEFC, 0xDEFB, 0xDEFB, 0xDEFB, 0xDEFB, 0xDF1C, 0xDEFB, 0xF79E, 0x5ACB, 0x0000, 0x0000,
    0x0000, 0x0000, 0x0000, 0x0000, 0x0000, 0x0000, 0x0000, 0x0000, 0x0000, 0x0000, 0x0000, 0x0000,
    0x0000, 0x0000, 0x0000, 0x0000, 0x0000, 0x0000, 0x0000, 0x0000, 0x0000, 0x0000, 0x0000, 0x0000,
    0x0000, 0x0000, 0x0000, 0x0000, 0x0000, 0x0000, 0x528A, 0xDEFB, 0xEF7E, 0xDEFC, 0xDEFB, 0xDF1C,
    0xDF1C, 0xDF1C, 0xE71C, 0xE71C, 0xE71C, 0xE71C, 0xE71C, 0xE71C, 0xE71C, 0xE71C, 0xE71C, 0xE71C,
    0xE71C, 0xE71C, 0xE71C, 0xE71C, 0xE71C, 0xE71C, 0xE71C, 0xE71C, 0xE71C, 0xE71C, 0xE71C, 0xE71C,
    0xE71C, 0xE71C, 0xE71C, 0xE71C, 0xE71C, 0xE71C, 0xE71C, 0xE71C, 0xE71C, 0xE71C, 0xDF1C, 0xDF1C,
    0xDF1C, 0xDF1C, 0xE71C, 0xE71C, 0xE71C, 0xE71C, 0xE71C, 0xE71C, 0xE71C, 0xE71C, 0xE71C, 0xE71C,
    0xE71C, 0xE71C, 0xDF1C, 0xE71C, 0xDF1C, 0xDEFC, 0xDEFB, 0xDEFB, 0xDEFB, 0xDEFC, 0xDF1C, 0xDEFC,
    0xEF7D, 0xA534, 0x0000, 0x0000, 0x0000, 0x0000, 0x0000, 0x0000, 0x0000, 0x0000, 0x0000, 0x0000,
    0x0000, 0x0000, 0x0000, 0x0000, 0x0000, 0x0000, 0x0000, 0x0000, 0x0000, 0x0000, 0x0000, 0x0000,
    0x0000, 0x0000, 0x0000, 0x0000, 0x0000, 0x0000, 0x0000, 0x0000, 0x0000, 0x6B4D, 0xEF9E, 0xE73C,
    0xDEFC, 0xDF1C, 0xDF1C, 0xDF1C, 0xDF1B, 0xDF1B, 0xDF1B, 0xDF1B, 0xDF1B, 0xE71C, 0xE71C, 0xE71C,
    0xE71C, 0xE71C, 0xE71C, 0xE71C, 0xE71C, 0xE71C, 0xE71C, 0xE71C, 0xE71C, 0xE71C, 0xE71C, 0xE71C,
    0xE71C, 0xE71C, 0xE71C, 0xE71C, 0xE71C, 0xE71C, 0xE71C, 0xE71C, 0xE71C, 0xE71C, 0xE71C, 0xE71C,
    0xE71C, 0xE71C, 0xDF1C, 0xDF1C, 0xE71C, 0xDF1C, 0xDF1C, 0xDF1C, 0xE71C, 0xE71C, 0xE71C, 0xE71C,
    0xE71C, 0xE71C, 0xE71C, 0xE71C, 0xE71C, 0xDF1C, 0xDF1C, 0xDF1C, 0xDF1C, 0xDEFC, 0xDEFB, 0xDEFB,
    0xDEFB, 0xDF1C, 0xDF1C, 0xDEFC, 0xE73C, 0xD6DB, 0x0000, 0x0000, 0x0000, 0x0000, 0x0000, 0x0000,
    0x0000, 0x0000, 0x0000, 0x0000, 0x0000, 0x0000, 0x0000, 0x0000, 0x0000, 0x0000, 0x0000, 0x0000,
    0x0000, 0x0000, 0x0000, 0x0000, 0x0000, 0x0000, 0x0000, 0x0000, 0x0000, 0x0000, 0x0000, 0x0000,
    0x5AEB, 0xF79E, 0xDF1C, 0xDF1C, 0xE71C, 0xDF1C, 0xDF1C, 0xDF1C, 0xDEFB, 0xDF1B, 0xDEFB, 0xDEFB,
    0xDF1B, 0xE71C, 0xE71C, 0xE71C, 0xE71C, 0xE71C, 0xE71C, 0xE71C, 0xDF1C, 0xDF1C, 0xDF1C, 0xE71C,
    0xE71C, 0xE71C, 0xE71C, 0xE71C, 0xE71C, 0xE71C, 0xE71C, 0xE71C, 0xE71C, 0xE71C, 0xE71C, 0xE71C,
    0xE71C, 0xE71C, 0xE71C, 0xE71C, 0xE71C, 0xE71C, 0xE71C, 0xE71C, 0xDF1C, 0xDF1C, 0xDF1C, 0xE71C,
    0xE71C, 0xE71C, 0xE71C, 0xE71C, 0xE71C, 0xE71C, 0xE71C, 0xDF1C, 0xDF1C, 0xE71C, 0xDF1C, 0xDF1C,
    0xDF1C, 0xDEFB, 0xDEFB, 0xDEFB, 0xDEFB, 0xDF1C, 0xE71C, 0xDF1C, 0xDF1C, 0xEF7D, 0x4208, 0x0000,
    0x0000, 0x0000, 0x0000, 0x0000, 0x0000, 0x0000, 0x0000, 0x0000, 0x0000, 0x0000, 0x0000, 0x0000,
    0x0000, 0x0000, 0x0000, 0x0000, 0x0000, 0x0000, 0x0000, 0x0000, 0x0000, 0x0000, 0x0000, 0x0000,
    0x0000, 0x0000, 0x0000, 0x31A6, 0xEF5D, 0xE71C, 0xDF1C, 0xE71C, 0xE71C, 0xDF1C, 0xDF1C, 0xDF1C,
    0xDEFC, 0xDEFC, 0xDEFC, 0xDEFB, 0xDF1B, 0xE71C, 0xE71C, 0xE71C, 0xE71C, 0xE71C, 0xE71C, 0xE71C,
    0xDF1C, 0xDF1C, 0xDF1C, 0xE71C, 0xE71C, 0xE71C, 0xE71C, 0xE71C, 0xE71C, 0xE71C, 0xE71C, 0xE71C,
    0xE71C, 0xE71C, 0xE71C, 0xE71C, 0xE71C, 0xE71C, 0xE71C, 0xE71C, 0xE71C, 0xE71C, 0xE71C, 0xDF1C,
    0xDF1C, 0xE71C, 0xE71C, 0xE71C, 0xE71C, 0xE71C, 0xE71C, 0xE71C, 0xE71C, 0xE71C, 0xE71C, 0xDF1C,
    0xDF1C, 0xDF1C, 0xDF1C, 0xDF1C, 0xDF1C, 0xDEFC, 0xDEFB, 0xDEFB, 0xDEFB, 0xDF1C, 0xE71C, 0xE71C,
    0xDEFC, 0xF79E, 0x6B6D, 0x0000, 0x0000, 0x0000, 0x0000, 0x0000, 0x0000, 0x0000, 0x0000, 0x0000,
    0x0000, 0x0000, 0x0000, 0x0000, 0x0000, 0x0000, 0x0000, 0x0000, 0x0000, 0x0000, 0x0000, 0x0000,
    0x0000, 0x0000, 0x0000, 0x0000, 0x0000, 0x0000, 0x0000, 0xBDF7, 0xEF7D, 0xDF1C, 0xDF1C, 0xE71C,
    0xE71C, 0xE71C, 0xE71C, 0xDEFC, 0xDEFC, 0xDEFC, 0xDEFC, 0xDEFC, 0xE71C, 0xE71C, 0xE71C, 0xE71C,
    0xE71C, 0xE71C, 0xE71C, 0xE71C, 0xDF1C, 0xDF1C, 0xE71C, 0xE71C, 0xE71C, 0xE71C, 0xE71C, 0xE71C,
    0xE71C, 0xE71C, 0xE71C, 0xE71C, 0xE71C, 0xE71C, 0xE71C, 0xE71C, 0xE71C, 0xE71C, 0xE71C, 0xE71C,
    0xE71C, 0xDF1C, 0xDF1C, 0xDF1C, 0xE71C, 0xE71C, 0xE71C, 0xE71C, 0xE71C, 0xE71C, 0xE71C, 0xE71C,
    0xE71C, 0xE71C, 0xE71C, 0xE71C, 0xDF1C, 0xDF1C, 0xDEFC, 0xDF1C, 0xDF1C, 0xDEFB, 0xDEFB, 0xDEFB,
    0xDF1B, 0xDF1C, 0xE71C, 0xDF1C, 0xDEFB, 0xF79E, 0x9492, 0x0000, 0x0000, 0x0000, 0x0000, 0x0000,
    0x0000, 0x0000, 0x0000, 0x0000, 0x0000, 0x0000, 0x0000, 0x0000, 0x0000, 0x0000, 0x0000, 0x0000,
    0x0000, 0x0000, 0x0000, 0x0000, 0x0000, 0x0000, 0x0000, 0x0000, 0x0000, 0x0000, 0x630C, 0xF79E,
    0xDEFB, 0xE71C, 0xE71C, 0xE71C, 0xDF1C, 0xDF1C, 0xDF1C, 0xDF1C, 0xDF1C, 0xDEFC, 0xE71C, 0xE71C,
    0xE71C, 0xE71C, 0xE71C, 0xE71C, 0xE71C, 0xE71C, 0xE71C, 0xE71C, 0xDF1C, 0xDF1C, 0xDF1C, 0xE71C,
    0xE71C, 0xE71C, 0xE71C, 0xE71C, 0xE71C, 0xE71C, 0xE71C, 0xE71C, 0xE71C, 0xE71C, 0xE71C, 0xE71C,
    0xE71C, 0xE71C, 0xE71C, 0xE71C, 0xE71C, 0xDF1C, 0xDEFC, 0xDF1C, 0xDF1C, 0xE71C, 0xE71C, 0xDF1C,
    0xDF1C, 0xE71C, 0xE71C, 0xE71C, 0xE71C, 0xE71C, 0xE71C, 0xE71C, 0xE71C, 0xDF1C, 0xDF1C, 0xDF1C,
    0xDF1C, 0xDEFB, 0xDEFB, 0xDEFB, 0xDEFB, 0xDF1B, 0xDF1C, 0xE71C, 0xDEFC, 0xEF7E, 0xAD55, 0x0000,
    0x0000, 0x0000, 0x0000, 0x0000, 0x0000, 0x0000, 0x0000, 0x0000, 0x0000, 0x0000, 0x0000, 0x0000,
    0x0000, 0x0000, 0x0000, 0x0000, 0x0000, 0x0000, 0x0000, 0x0000, 0x0000, 0x0000, 0x0000, 0x0000,
    0x0000, 0x0000, 0xC618, 0xE75D, 0xDEFC, 0xE71C, 0xDF1C, 0xDF1C, 0xDF1C, 0xDF1C, 0xDF1C, 0xDF1C,
    0xDEFB, 0xDEFC, 0xDF1C, 0xDF1C, 0xDF1C, 0xDEFC, 0xDF1C, 0xE71C, 0xE71C, 0xE71C, 0xE71C, 0xDF1C,
    0xDF1C, 0xDF1C, 0xDF1C, 0xE71C, 0xE71C, 0xE71C, 0xE71C, 0xE71C, 0xE71C, 0xE71C, 0xE71C, 0xE71C,
    0xE71C, 0xE71C, 0xE71C, 0xE71C, 0xE71C, 0xE71C, 0xE71C, 0xE71C, 0xDF1B, 0xDF1C, 0xDF1C, 0xDF1C,
    0xDF1C, 0xDF1C, 0xDEFC, 0xDEFC, 0xDEFC, 0xDF1C, 0xE71C, 0xE71C, 0xE71C, 0xE71C, 0xE71C, 0xE71C,
    0xE71C, 0xE71C, 0xDF1C, 0xE71C, 0xE71C, 0xDF1C, 0xDF1C, 0xDF1C, 0xDEFC, 0xDEFB, 0xDF1C, 0xE71C,
    0xDEFC, 0xEF7D, 0xB5B6, 0x0000, 0x0000, 0x0000, 0x0000, 0x0000, 0x0000, 0x0000, 0x0000, 0x0000,
    0x0000, 0x0000, 0x0000, 0x0000, 0x0000, 0x0000, 0x0000, 0x0000, 0x0000, 0x0000, 0x0000, 0x0000,
    0x0000, 0x0000, 0x0000, 0x0000, 0x0000, 0x31A7, 0xEF5D, 0xDF1C, 0xE71C, 0xE71C, 0xDF1C, 0xDF1C,
    0xDF1C, 0xDF1C, 0xDF1C, 0xDEFB, 0xE6FB, 0xDEFB, 0xDEFB, 0xDF1C, 0xDF1C, 0xDEFC, 0xDEFC, 0xDF1C,
    0xDF1C, 0xDF1C, 0xDF1C, 0xDF1C, 0xDF1C, 0xDF1C, 0xDF1C, 0xE71C, 0xE71C, 0xE71C, 0xE71C, 0xE71C,
    0xE71C, 0xE71C, 0xE71C, 0xE71C, 0xE71C, 0xE71C, 0xE71C, 0xE71C, 0xE71C, 0xE71C, 0xE71C, 0xE71C,
    0xE71C, 0xE71C, 0xE71C, 0xDF1C, 0xDF1C, 0xDF1C, 0xDF1C, 0xDF1C, 0xDF1C, 0xDF1C, 0xE71C, 0xE71C,
    0xE71C, 0xE71C, 0xE71C, 0xE71C, 0xE71C, 0xE71C, 0xE71C, 0xE71C, 0xE71C, 0xE71C, 0xE71C, 0xE71C,
    0xDEFB, 0xDF1C, 0xE71C, 0xDF1C, 0xDEFC, 0xEF5D, 0xBDF7, 0x0000, 0x0000, 0x0000, 0x0000, 0x0000,
    0x0000, 0x0000, 0x0000, 0x0000, 0x0000, 0x0000, 0x0000, 0x0000, 0x0000, 0x0000, 0x0000, 0x0000,
    0x0000, 0x0000, 0x0000, 0x0000, 0x0000, 0x0000, 0x0000, 0x0000, 0x0000, 0x738E, 0xF79E, 0xDEFC,
    0xE71C, 0xE71C, 0xE71C, 0xE71C, 0xE71C, 0xE71C, 0xE71C, 0xDEFC, 0xE71B, 0xE71C, 0xDF1C, 0xDF1C,
    0xDF1C, 0xDF1C, 0xDF1C, 0xDF1B, 0xDF1C, 0xDF1C, 0xDF1B, 0xDF1C, 0xDF1C, 0xDF1C, 0xDF1C, 0xE71C,
    0xE71C, 0xE71C, 0xE71C, 0xE71C, 0xE71C, 0xE71C, 0xE71C, 0xE71C, 0xE71C, 0xE71C, 0xE71C, 0xE71C,
    0xE71C, 0xE71C, 0xE71C, 0xE71C, 0xE71C, 0xE71C, 0xE71C, 0xDF1C, 0xDF1C, 0xDF1C, 0xE71C, 0xDF1C,
    0xE71C, 0xE71C, 0xE71C, 0xE71C, 0xE71C, 0xE71C, 0xE71C, 0xE71C, 0xE71C, 0xE71C, 0xE71C, 0xE71C,
    0xE71C, 0xE71C, 0xE71C, 0xE71C, 0xE71C, 0xE71C, 0xE71C, 0xE71C, 0xDEFC, 0xEF7D, 0xBDD7, 0x0000,
    0x0000, 0x0000, 0x0000, 0x0000, 0x0000, 0x0000, 0x0000, 0x0000, 0x0000, 0x0000, 0x0000, 0x0000,
    0x0000, 0x0000, 0x0000, 0x0000, 0x0000, 0x0000, 0x0000, 0x0000, 0x0000, 0x0000, 0x0000, 0x0000,
    0x0000, 0x9CD3, 0xEF7E, 0xDEFC, 0xE71C, 0xE71C, 0xE71C, 0xE71C, 0xE71C, 0xE71C, 0xE71C, 0xE71C,
    0xE71C, 0xE71C, 0xE71C, 0xE71C, 0xE71C, 0xE71C, 0xDF1C, 0xDF1B, 0xDEFC, 0xDEFC, 0xDF1C, 0xDF1C,
    0xDF1C, 0xDF1C, 0xDF1C, 0xE71C, 0xE71C, 0xE71C, 0xDEFC, 0xE71C, 0xE71C, 0xE71C, 0xE71C, 0xE71C,
    0xE71C, 0xE71C, 0xE71C, 0xE71C, 0xDF1C, 0xE71C, 0xE71C, 0xE71C, 0xE71C, 0xE71C, 0xE71C, 0xE71C,
    0xE71C, 0xE71C, 0xE71C, 0xDF1C, 0xE71C, 0xE71C, 0xE71C, 0xE71C, 0xE71C, 0xE71C, 0xE71C, 0xE71C,
    0xE71C, 0xE71C, 0xE71C, 0xE71C, 0xE71C, 0xE71C, 0xDF1C, 0xDF1B, 0xDF1C, 0xE71C, 0xE71C, 0xE71C,
    0xDEFB, 0xEF7D, 0xB596, 0x0000, 0x0000, 0x0000, 0x0000, 0x0000, 0x0000, 0x0000, 0x0000, 0x0000,
    0x0000, 0x0000, 0x0000, 0x0000, 0x0000, 0x0000, 0x0000, 0x0000, 0x0000, 0x0000, 0x0000, 0x0000,
    0x0000, 0x0000, 0x0000, 0x0000, 0x0000, 0xAD55, 0xEF7E, 0xDEFC, 0xE71C, 0xE71C, 0xE71C, 0xE71C,
    0xE71C, 0xE71C, 0xE71C, 0xE71C, 0xE71C, 0xE71C, 0xE71C, 0xE71C, 0xE71C, 0xE71C, 0xE71C, 0xE71C,
    0xDF1C, 0xDF1C, 0xDF1C, 0xDF1C, 0xDF1C, 0xDF1C, 0xDF1C, 0xE71C, 0xE71C, 0xDF1C, 0xDF1C, 0xE71C,
    0xDF1C, 0xE71C, 0xE71C, 0xE71C, 0xE71C, 0xE71C, 0xE71C, 0xE71C, 0xE71C, 0xE71C, 0xE71C, 0xE71C,
    0xE71C, 0xE71C, 0xE71C, 0xE71C, 0xE71C, 0xE71C, 0xE71C, 0xE71C, 0xE71C, 0xE71C, 0xE71C, 0xE71C,
    0xE71C, 0xE71C, 0xE71C, 0xE71C, 0xE71C, 0xE71C, 0xE71C, 0xE71C, 0xE71C, 0xE71C, 0xE71C, 0xDF1B,
    0xDF1B, 0xDF1B, 0xE71C, 0xE71C, 0xDEFB, 0xF79E, 0x94B2, 0x0000, 0x0000, 0x0000, 0x0000, 0x0000,
    0x0000, 0x0000, 0x0000, 0x0000, 0x0000, 0x0000, 0x0000, 0x0000, 0x0000, 0x0000, 0x0000, 0x0000,
    0x0000, 0x0000, 0x0000, 0x0000, 0x0000, 0x0000, 0x0000, 0x0000, 0x4228, 0xCE79, 0xE73C, 0xDF1C,
    0xDF1C, 0xE71C, 0xE71C, 0xE71C, 0xE71C, 0xE71C, 0xE71C, 0xE71C, 0xE71C, 0xE71C, 0xE71C, 0xE71C,
    0xE71C, 0xE71C, 0xE71C, 0xE71C, 0xE71C, 0xE71C, 0xDF1C, 0xDF1C, 0xDF1C, 0xDF1C, 0xDF1C, 0xE71C,
    0xE71C, 0xDF1C, 0xDF1C, 0xDEFB, 0xDEFB, 0xE6FC, 0xE71C, 0xDEFC, 0xDF1C, 0xE71C, 0xE71C, 0xE71C,
    0xE71C, 0xE71C, 0xE71C, 0xE71C, 0xE71C, 0xE71C, 0xE71C, 0xE71C, 0xE71C, 0xE71C, 0xE71C, 0xE71C,
    0xE71C, 0xE71C, 0xE71C, 0xE71C, 0xE71C, 0xE71C, 0xE71C, 0xE71C, 0xE71C, 0xE71C, 0xE71C, 0xE71C,
    0xE71C, 0xE71C, 0xE71C, 0xDEFB, 0xDEFB, 0xDF1B, 0xDF1C, 0xE71C, 0xDEFB, 0xEF5D, 0xB5B6, 0x0000,
    0x0000, 0x0000, 0x0000, 0x0000, 0x0000, 0x0000, 0x0000, 0x0000, 0x0000, 0x0000, 0x0000, 0x0000,
    0x0000, 0x0000, 0x0000, 0x0000, 0x0000, 0x0000, 0x0000, 0x0000, 0x0000, 0x0000, 0x4A69, 0xBDD7,
    0xEF7D, 0xE73C, 0xE71C, 0xE71C, 0xE71C, 0xE71C, 0xE71C, 0xE71C, 0xE71C, 0xE71C, 0xE71C, 0xE71C,
    0xE71C, 0xE71C, 0xE71C, 0xE71C, 0xE71C, 0xE71C, 0xE71C, 0xE71C, 0xE71C, 0xE71C, 0xDF1C, 0xDF1C,
    0xDF1C, 0xDF1C, 0xE71C, 0xDF1C, 0xDF1C, 0xDF1C, 0xDF1C, 0xDEFB, 0xDEFB, 0xE6FC, 0xE71C, 0xDF1C,
    0xDF1C, 0xE71C, 0xE71C, 0xE71C, 0xE71C, 0xE71C, 0xDF1C, 0xE71C, 0xE71C, 0xE71C, 0xE71C, 0xE71C,
    0xE71C, 0xE71C, 0xE71C, 0xE71C, 0xE71C, 0xE71C, 0xE71C, 0xE71C, 0xE71C, 0xE71C, 0xE71C, 0xE71C,
    0xE71C, 0xE71C, 0xE71C, 0xE71C, 0xE71C, 0xDF1C, 0xDEFB, 0xDEFB, 0xDEFB, 0xDF1B, 0xE71C, 0xE71C,
    0xE71C, 0xDF1C, 0xEF5D, 0xE73C, 0x9CD3, 0x0000, 0x0000, 0x0000, 0x0000, 0x0000, 0x0000, 0x0000,
    0x0000, 0x0000, 0x0000, 0x0000, 0x0000, 0x0000, 0x0000, 0x0000, 0x0000, 0x0000, 0x0000, 0x0000,
    0x0000, 0xA534, 0xEF7D, 0xEF5D, 0xDEFB, 0xDF1C, 0xE71C, 0xE71C, 0xE71C, 0xE71C, 0xE71C, 0xE71C,
    0xE71C, 0xE71C, 0xE71C, 0xE71C, 0xE71C, 0xE71C, 0xE71C, 0xE71C, 0xE71C, 0xE71C, 0xE71C, 0xE71C,
    0xE71C, 0xE71C, 0xE71C, 0xDF1C, 0xDF1C, 0xDF1C, 0xDF1C, 0xDF1C, 0xDF1C, 0xE71C, 0xDF1C, 0xDEFB,
    0xE6FB, 0xDEFB, 0xE71C, 0xE71C, 0xE71C, 0xE71C, 0xE71C, 0xE71C, 0xE71C, 0xE71C, 0xDF1C, 0xDF1C,
    0xE71C, 0xE71C, 0xE71C, 0xE71C, 0xE71C, 0xE71C, 0xE71C, 0xE71C, 0xE71C, 0xE71C, 0xE71C, 0xE71C,
    0xE71C, 0xE71C, 0xE71C, 0xE71C, 0xE71C, 0xE71C, 0xE71C, 0xE71C, 0xE71C, 0xDF1C, 0xDEFB, 0xDEFB,
    0xDF1B, 0xDF1B, 0xE71C, 0xE71C, 0xE71C, 0xE71C, 0xDEFC, 0xDF1C, 0xEF9E, 0xDEFB, 0x6B4C, 0x0000,
    0x0000, 0x0000, 0x0000, 0x0000, 0x0000, 0x0000, 0x0000, 0x0000, 0x0000, 0x0000, 0x0000, 0x0000,
    0x0000, 0x0000, 0x0000, 0x4228, 0xDEDB, 0xEF9E, 0xDEFB, 0xDEFC, 0xE71C, 0xE71C, 0xE71C, 0xE71C,
    0xE71C, 0xE73C, 0xE71B, 0xE71C, 0xE71C, 0xE71C, 0xE71C, 0xE71C, 0xE71C, 0xE71C, 0xE71C, 0xE71C,
    0xE71C, 0xE71C, 0xE71C, 0xE71C, 0xE71C, 0xE71C, 0xDF1C, 0xDF1C, 0xDF1C, 0xDF1C, 0xDF1C, 0xDF1C,
    0xE71C, 0xDF1C, 0xDEFC, 0xDEFB, 0xE6FB, 0xDEFC, 0xE71C, 0xE71C, 0xE71C, 0xE71C, 0xE71C, 0xE71C,
    0xE71C, 0xE71C, 0xE71C, 0xDF1C, 0xDF1C, 0xE71C, 0xE71C, 0xE71C, 0xE71C, 0xE71C, 0xE71C, 0xE71C,
    0xE71C, 0xE71C, 0xE71C, 0xE71C, 0xE71C, 0xE71C, 0xE71C, 0xE71C, 0xE71C, 0xDF1C, 0xDF1C, 0xDF1C,
    0xDF1C, 0xDF1C, 0xDF1B, 0xDF1C, 0xDF1B, 0xDF1C, 0xE71C, 0xE71C, 0xE71C, 0xE71C, 0xE71C, 0xDF1C,
    0xDEFB, 0xE71C, 0xF79E, 0x9CD3, 0x0000, 0x0000, 0x0000, 0x0000, 0x0000, 0x0000, 0x0000, 0x0000,
    0x0000, 0x0000, 0x0000, 0x0000, 0x0000, 0x0000, 0x5ACB, 0xEF7D, 0xE73D, 0xDEFC, 0xE71C, 0xE71C,
    0xE71C, 0xE71C, 0xE71C, 0xE71C, 0xE71C, 0xE71C, 0xE71B, 0xE71C, 0xE71B, 0xDF1B, 0xE71C, 0xE71C,
    0xE71C, 0xE71C, 0xE71C, 0xE71C, 0xE71C, 0xE71C, 0xE71C, 0xE71C, 0xE71C, 0xE71C, 0xDF1C, 0xDF1C,
    0xDF1C, 0xDF1C, 0xDF1C, 0xDF1C, 0xDF1C, 0xDF1C, 0xDEFC, 0xDEFB, 0xDEFB, 0xE6FC, 0xE71C, 0xDF1C,
    0xDF1C, 0xE71C, 0xE71C, 0xE71C, 0xE71C, 0xE71C, 0xE71C, 0xDF1C, 0xDF1C, 0xE71C, 0xE71C, 0xE71C,
    0xE71C, 0xE71C, 0xE71C, 0xE71C, 0xE71C, 0xE71C, 0xE71C, 0xE71C, 0xE71C, 0xE71C, 0xE71C, 0xE71C,
    0xE71C, 0xE71C, 0xE71C, 0xDF1C, 0xDF1C, 0xDF1C, 0xE71C, 0xE71C, 0xE71C, 0xDF1C, 0xE71C, 0xE71C,
    0xE71C, 0xE71C, 0xDF1C, 0xDEFC, 0xDF1C, 0xDEFB, 0xDEFB, 0xF79E, 0xAD54, 0x0000, 0x0000, 0x0000,
    0x0000, 0x0000, 0x0000, 0x0000, 0x0000, 0x0000, 0x0000, 0x0000, 0x0000, 0x4A49, 0xEF7D, 0xE71C,
    0xDF1C, 0xE71C, 0xE71C, 0xE71C, 0xE71C, 0xE71C, 0xE71C, 0xE71C, 0xDF1C, 0xE71C, 0xE71C, 0xE71C,
    0xDF1C, 0xDF1B, 0xDEFB, 0xDF1B, 0xE71C, 0xE71C, 0xDF1B, 0xE71C, 0xE71C, 0xE71C, 0xE71C, 0xE71C,
    0xE71C, 0xE71C, 0xDF1C, 0xDF1C, 0xDF1C, 0xDF1C, 0xDF1C, 0xDF1C, 0xE71C, 0xE71C, 0xDEFC, 0xDEFB,
    0xDEFB, 0xDEFC, 0xE71C, 0xDF1C, 0xDF1C, 0xE71C, 0xE71C, 0xE71C, 0xE71C, 0xDF1C, 0xDF1C, 0xE71C,
    0xE71C, 0xE71C, 0xE71C, 0xDF1C, 0xE71C, 0xE71C, 0xE71C, 0xE71C, 0xE71C, 0xE71C, 0xE71C, 0xE71C,
    0xE71C, 0xE71C, 0xE71C, 0xE71C, 0xE71C, 0xE71C, 0xE71C, 0xE71C, 0xE71C, 0xE71C, 0xE71C, 0xE71C,
    0xE71C, 0xDF1C, 0xE71C, 0xE71C, 0xE71C, 0xE71C, 0xDF1C, 0xDF1C, 0xDF1C, 0xE71B, 0xE71B, 0xDEDB,
    0xF79E, 0x9CF3, 0x0000, 0x0000, 0x0000, 0x0000, 0x0000, 0x0000, 0x0000, 0x0000, 0x0000, 0x0000,
    0x0000, 0xDEFB, 0xE73C, 0xDEFC, 0xE71C, 0xE6FC, 0xE6FC, 0xE71C, 0xE71C, 0xE71C, 0xE71C, 0xDF1C,
    0xDF1C, 0xE71C, 0xE71C, 0xE71B, 0xDF1B, 0xDF1B, 0xDF1B, 0xDF1C, 0xE71C, 0xE71C, 0xE71C, 0xE71C,
    0xDF1C, 0xE71C, 0xE71C, 0xE71C, 0xE71C, 0xE71C, 0xE71C, 0xDF1C, 0xDF1C, 0xDF1C, 0xDF1C, 0xDF1C,
    0xE71C, 0xE71C, 0xDEFB, 0xDEFB, 0xE6FB, 0xDEFB, 0xDF1C, 0xDF1C, 0xE71C, 0xE71C, 0xE71C, 0xE71C,
    0xE71C, 0xDF1C, 0xDF1C, 0xE71C, 0xE71C, 0xE71C, 0xE71C, 0xE71C, 0xE71C, 0xE71C, 0xE71C, 0xE71C,
    0xE71C, 0xDF1C, 0xDF1C, 0xE71C, 0xE71C, 0xE71C, 0xE71C, 0xE71C, 0xE71C, 0xE71C, 0xE71C, 0xE71C,
    0xE71C, 0xE71C, 0xE71C, 0xDF1C, 0xDF1C, 0xE71C, 0xE71C, 0xDF1C, 0xDF1B, 0xDF1B, 0xE71C, 0xE71C,
    0xDF1B, 0xDF1B, 0xE71B, 0xE71C, 0xDEFB, 0xF7BE, 0x738E, 0x0000, 0x0000, 0x0000, 0x0000, 0x0000,
    0x0000, 0x0000, 0x0000, 0x0000, 0xB5B6, 0xEF7D, 0xDEFC, 0xE71C, 0xDEFC, 0xE6FC, 0xE6FC, 0xE6FC,
    0xE6FC, 0xE71C, 0xDF1C, 0xDEFB, 0xDF1C, 0xDF1C, 0xDF1B, 0xDF1B, 0xDF1B, 0xDF1C, 0xDF1C, 0xDF1C,
    0xE71C, 0xE71C, 0xE71C, 0xE71C, 0xDF1C, 0xE71C, 0xE71C, 0xE71C, 0xDF1C, 0xE71C, 0xDF1C, 0xDF1C,
    0xDF1C, 0xDF1C, 0xDF1C, 0xDF1C, 0xE71C, 0xE71C, 0xDEFB, 0xDEFB, 0xDEFB, 0xDEFC, 0xDF1C, 0xE71C,
    0xE71C, 0xE73C, 0xE71C, 0xE71C, 0xE71C, 0xE71C, 0xDF1C, 0xE71C, 0xE71C, 0xE71C, 0xE71C, 0xE71C,
    0xE71C, 0xE71C, 0xE71C, 0xE71C, 0xE71C, 0xDF1C, 0xDF1C, 0xE71C, 0xE71C, 0xE71C, 0xE71C, 0xE71C,
    0xE71C, 0xE71C, 0xE71C, 0xE71C, 0xE71C, 0xE71C, 0xE71C, 0xE71C, 0xDF1C, 0xDF1C, 0xE71C, 0xE71C,
    0xDF1C, 0xDF1C, 0xE71C, 0xE71C, 0xDF1C, 0xDF1B, 0xE71C, 0xE71C, 0xE71C, 0xE71C, 0xE75D, 0x0000,
    0x0000, 0x0000, 0x0000, 0x0000, 0x0000, 0x0000, 0x0000, 0x5AEB, 0xF79E, 0xDEFB, 0xE71C, 0xE71C,
    0xDF1C, 0xDEFC, 0xE6FC, 0xE71C, 0xE6FC, 0xE71C, 0xDF1C, 0xDF1B, 0xDF1C, 0xDF1C, 0xDF1B, 0xDF1B,
    0xDEFB, 0xDEFB, 0xDEFB, 0xDEFB, 0xE71C, 0xE71C, 0xE71C, 0xE71C, 0xE71C, 0xE71C, 0xE71C, 0xE71C,
    0xDF1C, 0xDF1C, 0xDF1C, 0xDF1C, 0xDF1C, 0xDF1C, 0xDF1C, 0xE71C, 0xE71C, 0xE71C, 0xE71C, 0xE71C,
    0xE71C, 0xE71C, 0xE71C, 0xE71C, 0xE71C, 0xE71C, 0xE71C, 0xE71C, 0xE71C, 0xE71C, 0xE71C, 0xE71C,
    0xE71C, 0xE71C, 0xE71C, 0xE71C, 0xE71C, 0xE71C, 0xE71C, 0xE71C, 0xE71C, 0xE71C, 0xE71C, 0xE71C,
    0xE71C, 0xE71C, 0xE71C, 0xE71C, 0xE71C, 0xE71C, 0xE71C, 0xE71C, 0xE71C, 0xE71C, 0xE71C, 0xE71C,
    0xDF1C, 0xDF1C, 0xE71C, 0xE71C, 0xE71C, 0xE71C, 0xE71C, 0xE71C, 0xE71C, 0xE71C, 0xE71C, 0xE71C,
    0xE71C, 0xDEFB, 0xEF7D, 0xAD75, 0x0000, 0x0000, 0x0000, 0x0000, 0x0000, 0x0000, 0x0000, 0xCE59,
    0xE73D, 0xDF1C, 0xE71C, 0xE71C, 0xE71C, 0xE6FC, 0xE6FC, 0xE71C, 0xE71C, 0xE71C, 0xE71C, 0xDF1C,
    0xDF1B, 0xDF1C, 0xE71C, 0xDF1B, 0xDEFB, 0xDEFB, 0xDEFB, 0xDF1B, 0xE71C, 0xE71C, 0xE71C, 0xE71C,
    0xE71C, 0xE71C, 0xE71C, 0xE71C, 0xE71C, 0xE71C, 0xDF1C, 0xDF1C, 0xDF1C, 0xDF1C, 0xDF1C, 0xE71C,
    0xDF1C, 0xDF1C, 0xE71C, 0xE71C, 0xE71C, 0xE71C, 0xE71C, 0xE71C, 0xE71C, 0xE71C, 0xE71C, 0xE71C,
    0xE71C, 0xE71C, 0xE71C, 0xE71C, 0xE71C, 0xE71C, 0xE71C, 0xE71C, 0xE71C, 0xE71C, 0xE71C, 0xE71C,
    0xE71C, 0xE71C, 0xE71C, 0xE71C, 0xE71C, 0xE71C, 0xE71C, 0xE71C, 0xE73C, 0xE71C, 0xE71C, 0xE71C,
    0xE71C, 0xE71C, 0xE71C, 0xE71C, 0xE71C, 0xDF1C, 0xDF1B, 0xE71C, 0xE71C, 0xE71C, 0xE71C, 0xE71C,
    0xE71C, 0xE71C, 0xE71C, 0xE71C, 0xE71C, 0xE71C, 0xDEFB, 0xEF7D, 0x39C7, 0x0000, 0x0000, 0x0000,
    0x0000, 0x0000, 0x52AA, 0xEF9E, 0xDEFB, 0xE71C, 0xE71C, 0xE71C, 0xE71C, 0xE71C, 0xE71C, 0xE71C,
    0xE71C, 0xE71C, 0xE71C, 0xE71C, 0xDF1B, 0xDF1C, 0xE71C, 0xDF1B, 0xDF1B, 0xDEFB, 0xDF1B, 0xE71B,
    0xE71C, 0xE71C, 0xE71C, 0xE71C, 0xE71C, 0xE71C, 0xE71C, 0xE71C, 0xE71C, 0xE71C, 0xDF1C, 0xDF1C,
    0xDF1C, 0xE71C, 0xE71C, 0xE71C, 0xDF1C, 0xDF1C, 0xDF1C, 0xE71C, 0xE71C, 0xE71C, 0xE71C, 0xE71C,
    0xE71C, 0xE71C, 0xE71C, 0xE71C, 0xDF1C, 0xE71C, 0xE71C, 0xE71C, 0xE71C, 0xE71C, 0xE71C, 0xE71C,
    0xE71C, 0xE71C, 0xE71C, 0xE71C, 0xE71C, 0xE71C, 0xE71C, 0xE71C, 0xE71C, 0xE71C, 0xE71C, 0xE71C,
    0xE71C, 0xE71C, 0xE71C, 0xE71C, 0xE71C, 0xE71C, 0xE71C, 0xE71C, 0xE71C, 0xDF1C, 0xDF1C, 0xE71C,
    0xE71C, 0xE71C, 0xE71C, 0xE71C, 0xDF1C, 0xDF1C, 0xE71C, 0xE71C, 0xE71C, 0xDF1C, 0xDEFB, 0xEF9E,
    0x9CD2, 0x0000, 0x0000, 0x0000, 0x0000, 0x0000, 0xA514, 0xEF7D, 0xDEFB, 0xDF1C, 0xE71C, 0xE71C,
    0xE71C, 0xE71C, 0xE71C, 0xE71C, 0xE71C, 0xE71C, 0xE71C, 0xE71C, 0xE71C, 0xDF1C, 0xDF1C, 0xDF1B,
    0xDF1B, 0xDF1B, 0xDF1B, 0xE71B, 0xE71C, 0xE71C, 0xE71C, 0xE71C, 0xE71C, 0xE71C, 0xE71C, 0xE71C,
    0xE71C, 0xE71C, 0xDF1C, 0xDF1C, 0xDF1C, 0xDF1C, 0xE71C, 0xE71C, 0xE71C, 0xDF1C, 0xDF1C, 0xE71C,
    0xE71C, 0xE71C, 0xE71C, 0xE71C, 0xE71C, 0xE71C, 0xE71C, 0xE71C, 0xE71C, 0xE71C, 0xE71C, 0xE71C,
    0xE71C, 0xE71C, 0xE71C, 0xE71C, 0xE71C, 0xE71C, 0xE71C, 0xE71C, 0xE71C, 0xE71C, 0xE71C, 0xE71C,
    0xE71C, 0xE71C, 0xE71C, 0xE71C, 0xE71C, 0xE71C, 0xE71C, 0xE71C, 0xE71C, 0xE71C, 0xE71C, 0xE71C,
    0xE71C, 0xDF1C, 0xDF1C, 0xDF1B, 0xDF1C, 0xE71C, 0xE71C, 0xDF1C, 0xDF1B, 0xDEFB, 0xDEFB, 0xDEFB,
    0xDF1C, 0xDF1C, 0xDF1B, 0xE73C, 0xD6BA, 0x0000, 0x0000, 0x0000, 0x0000, 0x0000, 0xD69A, 0xE73C,
    0xDF1C, 0xE71C, 0xE71C, 0xE71C, 0xE71C, 0xE71C, 0xE71C, 0xE71C, 0xE71C, 0xE71C, 0xE71C, 0xE71C,
    0xE71C, 0xE71C, 0xDF1C, 0xDF1C, 0xDF1B, 0xDF1B, 0xDF1C, 0xE71C, 0xE71C, 0xE71C, 0xE71C, 0xE71C,
    0xE71C, 0xE71C, 0xE71C, 0xE71C, 0xE71C, 0xDF1C, 0xDF1C, 0xDF1C, 0xDF1C, 0xE71C, 0xE71C, 0xE71C,
    0xE71C, 0xE71C, 0xE71C, 0xE71C, 0xE71C, 0xE71C, 0xE71C, 0xE71C, 0xE71C, 0xE71C, 0xE71C, 0xE71C,
    0xDF1C, 0xE71C, 0xE71C, 0xE71C, 0xDF1C, 0xE71C, 0xDF1C, 0xE71C, 0xE71C, 0xE71C, 0xE71C, 0xE71C,
    0xE71C, 0xE71C, 0xE71C, 0xE71C, 0xE71C, 0xE71C, 0xE71C, 0xE71C, 0xE71C, 0xE71C, 0xE71C, 0xDF1C,
    0xDEFC, 0xE71C, 0xDF1C, 0xDF1C, 0xDF1C, 0xDF1C, 0xE71C, 0xDF1C, 0xDF1B, 0xDF1C, 0xDF1C, 0xDF1C,
    0xDEFB, 0xDEFB, 0xDEFB, 0xDEFB, 0xDF1B, 0xDF1C, 0xDF1C, 0xDF1C, 0xEF7D, 0x4228, 0x0000, 0x0000,
    0x0000, 0x0000, 0xE75D, 0xDF1C, 0xDF1C, 0xE71C, 0xE71C, 0xE71C, 0xE71C, 0xE71C, 0xDF1C, 0xE71C,
    0xDF1B, 0xE71C, 0xDF1B, 0xDEFB, 0xDF1B, 0xDF1C, 0xDF1C, 0xDF1C, 0xDF1B, 0xDF1B, 0xDEFB, 0xDF1C,
    0xE71C, 0xE71C, 0xDF1C, 0xE71C, 0xE71C, 0xE71C, 0xE71C, 0xE71C, 0xE71C, 0xE71C, 0xDF1C, 0xDF1C,
    0xDF1C, 0xE71C, 0xE71C, 0xE71C, 0xE71C, 0xE71C, 0xE71C, 0xE71C, 0xE71C, 0xE71C, 0xE71C, 0xE71C,
    0xE71C, 0xE71C, 0xE71C, 0xE71C, 0xE71C, 0xE71C, 0xE71C, 0xE71C, 0xDF1C, 0xE71C, 0xDF1C, 0xDF1C,
    0xDF1C, 0xE71C, 0xE71C, 0xE71C, 0xE71C, 0xDF1B, 0xE71C, 0xE71C, 0xE71C, 0xE71C, 0xE71C, 0xE71C,
    0xE71C, 0xE71C, 0xDF1C, 0xDEFC, 0xDF1C, 0xDF1C, 0xE71C, 0xDF1C, 0xDF1C, 0xE71C, 0xDF1C, 0xDF1B,
    0xDF1C, 0xDF1C, 0xE71C, 0xDF1C, 0xDEFB, 0xDEFB, 0xDEFB, 0xDF1B, 0xDF1C, 0xDEFC, 0xDF1C, 0xDEFC,
    0xF7BE, 0x6B6D, 0x0000, 0x0000, 0x0000, 0x4A69, 0xEF9E, 0xDF1C, 0xDF1C, 0xDF1C, 0xE71C, 0xE71C,
    0xE71C, 0xDF1C, 0xDF1C, 0xDF1B, 0xDEFB, 0xE71B, 0xDF1B, 0xDEFB, 0xDF1B, 0xDF1C, 0xDF1C, 0xDF1C,
    0xDF1B, 0xDF1B, 0xDF1C, 0xDF1C, 0xE71C, 0xE71C, 0xDF1C, 0xDF1C, 0xE71C, 0xE71C, 0xE71C, 0xE71C,
    0xE71C, 0xE71C, 0xDF1C, 0xDF1C, 0xDF1C, 0xE71C, 0xE71C, 0xE71C, 0xDF1C, 0xDF1C, 0xE71C, 0xE71C,
    0xE71C, 0xE71C, 0xE71C, 0xE71C, 0xE71C, 0xE71C, 0xDF1C, 0xDF1C, 0xE71C, 0xDF1C, 0xE71C, 0xE71C,
    0xE71C, 0xE71C, 0xE71C, 0xE71C, 0xDF1C, 0xDF1C, 0xDF1C, 0xE71C, 0xE71C, 0xDF1C, 0xE71C, 0xE71C,
    0xE71C, 0xE71C, 0xE71C, 0xE71C, 0xDEFC, 0xDF1C, 0xDF1C, 0xE71C, 0xE71C, 0xDF1C, 0xE71C, 0xE71C,
    0xDF1C, 0xDF1C, 0xDF1C, 0xDF1B, 0xDF1C, 0xE71C, 0xE71C, 0xDF1C, 0xDF1B, 0xDEFB, 0xDEFB, 0xDF1B,
    0xE71C, 0xDF1C, 0xDEFC, 0xDEFB, 0xF79E, 0x8C71, 0x0000, 0x0000, 0x0000, 0x5AEB, 0xF79E, 0xDEFC,
    0xE71C, 0xDF1C, 0xE71C, 0xE71C, 0xDF1C, 0xDF1B, 0xDF1B, 0xDF1B, 0xDEFB, 0xDF1B, 0xDF1B, 0xDEFB,
    0xE71C, 0xE71C, 0xE71C, 0xDF1C, 0xDF1C, 0xE71C, 0xE71C, 0xE71C, 0xE71C, 0xE71C, 0xE71C, 0xDF1C,
    0xE71C, 0xE71C, 0xE71C, 0xE71C, 0xE71C, 0xE71C, 0xDF1C, 0xDF1C, 0xDF1C, 0xE71C, 0xE71C, 0xE71C,
    0xDF1C, 0xE71C, 0xE71C, 0xE71C, 0xE71C, 0xE71C, 0xE71C, 0xE71C, 0xE71C, 0xE71C, 0xDF1C, 0xDF1C,
    0xDF1C, 0xDF1C, 0xE71C, 0xE71C, 0xDF1C, 0xE71C, 0xE71C, 0xE71C, 0xDF1C, 0xDF1C, 0xDF1C, 0xE71C,
    0xE71C, 0xDF1C, 0xE71C, 0xDF1C, 0xE71C, 0xE71C, 0xE71C, 0xE71C, 0xE71C, 0xE71C, 0xDF1C, 0xDF1C,
    0xE71C, 0xE71C, 0xDF1C, 0xDF1C, 0xDF1C, 0xE71C, 0xDF1C, 0xDF1B, 0xDF1C, 0xDF1C, 0xE71C, 0xE71C,
    0xDF1C, 0xE71C, 0xDF1B, 0xDF1B, 0xE71B, 0xDF1C, 0xDEFC, 0xDEFB, 0xF79E, 0x9CD3, 0x0000, 0x0000,
    0x0000, 0x630C, 0xF79E, 0xDEFC, 0xDF1C, 0xDF1C, 0xDF1B, 0xDF1B, 0xDF1B, 0xDF1B, 0xDF1B, 0xE71B,
    0xE71B, 0xE71B, 0xDF1B, 0xDF1B, 0xDF1C, 0xE71C, 0xE71C, 0xDF1C, 0xE71C, 0xE71C, 0xE71C, 0xE71C,
    0xE71C, 0xE71C, 0xE71C, 0xE71C, 0xE71C, 0xE71C, 0xE71C, 0xE71C, 0xE71C, 0xDF1C, 0xDF1C, 0xDF1C,
    0xE71C, 0xE71C, 0xE71C, 0xE71C, 0xE71C, 0xE71C, 0xE71C, 0xE71C, 0xDF1C, 0xE71C, 0xE71C, 0xE71C,
    0xE71C, 0xE71C, 0xDF1C, 0xDF1C, 0xDF1C, 0xDF1C, 0xE71C, 0xE71C, 0xE71C, 0xE71C, 0xE71C, 0xE71C,
    0xDF1C, 0xE71C, 0xDF1C, 0xDF1C, 0xE71C, 0xE71C, 0xDF1C, 0xDF1B, 0xE71C, 0xE71C, 0xE71C, 0xE71C,
    0xE71C, 0xE71C, 0xE71C, 0xDF1C, 0xDF1C, 0xE71C, 0xDF1C, 0xDF1C, 0xDF1C, 0xE71C, 0xE71C, 0xDF1B,
    0xE71C, 0xE71C, 0xE71C, 0xE71C, 0xDF1B, 0xE71C, 0xE71B, 0xDF1B, 0xDF1B, 0xE71C, 0xDEFB, 0xDEFB,
    0xEF7D, 0x9CF3, 0x0000, 0x0000, 0x0000, 0x5AAB, 0xEF9E, 0xDEFC, 0xDF1C, 0xDF1B, 0xDF1B, 0xDF1B,
    0xDF1C, 0xDF1C, 0xDEFB, 0xDF1B, 0xE71B, 0xE71B, 0xE71B, 0xDF1B, 0xDF1C, 0xE71C, 0xE71C, 0xE71C,
    0xE71C, 0xE71C, 0xE71C, 0xDF1C, 0xE71C, 0xE71C, 0xE71C, 0xDF1C, 0xE71C, 0xE71C, 0xE71C, 0xE71C,
    0xDF1C, 0xDF1C, 0xDF1C, 0xDF1C, 0xE71C, 0xE71C, 0xE71C, 0xE71C, 0xDF1C, 0xE71C, 0xE71C, 0xE71C,
    0xE71C, 0xE71C, 0xDF1C, 0xE71C, 0xE71C, 0xE71C, 0xDF1C, 0xDF1C, 0xE71C, 0xDF1C, 0xDF1C, 0xE71C,
    0xE71C, 0xE71C, 0xE71C, 0xE71C, 0xE71C, 0xE71C, 0xE71C, 0xE71C, 0xE71C, 0xE71C, 0xDF1C, 0xDF1B,
    0xE71C, 0xE71C, 0xE71C, 0xE71C, 0xE71C, 0xDF1C, 0xDEFC, 0xDF1C, 0xDF1C, 0xDF1C, 0xDF1C, 0xDF1C,
    0xDF1C, 0xE71C, 0xE71C, 0xE71C, 0xE71C, 0xE71C, 0xE71C, 0xDF1C, 0xDF1B, 0xE71C, 0xDF1B, 0xDEFB,
    0xDF1B, 0xE71C, 0xDEFC, 0xDEFB, 0xEF7E, 0x94B2, 0x0000, 0x0000, 0x0000, 0x4228, 0xEF7D, 0xDF1C,
    0xDF1C, 0xDF1B, 0xDF1C, 0xDF1C, 0xE71C, 0xE71C, 0xDF1B, 0xDF1B, 0xDF1B, 0xDF1B, 0xDF1B, 0xDF1B,
    0xDF1C, 0xE71C, 0xE71C, 0xE71C, 0xE71C, 0xE71C, 0xE71C, 0xDF1C, 0xE71C, 0xE71C, 0xDF1C, 0xDF1B,
    0xE71C, 0xE71C, 0xE71C, 0xE71C, 0xE71C, 0xDF1C, 0xDF1C, 0xE71C, 0xE71C, 0xE71C, 0xE71C, 0xDF1C,
    0xDF1C, 0xDF1C, 0xE71C, 0xE71C, 0xE71C, 0xE71C, 0xE71C, 0xE71C, 0xE71C, 0xDF1C, 0xDF1C, 0xDF1C,
    0xE71C, 0xDF1C, 0xDF1C, 0xE71C, 0xE71C, 0xE71C, 0xE71C, 0xE71C, 0xE71C, 0xE71C, 0xE71C, 0xE71C,
    0xE71C, 0xE71C, 0xDF1C, 0xDEFB, 0xE71C, 0xE71C, 0xE71C, 0xE71C, 0xE71C, 0xDF1C, 0xDEFC, 0xDEFC,
    0xDF1C, 0xDF1C, 0xDF1C, 0xDF1C, 0xDF1B, 0xE71C, 0xE71C, 0xE71C, 0xE71C, 0xE71C, 0xE71C, 0xE71C,
    0xDF1C, 0xDF1B, 0xDEFB, 0xE71B, 0xE71C, 0xE71C, 0xDF1C, 0xDEFB, 0xF79E, 0x8430, 0x0000, 0x0000,
    0x0000, 0x0000, 0xE73C, 0xE71C, 0xE71C, 0xDF1C, 0xE71C, 0xE71C, 0xE71C, 0xE71C, 0xE71C, 0xDF1B,
    0xDF1B, 0xDF1B, 0xDEFB, 0xDEFB, 0xDF1B, 0xE71C, 0xE71C, 0xE71C, 0xE71C, 0xE71C, 0xE71C, 0xE71C,
    0xE71C, 0xE71C, 0xDF1C, 0xDF1C, 0xE71C, 0xE71C, 0xE71C, 0xE71C, 0xE71C, 0xE71C, 0xE71C, 0xE71C,
    0xE71C, 0xE71C, 0xE71C, 0xE71C, 0xE71C, 0xE71C, 0xE71C, 0xE71C, 0xE71C, 0xE71C, 0xE71C, 0xE71C,
    0xE71C, 0xDF1C, 0xDF1B, 0xE71C, 0xDF1C, 0xE71C, 0xDF1C, 0xDF1C, 0xE71C, 0xE71C, 0xE71C, 0xE71C,
    0xE71C, 0xE71C, 0xE71C, 0xE71C, 0xE71C, 0xE71C, 0xE71C, 0xDF1C, 0xE71C, 0xE71C, 0xE71C, 0xE71C,
    0xE71C, 0xDF1C, 0xDF1C, 0xDEFC, 0xDF1C, 0xE71C, 0xDF1C, 0xDEFB, 0xDF1C, 0xE71C, 0xE71C, 0xE71C,
    0xE71C, 0xE71C, 0xE71C, 0xE71C, 0xDF1C, 0xE71C, 0xDF1B, 0xDF1B, 0xE71C, 0xE71C, 0xE71C, 0xDEFB,
    0xF79E, 0x630C, 0x0000, 0x0000, 0x0000, 0x0000, 0xC638, 0xE75D, 0xDEFC, 0xE71C, 0xE71C, 0xE71C,
    0xE71C, 0xE71C, 0xE71C, 0xE71C, 0xDF1C, 0xDF1B, 0xDF1B, 0xDF1B, 0xE71C, 0xE71C, 0xE71C, 0xE71C,
    0xE71C, 0xE71C, 0xE71C, 0xE71C, 0xE71C, 0xDF1C, 0xE71C, 0xE71C, 0xE71C, 0xE71C, 0xE71C, 0xE71C,
    0xE71C, 0xE71C, 0xE71C, 0xE71C, 0xDF1C, 0xE71C, 0xE71C, 0xE71C, 0xE71C, 0xE71C, 0xE71C, 0xE71C,
    0xE71C, 0xE71C, 0xE71C, 0xE71C, 0xDF1C, 0xDF1C, 0xDF1B, 0xE71C, 0xE71C, 0xE71C, 0xE71C, 0xDF1C,
    0xE71C, 0xE71C, 0xE71C, 0xE71C, 0xE71C, 0xE71C, 0xE71C, 0xE71C, 0xE71C, 0xE71C, 0xE71C, 0xDF1C,
    0xE71C, 0xE71C, 0xE71C, 0xE71C, 0xE71C, 0xE71C, 0xDF1C, 0xDEFC, 0xDF1C, 0xDF1C, 0xDF1C, 0xDEFC,
    0xDF1C, 0xE71C, 0xE71C, 0xE71C, 0xE71C, 0xE71C, 0xE71C, 0xE71C, 0xE71B, 0xDF1C, 0xE71C, 0xE71B,
    0xE71C, 0xE71C, 0xE71C, 0xDF1C, 0xEF5D, 0x31A6, 0x0000, 0x0000, 0x0000, 0x0000, 0x8451, 0xEF9E,
    0xDEFB, 0xE71C, 0xE71C, 0xE71C, 0xE71C, 0xE71C, 0xE71C, 0xE71C, 0xE71C, 0xDF1C, 0xDF1C, 0xDF1C,
    0xE71C, 0xE71C, 0xE71C, 0xE71C, 0xE71C, 0xE71C, 0xE71C, 0xE71C, 0xE71C, 0xE71C, 0xE71C, 0xE71C,
    0xE71C, 0xE71C, 0xE71C, 0xE71C, 0xE71C, 0xE71C, 0xE71C, 0xE71C, 0xE71C, 0xE71C, 0xE71C, 0xE71C,
    0xE71C, 0xE71C, 0xE71C, 0xE71C, 0xE71C, 0xE71C, 0xE71C, 0xE71C, 0xE71C, 0xDF1C, 0xDF1B, 0xE71C,
    0xE71C, 0xE71C, 0xE71C, 0xDF1C, 0xE71C, 0xE71C, 0xE71C, 0xE71C, 0xE71C, 0xDF1C, 0xE71C, 0xE71C,
    0xE71C, 0xDF1C, 0xE71C, 0xE71C, 0xE71C, 0xE71C, 0xE71C, 0xE71C, 0xE71C, 0xDF1C, 0xDEFC, 0xDF1C,
    0xDF1C, 0xDF1C, 0xDEFC, 0xDEFC, 0xDEFC, 0xE71C, 0xE71C, 0xE71C, 0xE71C, 0xE71C, 0xE71C, 0xE71C,
    0xE71C, 0xDF1B, 0xDF1B, 0xE71B, 0xE71C, 0xDF1C, 0xDEFB, 0xE75D, 0xC638, 0x0000, 0x0000, 0x0000,
    0x0000, 0x0000, 0x0000, 0xE75D, 0xDEFC, 0xDF1C, 0xE71C, 0xE71C, 0xE71C, 0xE71C, 0xE71C, 0xE71C,
    0xE71C, 0xE71C, 0xE71C, 0xE71C, 0xE71C, 0xE71C, 0xE71C, 0xE71C, 0xE71C, 0xE71C, 0xE71C, 0xE71C,
    0xE71C, 0xE71C, 0xE71C, 0xE71C, 0xE71C, 0xE71C, 0xE71C, 0xE71C, 0xE71C, 0xE71C, 0xE71C, 0xE71C,
    0xE71C, 0xE71C, 0xE71C, 0xE71C, 0xE71C, 0xE71C, 0xE71C, 0xE71C, 0xE71C, 0xE71C, 0xE71C, 0xE71C,
    0xE71C, 0xE71C, 0xE71C, 0xE71C, 0xE71C, 0xE71C, 0xE71C, 0xE71C, 0xE71C, 0xE71C, 0xE71C, 0xE71C,
    0xDF1C, 0xDF1C, 0xE71C, 0xE71C, 0xE71C, 0xDF1C, 0xE71C, 0xE71C, 0xE71C, 0xDF1C, 0xE71C, 0xE71C,
    0xE71C, 0xDF1C, 0xDEFC, 0xDEFC, 0xDF1C, 0xDF1C, 0xDEFC, 0xDEFC, 0xDEFC, 0xDF1C, 0xDF1C, 0xDF1C,
    0xDF1C, 0xDF1C, 0xE71C, 0xE71C, 0xDF1C, 0xDF1B, 0xDEFB, 0xDF1B, 0xDF1C, 0xE71C, 0xDEFB, 0xF79E,
    0x73AE, 0x0000, 0x0000, 0x0000, 0x0000, 0x0000, 0x0000, 0xA514, 0xEF7E, 0xDEFC, 0xE71C, 0xE71C,
    0xE71C, 0xE71C, 0xE71C, 0xE71C, 0xE71C, 0xE71C, 0xE71C, 0xE71C, 0xE71C, 0xE71C, 0xE71C, 0xE71C,
    0xE71C, 0xDF1C, 0xDF1C, 0xDF1C, 0xE71C, 0xE71C, 0xE71C, 0xE71C, 0xE71C, 0xE71C, 0xE71C, 0xE71C,
    0xE71C, 0xE71C, 0xE71C, 0xE71C, 0xE71C, 0xE71C, 0xE71C, 0xE71C, 0xE71C, 0xE71C, 0xE71C, 0xE71C,
    0xE71C, 0xE71C, 0xE71C, 0xE71C, 0xE71C, 0xE71C, 0xE71C, 0xE71C, 0xE71C, 0xE71C, 0xE71C, 0xE71C,
    0xE71C, 0xE71C, 0xDF1C, 0xDF1C, 0xDF1C, 0xDF1B, 0xDF1C, 0xE71C, 0xE71C, 0xDF1C, 0xE71C, 0xE71C,
    0xE71C, 0xE71C, 0xE71C, 0xE71C, 0xE71C, 0xE71C, 0xDF1C, 0xDEFC, 0xDF1C, 0xDEFC, 0xDEFC, 0xDEFC,
    0xDEFC, 0xDEFC, 0xDF1C, 0xDF1C, 0xDF1C, 0xDEFB, 0xDF1C, 0xE71C, 0xE71C, 0xDF1B, 0xDF1C, 0xE71C,
    0xE71C, 0xDF1C, 0xE73C, 0xDEDB, 0x0000, 0x0000, 0x0000, 0x0000, 0x0000, 0x0000, 0x0000, 0x0000,
    0xE73C, 0xE71C, 0xE71C, 0xE71C, 0xE71C, 0xE71C, 0xE71C, 0xE71C, 0xE71C, 0xE71C, 0xE71C, 0xE71C,
    0xE71C, 0xE71C, 0xE71C, 0xE71C, 0xDF1C, 0xDEFC, 0xDEFB, 0xDF1B, 0xDF1B, 0xE71C, 0xE71C, 0xE71C,
    0xE71C, 0xE71C, 0xE71C, 0xE71C, 0xE71C, 0xE71C, 0xE71C, 0xE71C, 0xE71C, 0xE71C, 0xE71C, 0xE71C,
    0xE71C, 0xE71C, 0xE71C, 0xE71C, 0xE71C, 0xE71C, 0xE71C, 0xE71C, 0xE71C, 0xE71C, 0xE71C, 0xE71C,
    0xE71C, 0xE71C, 0xE71C, 0xE71C, 0xE71C, 0xE71C, 0xDF1C, 0xDF1C, 0xDEFB, 0xDF1C, 0xDF1C, 0xE71C,
    0xE71C, 0xE71C, 0xE71C, 0xE71C, 0xE71C, 0xE71C, 0xE71C, 0xE71C, 0xE71C, 0xE71C, 0xE71C, 0xDF1C,
    0xDF1C, 0xDEFC, 0xDEFC, 0xDEFC, 0xDEFC, 0xDEFC, 0xDEFC, 0xDF1C, 0xDF1C, 0xDEFB, 0xDF1B, 0xE71C,
    0xDF1B, 0xDF1B, 0xDF1C, 0xE71C, 0xE71C, 0xDEFB, 0xF7BF, 0x73AE, 0x0000, 0x0000, 0x0000, 0x0000,
    0x0000, 0x0000, 0x0000, 0x0000, 0x738E, 0xF7BF, 0xDEFB, 0xE71C, 0xE71C, 0xE71C, 0xE71C, 0xE71C,
    0xE71C, 0xE71C, 0xE71C, 0xE71C, 0xE71C, 0xE71C, 0xE71C, 0xDF1C, 0xDF1C, 0xDEFC, 0xDEFC, 0xDEFC,
    0xDEFC, 0xDF1C, 0xE71C, 0xE71C, 0xDF1B, 0xDF1C, 0xE71C, 0xE71C, 0xE71C, 0xE71C, 0xE71C, 0xE71C,
    0xE71C, 0xE71C, 0xE71C, 0xE71C, 0xE71C, 0xE71C, 0xE71C, 0xE71C, 0xE71C, 0xE71C, 0xE71C, 0xE71C,
    0xE71C, 0xE71C, 0xE71C, 0xE71C, 0xE71C, 0xE71C, 0xE71C, 0xE71C, 0xE71C, 0xE71C, 0xE71C, 0xDF1C,
    0xDF1C, 0xDF1C, 0xE71C, 0xE71C, 0xE71C, 0xE71C, 0xE71C, 0xE71C, 0xE71C, 0xE71C, 0xE71C, 0xE71C,
    0xE71C, 0xE71C, 0xE71C, 0xDEFC, 0xDEFB, 0xDEFB, 0xDEFB, 0xDEFC, 0xDEFB, 0xDEFB, 0xDEFB, 0xDF1C,
    0xDF1B, 0xDF1C, 0xDF1C, 0xDF1C, 0xDF1B, 0xDF1B, 0xDF1C, 0xE71C, 0xDEFC, 0xEF9E, 0xBDF7, 0x0000,
    0x0000, 0x0000, 0x0000, 0x0000, 0x0000, 0x0000, 0x0000, 0x0000, 0x0000, 0xA514, 0xF7BE, 0xDEFB,
    0xE71C, 0xDEFC, 0xDF1C, 0xE71C, 0xE71C, 0xE71C, 0xDEFC, 0xDEFC, 0xE71C, 0xE71C, 0xE71C, 0xDF1C,
    0xDF1C, 0xDF1C, 0xDF1C, 0xDEFC, 0xDEFC, 0xDF1C, 0xDF1C, 0xDF1C, 0xDF1C, 0xE71C, 0xDF1C, 0xE71C,
    0xE71C, 0xE71C, 0xE71C, 0xE71C, 0xE71C, 0xE71C, 0xE71C, 0xE71C, 0xE71C, 0xE71C, 0xE71C, 0xDF1C,
    0xDF1C, 0xDF1C, 0xE71C, 0xE71C, 0xE71C, 0xE71C, 0xE71C, 0xE71C, 0xE71C, 0xE71C, 0xE71C, 0xE71C,
    0xDF1C, 0xDF1C, 0xDF1C, 0xDF1C, 0xE71C, 0xE71C, 0xE71C, 0xE71C, 0xE71C, 0xE71C, 0xE71C, 0xE71C,
    0xE71C, 0xE71C, 0xE71C, 0xE71C, 0xE71C, 0xE71C, 0xE71C, 0xE71C, 0xDF1C, 0xDF1C, 0xE71C, 0xE71C,
    0xE71C, 0xDEFC, 0xDEFC, 0xDEFC, 0xDEFB, 0xDF1C, 0xDF1C, 0xDF1B, 0xDF1C, 0xE71C, 0xE71C, 0xDEFC,
    0xEF5D, 0xDEFC, 0x0000, 0x0000, 0x0000, 0x0000, 0x0000, 0x0000, 0x0000, 0x0000, 0x0000, 0x0000,
    0x0000, 0x0000, 0xB596, 0xF7BE, 0xDEFB, 0xDF1C, 0xE71C, 0xE71C, 0xE71C, 0xDF1C, 0xDF1C, 0xDF1C,
    0xDF1C, 0xE71C, 0xE71C, 0xE6FC, 0xDEFC, 0xE6FC, 0xE71C, 0xDEFC, 0xDEFC, 0xDF1C, 0xDF1C, 0xDF1C,
    0xDF1C, 0xE71C, 0xE71C, 0xE71C, 0xE71C, 0xE71C, 0xE71C, 0xE71C, 0xE71C, 0xE71C, 0xE71C, 0xE71C,
    0xE71C, 0xE71C, 0xE71C, 0xDF1C, 0xDEFC, 0xDF1C, 0xDF1C, 0xDF1C, 0xE71C, 0xE71C, 0xE71C, 0xE71C,
    0xE71C, 0xE71C, 0xDF1C, 0xDEFC, 0xDEFC, 0xDEFC, 0xDEFC, 0xDEFC, 0xDF1C, 0xE71C, 0xE71C, 0xE71C,
    0xE71C, 0xE71C, 0xE71C, 0xE71C, 0xE71C, 0xE71C, 0xE71C, 0xE71C, 0xE71C, 0xE71C, 0xE71C, 0xE71C,
    0xE71C, 0xE71C, 0xE71C, 0xE71C, 0xE71C, 0xDF1C, 0xDEFC, 0xDEFC, 0xDF1B, 0xDF1C, 0xDF1C, 0xDF1C,
    0xDF1C, 0xE71C, 0xDEFC, 0xEF7D, 0xEF5D, 0x39E7, 0x0000, 0x0000, 0x0000, 0x0000, 0x0000, 0x0000,
    0x0000, 0x0000, 0x0000, 0x0000, 0x0000, 0x0000, 0x0000, 0xA514, 0xFFDF, 0xE71C, 0xDEFC, 0xE71C,
    0xE71C, 0xE71C, 0xE71C, 0xE71C, 0xE71C, 0xE71C, 0xE71C, 0xE6FC, 0xDEFC, 0xDF1C, 0xDF1C, 0xDEFC,
    0xDF1C, 0xDF1C, 0xDF1C, 0xDF1C, 0xDF1C, 0xDF1C, 0xE71C, 0xE71C, 0xDF1C, 0xDF1C, 0xE71C, 0xE71C,
    0xDF1C, 0xDF1C, 0xE71C, 0xDF1C, 0xDF1C, 0xDF1C, 0xDF1C, 0xDF1C, 0xDEFC, 0xDEFC, 0xDEFC, 0xDF1C,
    0xE71C, 0xE71C, 0xDF1C, 0xE71C, 0xDF1C, 0xE71C, 0xE71C, 0xDF1C, 0xDF1C, 0xDF1C, 0xDF1C, 0xDF1C,
    0xDF1C, 0xDF1C, 0xDF1C, 0xDF1C, 0xE71C, 0xE71C, 0xE71C, 0xE71C, 0xE71C, 0xDF1C, 0xDF1C, 0xDF1C,
    0xDF1C, 0xDF1C, 0xDF1C, 0xE71C, 0xE71C, 0xE71C, 0xE71C, 0xE71C, 0xDF1C, 0xDF1C, 0xDEFB, 0xDEFB,
    0xDF1B, 0xDF1C, 0xE71C, 0xE71C, 0xDF1C, 0xDEFC, 0xF7BE, 0xDEFB, 0x39C7, 0x0000, 0x0000, 0x0000,
    0x0000, 0x0000, 0x0000, 0x0000, 0x0000, 0x0000, 0x0000, 0x0000, 0x0000, 0x0000, 0x0000, 0x0000,
    0x73AE, 0xEF5D, 0xF79E, 0xE71C, 0xDEFB, 0xDF1C, 0xE71C, 0xE71C, 0xE71C, 0xE71C, 0xE71C, 0xE6FC,
    0xDF1C, 0xDF1C, 0xDF1C, 0xDF1C, 0xDF1C, 0xE71C, 0xDF1C, 0xDF1C, 0xDF1C, 0xDF1C, 0xDF1C, 0xDF1C,
    0xE71C, 0xE71C, 0xE71C, 0xE71C, 0xE71C, 0xE71C, 0xE71C, 0xDF1C, 0xDF1C, 0xDF1C, 0xDF1C, 0xDF1C,
    0xDF1C, 0xDF1C, 0xDF1C, 0xDF1C, 0xE71C, 0xE71C, 0xE71C, 0xE71C, 0xE71C, 0xE71C, 0xE71C, 0xE71C,
    0xDF1C, 0xDF1C, 0xDF1C, 0xDF1C, 0xDF1C, 0xDF1C, 0xDF1C, 0xDF1C, 0xE71C, 0xE71C, 0xE71C, 0xE71C,
    0xE71C, 0xDF1C, 0xDF1C, 0xDF1C, 0xE71C, 0xE71C, 0xE71C, 0xE71C, 0xE71C, 0xE71C, 0xE71C, 0xE71C,
    0xE71C, 0xDF1C, 0xDF1C, 0xDF1C, 0xDF1C, 0xDF1C, 0xDF1B, 0xDEFC, 0xEF5D, 0xF7BE, 0xAD96, 0x0000,
    0x0000, 0x0000, 0x0000, 0x0000, 0x0000, 0x0000, 0x0000, 0x0000, 0x0000, 0x0000, 0x0000, 0x0000,
    0x0000, 0x0000, 0x0000, 0x0000, 0x0000, 0x0000, 0xAD55, 0xEF9E, 0xF7BF, 0xEF5D, 0xE71C, 0xDF1C,
    0xDF1C, 0xDF1C, 0xDEFC, 0xDEFC, 0xDEFC, 0xDEFC, 0xDEFC, 0xDEFC, 0xDEFC, 0xDEFC, 0xDEFC, 0xDEFC,
    0xDEFB, 0xDEFC, 0xDEFC, 0xDEFC, 0xDEFC, 0xDEFC, 0xDF1C, 0xDF1C, 0xDF1C, 0xDF1C, 0xDF1C, 0xDEFC,
    0xDEFC, 0xDEFC, 0xDEFC, 0xDEFC, 0xDEFC, 0xDEFC, 0xDEFC, 0xDEFC, 0xDEFC, 0xDEFC, 0xDEFC, 0xDEFC,
    0xDF1C, 0xDF1C, 0xDF1C, 0xDEFC, 0xDF1C, 0xDEFC, 0xDEFC, 0xDEFB, 0xDEFC, 0xDEFC, 0xDEFC, 0xDEFC,
    0xDEFC, 0xDEFC, 0xDEFC, 0xDEFC, 0xDEFC, 0xDF1C, 0xDF1C, 0xDEFC, 0xDF1C, 0xDF1C, 0xDF1C, 0xDEFC,
    0xDF1C, 0xDF1C, 0xDF1C, 0xDF1C, 0xDF1C, 0xDEFC, 0xDEFC, 0xDEFC, 0xDF1C, 0xE73C, 0xEF9E, 0xF7BE,
    0xCE79, 0x5AEB, 0x0000, 0x0000, 0x0000, 0x0000, 0x0000, 0x0000, 0x0000, 0x0000, 0x0000, 0x0000,
    0x0000, 0x0000, 0x0000, 0x0000, 0x0000, 0x0000, 0x0000, 0x0000, 0x0000, 0x0000, 0x0000, 0x39C7,
    0x94B2, 0xD6BB, 0xF79E, 0xFFDF, 0xFFDF, 0xFFDF, 0xFFDF, 0xF7DF, 0xF7DF, 0xF7DF, 0xF7BF, 0xF7BF,
    0xF7DF, 0xF7DF, 0xFFDF, 0xF7DF, 0xF7DF, 0xFFDF, 0xFFDF, 0xF7DF, 0xF7BF, 0xF7BF, 0xF7DF, 0xFFDF,
    0xFFDF, 0xF7DF, 0xFFDF, 0xFFDF, 0xFFDF, 0xF7DF, 0xF7DF, 0xF7DF, 0xF7DF, 0xF7DF, 0xF7BF, 0xF7BF,
    0xF7DF, 0xF7DF, 0xF7DF, 0xFFDF, 0xFFDF, 0xFFDF, 0xFFDF, 0xFFDF, 0xF7DF, 0xF7DF, 0xF7BF, 0xF7BF,
    0xF7DF, 0xF7DF, 0xF7DF, 0xF7DF, 0xF7DF, 0xF7DF, 0xF7DF, 0xF7DF, 0xFFDF, 0xFFDF, 0xF7DF, 0xF7DF,
    0xF7DF, 0xF7DF, 0xFFDF, 0xFFDF, 0xF7DF, 0xFFDF, 0xFFDF, 0xFFDF, 0xFFDF, 0xFFDF, 0xF7DF, 0xFFDF,
    0xF7BE, 0xE73C, 0xB596, 0x5AEB, 0x0000, 0x0000, 0x0000, 0x0000, 0x0000, 0x0000, 0x0000, 0x0000,
    0x0000, 0x0000, 0x0000, 0x0000, 0x0000, 0x0000, 0x0000, 0x0000, 0x0000, 0x0000, 0x0000, 0x0000,
    0x0000, 0x0000, 0x0000, 0x0000, 0x0000, 0x0000, 0x39E7, 0x6B6D, 0x8C51, 0x8C51, 0x8430, 0x8430,
    0x8430, 0x8430, 0x8450, 0x8C51, 0x8C50, 0x8450, 0x8430, 0x8430, 0x8C50, 0x8C51, 0x8C51, 0x8430,
    0x8430, 0x8430, 0x8430, 0x8430, 0x8430, 0x8430, 0x8C50, 0x8C51, 0x8C51, 0x8430, 0x8430, 0x8430,
    0x8430, 0x8430, 0x8430, 0x8430, 0x8430, 0x8430, 0x8430, 0x8430, 0x8450, 0x8C51, 0x8C51, 0x8C51,
    0x8C51, 0x8450, 0x8430, 0x8430, 0x8450, 0x8C50, 0x8C51, 0x8C51, 0x8430, 0x8430, 0x8430, 0x8450,
    0x8430, 0x8430, 0x8430, 0x8430, 0x8C50, 0x8C50, 0x8430, 0x8C51, 0x8450, 0x8430, 0x8C50, 0x8C51,
    0x8C50, 0x8450, 0x8430, 0x7BCF, 0x528A, 0x0000, 0x0000, 0x0000, 0x0000, 0x0000, 0x0000, 0x0000,
    0x0000, 0x0000, 0x0000, 0x0000, 0x0000, 0x0000, 0x0000, 0x0000, 0x0000, 0x0000, 0x0000, 0x0000,
    0x0000, 0x0000, 0x0000, 0x0000, 0x0000, 0x0000, 0x0000, 0x0000, 0x0000, 0x0000, 0x0000, 0x0000,
    0x0000, 0x0000, 0x0000, 0x0000, 0x0000, 0x0000, 0x0000, 0x0000, 0x0000, 0x0000, 0x0000, 0x0000,
    0x0000, 0x0000, 0x0000, 0x0000, 0x0000, 0x0000, 0x0000, 0x0000, 0x0000, 0x0000, 0x0000, 0x0000,
    0x0000, 0x0000, 0x0000, 0x0000, 0x0000, 0x0000, 0x0000, 0x0000, 0x0000, 0x0000, 0x0000, 0x0000,
    0x0000, 0x0000, 0x0000, 0x0000, 0x0000, 0x0000, 0x0000, 0x0000, 0x0000, 0x0000, 0x0000, 0x0000,
    0x0000, 0x0000, 0x0000, 0x0000, 0x0000, 0x0000, 0x0000, 0x0000, 0x0000, 0x0000, 0x0000, 0x0000,
    0x0000, 0x0000, 0x0000, 0x0000, 0x0000, 0x0000, 0x0000, 0x0000, 0x0000, 0x0000, 0x0000, 0x0000,
    0x0000, 0x0000, 0x0000, 0x0000, 0x0000, 0x0000, 0x0000, 0x0000, 0x0000, 0x0000, 0x0000, 0x0000,
    0x0000, 0x0000, 0x0000, 0x0000, 0x0000, 0x0000, 0x0000, 0x0000, 0x0000, 0x0000, 0x0000, 0x0000,
    0x0000, 0x0000, 0x0000, 0x0000, 0x0000, 0x0000, 0x0000, 0x0000, 0x0000, 0x0000, 0x0000, 0x0000,
    0x0000, 0x0000, 0x0000, 0x0000, 0x0000, 0x0000, 0x0000, 0x0000, 0x0000, 0x0000, 0x0000, 0x0000,
    0x0000, 0x0000, 0x0000, 0x0000, 0x0000, 0x0000, 0x0000, 0x0000, 0x0000, 0x0000, 0x0000, 0x0000,
    0x0000, 0x0000, 0x0000, 0x0000, 0x0000, 0x0000, 0x0000, 0x0000, 0x0000, 0x0000, 0x0000, 0x0000,
    0x0000, 0x0000, 0x0000, 0x0000, 0x0000, 0x0000, 0x0000, 0x0000, 0x0000, 0x0000, 0x0000, 0x0000,
    0x0000, 0x0000, 0x0000, 0x0000, 0x0000, 0x0000, 0x0000, 0x0000, 0x0000, 0x0000, 0x0000, 0x0000,
    0x0000, 0x0000, 0x0000, 0x0000, 0x0000, 0x0000, 0x0000, 0x0000, 0x0000, 0x0000, 0x0000, 0x0000,
    0x0000, 0x0000, 0x0000, 0x0000, 0x0000, 0x0000, 0x0000, 0x0000, 0x0000, 0x0000, 0x0000, 0x0000,
    0x0000, 0x0000, 0x0000, 0x0000, 0x0000, 0x0000, 0x0000, 0x0000, 0x0000, 0x0000, 0x0000, 0x0000,
    0x0000, 0x0000, 0x0000, 0x0000, 0x0000, 0x0000, 0x0000, 0x0000, 0x0000, 0x0000, 0x0000, 0x0000,
    0x0000, 0x0000, 0x0000, 0x0000, 0x0000, 0x0000, 0x0000, 0x0000, 0x0000, 0x0000, 0x0000, 0x0000,
    0x0000, 0x0000, 0x0000, 0x0000, 0x0000, 0x0000, 0x0000, 0x0000, 0x0000, 0x0000, 0x0000, 0x0000,
    0x0000, 0x0000, 0x0000, 0x0000, 0x0000, 0x0000, 0x0000, 0x0000, 0x0000, 0x0000, 0x0000, 0x0000,
    0x0000, 0x0000, 0x0000, 0x0000, 0x0000, 0x0000, 0x0000, 0x0000, 0x0000, 0x0000, 0x0000, 0x0000,
    0x0000, 0x0000, 0x0000, 0x0000, 0x0000, 0x0000, 0x0000, 0x0000, 0x0000, 0x0000, 0x0000, 0x0000,
    0x0000, 0x0000, 0x0000, 0x0000, 0x0000, 0x0000, 0x0000, 0x0000, 0x0000, 0x0000, 0x0000, 0x0000,
    0x0000, 0x0000, 0x0000, 0x0000, 0x0000, 0x0000, 0x0000, 0x0000, 0x0000, 0x0000, 0x0000, 0x0000,
    0x0000, 0x0000, 0x0000, 0x0000, 0x0000, 0x0000, 0x0000, 0x0000, 0x0000, 0x0000, 0x0000, 0x0000,
    0x0000, 0x0000, 0x0000, 0x0000, 0x0000, 0x0000, 0x0000, 0x0000, 0x0000, 0x0000, 0x0000, 0x0000,
    0x0000, 0x0000, 0x0000, 0x0000, 0x0000, 0x0000, 0x0000, 0x0000, 0x0000, 0x0000, 0x0000, 0x0000,
    0x0000, 0x0000, 0x0000, 0x0000, 0x0000, 0x0000, 0x0000, 0x0000, 0x0000, 0x0000, 0x0000, 0x0000,
    0x0000, 0x0000, 0x0000, 0x0000, 0x0000, 0x0000, 0x0000, 0x0000, 0x0000, 0x0000, 0x0000, 0x0000,
    0x0000, 0x0000, 0x0000, 0x0000, 0x0000, 0x0000, 0x0000, 0x0000, 0x0000, 0x0000, 0x0000, 0x0000,
    0x0000, 0x0000, 0x0000, 0x0000, 0x0000, 0x0000, 0x0000, 0x0000, 0x0000, 0x0000, 0x0000, 0x0000,
    0x0000, 0x0000, 0x0000, 0x0000, 0x0000, 0x0000, 0x0000, 0x0000, 0x0000, 0x0000, 0x0000, 0x0000,
    0x0000, 0x0000, 0x0000, 0x0000, 0x0000, 0x0000, 0x0000, 0x0000, 0x0000, 0x0000, 0x0000, 0x0000,
    0x0000, 0x0000, 0x0000, 0x0000, 0x0000, 0x0000, 0x0000, 0x0000, 0x0000, 0x0000, 0x0000, 0x0000,
    0x0000, 0x0000, 0x0000, 0x0000, 0x0000, 0x0000, 0x0000, 0x0000, 0x0000, 0x0000, 0x0000, 0x0000,
    0x0000, 0x0000, 0x0000, 0x0000, 0x0000, 0x0000, 0x0000, 0x0000, 0x0000, 0x0000, 0x0000, 0x0000,
    0x0000, 0x0000, 0x0000, 0x0000, 0x0000, 0x0000, 0x0000, 0x0000, 0x0000, 0x0000, 0x0000, 0x0000,
    0x0000, 0x0000, 0x0000, 0x0000, 0x0000, 0x0000, 0x0000, 0x0000, 0x0000, 0x0000, 0x0000, 0x0000,
    0x0000, 0x0000, 0x0000, 0x0000, 0x0000, 0x0000, 0x0000, 0x0000, 0x0000, 0x0000, 0x0000, 0x0000,
    0x0000, 0x0000, 0x0000, 0x0000, 0x0000, 0x0000, 0x0000, 0x0000, 0x0000, 0x0000, 0x0000, 0x0000,
    0x0000, 0x0000, 0x0000, 0x0000, 0x0000, 0x0000, 0x0000, 0x0000, 0x0000, 0x0000, 0x0000, 0x0000,
    0x0000, 0x0000, 0x0000, 0x0000, 0x0000, 0x0000, 0x0000, 0x0000, 0x0000, 0x0000, 0x0000, 0x0000,
    0x0000, 0x0000, 0x0000, 0x0000, 0x0000, 0x0000, 0x0000, 0x0000, 0x0000, 0x0000, 0x0000, 0x0000,
    0x0000, 0x0000, 0x0000, 0x0000, 0x0000, 0x0000, 0x0000, 0x0000, 0x0000, 0x0000, 0x0000, 0x0000,
    0x0000, 0x0000, 0x0000, 0x0000, 0x0000, 0x0000, 0x0000, 0x0000, 0x0000, 0x0000, 0x0000, 0x0000,
    0x0000, 0x0000, 0x0000, 0x0000, 0x0000, 0x0000, 0x0000, 0x0000, 0x0000, 0x0000, 0x0000, 0x0000,
    0x0000, 0x0000, 0x0000, 0x0000, 0x0000, 0x0000, 0x0000, 0x0000, 0x0000, 0x0000, 0x0000, 0x0000,
    0x0000, 0x0000, 0x0000, 0x0000, 0x0000, 0x0000, 0x0000, 0x0000, 0x0000, 0x0000, 0x0000, 0x0000,
    0x0000, 0x0000, 0x0000, 0x0000, 0x0000, 0x0000, 0x0000, 0x0000, 0x0000, 0x0000, 0x0000, 0x0000,
    0x0000, 0x0000, 0x0000, 0x0000, 0x0000, 0x0000, 0x0000, 0x0000, 0x0000, 0x0000, 0x0000, 0x0000,
    0x0000, 0x0000, 0x0000, 0x0000, 0x0000, 0x0000, 0x0000, 0x0000, 0x0000, 0x0000, 0x0000, 0x0000,
    0x0000, 0x0000, 0x0000, 0x0000, 0x0000, 0x0000, 0x0000, 0x0000, 0x0000, 0x0000, 0x0000, 0x0000,
    0x0000, 0x0000, 0x0000, 0x0000, 0x0000, 0x0000, 0x0000, 0x0000, 0x0000, 0x0000, 0x0000, 0x0000,
    0x0000, 0x0000, 0x0000, 0x0000, 0x0000, 0x0000, 0x0000, 0x0000, 0x0000, 0x0000, 0x0000, 0x0000,
    0x0000, 0x0000, 0x0000, 0x0000, 0x0000, 0x0000, 0x0000, 0x0000, 0x0000, 0x0000, 0x0000, 0x0000,
    0x0000, 0x0000, 0x0000, 0x0000, 0x0000, 0x0000, 0x0000, 0x0000, 0x0000, 0x0000, 0x0000, 0x0000,
    0x0000, 0x0000, 0x0000, 0x0000, 0x0000, 0x0000, 0x0000, 0x0000, 0x0000, 0x0000, 0x0000, 0x0000,
    0x0000, 0x0000, 0x0000, 0x0000, 0x0000, 0x0000, 0x0000, 0x0000, 0x0000, 0x0000, 0x0000, 0x0000,
    0x0000, 0x0000, 0x0000, 0x0000, 0x0000, 0x0000, 0x0000, 0x0000, 0x0000, 0x0000, 0x0000, 0x0000,
    0x0000, 0x0000, 0x0000, 0x0000, 0x0000, 0x0000, 0x0000, 0x0000, 0x0000, 0x0000, 0x0000, 0x0000,
    0x0000, 0x0000, 0x0000, 0x0000, 0x0000, 0x0000, 0x0000, 0x0000, 0x0000, 0x0000, 0x0000, 0x0000,
    0x0000, 0x0000, 0x0000, 0x0000, 0x0000, 0x0000, 0x0000, 0x0000, 0x0000, 0x0000, 0x0000, 0x0000,
    0x0000, 0x0000, 0x0000, 0x0000, 0x0000, 0x0000, 0x0000, 0x0000, 0x0000, 0x0000, 0x0000, 0x0000,
    0x0000, 0x0000, 0x0000, 0x0000, 0x0000, 0x0000, 0x0000, 0x0000, 0x0000, 0x0000, 0x0000, 0x0000,
    0x0000, 0x0000, 0x0000, 0x0000, 0x0000, 0x0000, 0x0000, 0x0000, 0x0000, 0x0000, 0x0000, 0x0000,
    0x0000, 0x0000, 0x0000, 0x0000, 0x0000, 0x0000, 0x0000, 0x0000, 0x0000, 0x0000, 0x0000, 0x0000,
    0x0000, 0x0000, 0x0000, 0x0000, 0x0000, 0x0000, 0x0000, 0x0000, 0x0000, 0x0000, 0x0000, 0x0000,
    0x0000, 0x0000, 0x0000, 0x0000, 0x0000, 0x0000, 0x0000, 0x0000, 0x0000, 0x0000, 0x0000, 0x0000,
    0x0000, 0x0000, 0x0000, 0x0000, 0x0000, 0x0000, 0x0000, 0x0000, 0x0000, 0x0000, 0x0000, 0x0000,
    0x0000, 0x0000, 0x0000, 0x0000, 0x0000, 0x0000, 0x0000, 0x0000, 0x0000, 0x0000, 0x0000, 0x0000,
    0x0000, 0x0000, 0x0000, 0x0000, 0x0000, 0x0000, 0x0000, 0x0000, 0x0000, 0x0000, 0x0000, 0x0000,
    0x0000, 0x0000, 0x0000, 0x0000, 0x0000, 0x0000, 0x0000, 0x0000, 0x0000, 0x0000, 0x0000, 0x0000,
    0x0000, 0x0000, 0x0000, 0x0000, 0x0000, 0x0000, 0x0000, 0x0000, 0x0000, 0x0000, 0x0000, 0x0000,
    0x0000, 0x0000, 0x0000, 0x0000, 0x0000, 0x0000, 0x0000, 0x0000, 0x0000, 0x0000, 0x0000, 0x0000,
    0x0000, 0x0000, 0x0000, 0x0000, 0x0000, 0x0000, 0x0000, 0x0000, 0x0000, 0x0000, 0x0000, 0x0000,
    0x0000, 0x0000, 0x0000, 0x0000, 0x0000, 0x0000, 0x0000, 0x0000, 0x0000, 0x0000, 0x0000, 0x0000,
    0x0000, 0x0000, 0x0000, 0x0000, 0x0000, 0x0000, 0x0000, 0x0000, 0x0000, 0x0000, 0x0000, 0x0000,
    0x0000, 0x0000, 0x0000, 0x0000, 0x0000, 0x0000, 0x0000, 0x0000, 0x0000, 0x0000, 0x0000, 0x0000,
    0x0000, 0x0000, 0x0000, 0x0000, 0x0000, 0x0000, 0x0000, 0x0000, 0x0000, 0x0000, 0x0000, 0x0000,
    0x0000, 0x0000, 0x0000, 0x0000, 0x0000, 0x0000, 0x0000, 0x0000, 0x0000, 0x0000, 0x0000, 0x0000,
    0x0000, 0x0000, 0x0000, 0x0000, 0x0000, 0x0000, 0x0000, 0x0000, 0x0000, 0x0000, 0x0000, 0x0000,
    0x0000, 0x0000, 0x0000, 0x0000, 0x0000, 0x0000, 0x0000, 0x0000, 0x0000, 0x0000, 0x0000, 0x0000,
    0x0000, 0x0000, 0x0000, 0x0000, 0x0000, 0x0000, 0x0000, 0x0000, 0x0000, 0x0000, 0x0000, 0x0000,
    0x0000, 0x0000, 0x0000, 0x0000, 0x0000, 0x0000, 0x0000, 0x0000, 0x0000, 0x0000, 0x0000, 0x0000,
    0x0000, 0x0000, 0x0000, 0x0000, 0x0000, 0x0000, 0x0000, 0x0000, 0x0000, 0x0000, 0x0000, 0x0000,
    0x0000, 0x0000, 0x0000, 0x0000, 0x0000, 0x0000, 0x0000, 0x0000, 0x0000, 0x0000, 0x0000, 0x0000,
    0x0000, 0x0000, 0x0000, 0x0000, 0x0000, 0x0000, 0x0000, 0x0000, 0x0000, 0x0000, 0x0000, 0x0000,
    0x0000, 0x0000, 0x0000, 0x0000, 0x0000, 0x0000, 0x0000, 0x0000, 0x0000, 0x0000, 0x0000, 0x0000,
    0x0000, 0x0000, 0x0000, 0x0000, 0x0000, 0x0000, 0x0000, 0x0000, 0x0000, 0x0000, 0x0000, 0x0000,
    0x0000, 0x0000, 0x0000, 0x0000, 0x0000, 0x0000, 0x0000, 0x0000, 0x0000, 0x0000, 0x0000, 0x0000,
    0x0000, 0x0000, 0x0000, 0x0000, 0x0000, 0x0000, 0x0000, 0x0000, 0x0000, 0x0000, 0x0000, 0x0000,
    0x0000, 0x0000, 0x0000, 0x0000, 0x0000, 0x0000, 0x0000, 0x0000, 0x0000, 0x0000, 0x0000, 0x0000,
    0x0000, 0x0000, 0x0000, 0x0000, 0x0000, 0x0000, 0x0000, 0x0000, 0x0000, 0x0000, 0x0000, 0x0000,
    0x0000, 0x0000, 0x0000, 0x0000, 0x0000, 0x0000, 0x0000, 0x0000, 0x0000, 0x0000, 0x0000, 0x0000,
    0x0000, 0x0000, 0x0000, 0x0000, 0x0000, 0x0000, 0x0000, 0x0000, 0x0000, 0x0000, 0x0000, 0x0000,
    0x0000, 0x0000, 0x0000, 0x0000, 0x0000, 0x0000, 0x0000, 0x0000, 0x0000, 0x0000, 0x0000, 0x0000,
    0x0000, 0x0000, 0x0000, 0x0000, 0x0000, 0x0000, 0x0000, 0x0000, 0x0000, 0x0000, 0x0000, 0x0000,
    0x0000, 0x0000, 0x0000, 0x0000, 0x0000, 0x0000, 0x0000, 0x0000, 0x0000, 0x0000, 0x0000, 0x0000,
    0x0000, 0x0000, 0x0000, 0x0000, 0x0000, 0x0000, 0x0000, 0x0000, 0x0000, 0x0000, 0x0000, 0x0000,
    0x0000, 0x0000, 0x0000, 0x0000, 0x0000, 0x0000, 0x0000, 0x0000, 0x0000, 0x0000, 0x0000, 0x0000,
    0x0000, 0x0000, 0x0000, 0x0000, 0x0000, 0x0000, 0x0000, 0x0000, 0x0000, 0x0000, 0x0000, 0x0000,
    0x0000, 0x0000, 0x0000, 0x0000, 0x0000, 0x0000, 0x0000, 0x0000, 0x0000, 0x0000, 0x0000, 0x0000,
    0x0000, 0x0000, 0x0000, 0x0000, 0x0000, 0x0000, 0x0000, 0x0000, 0x0000, 0x0000, 0x0000, 0x0000,
    0x0000, 0x0000, 0x0000, 0x0000, 0x0000, 0x0000, 0x0000, 0x0000, 0x0000, 0x0000, 0x0000, 0x0000,
    0x0000, 0x0000, 0x0000, 0x0000, 0x0000, 0x0000, 0x0000, 0x0000, 0x0000, 0x0000, 0x0000, 0x0000,
    0x0000, 0x0000, 0x0000, 0x0000, 0x0000, 0x0000, 0x0000, 0x0000, 0x0000, 0x0000, 0x0000, 0x0000,
    0x0000, 0x0000, 0x0000, 0x0000, 0x0000, 0x0000, 0x0000, 0x0000, 0x0000, 0x0000, 0x0000, 0x0000,
    0x0000, 0x0000, 0x0000, 0x0000, 0x0000, 0x0000, 0x0000, 0x0000, 0x0000, 0x0000, 0x0000, 0x0000,
    0x0000, 0x0000, 0x0000, 0x0000, 0x0000, 0x0000, 0x0000, 0x0000, 0x0000, 0x0000, 0x0000, 0x0000,
    0x0000, 0x0000, 0x0000, 0x0000, 0x0000, 0x0000, 0x0000, 0x0000, 0x0000, 0x0000, 0x0000, 0x0000,
    0x0000, 0x0000, 0x0000, 0x0000, 0x0000, 0x0000, 0x0000, 0x0000, 0x0000, 0x0000, 0x0000, 0x0000,
    0x0000, 0x0000, 0x0000, 0x0000, 0x0000, 0x0000, 0x0000, 0x0000, 0x0000, 0x0000, 0x0000, 0x0000,
    0x0000, 0x0000, 0x0000, 0x0000, 0x0000, 0x0000, 0x0000, 0x0000, 0x0000, 0x0000, 0x0000, 0x0000,
    0x0000, 0x0000, 0x0000, 0x0000, 0x0000, 0x0000, 0x0000, 0x0000, 0x0000, 0x0000, 0x0000, 0x0000,
    0x0000, 0x0000, 0x0000, 0x0000, 0x0000, 0x0000, 0x0000, 0x0000, 0x0000, 0x0000, 0x0000, 0x0000,
    0x0000, 0x0000, 0x0000, 0x0000, 0x0000, 0x0000, 0x0000, 0x0000, 0x0000, 0x0000, 0x0000, 0x0000,
    0x0000, 0x0000, 0x0000, 0x0000, 0x0000, 0x0000, 0x0000, 0x0000, 0x0000, 0x0000, 0x0000, 0x0000,
    0x0000, 0x0000, 0x0000, 0x0000, 0x0000, 0x0000, 0x0000, 0x0000, 0x0000, 0x0000, 0x0000, 0x0000,
    0x0000, 0x0000, 0x0000, 0x0000, 0x0000, 0x0000, 0x0000, 0x0000, 0x0000, 0x0000, 0x0000, 0x0000,
    0x0000, 0x0000, 0x0000, 0x0000, 0x0000, 0x0000, 0x0000, 0x0000, 0x0000, 0x0000, 0x0000, 0x0000,
    0x0000, 0x0000, 0x0000, 0x0000, 0x0000, 0x0000, 0x0000, 0x0000, 0x0000, 0x0000, 0x0000, 0x0000,
    0x0000, 0x0000, 0x0000, 0x0000, 0x0000, 0x0000, 0x0000, 0x0000, 0x0000, 0x0000, 0x0000, 0x0000,
    0x0000, 0x0000, 0x0000, 0x0000, 0x0000, 0x0000, 0x0000, 0x0000, 0x0000, 0x0000, 0x0000, 0x0000,
    0x0000, 0x0000, 0x0000, 0x0000, 0x0000, 0x0000, 0x0000, 0x0000, 0x0000, 0x0000, 0x0000, 0x0000,
    0x0000, 0x0000, 0x0000, 0x0000, 0x0000, 0x0000, 0x0000, 0x0000, 0x0000, 0x0000, 0x0000, 0x0000,
    0x0000, 0x0000, 0x0000, 0x0000, 0x0000, 0x0000, 0x0000, 0x0000, 0x0000, 0x0000, 0x0000, 0x0000,
    0x0000, 0x0000, 0x0000, 0x0000, 0x0000, 0x0000, 0x0000, 0x0000, 0x0000, 0x0000, 0x0000, 0x0000,
    0x0000, 0x0000, 0x0000, 0x0000, 0x0000, 0x0000, 0x0000, 0x0000, 0x0000, 0x0000, 0x0000, 0x0000,
    0x0000, 0x0000, 0x0000, 0x0000, 0x0000, 0x0000, 0x0000, 0x0000, 0x0000, 0x0000, 0x0000, 0x0000,
    0x0000, 0x0000, 0x0000, 0x0000, 0x0000, 0x0000, 0x0000, 0x0000, 0x0000, 0x0000, 0x0000, 0x0000,
    0x0000, 0x0000, 0x0000, 0x0000, 0x0000, 0x0000, 0x0000, 0x0000, 0x0000, 0x0000, 0x0000, 0x0000,
    0x0000, 0x0000, 0x0000, 0x0000, 0x0000, 0x0000, 0x0000, 0x0000, 0x0000, 0x0000, 0x0000, 0x0000,
    0x0000, 0x0000, 0x0000, 0x0000, 0x0000, 0x0000, 0x0000, 0x0000, 0x0000, 0x0000, 0x0000, 0x0000,
    0x0000, 0x0000, 0x0000, 0x0000, 0x0000, 0x0000, 0x0000, 0x0000, 0x0000, 0x0000, 0x0000, 0x0000,
    0x0000, 0x0000, 0x0000, 0x0000, 0x0000, 0x0000, 0x0000, 0x0000, 0x0000, 0x0000, 0x0000, 0x0000,
    0x0000, 0x0000, 0x0000, 0x0000, 0x0000, 0x0000, 0x0000, 0x0000, 0x0000, 0x0000, 0x0000, 0x0000,
    0x0000, 0x0000, 0x0000, 0x0000, 0x0000, 0x0000, 0x0000, 0x0000, 0x0000, 0x0000, 0x0000, 0x0000,
    0x0000, 0x0000, 0x0000, 0x0000, 0x0000, 0x0000, 0x0000, 0x0000, 0x0000, 0x0000, 0x0000, 0x0000,
    0x0000, 0x0000, 0x0000, 0x0000, 0x0000, 0x0000, 0x0000, 0x0000, 0x0000, 0x0000, 0x0000, 0x0000,
    0x0000, 0x0000, 0x0000, 0x0000, 0x0000, 0x0000, 0x0000, 0x0000, 0x0000, 0x0000, 0x0000, 0x0000,
    0x0000, 0x0000, 0x0000, 0x0000, 0x0000, 0x0000, 0x0000, 0x0000, 0x0000, 0x0000, 0x0000, 0x0000,
    0x0000, 0x0000, 0x0000, 0x0000, 0x0000, 0x0000, 0x0000, 0x0000, 0x0000, 0x0000, 0x0000, 0x0000,
    0x0000, 0x0000, 0x0000, 0x0000, 0x0000, 0x0000, 0x0000, 0x0000, 0x0000, 0x0000, 0x0000, 0x0000,
    0x0000, 0x0000, 0x0000, 0x0000, 0x0000, 0x0000, 0x0000, 0x0000, 0x0000, 0x0000, 0x0000, 0x0000,
    0x0000, 0x0000, 0x0000, 0x0000, 0x0000, 0x0000, 0x0000, 0x0000, 0x0000, 0x0000, 0x0000, 0x0000,
    0x0000, 0x0000, 0x0000, 0x0000, 0x0000, 0x0000, 0x0000, 0x0000, 0x0000, 0x0000, 0x0000, 0x0000,
    0x0000, 0x0000, 0x0000, 0x0000, 0x0000, 0x0000, 0x0000, 0x0000, 0x0000, 0x0000, 0x0000, 0x0000,
    0x0000, 0x0000, 0x0000, 0x0000, 0x0000, 0x0000, 0x0000, 0x0000, 0x0000, 0x0000, 0x0000, 0x0000,
    0x0000, 0x0000, 0x0000, 0x0000, 0x0000, 0x0000, 0x0000, 0x0000, 0x0000, 0x0000, 0x0000, 0x0000,
    0x0000, 0x0000, 0x0000, 0x0000, 0x0000, 0x0000, 0x0000, 0x0000, 0x0000, 0x0000, 0x0000, 0x0000,
    0x0000, 0x0000, 0x0000, 0x0000, 0x0000, 0x0000, 0x0000, 0x0000, 0x0000, 0x0000, 0x0000, 0x0000,
    0x0000, 0x0000, 0x0000, 0x0000, 0x0000, 0x0000, 0x0000, 0x0000, 0x0000, 0x0000, 0x0000, 0x0000,
    0x0000, 0x0000, 0x0000, 0x0000, 0x0000, 0x0000, 0x0000, 0x0000, 0x0000, 0x0000, 0x0000, 0x0000,
    0x0000, 0x0000, 0x0000, 0x0000, 0x0000, 0x0000, 0x0000, 0x0000, 0x0000, 0x0000, 0x0000, 0x0000,
    0x0000, 0x0000, 0x0000, 0x0000, 0x0000, 0x0000, 0x0000, 0x0000, 0x0000, 0x0000, 0x0000, 0x0000,
    0x0000, 0x0000, 0x0000, 0x0000, 0x0000, 0x0000, 0x0000, 0x0000, 0x0000, 0x0000, 0x0000, 0x0000,
    0x0000, 0x0000, 0x0000, 0x0000, 0x0000, 0x0000, 0x0000, 0x0000, 0x0000, 0x0000, 0x0000, 0x0000,
    0x0000, 0x0000, 0x0000, 0x0000, 0x0000, 0x0000, 0x0000, 0x0000, 0x0000, 0x0000, 0x0000, 0x0000,
    0x0000, 0x0000, 0x0000, 0x0000, 0x0000, 0x0000, 0x0000, 0x0000, 0x0000, 0x0000, 0x0000, 0x0000,
    0x0000, 0x0000, 0x0000, 0x0000, 0x0000, 0x0000, 0x0000, 0x0000, 0x0000, 0x0000, 0x0000, 0x0000,
    0x0000, 0x0000, 0x0000, 0x0000, 0x0000, 0x0000, 0x0000, 0x0000, 0x0000, 0x0000, 0x0000, 0x0000,
    0x0000, 0x0000, 0x0000, 0x0000, 0x0000, 0x0000, 0x0000, 0x0000, 0x0000, 0x0000, 0x0000, 0x0000,
    0x0000, 0x0000, 0x0000, 0x0000, 0x0000, 0x0000, 0x0000, 0x0000, 0x0000, 0x0000, 0x0000, 0x0000,
    0x0000, 0x0000, 0x0000, 0x0000, 0x0000, 0x0000, 0x0000, 0x0000, 0x0000, 0x0000, 0x0000, 0x0000,
    0x0000, 0x0000, 0x0000, 0x0000
  },
  { // 帧 8
    0x0000, 0x0000, 0x0000, 0x0000, 0x0000, 0x0000, 0x0000, 0x0000, 0x0000, 0x0000, 0x0000, 0x0000,
    0x0000, 0x0000, 0x0000, 0x0000, 0x0000, 0x0000, 0x0000, 0x0000, 0x0000, 0x0000, 0x0000, 0x0000,
    0x0000, 0x0000, 0x0000, 0x0000, 0x0000, 0x0000, 0x0000, 0x0000, 0x0000, 0x0000, 0x0000, 0x0000,
    0x0000, 0x0000, 0x0000, 0x0000, 0x0000, 0x0000, 0x0000, 0x0000, 0x0000, 0x0000, 0x0000, 0x0000,
    0x0000, 0x0000, 0x0000, 0x0000, 0x0000, 0x0000, 0x0000, 0x0000, 0x0000, 0x0000, 0x0000, 0x0000,
    0x0000, 0x0000, 0x0000, 0x0000, 0x0000, 0x0000, 0x0000, 0x0000, 0x0000, 0x0000, 0x0000, 0x0000,
    0x0000, 0x0000, 0x0000, 0x0000, 0x0000, 0x0000, 0x0000, 0x0000, 0x0000, 0x0000, 0x0000, 0x0000,
    0x0000, 0x0000, 0x0000, 0x0000, 0x0000, 0x0000, 0x0000, 0x0000, 0x0000, 0x0000, 0x0000, 0x0000,
    0x0000, 0x0000, 0x0000, 0x0000, 0x0000, 0x0000, 0x0000, 0x0000, 0x0000, 0x0000, 0x0000, 0x0000,
    0x0000, 0x0000, 0x0000, 0x0000, 0x0000, 0x0000, 0x0000, 0x0000, 0x0000, 0x0000, 0x0000, 0x0000,
    0x0000, 0x0000, 0x0000, 0x0000, 0x0000, 0x0000, 0x0000, 0x0000, 0x0000, 0x0000, 0x0000, 0x0000,
    0x0000, 0x0000, 0x0000, 0x0000, 0x0000, 0x0000, 0x0000, 0x0000, 0x0000, 0x0000, 0x0000, 0x0000,
    0x0000, 0x0000, 0x0000, 0x0000, 0x0000, 0x0000, 0x0000, 0x0000, 0x0000, 0x0000, 0x0000, 0x0000,
    0x0000, 0x0000, 0x0000, 0x0000, 0x0000, 0x0000, 0x0000, 0x0000, 0x0000, 0x0000, 0x0000, 0x0000,
    0x0000, 0x0000, 0x0000, 0x0000, 0x0000, 0x0000, 0x0000, 0x0000, 0x0000, 0x0000, 0x0000, 0x0000,
    0x0000, 0x0000, 0x0000, 0x0000, 0x0000, 0x0000, 0x0000, 0x0000, 0x0000, 0x0000, 0x0000, 0x0000,
    0x0000, 0x0000, 0x0000, 0x0000, 0x0000, 0x0000, 0x0000, 0x0000, 0x0000, 0x0000, 0x0000, 0x0000,
    0x0000, 0x0000, 0x0000, 0x0000, 0x0000, 0x0000, 0x0000, 0x0000, 0x0000, 0x0000, 0x0000, 0x0000,
    0x0000, 0x0000, 0x0000, 0x0000, 0x0000, 0x0000, 0x0000, 0x0000, 0x0000, 0x0000, 0x0000, 0x0000,
    0x0000, 0x0000, 0x0000, 0x0000, 0x0000, 0x0000, 0x0000, 0x0000, 0x0000, 0x0000, 0x0000, 0x0000,
    0x0000, 0x0000, 0x0000, 0x0000, 0x0000, 0x0000, 0x0000, 0x0000, 0x0000, 0x0000, 0x0000, 0x0000,
    0x0000, 0x0000, 0x0000, 0x0000, 0x0000, 0x0000, 0x0000, 0x0000, 0x0000, 0x0000, 0x0000, 0x0000,
    0x0000, 0x0000, 0x0000, 0x0000, 0x0000, 0x0000, 0x0000, 0x0000, 0x0000, 0x0000, 0x0000, 0x0000,
    0x0000, 0x0000, 0x0000, 0x0000, 0x0000, 0x0000, 0x0000, 0x0000, 0x0000, 0x0000, 0x0000, 0x0000,
    0x0000, 0x0000, 0x0000, 0x0000, 0x0000, 0x0000, 0x0000, 0x0000, 0x0000, 0x0000, 0x0000, 0x0000,
    0x0000, 0x0000, 0x0000, 0x0000, 0x0000, 0x0000, 0x0000, 0x0000, 0x0000, 0x0000, 0x0000, 0x0000,
    0x0000, 0x0000, 0x0000, 0x0000, 0x0000, 0x0000, 0x0000, 0x0000, 0x0000, 0x0000, 0x0000, 0x0000,
    0x0000, 0x0000, 0x0000, 0x0000, 0x0000, 0x0000, 0x0000, 0x0000, 0x0000, 0x0000, 0x0000, 0x0000,
    0x0000, 0x0000, 0x0000, 0x0000, 0x0000, 0x0000, 0x0000, 0x0000, 0x0000, 0x0000, 0x0000, 0x0000,
    0x0000, 0x0000, 0x0000, 0x0000, 0x0000, 0x0000, 0x0000, 0x0000, 0x0000, 0x0000, 0x0000, 0x0000,
    0x0000, 0x0000, 0x0000, 0x0000, 0x0000, 0x0000, 0x0000, 0x0000, 0x0000, 0x0000, 0x0000, 0x0000,
    0x0000, 0x0000, 0x0000, 0x0000, 0x0000, 0x0000, 0x0000, 0x0000, 0x0000, 0x0000, 0x0000, 0x0000,
    0x0000, 0x0000, 0x0000, 0x0000, 0x0000, 0x0000, 0x0000, 0x0000, 0x0000, 0x0000, 0x0000, 0x0000,
    0x0000, 0x0000, 0x0000, 0x0000, 0x0000, 0x0000, 0x0000, 0x0000, 0x0000, 0x0000, 0x0000, 0x0000,
    0x0000, 0x0000, 0x0000, 0x0000, 0x0000, 0x0000, 0x0000, 0x0000, 0x0000, 0x0000, 0x0000, 0x0000,
    0x0000, 0x0000, 0x0000, 0x0000, 0x0000, 0x0000, 0x0000, 0x0000, 0x0000, 0x0000, 0x0000, 0x0000,
    0x0000, 0x0000, 0x0000, 0x0000, 0x0000, 0x0000, 0x0000, 0x0000, 0x0000, 0x0000, 0x0000, 0x0000,
    0x0000, 0x0000, 0x0000, 0x0000, 0x0000, 0x0000, 0x0000, 0x0000, 0x0000, 0x0000, 0x0000, 0x0000,
    0x0000, 0x0000, 0x0000, 0x0000, 0x0000, 0x0000, 0x0000, 0x0000, 0x0000, 0x0000, 0x0000, 0x0000,
    0x0000, 0x0000, 0x0000, 0x0000, 0x0000, 0x0000, 0x0000, 0x0000, 0x0000, 0x0000, 0x0000, 0x0000,
    0x0000, 0x0000, 0x0000, 0x0000, 0x0000, 0x0000, 0x0000, 0x0000, 0x0000, 0x0000, 0x0000, 0x0000,
    0x0000, 0x0000, 0x0000, 0x0000, 0x0000, 0x0000, 0x0000, 0x0000, 0x0000, 0x0000, 0x0000, 0x0000,
    0x0000, 0x0000, 0x0000, 0x0000, 0x0000, 0x0000, 0x0000, 0x0000, 0x0000, 0x0000, 0x0000, 0x0000,
    0x0000, 0x0000, 0x0000, 0x0000, 0x0000, 0x0000, 0x0000, 0x0000, 0x0000, 0x0000, 0x0000, 0x0000,
    0x0000, 0x0000, 0x0000, 0x0000, 0x0000, 0x0000, 0x0000, 0x0000, 0x0000, 0x0000, 0x0000, 0x0000,
    0x0000, 0x0000, 0x0000, 0x0000, 0x0000, 0x0000, 0x0000, 0x0000, 0x0000, 0x0000, 0x0000, 0x0000,
    0x0000, 0x0000, 0x0000, 0x0000, 0x0000, 0x0000, 0x0000, 0x0000, 0x0000, 0x0000, 0x0000, 0x0000,
    0x0000, 0x0000, 0x0000, 0x0000, 0x0000, 0x0000, 0x0000, 0x0000, 0x0000, 0x0000, 0x0000, 0x0000,
    0x0000, 0x0000, 0x0000, 0x0000, 0x0000, 0x0000, 0x0000, 0x0000, 0x0000, 0x0000, 0x0000, 0x0000,
    0x0000, 0x0000, 0x0000, 0x0000, 0x0000, 0x0000, 0x0000, 0x0000, 0x0000, 0x0000, 0x0000, 0x0000,
    0x0000, 0x0000, 0x0000, 0x0000, 0x0000, 0x0000, 0x0000, 0x0000, 0x0000, 0x0000, 0x0000, 0x0000,
    0x0000, 0x0000, 0x0000, 0x0000, 0x0000, 0x0000, 0x0000, 0x0000, 0x0000, 0x0000, 0x0000, 0x0000,
    0x0000, 0x0000, 0x0000, 0x0000, 0x0000, 0x0000, 0x0000, 0x0000, 0x0000, 0x0000, 0x0000, 0x0000,
    0x0000, 0x0000, 0x0000, 0x0000, 0x0000, 0x0000, 0x0000, 0x0000, 0x0000, 0x0000, 0x0000, 0x0000,
    0x0000, 0x0000, 0x0000, 0x0000, 0x0000, 0x0000, 0x0000, 0x0000, 0x0000, 0x0000, 0x0000, 0x0000,
    0x0000, 0x0000, 0x0000, 0x0000, 0x0000, 0x0000, 0x0000, 0x0000, 0x0000, 0x0000, 0x0000, 0x0000,
    0x0000, 0x0000, 0x0000, 0x0000, 0x0000, 0x0000, 0x0000, 0x0000, 0x0000, 0x0000, 0x0000, 0x0000,
    0x0000, 0x0000, 0x0000, 0x0000, 0x0000, 0x0000, 0x0000, 0x0000, 0x0000, 0x0000, 0x0000, 0x0000,
    0x0000, 0x0000, 0x0000, 0x0000, 0x0000, 0x0000, 0x0000, 0x0000, 0x0000, 0x0000, 0x0000, 0x0000,
    0x0000, 0x0000, 0x0000, 0x0000, 0x0000, 0x0000, 0x0000, 0x0000, 0x0000, 0x0000, 0x0000, 0x0000,
    0x0000, 0x0000, 0x0000, 0x0000, 0x0000, 0x0000, 0x0000, 0x0000, 0x0000, 0x0000, 0x0000, 0x0000,
    0x0000, 0x0000, 0x0000, 0x0000, 0x0000, 0x0000, 0x0000, 0x0000, 0x0000, 0x0000, 0x0000, 0x0000,
    0x0000, 0x0000, 0x0000, 0x0000, 0x0000, 0x0000, 0x0000, 0x0000, 0x0000, 0x0000, 0x0000, 0x0000,
    0x0000, 0x0000, 0x0000, 0x0000, 0x0000, 0x0000, 0x0000, 0x0000, 0x0000, 0x0000, 0x0000, 0x0000,
    0x0000, 0x0000, 0x0000, 0x0000, 0x0000, 0x0000, 0x0000, 0x0000, 0x0000, 0x0000, 0x0000, 0x0000,
    0x0000, 0x0000, 0x0000, 0x0000, 0x0000, 0x0000, 0x0000, 0x0000, 0x0000, 0x0000, 0x0000, 0x0000,
    0x0000, 0x0000, 0x0000, 0x0000, 0x0000, 0x0000, 0x0000, 0x0000, 0x0000, 0x0000, 0x0000, 0x0000,
    0x0000, 0x0000, 0x0000, 0x0000, 0x0000, 0x0000, 0x0000, 0x0000, 0x0000, 0x0000, 0x0000, 0x0000,
    0x0000, 0x0000, 0x0000, 0x0000, 0x0000, 0x0000, 0x0000, 0x0000, 0x0000, 0x0000, 0x0000, 0x0000,
    0x0000, 0x0000, 0x0000, 0x0000, 0x0000, 0x0000, 0x0000, 0x0000, 0x0000, 0x0000, 0x0000, 0x0000,
    0x0000, 0x0000, 0x0000, 0x0000, 0x0000, 0x0000, 0x0000, 0x0000, 0x0000, 0x0000, 0x0000, 0x0000,
    0x0000, 0x0000, 0x0000, 0x0000, 0x0000, 0x0000, 0x0000, 0x0000, 0x0000, 0x0000, 0x0000, 0x0000,
    0x0000, 0x0000, 0x0000, 0x0000, 0x0000, 0x0000, 0x0000, 0x0000, 0x0000, 0x0000, 0x0000, 0x0000,
    0x0000, 0x0000, 0x0000, 0x0000, 0x0000, 0x0000, 0x0000, 0x0000, 0x0000, 0x0000, 0x0000, 0x0000,
    0x0000, 0x0000, 0x0000, 0x0000, 0x0000, 0x0000, 0x0000, 0x0000, 0x0000, 0x0000, 0x0000, 0x0000,
    0x0000, 0x0000, 0x0000, 0x0000, 0x0000, 0x0000, 0x0000, 0x0000, 0x0000, 0x0000, 0x0000, 0x0000,
    0x0000, 0x0000, 0x0000, 0x0000, 0x0000, 0x0000, 0x0000, 0x0000, 0x0000, 0x0000, 0x0000, 0x0000,
    0x0000, 0x0000, 0x0000, 0x0000, 0x0000, 0x0000, 0x0000, 0x0000, 0x0000, 0x0000, 0x0000, 0x0000,
    0x0000, 0x0000, 0x0000, 0x0000, 0x0000, 0x0000, 0x0000, 0x0000, 0x0000, 0x0000, 0x0000, 0x0000,
    0x0000, 0x0000, 0x0000, 0x0000, 0x0000, 0x0000, 0x0000, 0x0000, 0x0000, 0x0000, 0x0000, 0x0000,
    0x0000, 0x0000, 0x0000, 0x0000, 0x0000, 0x0000, 0x0000, 0x0000, 0x0000, 0x0000, 0x0000, 0x0000,
    0x0000, 0x0000, 0x0000, 0x0000, 0x0000, 0x0000, 0x0000, 0x0000, 0x0000, 0x0000, 0x0000, 0x0000,
    0x0000, 0x0000, 0x0000, 0x0000, 0x0000, 0x0000, 0x0000, 0x0000, 0x0000, 0x0000, 0x0000, 0x0000,
    0x0000, 0x0000, 0x0000, 0x0000, 0x0000, 0x0000, 0x0000, 0x0000, 0x0000, 0x0000, 0x0000, 0x0000,
    0x0000, 0x0000, 0x0000, 0x0000, 0x0000, 0x0000, 0x0000, 0x0000, 0x0000, 0x0000, 0x0000, 0x0000,
    0x0000, 0x0000, 0x0000, 0x0000, 0x0000, 0x0000, 0x0000, 0x0000, 0x0000, 0x0000, 0x0000, 0x0000,
    0x0000, 0x0000, 0x0000, 0x0000, 0x0000, 0x0000, 0x0000, 0x0000, 0x0000, 0x0000, 0x0000, 0x0000,
    0x0000, 0x0000, 0x0000, 0x0000, 0x0000, 0x0000, 0x0000, 0x0000, 0x0000, 0x0000, 0x0000, 0x0000,
    0x0000, 0x0000, 0x0000, 0x0000, 0x0000, 0x0000, 0x0000, 0x0000, 0x0000, 0x0000, 0x0000, 0x0000,
    0x0000, 0x0000, 0x0000, 0x0000, 0x0000, 0x0000, 0x0000, 0x0000, 0x0000, 0x0000, 0x0000, 0x0000,
    0x0000, 0x0000, 0x0000, 0x0000, 0x0000, 0x0000, 0x0000, 0x0000, 0x0000, 0x0000, 0x0000, 0x0000,
    0x0000, 0x0000, 0x0000, 0x0000, 0x0000, 0x0000, 0x0000, 0x0000, 0x0000, 0x0000, 0x0000, 0x0000,
    0x0000, 0x0000, 0x0000, 0x0000, 0x0000, 0x0000, 0x0000, 0x0000, 0x0000, 0x0000, 0x0000, 0x0000,
    0x0000, 0x0000, 0x0000, 0x0000, 0x0000, 0x0000, 0x0000, 0x0000, 0x0000, 0x0000, 0x0000, 0x0000,
    0x0000, 0x0000, 0x0000, 0x0000, 0x0000, 0x0000, 0x0000, 0x0000, 0x0000, 0x0000, 0x0000, 0x0000,
    0x0000, 0x0000, 0x0000, 0x0000, 0x0000, 0x0000, 0x0000, 0x0000, 0x0000, 0x0000, 0x0000, 0x0000,
    0x0000, 0x31A6, 0x52AA, 0x6B6D, 0x7BCF, 0x8430, 0x8410, 0x7BCF, 0x6B6D, 0x528A, 0x0000, 0x0000,
    0x0000, 0x0000, 0x0000, 0x0000, 0x0000, 0x0000, 0x0000, 0x0000, 0x0000, 0x0000, 0x0000, 0x0000,
    0x0000, 0x0000, 0x0000, 0x0000, 0x0000, 0x0000, 0x0000, 0x0000, 0x0000, 0x0000, 0x0000, 0x0000,
    0x0000, 0x0000, 0x0000, 0x0000, 0x0000, 0x0000, 0x0000, 0x0000, 0x0000, 0x0000, 0x0000, 0x0000,
    0x0000, 0x0000, 0x0000, 0x0000, 0x0000, 0x0000, 0x0000, 0x0000, 0x0000, 0x0000, 0x0000, 0x0000,
    0x0000, 0x0000, 0x0000, 0x0000, 0x0000, 0x0000, 0x0000, 0x0000, 0x0000, 0x0000, 0x0000, 0x0000,
    0x0000, 0x0000, 0x0000, 0x0000, 0x0000, 0x0000, 0x0000, 0x0000, 0x0000, 0x0000, 0x0000, 0x0000,
    0x0000, 0x0000, 0x0000, 0x0000, 0x0000, 0x0000, 0x0000, 0x0000, 0x0000, 0x0000, 0x0000, 0x0000,
    0x0000, 0x31A6, 0x7BCE, 0xB596, 0xD6BA, 0xE75C, 0xEF9D, 0xF79D, 0xF79D, 0xEF9D, 0xF79D, 0xF79E,
    0xF79E, 0xF79D, 0xEF5C, 0xD699, 0xAD55, 0x738D, 0x0000, 0x0000, 0x0000, 0x0000, 0x0000, 0x0000,
    0x0000, 0x0000, 0x0000, 0x0000, 0x0000, 0x0000, 0x0000, 0x0000, 0x0000, 0x0000, 0x0000, 0x0000,
    0x0000, 0x0000, 0x0000, 0x0000, 0x0000, 0x0000, 0x0000, 0x0000, 0x0000, 0x0000, 0x0000, 0x0000,
    0x0000, 0x0000, 0x0000, 0x0000, 0x0000, 0x0000, 0x0000, 0x0000, 0x0000, 0x0000, 0x0000, 0x0000,
    0x0000, 0x0000, 0x0000, 0x0000, 0x0000, 0x0000, 0x0000, 0x0000, 0x0000, 0x0000, 0x0000, 0x0000,
    0x0000, 0x0000, 0x0000, 0x0000, 0x0000, 0x0000, 0x0000, 0x0000, 0x0000, 0x0000, 0x0000, 0x0000,
    0x0000, 0x0000, 0x0000, 0x0000, 0x0000, 0x0000, 0x0000, 0x0000, 0x0000, 0x0000, 0x0000, 0x0000,
    0x0000, 0x0000, 0x0000, 0x6B4C, 0xC617, 0xEF5C, 0xEF9D, 0xEF5D, 0xE71C, 0xDEFB, 0xDEFB, 0xDEDB,
    0xDEDB, 0xDEFB, 0xDEFB, 0xDEFB, 0xDEFB, 0xDEFB, 0xE71B, 0xE73C, 0xEF7D, 0xF79D, 0xEF3C, 0xBDD6,
    0x630C, 0x0000, 0x0000, 0x0000, 0x0000, 0x0000, 0x0000, 0x0000, 0x0000, 0x0000, 0x0000, 0x0000,
    0x0000, 0x0000, 0x0000, 0x0000, 0x0000, 0x0000, 0x0000, 0x0000, 0x0000, 0x0000, 0x0000, 0x0000,
    0x0000, 0x0000, 0x0000, 0x0000, 0x0000, 0x0000, 0x0000, 0x0000, 0x0000, 0x0000, 0x0000, 0x0000,
    0x0000, 0x0000, 0x0000, 0x0000, 0x0000, 0x0000, 0x0000, 0x0000, 0x0000, 0x0000, 0x0000, 0x0000,
    0x0000, 0x0000, 0x0000, 0x0000, 0x0000, 0x0000, 0x0000, 0x0000, 0x0000, 0x0000, 0x0000, 0x0000,
    0x0000, 0x0000, 0x0000, 0x0000, 0x0000, 0x0000, 0x0000, 0x0000, 0x0000, 0x0000, 0x0000, 0x0000,
    0x0000, 0x0000, 0x0000, 0x0000, 0x0000, 0x6B6D, 0xD699, 0xF79D, 0xEF5D, 0xDEFB, 0xDEDB, 0xDEFB,
    0xDEFB, 0xDEFB, 0xDEFB, 0xDEFB, 0xDEFB, 0xDEFB, 0xDEFB, 0xDEFB, 0xDEFB, 0xDEFB, 0xDEFB, 0xDEFB,
    0xDEFB, 0xDEFB, 0xDEFB, 0xEF5D, 0xF79D, 0xD699, 0x73AE, 0x0000, 0x0000, 0x0000, 0x0000, 0x0000,
    0x0000, 0x0000, 0x0000, 0x0000, 0x0000, 0x0000, 0x0000, 0x0000, 0x0000, 0x0000, 0x0000, 0x0000,
    0x0000, 0x0000, 0x0000, 0x0000, 0x0000, 0x0000, 0x0000, 0x0000, 0x0000, 0x0000, 0x0000, 0x0000,
    0x0000, 0x0000, 0x0000, 0x0000, 0x0000, 0x0000, 0x0000, 0x0000, 0x0000, 0x0000, 0x0000, 0x0000,
    0x0000, 0x0000, 0x0000, 0x0000, 0x0000, 0x0000, 0x0000, 0x0000, 0x0000, 0x0000, 0x0000, 0x0000,
    0x0000, 0x0000, 0x0000, 0x0000, 0x0000, 0x0000, 0x0000, 0x0000, 0x0000, 0x0000, 0x0000, 0x0000,
    0x0000, 0x0000, 0x0000, 0x0000, 0x0000, 0x0000, 0x0000, 0x4208, 0xC617, 0xF79D, 0xE71C, 0xDEDB,
    0xDEFB, 0xDEFB, 0xDEFB, 0xDEFB, 0xDEFB, 0xDEFB, 0xDEFB, 0xDEFB, 0xDEFB, 0xDEFB, 0xDEFB, 0xDEFB,
    0xDEFB, 0xDEFB, 0xDEFB, 0xDEFB, 0xDEFB, 0xDEFB, 0xDF1B, 0xDEFB, 0xDEFB, 0xE73C, 0xF79E, 0xCE59,
    0x528A, 0x0000, 0x0000, 0x0000, 0x0000, 0x0000, 0x0000, 0x0000, 0x0000, 0x0000, 0x0000, 0x0000,
    0x0000, 0x0000, 0x0000, 0x0000, 0x0000, 0x0000, 0x0000, 0x0000, 0x0000, 0x0000, 0x0000, 0x0000,
    0x0000, 0x0000, 0x0000, 0x0000, 0x0000, 0x0000, 0x0000, 0x0000, 0x0000, 0x0000, 0x0000, 0x0000,
    0x0000, 0x0000, 0x0000, 0x0000, 0x0000, 0x0000, 0x0000, 0x0000, 0x0000, 0x0000, 0x0000, 0x0000,
    0x0000, 0x0000, 0x0000, 0x0000, 0x0000, 0x0000, 0x0000, 0x0000, 0x0000, 0x0000, 0x0000, 0x0000,
    0x0000, 0x0000, 0x0000, 0x0000, 0x0000, 0x0000, 0x0000, 0x0000, 0x0000, 0x0000, 0x7BEF, 0xEF7D,
    0xEF5C, 0xDEDB, 0xDEFB, 0xDEFB, 0xDEFB, 0xDEFB, 0xDEFB, 0xDEFB, 0xDEFB, 0xDEFB, 0xDEFB, 0xDEFB,
    0xDEFB, 0xDEFB, 0xDEFB, 0xDEFB, 0xDEFB, 0xDEFB, 0xDEFB, 0xDEFB, 0xDEFB, 0xDEFB, 0xDEFB, 0xDF1B,
    0xDF1B, 0xDEFB, 0xDEFB, 0xEF5C, 0xF79D, 0x9CB2, 0x0000, 0x0000, 0x0000, 0x0000, 0x0000, 0x0000,
    0x0000, 0x0000, 0x0000, 0x0000, 0x0000, 0x0000, 0x0000, 0x0000, 0x0000, 0x0000, 0x0000, 0x0000,
    0x0000, 0x0000, 0x0000, 0x0000, 0x0000, 0x0000, 0x0000, 0x0000, 0x0000, 0x0000, 0x0000, 0x0000,
    0x0000, 0x0000, 0x0000, 0x0000, 0x0000, 0x0000, 0x0000, 0x0000, 0x0000, 0x0000, 0x0000, 0x0000,
    0x0000, 0x0000, 0x0000, 0x0000, 0x0000, 0x0000, 0x0000, 0x0000, 0x0000, 0x0000, 0x0000, 0x0000,
    0x0000, 0x0000, 0x0000, 0x0000, 0x0000, 0x0000, 0x0000, 0x0000, 0x0000, 0x0000, 0x0000, 0x0000,
    0x0000, 0xA534, 0xF7BE, 0xDEFB, 0xDEFB, 0xDEFB, 0xDEFB, 0xDEFB, 0xDEFB, 0xDEFB, 0xDEFB, 0xDEFB,
    0xDEFB, 0xDEFB, 0xDEFB, 0xDEFB, 0xDEFB, 0xDEFB, 0xDEFB, 0xDEFB, 0xDEFB, 0xDEFB, 0xDEFB, 0xDEFB,
    0xDEFB, 0xDEFB, 0xDEFB, 0xDEFB, 0xDEFB, 0xDEFB, 0xDF1C, 0xDEFB, 0xDEFB, 0xF79E, 0xCE38, 0x0000,
    0x0000, 0x0000, 0x0000, 0x0000, 0x0000, 0x0000, 0x0000, 0x0000, 0x0000, 0x0000, 0x0000, 0x0000,
    0x0000, 0x0000, 0x0000, 0x0000, 0x0000, 0x0000, 0x0000, 0x0000, 0x0000, 0x0000, 0x0000, 0x0000,
    0x0000, 0x0000, 0x0000, 0x0000, 0x0000, 0x0000, 0x0000, 0x0000, 0x0000, 0x0000, 0x0000, 0x0000,
    0x0000, 0x0000, 0x0000, 0x0000, 0x0000, 0x0000, 0x0000, 0x0000, 0x0000, 0x0000, 0x0000, 0x0000,
    0x0000, 0x0000, 0x0000, 0x0000, 0x0000, 0x0000, 0x0000, 0x0000, 0x0000, 0x0000, 0x0000, 0x0000,
    0x0000, 0x0000, 0x0000, 0x0000, 0xBDD6, 0xF79D, 0xDEDB, 0xDEFB, 0xDEFB, 0xDEFB, 0xDEFB, 0xDEFB,
    0xDEFB, 0xDEFB, 0xDEFB, 0xDEFB, 0xDEFB, 0xDEFB, 0xDEFB, 0xDEFB, 0xDEFB, 0xDEFB, 0xDEFB, 0xDEFB,
    0xDEFB, 0xDEFB, 0xDEFB, 0xDEFB, 0xDEFB, 0xDEFB, 0xDEFB, 0xDEFB, 0xDEFB, 0xDEFB, 0xDEFB, 0xDF1C,
    0xE71B, 0xDEFB, 0xEF7D, 0xE6FB, 0x39C6, 0x0000, 0x0000, 0x0000, 0x0000, 0x0000, 0x0000, 0x0000,
    0x0000, 0x0000, 0x0000, 0x0000, 0x0000, 0x0000, 0x0000, 0x0000, 0x0000, 0x0000, 0x0000, 0x0000,
    0x0000, 0x0000, 0x0000, 0x0000, 0x0000, 0x0000, 0x0000, 0x0000, 0x0000, 0x0000, 0x0000, 0x0000,
    0x0000, 0x0000, 0x0000, 0x0000, 0x0000, 0x0000, 0x0000, 0x0000, 0x0000, 0x0000, 0x0000, 0x0000,
    0x0000, 0x0000, 0x0000, 0x0000, 0x0000, 0x0000, 0x0000, 0x0000, 0x0000, 0x0000, 0x0000, 0x0000,
    0x0000, 0x0000, 0x0000, 0x0000, 0x0000, 0x0000, 0x0000, 0xBDF7, 0xF79D, 0xDEDB, 0xDEFB, 0xDEFB,
    0xDEFB, 0xDEFB, 0xDEFB, 0xDEFB, 0xDEFB, 0xDEFB, 0xDEFB, 0xDEFB, 0xDEFB, 0xDEDB, 0xDEDB, 0xDEDB,
    0xDEDB, 0xDEFB, 0xDEFB, 0xDEFB, 0xDEFB, 0xDEFB, 0xDEFB, 0xDEFB, 0xDEFB, 0xDEFB, 0xDEFB, 0xDEFB,
    0xDEFB, 0xDEFB, 0xDEFB, 0xDF1B, 0xDF1B, 0xE71C, 0xDEFB, 0xEF5D, 0xE73C, 0x39C7, 0x0000, 0x0000,
    0x0000, 0x0000, 0x0000, 0x0000, 0x0000, 0x0000, 0x0000, 0x0000, 0x0000, 0x0000, 0x0000, 0x0000,
    0x0000, 0x0000, 0x0000, 0x0000, 0x0000, 0x0000, 0x0000, 0x0000, 0x0000, 0x0000, 0x0000, 0x0000,
    0x0000, 0x0000, 0x0000, 0x0000, 0x0000, 0x0000, 0x0000, 0x0000, 0x0000, 0x0000, 0x0000, 0x0000,
    0x0000, 0x0000, 0x0000, 0x0000, 0x0000, 0x0000, 0x0000, 0x0000, 0x0000, 0x0000, 0x0000, 0x0000,
    0x0000, 0x0000, 0x0000, 0x0000, 0x0000, 0x0000, 0x0000, 0x0000, 0x0000, 0x0000, 0xAD55, 0xF79E,
    0xDEDB, 0xDEFB, 0xDEFB, 0xDEFB, 0xDEFB, 0xDEFB, 0xDEFB, 0xDEFB, 0xDEDB, 0xDEDB, 0xDEDB, 0xDEDB,
    0xDEDB, 0xDEDB, 0xDEDB, 0xDEDB, 0xDEDB, 0xDEDB, 0xDEFB, 0xDEDB, 0xDEDB, 0xDEDB, 0xDEDB, 0xDEDB,
    0xDEDB, 0xDEDB, 0xDEFB, 0xDEFB, 0xDEFB, 0xDEFB, 0xDEFB, 0xDEFB, 0xDEFB, 0xDF1B, 0xE71C, 0xDF1B,
    0xEF5D, 0xE71C, 0x0000, 0x0000, 0x0000, 0x0000, 0x0000, 0x0000, 0x0000, 0x0000, 0x0000, 0x0000,
    0x0000, 0x0000, 0x0000, 0x0000, 0x0000, 0x0000, 0x0000, 0x0000, 0x0000, 0x0000, 0x0000, 0x0000,
    0x0000, 0x0000, 0x0000, 0x0000, 0x0000, 0x0000, 0x0000, 0x0000, 0x0000, 0x0000, 0x0000, 0x0000,
    0x0000, 0x0000, 0x0000, 0x0000, 0x0000, 0x0000, 0x0000, 0x0000, 0x0000, 0x0000, 0x0000, 0x0000,
    0x0000, 0x0000, 0x0000, 0x0000, 0x0000, 0x0000, 0x0000, 0x0000, 0x0000, 0x0000, 0x0000, 0x0000,
    0x0000, 0x8410, 0xF7BE, 0xDEFB, 0xDF1C, 0xDEFB, 0xDEFB, 0xDEFB, 0xDEFB, 0xDEFB, 0xDEFB, 0xDEFB,
    0xDEDB, 0xDEDB, 0xDEDA, 0xDEDB, 0xDEDB, 0xDEDB, 0xDEDB, 0xDEDB, 0xDEDA, 0xDEDB, 0xDEDB, 0xDEDB,
    0xDEDB, 0xDEDB, 0xDEDB, 0xDEDB, 0xDEDB, 0xDEDA, 0xDEDB, 0xDEDB, 0xDEFB, 0xDEFB, 0xDEFB, 0xDEFB,
    0xDEFB, 0xDEFB, 0xDF1B, 0xE71C, 0xDEFB, 0xEF7D, 0xD679, 0x0000, 0x0000, 0x0000, 0x0000, 0x0000,
    0x0000, 0x0000, 0x0000, 0x0000, 0x0000, 0x0000, 0x0000, 0x0000, 0x0000, 0x0000, 0x0000, 0x0000,
    0x0000, 0x0000, 0x0000, 0x0000, 0x0000, 0x0000, 0x0000, 0x0000, 0x0000, 0x0000, 0x0000, 0x0000,
    0x0000, 0x0000, 0x0000, 0x0000, 0x0000, 0x0000, 0x0000, 0x0000, 0x0000, 0x0000, 0x0000, 0x0000,
    0x0000, 0x0000, 0x0000, 0x0000, 0x0000, 0x0000, 0x0000, 0x0000, 0x0000, 0x0000, 0x0000, 0x0000,
    0x0000, 0x0000, 0x0000, 0x0000, 0x4A49, 0xF79D, 0xDEFB, 0xDF1C, 0xDEFB, 0xDEFB, 0xDEFB, 0xDEFB,
    0xDEFB, 0xDEFB, 0xDEFB, 0xDEDB, 0xDEDB, 0xDEDA, 0xDEDA, 0xDEDA, 0xDEDB, 0xDEDB, 0xDEDB, 0xDEDB,
    0xDEDB, 0xDEDA, 0xDEDB, 0xDEDB, 0xDEDB, 0xDEDB, 0xDEDB, 0xDEDB, 0xDEDB, 0xDEDA, 0xDEDB, 0xDEDA,
    0xDEDA, 0xDEFB, 0xDEFB, 0xDEFB, 0xDEFB, 0xDEFB, 0xDEFB, 0xDF1B, 0xE71C, 0xDEFB, 0xF79E, 0xA534,
    0x0000, 0x0000, 0x0000, 0x0000, 0x0000, 0x0000, 0x0000, 0x0000, 0x0000, 0x0000, 0x0000, 0x0000,
    0x0000, 0x0000, 0x0000, 0x0000, 0x0000, 0x0000, 0x0000, 0x0000, 0x0000, 0x0000, 0x0000, 0x0000,
    0x0000, 0x0000, 0x0000, 0x0000, 0x0000, 0x0000, 0x0000, 0x0000, 0x0000, 0x0000, 0x0000, 0x0000,
    0x0000, 0x0000, 0x0000, 0x0000, 0x0000, 0x0000, 0x0000, 0x0000, 0x0000, 0x0000, 0x0000, 0x0000,
    0x0000, 0x0000, 0x0000, 0x0000, 0x0000, 0x0000, 0x0000, 0x0000, 0xD69A, 0xE73C, 0xDEFB, 0xDEFB,
    0xDEFB, 0xDEFB, 0xDEFB, 0xDEFB, 0xDEFB, 0xDEFB, 0xDEDB, 0xDEDB, 0xDEDA, 0xDEDA, 0xDEDA, 0xDEDA,
    0xDEDA, 0xDEDB, 0xDEDB, 0xDEDB, 0xDEDB, 0xDEDB, 0xDEDB, 0xDEDB, 0xDEDB, 0xDEDB, 0xDEDA, 0xDEDB,
    0xDEDB, 0xDEDB, 0xDEDB, 0xDEDB, 0xDEDA, 0xDEDB, 0xDEDB, 0xDEFB, 0xDEFB, 0xDEFB, 0xDEFB, 0xDEFB,
    0xDF1B, 0xE71C, 0xDEFB, 0xFFDE, 0x630B, 0x0000, 0x0000, 0x0000, 0x0000, 0x0000, 0x0000, 0x0000,
    0x0000, 0x0000, 0x0000, 0x0000, 0x0000, 0x0000, 0x0000, 0x0000, 0x0000, 0x0000, 0x0000, 0x0000,
    0x0000, 0x0000, 0x0000, 0x0000, 0x0000, 0x0000, 0x0000, 0x0000, 0x0000, 0x0000, 0x0000, 0x0000,
    0x0000, 0x0000, 0x0000, 0x0000, 0x0000, 0x0000, 0x0000, 0x0000, 0x0000, 0x0000, 0x0000, 0x0000,
    0x0000, 0x0000, 0x0000, 0x0000, 0x0000, 0x0000, 0x0000, 0x0000, 0x0000, 0x0000, 0x0000, 0x7BEF,
    0xEF9E, 0xDEDB, 0xDEFB, 0xDEFB, 0xDEFB, 0xDEFB, 0xDEFB, 0xDEFB, 0xDEDB, 0xDEDB, 0xDEDB, 0xDEDB,
    0xDEDB, 0xDEDB, 0xDEDB, 0xDEDB, 0xDEDB, 0xDEDB, 0xDEDB, 0xDEDB, 0xDEDB, 0xDEDB, 0xDEDB, 0xDEDB,
    0xDEDA, 0xDEDB, 0xDEDB, 0xDEDB, 0xDEDB, 0xDEDB, 0xDEDB, 0xDEDB, 0xDEDA, 0xDEDB, 0xDEDB, 0xDEDB,
    0xDEDB, 0xDEFB, 0xDEFB, 0xDEFB, 0xDEFB, 0xDF1B, 0xE71C, 0xE73C, 0xDEDB, 0x0000, 0x0000, 0x0000,
    0x0000, 0x0000, 0x0000, 0x0000, 0x0000, 0x0000, 0x0000, 0x0000, 0x0000, 0x0000, 0x0000, 0x0000,
    0x0000, 0x0000, 0x0000, 0x0000, 0x0000, 0x0000, 0x0000, 0x0000, 0x0000, 0x0000, 0x0000, 0x0000,
    0x0000, 0x0000, 0x0000, 0x0000, 0x0000, 0x0000, 0x0000, 0x0000, 0x0000, 0x0000, 0x0000, 0x0000,
    0x0000, 0x0000, 0x0000, 0x0000, 0x0000, 0x0000, 0x0000, 0x0000, 0x0000, 0x0000, 0x0000, 0x0000,
    0x0000, 0x0000, 0x0000, 0xDEFB, 0xDF1C, 0xDEFB, 0xDEFB, 0xDEFB, 0xDEFB, 0xDEFB, 0xDEFB, 0xDEDB,
    0xDEDB, 0xDEDB, 0xDEDB, 0xDEDB, 0xDEDB, 0xDEDB, 0xDEDB, 0xDEDB, 0xDEDB, 0xDEDB, 0xDEDB, 0xDEDA,
    0xDEDB, 0xDEDB, 0xDEDB, 0xDEDB, 0xDEDB, 0xDEDB, 0xDEDA, 0xDEDB, 0xDEDB, 0xDEDB, 0xDEDB, 0xDEDB,
    0xDEDB, 0xDEDB, 0xDEDB, 0xDEDB, 0xDEDB, 0xDEDB, 0xDEDB, 0xDEFB, 0xDEFB, 0xDEFB, 0xE71C, 0xDEFB,
    0xF7BE, 0x8430, 0x0000, 0x0000, 0x0000, 0x0000, 0x0000, 0x0000, 0x0000, 0x0000, 0x0000, 0x0000,
    0x0000, 0x0000, 0x0000, 0x0000, 0x0000, 0x0000, 0x0000, 0x0000, 0x0000, 0x0000, 0x0000, 0x0000,
    0x0000, 0x0000, 0x0000, 0x0000, 0x0000, 0x0000, 0x0000, 0x0000, 0x0000, 0x0000, 0x0000, 0x0000,
    0x0000, 0x0000, 0x0000, 0x0000, 0x0000, 0x0000, 0x0000, 0x0000, 0x0000, 0x73AE, 0xAD54, 0xC638,
    0xD699, 0xD69A, 0xCE58, 0xB596, 0x9491, 0x528A, 0x94B2, 0xEF7D, 0xDEFB, 0xDEFB, 0xDEFB, 0xDEFB,
    0xDEFB, 0xDEFB, 0xDEDB, 0xDEDB, 0xDEDB, 0xDEDA, 0xDEDB, 0xDEDB, 0xDEDA, 0xDEDB, 0xDEDB, 0xDEDA,
    0xDEDB, 0xDEDB, 0xDEDA, 0xDEDA, 0xDEDA, 0xDEDB, 0xDEDB, 0xDEDB, 0xDEDB, 0xDEDB, 0xDEDB, 0xDEDB,
    0xDEDB, 0xDEDB, 0xDEDB, 0xDEDB, 0xDEDB, 0xDEDB, 0xDEDB, 0xDEDB, 0xDEDB, 0xDEDB, 0xDEDB, 0xDEFB,
    0xDEFB, 0xDEFB, 0xDF1B, 0xDF1B, 0xE73C, 0xDEFB, 0x0000, 0x0000, 0x0000, 0x0000, 0x0000, 0x0000,
    0x0000, 0x0000, 0x0000, 0x0000, 0x0000, 0x0000, 0x0000, 0x0000, 0x0000, 0x0000, 0x0000, 0x0000,
    0x0000, 0x0000, 0x0000, 0x0000, 0x0000, 0x0000, 0x0000, 0x0000, 0x0000, 0x0000, 0x0000, 0x0000,
    0x0000, 0x0000, 0x0000, 0x0000, 0x0000, 0x0000, 0x0000, 0x0000, 0x0000, 0x0000, 0x39C7, 0xAD55,
    0xE73C, 0xF79D, 0xEF7D, 0xE75C, 0xE73C, 0xE73C, 0xEF5C, 0xEF7D, 0xF79E, 0xEF9D, 0xE73C, 0xDEFB,
    0xDEFB, 0xDEFB, 0xDEFB, 0xDEFB, 0xDEFB, 0xDEFB, 0xDEDB, 0xDEDA, 0xDEDB, 0xDEDA, 0xD6DA, 0xD6DB,
    0xDEDA, 0xDEDB, 0xDEDB, 0xDEDB, 0xDEDB, 0xDEDB, 0xDEDB, 0xDEDB, 0xDEDB, 0xDEDB, 0xDEDB, 0xDEDB,
    0xDEDB, 0xDEDB, 0xDEDA, 0xDEDB, 0xDEDB, 0xDEDB, 0xDEDB, 0xDEDB, 0xDEDB, 0xDEDB, 0xDEDB, 0xDEDB,
    0xDEDB, 0xDEDB, 0xDEDB, 0xDEDB, 0xDEFB, 0xDEFB, 0xDEFB, 0xE71B, 0xDEFB, 0xF79E, 0x7BCF, 0x0000,
    0x0000, 0x0000, 0x0000, 0x0000, 0x0000, 0x0000, 0x0000, 0x0000, 0x0000, 0x0000, 0x0000, 0x0000,
    0x0000, 0x0000, 0x0000, 0x0000, 0x0000, 0x0000, 0x0000, 0x0000, 0x0000, 0x0000, 0x0000, 0x0000,
    0x0000, 0x0000, 0x0000, 0x0000, 0x0000, 0x0000, 0x0000, 0x0000, 0x0000, 0x0000, 0x0000, 0x0000,
    0x0000, 0x8C71, 0xEF5C, 0xEF5D, 0xDEFB, 0xDEDB, 0xDEFB, 0xDEFB, 0xDEFB, 0xDEFB, 0xDEFB, 0xDEFB,
    0xDEFB, 0xDEFB, 0xDEFB, 0xDEFB, 0xDEFB, 0xDEFB, 0xDEFB, 0xDEFB, 0xDEFB, 0xDEDB, 0xDEDB, 0xDEDB,
    0xDEDB, 0xDEDA, 0xDEDA, 0xDEDB, 0xDEDB, 0xDEDB, 0xDEDB, 0xDEDB, 0xDEDB, 0xDEDB, 0xDEDB, 0xDEDB,
    0xDEDB, 0xDEDA, 0xDEDA, 0xDEDB, 0xDEDB, 0xDEDB, 0xDEDB, 0xDEDB, 0xDEDB, 0xDEDB, 0xDEDB, 0xDEDB,
    0xDEDA, 0xDEDB, 0xDEDA, 0xDEDB, 0xDEDB, 0xDEDB, 0xDEDB, 0xDEDB, 0xDEFB, 0xDEFB, 0xDEFB, 0xDEFB,
    0xDEFB, 0xE73C, 0xCE79, 0x0000, 0x0000, 0x0000, 0x0000, 0x0000, 0x0000, 0x0000, 0x0000, 0x0000,
    0x0000, 0x0000, 0x0000, 0x0000, 0x0000, 0x0000, 0x0000, 0x0000, 0x0000, 0x0000, 0x0000, 0x0000,
    0x0000, 0x0000, 0x0000, 0x0000, 0x0000, 0x0000, 0x0000, 0x0000, 0x0000, 0x0000, 0x0000, 0x0000,
    0x0000, 0x0000, 0x0000, 0x0000, 0xBDF7, 0xF7BE, 0xDEFB, 0xDEFB, 0xDEFB, 0xDEFB, 0xDEFB, 0xDEFB,
    0xDEFB, 0xDEFB, 0xDEFB, 0xDEFB, 0xDEFB, 0xDEFB, 0xDEFB, 0xDEFB, 0xDEDB, 0xDEFB, 0xDEDB, 0xDEFB,
    0xDEDB, 0xDEDB, 0xDEDB, 0xDEDB, 0xDEDA, 0xDEDA, 0xDEDA, 0xDEDB, 0xDEDB, 0xDEDB, 0xDEDB, 0xDEDB,
    0xDEDB, 0xDEDB, 0xDEDB, 0xDEDB, 0xDEDB, 0xDEDB, 0xDEDB, 0xDEDB, 0xDEDB, 0xDEDB, 0xDEDB, 0xDEDB,
    0xDEDB, 0xDEDB, 0xDEDB, 0xDEDB, 0xDEDB, 0xDEDB, 0xDEDB, 0xDEDB, 0xDEDB, 0xDEDA, 0xDEDB, 0xDEDB,
    0xDEDB, 0xDEFB, 0xDEFB, 0xDEFB, 0xDEFC, 0xDEFB, 0xF77D, 0x4228, 0x0000, 0x0000, 0x0000, 0x0000,
    0x0000, 0x0000, 0x0000, 0x0000, 0x0000, 0x0000, 0x0000, 0x0000, 0x0000, 0x0000, 0x0000, 0x0000,
    0x0000, 0x0000, 0x0000, 0x0000, 0x0000, 0x0000, 0x0000, 0x0000, 0x0000, 0x0000, 0x0000, 0x0000,
    0x0000, 0x0000, 0x0000, 0x0000, 0x0000, 0x0000, 0x0000, 0xC618, 0xF77D, 0xDEDB, 0xDEFB, 0xDEFB,
    0xDEFB, 0xDEFB, 0xDEFB, 0xDEFB, 0xDEFB, 0xDEFB, 0xDEFB, 0xDEFB, 0xDEFB, 0xDEFB, 0xDEFB, 0xDEDB,
    0xDEDB, 0xDEDB, 0xDEDB, 0xDEDB, 0xDEDB, 0xDEDB, 0xDEDA, 0xDEDA, 0xDEDA, 0xDEDA, 0xDEDA, 0xDEDB,
    0xDEDA, 0xDEDB, 0xDEDB, 0xDEDB, 0xDEDB, 0xDEDB, 0xDEDB, 0xDEDB, 0xDEDB, 0xDEDB, 0xDEDB, 0xDEDB,
    0xDEDB, 0xDEDB, 0xDEDB, 0xDEDB, 0xDEDB, 0xDEDB, 0xDEDB, 0xDEDB, 0xDEDB, 0xDEDB, 0xDEDB, 0xDEDB,
    0xDEDB, 0xDEDB, 0xDEDB, 0xDEDB, 0xDEDB, 0xDEDB, 0xDEFB, 0xDEFB, 0xDEFB, 0xDEFB, 0xF79E, 0x8430,
    0x0000, 0x0000, 0x0000, 0x0000, 0x0000, 0x0000, 0x0000, 0x0000, 0x0000, 0x0000, 0x0000, 0x0000,
    0x0000, 0x0000, 0x0000, 0x0000, 0x0000, 0x0000, 0x0000, 0x0000, 0x0000, 0x0000, 0x0000, 0x0000,
    0x0000, 0x0000, 0x0000, 0x0000, 0x0000, 0x0000, 0x0000, 0x0000, 0x0000, 0x0000, 0xAD55, 0xF79E,
    0xDEDB, 0xDEFB, 0xDEFB, 0xDEFB, 0xDEFB, 0xDEFB, 0xDEFB, 0xDEFB, 0xDEFB, 0xDEFB, 0xDEFB, 0xDEFB,
    0xDEFB, 0xDEDB, 0xDEDB, 0xDEDB, 0xDEDB, 0xDEDB, 0xDEDB, 0xDEDB, 0xDEDB, 0xDEDB, 0xDEDB, 0xDEDA,
    0xDEDA, 0xDEDB, 0xDEDB, 0xDEDA, 0xDEDB, 0xDEDB, 0xDEDB, 0xDEDB, 0xDEDB, 0xD6DB, 0xDEDB, 0xDEDB,
    0xDEDB, 0xDEDB, 0xDEDB, 0xDEDB, 0xDEDB, 0xDEDB, 0xDEDB, 0xDEDB, 0xDEDB, 0xDEDB, 0xDEDB, 0xDEDB,
    0xDEDB, 0xDEDB, 0xDEDB, 0xDEDB, 0xDEDB, 0xDEDB, 0xDEDB, 0xDEDB, 0xDEDB, 0xDEFB, 0xDEFB, 0xDEFB,
    0xDEFB, 0xDEFB, 0xEF7D, 0xB5B6, 0x0000, 0x0000, 0x0000, 0x0000, 0x0000, 0x0000, 0x0000, 0x0000,
    0x0000, 0x0000, 0x0000, 0x0000, 0x0000, 0x0000, 0x0000, 0x0000, 0x0000, 0x0000, 0x0000, 0x0000,
    0x0000, 0x0000, 0x0000, 0x0000, 0x0000, 0x0000, 0x0000, 0x0000, 0x0000, 0x0000, 0x0000, 0x0000,
    0x0000, 0x632C, 0xF7BE, 0xDEFB, 0xDF1B, 0xDEFB, 0xDEFB, 0xDEFB, 0xDEFB, 0xDEFB, 0xDEFB, 0xDEDB,
    0xDEFB, 0xDEDB, 0xDEDB, 0xDEDB, 0xDEDB, 0xDEDB, 0xDEDB, 0xDEDB, 0xDEDB, 0xDEDB, 0xDEDA, 0xDEDB,
    0xDEDB, 0xDEDB, 0xDEDA, 0xDEDA, 0xDEDB, 0xDEDB, 0xDEDB, 0xDEDB, 0xDEDB, 0xDEDB, 0xDEDB, 0xDEDA,
    0xDEDA, 0xDEDB, 0xDEDB, 0xDEDB, 0xDEDB, 0xDEDB, 0xDEDB, 0xDEFB, 0xDEDB, 0xDEDB, 0xDEDA, 0xDEDB,
    0xDEDB, 0xDEDB, 0xDEDB, 0xDEDB, 0xDEDB, 0xDEDB, 0xDEDB, 0xDEDB, 0xDEDB, 0xDEDA, 0xDEDB, 0xDEDB,
    0xDEDB, 0xDEFB, 0xDEFB, 0xDEFB, 0xDEFB, 0xE71B, 0xE73C, 0xDEDB, 0x0000, 0x0000, 0x0000, 0x0000,
    0x0000, 0x0000, 0x0000, 0x0000, 0x0000, 0x0000, 0x0000, 0x0000, 0x0000, 0x0000, 0x0000, 0x0000,
    0x0000, 0x0000, 0x0000, 0x0000, 0x0000, 0x0000, 0x0000, 0x0000, 0x0000, 0x0000, 0x0000, 0x0000,
    0x0000, 0x0000, 0x0000, 0x0000, 0x0000, 0xD6BA, 0xE73C, 0xDF1B, 0xDF1B, 0xDEFB, 0xDEFB, 0xDEFB,
    0xDEFB, 0xDEFB, 0xDEFB, 0xDEFB, 0xDEFB, 0xDEDB, 0xDEDB, 0xDEDB, 0xDEDB, 0xDEDB, 0xDEDB, 0xDEDB,
    0xDEDB, 0xDEDA, 0xDEDB, 0xDEDA, 0xDEDB, 0xDEDB, 0xDEDB, 0xDEDB, 0xDEDB, 0xDEDB, 0xDEDB, 0xDEDB,
    0xDEDB, 0xDEDB, 0xDEDB, 0xDEDB, 0xDEDB, 0xDEDB, 0xDEDB, 0xDEDB, 0xDEDB, 0xDEDB, 0xDEDB, 0xDEDB,
    0xDEDB, 0xDEDB, 0xDEDB, 0xDEDB, 0xDEDB, 0xDEDB, 0xDEDA, 0xDEDB, 0xDEDB, 0xDEDB, 0xDEDB, 0xDEDB,
    0xDEDB, 0xDEDA, 0xDEDB, 0xDEDB, 0xDEDB, 0xDEDB, 0xDEFB, 0xDEFB, 0xDEFB, 0xE71C, 0xE71C, 0xEF5D,
    0x0000, 0x0000, 0x0000, 0x0000, 0x0000, 0x0000, 0x0000, 0x0000, 0x0000, 0x0000, 0x0000, 0x0000,
    0x0000, 0x0000, 0x0000, 0x0000, 0x0000, 0x0000, 0x0000, 0x0000, 0x0000, 0x0000, 0x0000, 0x0000,
    0x0000, 0x0000, 0x0000, 0x0000, 0x0000, 0x0000, 0x0000, 0x0000, 0x738E, 0xF79E, 0xDEFB, 0xDF1C,
    0xDEFB, 0xDEFB, 0xDEFB, 0xDEFB, 0xDEFB, 0xDEFB, 0xDEFB, 0xDEDB, 0xDEDB, 0xDEDB, 0xDEDB, 0xDEDB,
    0xDEDB, 0xDEDB, 0xDEDB, 0xDEDB, 0xDEDB, 0xDEDB, 0xDEDB, 0xDEDA, 0xDEDB, 0xDEDB, 0xDEDB, 0xDEDB,
    0xDEDB, 0xDEDB, 0xDEDB, 0xDEDB, 0xDEDB, 0xDEDB, 0xDEDB, 0xDEDB, 0xDEDB, 0xDEDB, 0xDEDB, 0xDEDB,
    0xDEDB, 0xDEDB, 0xDEDB, 0xDEDB, 0xDEDB, 0xDEDB, 0xDEDB, 0xDEDB, 0xDEDB, 0xDEDB, 0xDEDB, 0xDEDB,
    0xDEDB, 0xDEDB, 0xDEDA, 0xDEDB, 0xDEDB, 0xDEDA, 0xDEDB, 0xDEDB, 0xDEDB, 0xDEDB, 0xDEFB, 0xDEFB,
    0xDEFB, 0xE71C, 0xDEFB, 0xF79D, 0x4208, 0x0000, 0x0000, 0x0000, 0x0000, 0x0000, 0x0000, 0x0000,
    0x0000, 0x0000, 0x0000, 0x0000, 0x0000, 0x0000, 0x0000, 0x0000, 0x0000, 0x0000, 0x0000, 0x0000,
    0x0000, 0x0000, 0x0000, 0x0000, 0x0000, 0x0000, 0x0000, 0x0000, 0x0000, 0x0000, 0x0000, 0x0000,
    0xBDF7, 0xE75D, 0xDEFB, 0xDEFB, 0xDEFB, 0xDEFB, 0xDEDB, 0xDEDB, 0xDEDB, 0xDEDB, 0xDEDB, 0xDEDB,
    0xDEDB, 0xDEDB, 0xDEDA, 0xDEDB, 0xDEDB, 0xDEDB, 0xDEDB, 0xDEDB, 0xDEDB, 0xDEDB, 0xDEDB, 0xDEDB,
    0xDEDB, 0xDEDB, 0xDEDB, 0xDEDB, 0xDEDB, 0xDEDB, 0xDEDB, 0xDEFB, 0xDEFB, 0xDEFB, 0xDEDB, 0xDEDB,
    0xDEDB, 0xDEDB, 0xDEDB, 0xDEDB, 0xDEDB, 0xDEDB, 0xDEDB, 0xDEDA, 0xDEDB, 0xDEDB, 0xDEDB, 0xDEDB,
    0xDEDB, 0xDEDB, 0xDEDB, 0xDEDA, 0xDEDB, 0xDEDB, 0xDEDA, 0xDEDB, 0xDEDB, 0xDEDB, 0xDEDB, 0xDEDB,
    0xDEDB, 0xDEFB, 0xDEFB, 0xDEFB, 0xDEFB, 0xDF1B, 0xDEFB, 0xF79D, 0x4A49, 0x0000, 0x0000, 0x0000,
    0x0000, 0x0000, 0x0000, 0x0000, 0x0000, 0x0000, 0x0000, 0x0000, 0x0000, 0x0000, 0x0000, 0x0000,
    0x0000, 0x0000, 0x0000, 0x0000, 0x0000, 0x0000, 0x0000, 0x0000, 0x0000, 0x0000, 0x0000, 0x0000,
    0x0000, 0x0000, 0x0000, 0x0000, 0xE71C, 0xDEFB, 0xDEFB, 0xDEFB, 0xDEFB, 0xDEFB, 0xDEFB, 0xDEDB,
    0xDEDB, 0xDEDB, 0xDEDB, 0xDEDA, 0xDEDB, 0xDEDB, 0xDEDA, 0xDEDA, 0xDEDB, 0xDEDB, 0xDEDB, 0xDEDB,
    0xDEDB, 0xDEDB, 0xDEDB, 0xDEDB, 0xDEDB, 0xDEDB, 0xDEDB, 0xDEDB, 0xDEDB, 0xDEDB, 0xDEFB, 0xDEFB,
    0xDEFB, 0xDEFB, 0xDEFB, 0xDEFB, 0xDEDB, 0xDEDB, 0xDEDB, 0xDEDB, 0xDEDB, 0xDEDB, 0xDEDB, 0xDEDB,
    0xDEDB, 0xDEDB, 0xDEDB, 0xDEDB, 0xDEDB, 0xDEDB, 0xDEDB, 0xDEDA, 0xDEDB, 0xDEDB, 0xDEDB, 0xDEDB,
    0xDEDA, 0xDEDB, 0xDEDB, 0xDEDB, 0xDEDB, 0xDEFB, 0xDEFB, 0xDEFB, 0xDEFB, 0xDEFB, 0xDEFB, 0xF79D,
    0x4A69, 0x0000, 0x0000, 0x0000, 0x0000, 0x0000, 0x0000, 0x0000, 0x0000, 0x0000, 0x0000, 0x0000,
    0x0000, 0x0000, 0x0000, 0x0000, 0x0000, 0x0000, 0x0000, 0x0000, 0x0000, 0x0000, 0x0000, 0x0000,
    0x0000, 0x0000, 0x0000, 0x0000, 0x0000, 0x0000, 0x0000, 0x52AA, 0xEF7D, 0xDEFB, 0xDEFB, 0xDEFB,
    0xDEFB, 0xDEFB, 0xDEFB, 0xDEFB, 0xDEFB, 0xDEDB, 0xDEDB, 0xDEDB, 0xDEDA, 0xDEDB, 0xDEDA, 0xDEDB,
    0xDEDB, 0xDEDB, 0xDEDB, 0xDEDB, 0xDEDB, 0xDEDB, 0xDEDB, 0xDEDB, 0xDEDB, 0xDEDB, 0xDEDB, 0xDEDB,
    0xDEDB, 0xDEDB, 0xDEFB, 0xDEFB, 0xDEFB, 0xDEFB, 0xDEFB, 0xDEFB, 0xDEDB, 0xDEDB, 0xDEDB, 0xDEDB,
    0xDEDB, 0xDEDB, 0xDEDB, 0xDEDB, 0xDEDB, 0xDEDB, 0xDEDB, 0xDEDB, 0xDEDB, 0xDEDB, 0xDEDA, 0xDEDB,
    0xDEDB, 0xDEDB, 0xDEDB, 0xDEDB, 0xDEDB, 0xDEDB, 0xDEDB, 0xDEDB, 0xDEDB, 0xDEFB, 0xDEFB, 0xDEFB,
    0xDEFB, 0xDF1B, 0xDEFB, 0xF79D, 0x4A69, 0x0000, 0x0000, 0x0000, 0x0000, 0x0000, 0x0000, 0x0000,
    0x0000, 0x0000, 0x0000, 0x0000, 0x0000, 0x0000, 0x0000, 0x0000, 0x0000, 0x0000, 0x0000, 0x0000,
    0x0000, 0x0000, 0x0000, 0x0000, 0x0000, 0x0000, 0x0000, 0x0000, 0x0000, 0x0000, 0x0000, 0x738E,
    0xEF7E, 0xDEDB, 0xDEFB, 0xDEFB, 0xDEFB, 0xDEFB, 0xDEFB, 0xDEDB, 0xDEDB, 0xDEDB, 0xDEDB, 0xDEDB,
    0xDEDB, 0xDEDA, 0xDEDB, 0xDEDA, 0xDEDB, 0xDEDB, 0xDEDB, 0xDEDB, 0xDEDB, 0xDEDA, 0xDEDB, 0xDEDB,
    0xDEDB, 0xDEDB, 0xDEDB, 0xDEDB, 0xDEDB, 0xDEDB, 0xDEDB, 0xDEFB, 0xDEFB, 0xDEFB, 0xDEFB, 0xDEFB,
    0xDEFB, 0xDEDB, 0xDEDB, 0xDEDB, 0xDEDB, 0xDEDB, 0xDEDB, 0xDEDB, 0xDEDB, 0xDEDB, 0xDEDB, 0xDEDB,
    0xDEDB, 0xDEDB, 0xDEDB, 0xDEDB, 0xDEDB, 0xDEDB, 0xDEDB, 0xDEDA, 0xDEDB, 0xDEDB, 0xDEDB, 0xDEDB,
    0xDEFB, 0xDEFB, 0xDEFB, 0xDEFB, 0xDEFB, 0xDEFB, 0xDEFB, 0xF79D, 0x4228, 0x0000, 0x0000, 0x0000,
    0x0000, 0x0000, 0x0000, 0x0000, 0x0000, 0x0000, 0x0000, 0x0000, 0x0000, 0x0000, 0x0000, 0x0000,
    0x0000, 0x0000, 0x0000, 0x0000, 0x0000, 0x0000, 0x0000, 0x0000, 0x0000, 0x0000, 0x0000, 0x0000,
    0x0000, 0x41E7, 0x9CB2, 0xD6BA, 0xDF1B, 0xDEFB, 0xDEFB, 0xDEFB, 0xDEDB, 0xDEFB, 0xDEDB, 0xDEDB,
    0xDEDB, 0xDEDB, 0xDEDB, 0xDEDB, 0xDEDB, 0xDEDA, 0xDEDB, 0xDEDB, 0xDEDB, 0xDEDB, 0xDEDB, 0xDEDA,
    0xDEDB, 0xDEDA, 0xDEDB, 0xDEDB, 0xDEDB, 0xDEDB, 0xDEDB, 0xDEDB, 0xDEDB, 0xDEDB, 0xDEDB, 0xDEFB,
    0xDEFB, 0xDEFB, 0xDEFB, 0xDEFB, 0xDEFB, 0xDEDB, 0xDEDB, 0xDEDB, 0xDEDB, 0xDEDB, 0xDEDB, 0xDEDB,
    0xDEDB, 0xDEDB, 0xDEDB, 0xDEDB, 0xDEDB, 0xDEDB, 0xDEDB, 0xDEDB, 0xDEDB, 0xDEDB, 0xDEDB, 0xDEDB,
    0xDEDB, 0xDEDB, 0xDEDB, 0xDEFB, 0xDEFB, 0xDEFB, 0xDEFB, 0xDEFB, 0xDEFB, 0xDEFB, 0xDEFB, 0xE73C,
    0xCE58, 0x736D, 0x0000, 0x0000, 0x0000, 0x0000, 0x0000, 0x0000, 0x0000, 0x0000, 0x0000, 0x0000,
    0x0000, 0x0000, 0x0000, 0x0000, 0x0000, 0x0000, 0x0000, 0x0000, 0x0000, 0x0000, 0x0000, 0x0000,
    0x0000, 0x0000, 0x0000, 0x0000, 0xAD54, 0xEF5D, 0xEF7D, 0xDF1B, 0xDEFB, 0xDEFB, 0xDEFB, 0xDEFB,
    0xDEFB, 0xDEDB, 0xDEDB, 0xDEDB, 0xDEDB, 0xDEDB, 0xDEDB, 0xDEDB, 0xDEDB, 0xDEDB, 0xDEDA, 0xDEDB,
    0xDEDB, 0xDEDB, 0xDEDB, 0xDEDB, 0xDEDA, 0xDEDB, 0xDEDB, 0xDEDB, 0xDEDB, 0xDEDB, 0xDEDB, 0xDEDB,
    0xDEDB, 0xDEDB, 0xDEDB, 0xDEDB, 0xDEFB, 0xDEFB, 0xDEFB, 0xDEFB, 0xDEFB, 0xDEDB, 0xDEDB, 0xDEDB,
    0xDEDB, 0xDEDB, 0xDEDB, 0xDEDB, 0xDEDB, 0xDEDB, 0xDEDB, 0xDEDB, 0xDEDB, 0xDEDB, 0xDEDB, 0xDEDB,
    0xDEDB, 0xDEDB, 0xDEDB, 0xDEDB, 0xDEDB, 0xDEDB, 0xDEDB, 0xDEFB, 0xDEFB, 0xDEFB, 0xDEFB, 0xDEFB,
    0xDEFB, 0xDEFB, 0xDEFB, 0xDF1B, 0xEF5C, 0xF7BE, 0xD699, 0x528A, 0x0000, 0x0000, 0x0000, 0x0000,
    0x0000, 0x0000, 0x0000, 0x0000, 0x0000, 0x0000, 0x0000, 0x0000, 0x0000, 0x0000, 0x0000, 0x0000,
    0x0000, 0x0000, 0x0000, 0x0000, 0x0000, 0x0000, 0x630B, 0xE71B, 0xEF5D, 0xDEDB, 0xDEDB, 0xDEFB,
    0xDEFB, 0xDEFB, 0xDEFB, 0xDEDB, 0xDEDB, 0xDEDB, 0xDEDB, 0xDEDB, 0xDEDB, 0xDEDB, 0xDEDB, 0xDEDB,
    0xDEDB, 0xDEDB, 0xDEDB, 0xDEDB, 0xDEDB, 0xDEDB, 0xDEDB, 0xDEDB, 0xDEDB, 0xDEDB, 0xDEDB, 0xDEDB,
    0xDEDB, 0xDEDB, 0xDEDB, 0xDEDB, 0xDEDB, 0xDEDB, 0xDEDB, 0xDEDB, 0xDEFB, 0xDEFB, 0xDEFB, 0xDEFB,
    0xDEFB, 0xDEDB, 0xDEDB, 0xDEDB, 0xDEDB, 0xDEDB, 0xDEDB, 0xDEDB, 0xDEDB, 0xDEDB, 0xDEDB, 0xDEDB,
    0xDEDB, 0xDEDB, 0xDEDB, 0xDEDB, 0xDEDB, 0xDEDB, 0xDEDB, 0xDEDB, 0xDEDB, 0xDEDB, 0xDEDB, 0xDEDB,
    0xDEFB, 0xDEFB, 0xDEFB, 0xDEFB, 0xDEFB, 0xDEFB, 0xDEFB, 0xDEFB, 0xDF1B, 0xDEFB, 0xEF5D, 0xF7BE,
    0x8430, 0x0000, 0x0000, 0x0000, 0x0000, 0x0000, 0x0000, 0x0000, 0x0000, 0x0000, 0x0000, 0x0000,
    0x0000, 0x0000, 0x0000, 0x0000, 0x0000, 0x0000, 0x0000, 0x0000, 0x0000, 0x7BEF, 0xF7BE, 0xE71B,
    0xDEDB, 0xDEFB, 0xDEFB, 0xDEFB, 0xDEFB, 0xDEDB, 0xDEFB, 0xDEDB, 0xDEDB, 0xDEDB, 0xDEDB, 0xDEDB,
    0xDEDB, 0xDEDB, 0xDEDB, 0xDEDB, 0xDEDB, 0xDEDB, 0xDEDB, 0xDEDB, 0xDEDB, 0xDEDB, 0xDEDB, 0xDEDB,
    0xDEDB, 0xDEDB, 0xDEDB, 0xDEDB, 0xDEDB, 0xDEDB, 0xDEDB, 0xDEDB, 0xDEDB, 0xDEDB, 0xDEDB, 0xDEDB,
    0xDEFB, 0xDEFB, 0xDEFB, 0xDEFB, 0xDEFB, 0xDEDB, 0xDEDB, 0xDEDB, 0xDEDB, 0xDEDB, 0xDEDB, 0xDEDB,
    0xDEDB, 0xDEDB, 0xDEDB, 0xDEDB, 0xDEDB, 0xDEDB, 0xDEDB, 0xDEDB, 0xDEDB, 0xDEDB, 0xDEDB, 0xDEDB,
    0xDEDB, 0xDEDB, 0xDEDB, 0xDEDB, 0xDEFB, 0xDEFB, 0xDEFB, 0xDEFB, 0xDEFB, 0xDEFB, 0xDEFB, 0xDEFB,
    0xDF1B, 0xE71C, 0xE71B, 0xE71B, 0xFFDF, 0x94B2, 0x0000, 0x0000, 0x0000, 0x0000, 0x0000, 0x0000,
    0x0000, 0x0000, 0x0000, 0x0000, 0x0000, 0x0000, 0x0000, 0x0000, 0x0000, 0x0000, 0x0000, 0x0000,
    0x73AE, 0xF7BE, 0xDEFB, 0xDEFB, 0xDEFB, 0xDEFB, 0xDEFB, 0xDEFB, 0xDEDB, 0xDEDB, 0xDEFB, 0xDEFB,
    0xDEDB, 0xDEDB, 0xDEDB, 0xDEDB, 0xDEDB, 0xDEDB, 0xDEDB, 0xDEDB, 0xDEDB, 0xDEDB, 0xDEDB, 0xDEDB,
    0xDEDB, 0xDEDB, 0xDEDB, 0xDEDB, 0xDEDB, 0xDEDB, 0xDEDB, 0xDEDB, 0xDEDB, 0xDEDB, 0xDEDB, 0xDEDB,
    0xDEDB, 0xDEDB, 0xDEDB, 0xDEDB, 0xDEFB, 0xDEFB, 0xDEFB, 0xDEFB, 0xDEFB, 0xDEFB, 0xDEDB, 0xDEDB,
    0xDEDB, 0xDEDB, 0xDEDB, 0xDEDB, 0xDEDB, 0xDEDB, 0xDEDB, 0xDEDB, 0xDEDB, 0xDEDB, 0xDEDB, 0xDEDB,
    0xDEDB, 0xDEDB, 0xDEDB, 0xDEDB, 0xDEDB, 0xDEDB, 0xDEDB, 0xDEDB, 0xDEFB, 0xDEDB, 0xDEDB, 0xDEDB,
    0xDEFB, 0xDEFB, 0xDEFB, 0xDEFB, 0xDEFB, 0xDF1B, 0xE71C, 0xE71C, 0xDEFB, 0xFFDE, 0x8410, 0x0000,
    0x0000, 0x0000, 0x0000, 0x0000, 0x0000, 0x0000, 0x0000, 0x0000, 0x0000, 0x0000, 0x0000, 0x0000,
    0x0000, 0x0000, 0x0000, 0x4A69, 0xF79E, 0xDEFB, 0xDEFB, 0xDEFB, 0xDEFB, 0xDEFB, 0xDEFB, 0xDEDB,
    0xDEDB, 0xDEDB, 0xDEDB, 0xDEFB, 0xDEDB, 0xDEDB, 0xDEDA, 0xDEDA, 0xDEDB, 0xDEDB, 0xDEDB, 0xDEDB,
    0xDEDB, 0xDEDB, 0xDEDB, 0xDEDB, 0xDEDB, 0xDEDB, 0xDEDB, 0xDEDB, 0xDEDB, 0xDEDB, 0xDEDB, 0xDEDB,
    0xDEDA, 0xDEDB, 0xDEDB, 0xDEDB, 0xDEDB, 0xDEDB, 0xDEDB, 0xDEDB, 0xDEDB, 0xDEDB, 0xDEFB, 0xDEFB,
    0xDEFB, 0xDEFB, 0xDEDB, 0xDEDB, 0xDEDB, 0xDEDB, 0xDEDA, 0xDEDB, 0xDEDB, 0xDEDA, 0xDEDB, 0xDEDB,
    0xDEDB, 0xDEDB, 0xDEDB, 0xDEDB, 0xDEDB, 0xDEDB, 0xDEDB, 0xDEDB, 0xDEDB, 0xDEDB, 0xDEDB, 0xDEDB,
    0xDEDB, 0xDEDB, 0xDEDB, 0xDEDB, 0xDEDB, 0xDEFB, 0xDEFB, 0xDEFB, 0xDEFB, 0xDEFB, 0xDF1B, 0xE71C,
    0xE71C, 0xDEFB, 0xF7BE, 0x5289, 0x0000, 0x0000, 0x0000, 0x0000, 0x0000, 0x0000, 0x0000, 0x0000,
    0x0000, 0x0000, 0x0000, 0x0000, 0x0000, 0x0000, 0x0000, 0xD6BA, 0xE73C, 0xDEFB, 0xDEFB, 0xDEFB,
    0xDEFB, 0xDEFB, 0xDEFB, 0xDEDB, 0xDEDB, 0xDEDB, 0xDEDB, 0xDEDB, 0xDEDB, 0xDEDB, 0xDEDA, 0xDEDA,
    0xDEDA, 0xDEDA, 0xDEDB, 0xDEDB, 0xDEDB, 0xDEDB, 0xDEDB, 0xDEDB, 0xDEDB, 0xDEDB, 0xDEDB, 0xDEDB,
    0xDEDB, 0xDEDB, 0xDEDB, 0xDEDB, 0xDEDB, 0xDEDB, 0xDEDB, 0xDEDB, 0xDEDB, 0xDEDB, 0xDEDB, 0xDEDB,
    0xDEDB, 0xDEDB, 0xDEDB, 0xDEFB, 0xDEFB, 0xDEDB, 0xDEDB, 0xDEDB, 0xDEDB, 0xDEDB, 0xDEDB, 0xDEDB,
    0xDEDB, 0xDEDB, 0xDEDB, 0xDEDB, 0xDEDB, 0xDEDB, 0xDEDB, 0xDEDB, 0xDEDB, 0xDEDB, 0xDEDB, 0xDEDB,
    0xDEDB, 0xDEDB, 0xDEFB, 0xDEDB, 0xDEDB, 0xDEDB, 0xDEDB, 0xDEDB, 0xDEDB, 0xDEDB, 0xDEFB, 0xDEFB,
    0xDEFB, 0xDEFB, 0xDEFB, 0xE71C, 0xE71C, 0xE71C, 0xEF5C, 0xDEBA, 0x0000, 0x0000, 0x0000, 0x0000,
    0x0000, 0x0000, 0x0000, 0x0000, 0x0000, 0x0000, 0x0000, 0x0000, 0x0000, 0x0000, 0x8410, 0xF79E,
    0xDEDB, 0xDEFB, 0xDEFB, 0xDEFB, 0xDEFB, 0xDEFB, 0xDEDB, 0xDEDB, 0xDEDB, 0xDEDB, 0xDEDB, 0xDEDB,
    0xDEDB, 0xDEDA, 0xDEDA, 0xDEDA, 0xDEDA, 0xDEDA, 0xDEDB, 0xDEDB, 0xDEDB, 0xDEDB, 0xDEDB, 0xDEDB,
    0xDEDB, 0xDEDB, 0xDEDB, 0xDEDB, 0xDEDB, 0xDEDB, 0xDEDB, 0xDEDB, 0xDEDB, 0xDEDB, 0xDEDA, 0xDEDA,
    0xDEDA, 0xDEDA, 0xDEDA, 0xDEDB, 0xDEDB, 0xDEDB, 0xDEDB, 0xDEDB, 0xDEFB, 0xDEFB, 0xDEDB, 0xDEDB,
    0xDEDB, 0xDEFB, 0xDEDB, 0xDEDB, 0xDEDB, 0xDEDB, 0xDEDB, 0xDEDB, 0xDEDB, 0xDEDB, 0xDEFB, 0xDEFB,
    0xDEFB, 0xDEFB, 0xDEFB, 0xDEFB, 0xDEFB, 0xDEDB, 0xDEDB, 0xDEDB, 0xDEDB, 0xDEDB, 0xDEDB, 0xDEDB,
    0xDEDB, 0xDEDB, 0xDEDB, 0xDEFB, 0xDEFB, 0xDEFB, 0xDEFB, 0xDF1B, 0xDF1B, 0xE71C, 0xDEFB, 0xF7BE,
    0x7BCF, 0x0000, 0x0000, 0x0000, 0x0000, 0x0000, 0x0000, 0x0000, 0x0000, 0x0000, 0x0000, 0x0000,
    0x0000, 0x0000, 0xD6BA, 0xE71C, 0xDEFB, 0xDEFB, 0xDEFB, 0xDEFB, 0xDEFB, 0xDEDB, 0xDEDB, 0xDEDB,
    0xDEDB, 0xDEDB, 0xDEDB, 0xDEDB, 0xDEDB, 0xDEDA, 0xDEDA, 0xDEDA, 0xDEDA, 0xDEDB, 0xDEDB, 0xDEDB,
    0xDEDB, 0xDEDA, 0xDEDB, 0xDEDA, 0xDEDB, 0xDEDB, 0xDEDB, 0xDEDB, 0xDEDB, 0xDEDB, 0xDEDB, 0xDEDB,
    0xD6DB, 0xDEDA, 0xDEDA, 0xDEDA, 0xDEDA, 0xDEDA, 0xDEDA, 0xDEDB, 0xDEDB, 0xDEDB, 0xDEDB, 0xDEDB,
    0xDEFB, 0xDEDB, 0xDEDB, 0xDEDB, 0xDEDB, 0xDEDB, 0xDEDB, 0xDEDB, 0xDEDB, 0xDEDB, 0xDEDB, 0xDEDB,
    0xDEDB, 0xDEDB, 0xDEDB, 0xDEDB, 0xDEFB, 0xDEFB, 0xDEFB, 0xDEFB, 0xDEFB, 0xDEDB, 0xDEDB, 0xDEDB,
    0xDEDB, 0xDEDB, 0xDEDB, 0xDEDB, 0xDEDB, 0xDEDB, 0xDEDB, 0xDEFB, 0xDEFB, 0xDEFB, 0xDEFB, 0xDEFB,
    0xDF1B, 0xE71B, 0xE71C, 0xE73C, 0xD69A, 0x0000, 0x0000, 0x0000, 0x0000, 0x0000, 0x0000, 0x0000,
    0x0000, 0x0000, 0x0000, 0x0000, 0x0000, 0x5ACB, 0xEF7D, 0xDEDB, 0xDEFB, 0xDEFB, 0xDEFB, 0xDEFB,
    0xDEDB, 0xDEDB, 0xDEDB, 0xDEDB, 0xDEDB, 0xDEDA, 0xDEDA, 0xDEDA, 0xDEDB, 0xDEDA, 0xDEDB, 0xDEDA,
    0xDEDA, 0xDEDB, 0xDEDB, 0xDEDB, 0xDEDB, 0xDEDA, 0xDEDB, 0xDEDB, 0xDEDB, 0xDEDB, 0xDEDA, 0xDEDA,
    0xDEDB, 0xDEDB, 0xDEDA, 0xDEDB, 0xD6DA, 0xDEDB, 0xDEDA, 0xDEDB, 0xDEDA, 0xDEDB, 0xDEDB, 0xDEDB,
    0xDEDB, 0xDEDB, 0xDEDB, 0xDEDB, 0xDEDB, 0xDEDB, 0xDEDB, 0xDEDB, 0xDEDB, 0xDEDB, 0xDEDB, 0xDEDB,
    0xDEDB, 0xDEDB, 0xDEDB, 0xDEDB, 0xDEDB, 0xDEDB, 0xDEDB, 0xDEFB, 0xDEFB, 0xDEFB, 0xDEFB, 0xDEFB,
    0xDEDB, 0xDEDB, 0xDEDB, 0xDEDB, 0xDEDB, 0xDEDB, 0xDEDB, 0xDEDB, 0xDEDB, 0xDEDA, 0xDEDB, 0xDEDB,
    0xDEFB, 0xDEFB, 0xDEFB, 0xDEFB, 0xDF1B, 0xE71B, 0xE71C, 0xDF1B, 0xF79E, 0x4A69, 0x0000, 0x0000,
    0x0000, 0x0000, 0x0000, 0x0000, 0x0000, 0x0000, 0x0000, 0x0000, 0x0000, 0x9492, 0xEF7D, 0xDEDB,
    0xDEFB, 0xDEDB, 0xDEFB, 0xDEFB, 0xDEDB, 0xDEDB, 0xDEDB, 0xDEDA, 0xDEDB, 0xDEDB, 0xDEDB, 0xDEDA,
    0xDEDB, 0xDEDB, 0xDEDB, 0xDEDB, 0xDEDB, 0xDEDB, 0xDEDB, 0xDEDB, 0xDEDB, 0xDEDB, 0xDEDB, 0xDEDB,
    0xDEDB, 0xDEDB, 0xDEDB, 0xDEDB, 0xDEDB, 0xDEDB, 0xDEDB, 0xD6DB, 0xD6DB, 0xDEDB, 0xDEDB, 0xDEDB,
    0xDEDB, 0xDEDB, 0xDEDB, 0xDEDA, 0xDEDB, 0xDEDB, 0xDEDB, 0xDEDB, 0xDEDB, 0xDEDB, 0xDEDB, 0xDEDB,
    0xDEDB, 0xDEDB, 0xDEDB, 0xDEDB, 0xDEDB, 0xDEDB, 0xDEDB, 0xDEDB, 0xDEDB, 0xDEDB, 0xDEDB, 0xDEDB,
    0xDEFB, 0xDEFB, 0xDEFB, 0xDEFB, 0xDEFB, 0xDEFB, 0xDEDB, 0xDEDB, 0xDEDB, 0xDEDB, 0xDEDB, 0xDEDB,
    0xDEDB, 0xDEDB, 0xDEDB, 0xDEDB, 0xDEDB, 0xDEFB, 0xDEFB, 0xDEFB, 0xDF1B, 0xDF1B, 0xE71C, 0xDF1C,
    0xF7BE, 0x8C51, 0x0000, 0x0000, 0x0000, 0x0000, 0x0000, 0x0000, 0x0000, 0x0000, 0x0000, 0x0000,
    0x0000, 0xBDD6, 0xE75D, 0xDEFB, 0xDEFB, 0xDEFB, 0xDEFB, 0xDEFB, 0xDEDB, 0xDEDB, 0xDEDB, 0xDEDB,
    0xDEDB, 0xDEDB, 0xDEDB, 0xDEDB, 0xDEDB, 0xDEDB, 0xDEDB, 0xDEDB, 0xDEDB, 0xDEDB, 0xDEDB, 0xDEDB,
    0xDEDB, 0xDEDB, 0xDEDB, 0xDEDB, 0xDEDB, 0xDEDB, 0xDEDB, 0xDEDB, 0xDEDB, 0xDEDB, 0xDEDB, 0xDEDB,
    0xDEDB, 0xDEDB, 0xDEDB, 0xDEDB, 0xDEDB, 0xDEDB, 0xDEDB, 0xDEDB, 0xDEDB, 0xDEDB, 0xDEDB, 0xDEDB,
    0xDEDB, 0xDEDB, 0xDEDB, 0xDEDB, 0xDEDB, 0xDEDB, 0xDEDB, 0xDEDB, 0xDEDB, 0xDEDB, 0xDEDB, 0xDEDB,
    0xDEDB, 0xDEDB, 0xDEDB, 0xDEDB, 0xDEDB, 0xDEDB, 0xDEDB, 0xDEDB, 0xDEFB, 0xDEFB, 0xDEFB, 0xDEFB,
    0xDEDB, 0xDEDB, 0xDEDB, 0xDEDB, 0xDEDB, 0xDEDB, 0xDEDB, 0xDEDB, 0xDEDB, 0xDEFB, 0xDEFB, 0xDEFB,
    0xDEFB, 0xDF1B, 0xE71C, 0xE71C, 0xEF9E, 0xB5B6, 0x0000, 0x0000, 0x0000, 0x0000, 0x0000, 0x0000,
    0x0000, 0x0000, 0x0000, 0x0000, 0x0000, 0xCE79, 0xE73C, 0xDEFB, 0xDEFB, 0xDEFB, 0xDEFB, 0xDEFB,
    0xDEDB, 0xDEDA, 0xDEDA, 0xDEDA, 0xDEDA, 0xDEDB, 0xDEDB, 0xDEDB, 0xDEDB, 0xDEDB, 0xDEDB, 0xDEDB,
    0xDEDB, 0xDEDB, 0xDEDB, 0xDEDB, 0xDEDB, 0xDEDB, 0xDEDB, 0xDEDB, 0xDEDB, 0xDEDB, 0xDEFB, 0xDEDB,
    0xDEDB, 0xDEDB, 0xDEDB, 0xDEDB, 0xDEDB, 0xDEDB, 0xDEDB, 0xDEDB, 0xDEDB, 0xDEDA, 0xDEDB, 0xDEDB,
    0xDEDB, 0xDEDB, 0xDEDB, 0xDEDB, 0xDEDB, 0xDEDB, 0xDEDB, 0xDEDB, 0xDEDB, 0xDEDB, 0xDEDB, 0xDEDB,
    0xDEDB, 0xDEDB, 0xDEDB, 0xDEDB, 0xDEDB, 0xDEDB, 0xDEDB, 0xDEDB, 0xDEDB, 0xDEDB, 0xDEDB, 0xDEDB,
    0xDEDB, 0xDEFB, 0xDEFB, 0xDEFB, 0xDEDB, 0xDEDB, 0xDEDB, 0xDEDB, 0xDEDB, 0xDEDB, 0xDEDB, 0xDEDB,
    0xDEFB, 0xDEFB, 0xDEFB, 0xDEFB, 0xDEFB, 0xDF1B, 0xE71C, 0xE71C, 0xEF7D, 0xC638, 0x0000, 0x0000,
    0x0000, 0x0000, 0x0000, 0x0000, 0x0000, 0x0000, 0x0000, 0x0000, 0x0000, 0xD6BA, 0xE71C, 0xDEFB,
    0xDEFB, 0xDEFB, 0xDEFB, 0xDEFB, 0xDEDB, 0xDEDA, 0xDEDA, 0xDEDA, 0xDEDB, 0xDEDB, 0xDEDA, 0xDEDA,
    0xDEDA, 0xDEDB, 0xDEDB, 0xDEDB, 0xDEDB, 0xDEDB, 0xDEDB, 0xDEDB, 0xDEDB, 0xDEDB, 0xDEDB, 0xDEDB,
    0xDEDB, 0xDEDB, 0xDEFB, 0xDEDB, 0xDEDB, 0xDEDB, 0xDEDB, 0xDEDB, 0xDEDB, 0xDEDB, 0xDEDB, 0xDEDA,
    0xDEDB, 0xDEDB, 0xDEDB, 0xDEDB, 0xDEDB, 0xDEDB, 0xDEFB, 0xDEFB, 0xDEFB, 0xDEFB, 0xDEDB, 0xDEDB,
    0xDEDB, 0xDEDB, 0xDEDB, 0xDEDB, 0xDEDB, 0xDEDB, 0xDEDB, 0xDEDB, 0xDEDB, 0xDEDB, 0xDEDB, 0xDEDB,
    0xDEFB, 0xDEDB, 0xDEFB, 0xDEFB, 0xDEFB, 0xDEFB, 0xDEFB, 0xDEFB, 0xDEFB, 0xDEFB, 0xDEDB, 0xDEDB,
    0xDEDB, 0xDEDB, 0xDEDB, 0xDEFB, 0xDEFB, 0xDEFB, 0xDEFB, 0xDEFB, 0xDEFB, 0xDEFB, 0xDF1C, 0xE71C,
    0xEF5D, 0xCE79, 0x0000, 0x0000, 0x0000, 0x0000, 0x0000, 0x0000, 0x0000, 0x0000, 0x0000, 0x0000,
    0x0000, 0xD69A, 0xE73C, 0xDEFB, 0xDEFB, 0xDEFB, 0xDEFB, 0xDEFB, 0xDEDB, 0xDEDB, 0xDEDA, 0xDEDB,
    0xDEDA, 0xDEDB, 0xDEDA, 0xDEDA, 0xDEDA, 0xDEDA, 0xDEDA, 0xDEDB, 0xDEDB, 0xDEDB, 0xDEDB, 0xDEDB,
    0xDEDB, 0xDEDB, 0xDEDB, 0xDEDB, 0xDEDB, 0xDEDB, 0xDEDB, 0xDEDB, 0xDEDB, 0xDEDB, 0xDEDB, 0xDEDB,
    0xDEDB, 0xDEDB, 0xDEDB, 0xDEDB, 0xDEDB, 0xDEDB, 0xDEDB, 0xDEDB, 0xDEDB, 0xDEDB, 0xDEDB, 0xDEFB,
    0xDEFB, 0xDEDB, 0xDEFB, 0xDEDB, 0xDEDB, 0xDEDB, 0xDEDB, 0xDEDB, 0xDEDB, 0xDEDB, 0xDEDB, 0xDEDB,
    0xDEDB, 0xDEDB, 0xDEDB, 0xDEDB, 0xDEDB, 0xDEDB, 0xDEDB, 0xDEFB, 0xDEFB, 0xDEFB, 0xDEFB, 0xDEDB,
    0xDEDB, 0xDEDB, 0xDEDB, 0xDEDB, 0xDEDB, 0xDEDB, 0xDEDB, 0xDEFB, 0xDEFB, 0xDEFB, 0xDEFB, 0xDEFB,
    0xDEFB, 0xDEFB, 0xDF1B, 0xDF1C, 0xEF5D, 0xCE79, 0x0000, 0x0000, 0x0000, 0x0000, 0x0000, 0x0000,
    0x0000, 0x0000, 0x0000, 0x0000, 0x0000, 0xC638, 0xE73C, 0xDEFB, 0xDEFC, 0xDEFB, 0xDEFB, 0xDEFB,
    0xDEFB, 0xDEDB, 0xDEDB, 0xDEDB, 0xDEDB, 0xDEDB, 0xDEDB, 0xDEDA, 0xDEDA, 0xDEDA, 0xDEDA, 0xDEDB,
    0xDEDB, 0xDEDB, 0xDEDB, 0xDEDB, 0xDEDB, 0xDEDB, 0xDEDB, 0xDEDB, 0xDEDB, 0xDEDB, 0xDEDB, 0xDEDB,
    0xDEDB, 0xDEDB, 0xDEDB, 0xDEDB, 0xDEDB, 0xDEDB, 0xDEDB, 0xDEDB, 0xDEDB, 0xDEDB, 0xDEDB, 0xDEDB,
    0xDEDB, 0xDEDB, 0xDEFB, 0xDEFB, 0xDEFB, 0xDEFB, 0xDEFB, 0xDEFB, 0xDEFB, 0xDEDB, 0xDEFB, 0xDEFB,
    0xDEDB, 0xDEDB, 0xDEDB, 0xDEFB, 0xDEFB, 0xDEFB, 0xDEDB, 0xDEFB, 0xDEDB, 0xDEDB, 0xDEDB, 0xDEFB,
    0xDEFB, 0xDEFB, 0xDEFB, 0xDEFB, 0xDEFB, 0xDEFB, 0xDEFB, 0xDEFB, 0xDEDB, 0xDEDB, 0xDEDB, 0xDEDB,
    0xDEFB, 0xDEFB, 0xDEFB, 0xDEFB, 0xDEFB, 0xDEFB, 0xDF1B, 0xDF1C, 0xEF7D, 0xBDF7, 0x0000, 0x0000,
    0x0000, 0x0000, 0x0000, 0x0000, 0x0000, 0x0000, 0x0000, 0x0000, 0x0000, 0xA535, 0xEF5D, 0xDEFB,
    0xDEFB, 0xDEFB, 0xDEFB, 0xDEFB, 0xDEFB, 0xDEDB, 0xDEDB, 0xDEDB, 0xDEDB, 0xDEDB, 0xDEDA, 0xDEDB,
    0xDEDB, 0xDEDB, 0xDEDB, 0xDEDB, 0xDEDA, 0xDEDB, 0xDEDB, 0xDEDB, 0xDEDB, 0xDEDB, 0xDEDB, 0xDEDB,
    0xDEDB, 0xDEDB, 0xDEDB, 0xDEDB, 0xDEDB, 0xDEDB, 0xDEDB, 0xDEDB, 0xDEDB, 0xDEDB, 0xDEDB, 0xDEDB,
    0xDEDB, 0xDEDB, 0xDEDB, 0xDEDB, 0xDEDB, 0xDEFB, 0xDEDB, 0xDEFB, 0xDEFB, 0xDEFB, 0xDEFB, 0xDEDB,
    0xDEFB, 0xDEDB, 0xDEDB, 0xDEDB, 0xDEDB, 0xDEDB, 0xDEFB, 0xDEFB, 0xDEFB, 0xDEDB, 0xDEDB, 0xDEFB,
    0xDEDB, 0xDEDB, 0xDEFB, 0xDEFB, 0xDEFB, 0xDEFB, 0xDEFB, 0xDEFB, 0xDEFB, 0xDEFB, 0xDEFB, 0xDEDB,
    0xDEDB, 0xDEDB, 0xDEDB, 0xDEDB, 0xDEDB, 0xDEDB, 0xDEFB, 0xDEFB, 0xDEFB, 0xDEFB, 0xDF1C, 0xDF1B,
    0xF79E, 0x9CD3, 0x0000, 0x0000, 0x0000, 0x0000, 0x0000, 0x0000, 0x0000, 0x0000, 0x0000, 0x0000,
    0x0000, 0x738E, 0xEF9E, 0xDEFB, 0xDF1C, 0xDEFB, 0xDEFB, 0xDEFB, 0xDEFB, 0xDEFB, 0xDEFB, 0xDEFB,
    0xDEDB, 0xDEDB, 0xDEDB, 0xDEDB, 0xDEDA, 0xDEDA, 0xDEDB, 0xDEDB, 0xDEDB, 0xDEDB, 0xDEDB, 0xDEDB,
    0xDEDB, 0xDEDB, 0xDEDB, 0xDEFB, 0xDEDB, 0xDEDB, 0xDEDB, 0xDEDB, 0xDEDB, 0xDEDB, 0xDEDB, 0xDEDB,
    0xDEDB, 0xDEDB, 0xDEFB, 0xDEFB, 0xDEFB, 0xDEFB, 0xDEFB, 0xDEFB, 0xDEFB, 0xDEFB, 0xDEFB, 0xDEFB,
    0xDEDB, 0xDEDB, 0xDEDB, 0xDEFB, 0xDEFB, 0xDEFB, 0xDEFB, 0xDEDB, 0xDEFB, 0xDEFB, 0xDEFB, 0xDEFB,
    0xDEFB, 0xDEFB, 0xDEFB, 0xDEFB, 0xDEFB, 0xDEFB, 0xDEFB, 0xDEFB, 0xDEFB, 0xDEFB, 0xDEFB, 0xDEFB,
    0xDEFB, 0xDEFB, 0xDEFB, 0xDEFB, 0xDEFB, 0xDEFB, 0xDEFB, 0xDEFB, 0xDEFB, 0xDEFB, 0xDEFB, 0xDEFB,
    0xDEFB, 0xDF1B, 0xE71C, 0xDEFC, 0xF7BE, 0x630C, 0x0000, 0x0000, 0x0000, 0x0000, 0x0000, 0x0000,
    0x0000, 0x0000, 0x0000, 0x0000, 0x0000, 0x0000, 0xEF5D, 0xDEFC, 0xDF1B, 0xDEFC, 0xDEFB, 0xDEFB,
    0xDEFB, 0xDEFB, 0xDEFB, 0xDEFB, 0xDEFB, 0xDEFB, 0xDEDB, 0xDEDB, 0xDEDB, 0xDEDA, 0xDEDB, 0xDEDB,
    0xDEDB, 0xDEDB, 0xDEDB, 0xDEDB, 0xDEDB, 0xDEFB, 0xDEDB, 0xDEFB, 0xDEDB, 0xDEDB, 0xDEDB, 0xDEDB,
    0xDEDB, 0xDEDB, 0xDEDB, 0xDEDB, 0xDEDB, 0xDEDB, 0xDEFB, 0xDEFB, 0xDEFB, 0xDEFB, 0xDEFB, 0xDEFB,
    0xDEFB, 0xDEFB, 0xDEFB, 0xDEFB, 0xDEFB, 0xDEFB, 0xDEFB, 0xDEFB, 0xDEFB, 0xDEFB, 0xDEFB, 0xDEFB,
    0xDEFB, 0xDEFB, 0xDEFB, 0xDEFB, 0xDEFB, 0xDEFB, 0xDEFB, 0xDEFB, 0xDEFB, 0xDEFB, 0xDEFB, 0xDEFB,
    0xDEFB, 0xDEFB, 0xDEFB, 0xDEFB, 0xDEFB, 0xDEFB, 0xDEFB, 0xDEFB, 0xDEFB, 0xDEFB, 0xDEFB, 0xDEDB,
    0xDEFB, 0xDEFB, 0xDEFB, 0xDEFB, 0xDEFB, 0xDF1C, 0xE71C, 0xE73C, 0xDF1B, 0x0000, 0x0000, 0x0000,
    0x0000, 0x0000, 0x0000, 0x0000, 0x0000, 0x0000, 0x0000, 0x0000, 0x0000, 0x0000, 0xB596, 0xEF7D,
    0xDEFB, 0xDF1B, 0xDEFB, 0xDEFB, 0xDEFB, 0xDEFB, 0xDEFB, 0xDEFB, 0xDEFB, 0xDEFB, 0xDEDB, 0xDEDB,
    0xDEDA, 0xDEDB, 0xDEDA, 0xDEDA, 0xDEDB, 0xDEDB, 0xDEDB, 0xDEDB, 0xDEFB, 0xDEFB, 0xDEFB, 0xDEFB,
    0xDEDB, 0xDEDB, 0xDEDB, 0xDEDB, 0xDEDB, 0xDEDB, 0xDEDB, 0xDEDB, 0xDEDB, 0xDEDB, 0xDEFB, 0xDEFB,
    0xDEFB, 0xDEFB, 0xDEFB, 0xDEFB, 0xDEFB, 0xDEFB, 0xDEFB, 0xDEFB, 0xDEFB, 0xDEFB, 0xDEDB, 0xDEDB,
    0xDEFB, 0xDEDB, 0xDEFB, 0xDEFB, 0xDEFB, 0xDEFB, 0xDEFB, 0xDEFB, 0xDEFB, 0xDEFB, 0xDEFB, 0xDEFB,
    0xDEFB, 0xDEFB, 0xDEFB, 0xDEFB, 0xDEFB, 0xDEFB, 0xDEFB, 0xDEFB, 0xDEFB, 0xDEFB, 0xDEFB, 0xDEFB,
    0xDEFB, 0xDEFB, 0xDEFB, 0xDEFB, 0xDEFB, 0xDEFB, 0xDEFB, 0xDEFB, 0xDEFB, 0xE71C, 0xDEFB, 0xF7BE,
    0x94D2, 0x0000, 0x0000, 0x0000, 0x0000, 0x0000, 0x0000, 0x0000, 0x0000, 0x0000, 0x0000, 0x0000,
    0x0000, 0x0000, 0x4208, 0xEF9D, 0xDEFB, 0xDF1C, 0xDEFB, 0xDEFB, 0xDEFB, 0xDEFB, 0xDEFB, 0xDEFB,
    0xDEFB, 0xDEFB, 0xDEDB, 0xDEDB, 0xDEDA, 0xDEDA, 0xDEDB, 0xDEDB, 0xDEDB, 0xDEDB, 0xDEDB, 0xDEDB,
    0xDEFB, 0xDEFB, 0xDEFB, 0xDEFB, 0xDEFB, 0xDEFB, 0xDEDB, 0xDEDB, 0xDEDB, 0xDEDB, 0xDEDB, 0xDEDB,
    0xDEDB, 0xDEDB, 0xDEFB, 0xDEFB, 0xDEDB, 0xDEFB, 0xDEFB, 0xDEFB, 0xDEFB, 0xDEFB, 0xDEFB, 0xDEFB,
    0xDEFB, 0xDEFB, 0xDEDB, 0xDEDB, 0xDEFB, 0xDEDB, 0xDEDB, 0xDEFB, 0xDEFB, 0xDEFB, 0xDEFB, 0xDEFB,
    0xDEFB, 0xDEFB, 0xDEFB, 0xDEFB, 0xDEFB, 0xDEFB, 0xDEFB, 0xDEFB, 0xDEFB, 0xDEFB, 0xDEFB, 0xDEFB,
    0xDEFB, 0xDEFB, 0xDEFB, 0xDEFB, 0xDEFB, 0xDEFB, 0xDEFB, 0xDEFB, 0xDEFB, 0xDEFB, 0xDEFB, 0xDEFB,
    0xDEFC, 0xE71C, 0xE73C, 0xEF5D, 0x0000, 0x0000, 0x0000, 0x0000, 0x0000, 0x0000, 0x0000, 0x0000,
    0x0000, 0x0000, 0x0000, 0x0000, 0x0000, 0x0000, 0x0000, 0x94B2, 0xF7BE, 0xDEDB, 0xE71C, 0xDF1C,
    0xDEFB, 0xDEFB, 0xDEFB, 0xDEFB, 0xDEFB, 0xDEFB, 0xDEFB, 0xDEDB, 0xDEDB, 0xDEDB, 0xDEDB, 0xDEDB,
    0xDEDB, 0xDEDB, 0xDEDB, 0xDEDB, 0xDEFB, 0xDEFB, 0xDEFB, 0xDEFB, 0xDEFB, 0xDEDB, 0xDEDB, 0xDEDB,
    0xDEDB, 0xDEDB, 0xDEDB, 0xDEDB, 0xDEDB, 0xDEDB, 0xDEFB, 0xDEFB, 0xDEFB, 0xDEFB, 0xDEFB, 0xDEFB,
    0xDEFB, 0xDEFB, 0xDEFB, 0xDEFB, 0xDEFB, 0xDEFB, 0xDEFB, 0xDEFB, 0xDEFB, 0xDEFB, 0xDEFB, 0xDEDB,
    0xDEFB, 0xDEFB, 0xDEFB, 0xDEFB, 0xDEFB, 0xDEFB, 0xDEFB, 0xDEFB, 0xDEFB, 0xDEFB, 0xDEFB, 0xDEFB,
    0xDEFB, 0xDEFB, 0xDEFB, 0xDEFB, 0xDEFB, 0xDEFB, 0xDEFB, 0xDEFB, 0xDEFB, 0xDEFB, 0xDEFB, 0xDEFB,
    0xDEFB, 0xDEFB, 0xDEFB, 0xDF1B, 0xE71C, 0xDEFB, 0xFFDF, 0x7BCF, 0x0000, 0x0000, 0x0000, 0x0000,
    0x0000, 0x0000, 0x0000, 0x0000, 0x0000, 0x0000, 0x0000, 0x0000, 0x0000, 0x0000, 0x0000, 0x0000,
    0xC5F8, 0xEF7D, 0xDEFB, 0xE71C, 0xDF1B, 0xDEFB, 0xDEFB, 0xDEFB, 0xDEFB, 0xDEFB, 0xDEFB, 0xDEFB,
    0xDEDB, 0xDEDB, 0xDEDB, 0xDEDB, 0xDEDB, 0xDEDB, 0xDEDB, 0xDEFB, 0xDEFB, 0xDEFB, 0xDEFB, 0xDEFB,
    0xDEFB, 0xDEDB, 0xDEDB, 0xDEDB, 0xDEFB, 0xDEFB, 0xDEDB, 0xDEDB, 0xDEFB, 0xDEFB, 0xDEFB, 0xDEFB,
    0xDEFB, 0xDEFB, 0xDEFB, 0xDEFB, 0xDEFB, 0xDEFB, 0xDEFB, 0xDEFB, 0xDEFB, 0xDEFB, 0xDEFB, 0xDEFB,
    0xDEFB, 0xDEFB, 0xDEFB, 0xDEFB, 0xDEFB, 0xDEFB, 0xDEFB, 0xDEFB, 0xDEFB, 0xDEFB, 0xDEFB, 0xDEFB,
    0xDEFB, 0xDEFB, 0xDEFB, 0xDEFB, 0xDEFB, 0xDEFB, 0xDEFB, 0xDEFB, 0xDEFB, 0xDEFB, 0xDEFB, 0xDEFB,
    0xDEFB, 0xDEFB, 0xDEFB, 0xDEFB, 0xDEFB, 0xDEFB, 0xDF1C, 0xE71C, 0xDEFB, 0xF7BE, 0xAD96, 0x0000,
    0x0000, 0x0000, 0x0000, 0x0000, 0x0000, 0x0000, 0x0000, 0x0000, 0x0000, 0x0000, 0x0000, 0x0000,
    0x0000, 0x0000, 0x0000, 0x0000, 0x0000, 0xCE59, 0xF79E, 0xDEFB, 0xE71C, 0xE71C, 0xE71B, 0xDF1B,
    0xDEFB, 0xDEFB, 0xDEFB, 0xDEFB, 0xDEFB, 0xDEFB, 0xDEFB, 0xDEFB, 0xDEFB, 0xDEFB, 0xDEFB, 0xDEFB,
    0xDEFB, 0xDEFB, 0xDEFB, 0xDEFB, 0xDEFB, 0xDEFB, 0xDEFB, 0xDEFB, 0xDEFB, 0xDEFB, 0xDEFB, 0xDEFB,
    0xDEFB, 0xDEFB, 0xDEFB, 0xDEFB, 0xDEFB, 0xDEFB, 0xDEFB, 0xDEFB, 0xDEFB, 0xDEFB, 0xDEFB, 0xDEFB,
    0xDEFB, 0xDEFB, 0xDEFB, 0xDEFB, 0xDEFB, 0xDEFB, 0xDEFB, 0xDEFB, 0xDEFB, 0xDEFB, 0xDEFB, 0xDEFB,
    0xDEFB, 0xDEFB, 0xDEFB, 0xDEFB, 0xDEFB, 0xDEFB, 0xDEFB, 0xDEFB, 0xDEFB, 0xDEFB, 0xDEFB, 0xDEFB,
    0xDEFB, 0xDEFB, 0xDEFB, 0xDEFB, 0xDEFB, 0xDEFB, 0xDEFB, 0xDF1B, 0xDF1B, 0xDF1C, 0xE71C, 0xDEFB,
    0xF7DF, 0xC618, 0x0000, 0x0000, 0x0000, 0x0000, 0x0000, 0x0000, 0x0000, 0x0000, 0x0000, 0x0000,
    0x0000, 0x0000, 0x0000, 0x0000, 0x0000, 0x0000, 0x0000, 0x0000, 0x0000, 0x0000, 0xBDD7, 0xF7BF,
    0xE71C, 0xDF1C, 0xE71C, 0xE71C, 0xE71C, 0xDF1B, 0xDF1B, 0xDEFB, 0xDEFB, 0xDEFB, 0xDEFB, 0xDEFB,
    0xDEFB, 0xDEFB, 0xDEFB, 0xDEFB, 0xDEFB, 0xDEFB, 0xDEFB, 0xDEFB, 0xDEFB, 0xDEFB, 0xDEFB, 0xDEFB,
    0xDEFB, 0xDEFB, 0xDEFB, 0xDEFB, 0xDEFB, 0xDEFB, 0xDEFB, 0xDEFB, 0xDEFB, 0xDEFB, 0xDEFB, 0xDEFB,
    0xDEFB, 0xDEFB, 0xDEFB, 0xDEFB, 0xDEFC, 0xDEFB, 0xDEFB, 0xDEFB, 0xDEFB, 0xDEFC, 0xDEFB, 0xDEFB,
    0xDEFB, 0xDEFB, 0xDEFB, 0xDEFB, 0xDEFB, 0xDEFB, 0xDEFB, 0xDEFB, 0xDEFB, 0xDEFB, 0xDEFB, 0xDEFB,
    0xDEFB, 0xDEFB, 0xDEFB, 0xDEFB, 0xDF1B, 0xDEFB, 0xDEFB, 0xDEFB, 0xDF1B, 0xDF1C, 0xDF1C, 0xDF1C,
    0xDF1C, 0xDEFB, 0xE73C, 0xFFDF, 0xAD75, 0x0000, 0x0000, 0x0000, 0x0000, 0x0000, 0x0000, 0x0000,
    0x0000, 0x0000, 0x0000, 0x0000, 0x0000, 0x0000, 0x0000, 0x0000, 0x0000, 0x0000, 0x0000, 0x0000,
    0x0000, 0x0000, 0x0000, 0x8430, 0xEF7D, 0xF79E, 0xE73C, 0xDF1C, 0xE71C, 0xE71C, 0xE71C, 0xDF1C,
    0xDEFB, 0xDEFB, 0xDEFB, 0xDEFB, 0xDEFB, 0xDF1B, 0xDF1B, 0xDF1B, 0xDEFB, 0xDEFB, 0xDEFB, 0xDEFB,
    0xDEFB, 0xDF1B, 0xDEFB, 0xDEFB, 0xDF1C, 0xDF1B, 0xDF1C, 0xDF1C, 0xDF1C, 0xDF1C, 0xDF1C, 0xDF1C,
    0xDF1C, 0xDF1B, 0xDF1C, 0xDF1B, 0xDF1C, 0xDF1B, 0xDF1C, 0xDF1B, 0xDF1B, 0xDF1B, 0xDF1C, 0xDF1C,
    0xDF1C, 0xDF1C, 0xDF1C, 0xDF1C, 0xDF1B, 0xDEFB, 0xDEFB, 0xDF1C, 0xDF1C, 0xDF1C, 0xDF1B, 0xDF1C,
    0xDF1B, 0xDF1C, 0xDF1B, 0xDF1C, 0xDF1C, 0xDF1C, 0xDF1C, 0xDF1C, 0xDF1B, 0xDF1C, 0xDF1C, 0xDF1C,
    0xE71C, 0xDF1C, 0xDF1B, 0xDEFB, 0xE73C, 0xF7BE, 0xE71C, 0x73AE, 0x0000, 0x0000, 0x0000, 0x0000,
    0x0000, 0x0000, 0x0000, 0x0000, 0x0000, 0x0000, 0x0000, 0x0000, 0x0000, 0x0000, 0x0000, 0x0000,
    0x0000, 0x0000, 0x0000, 0x0000, 0x0000, 0x0000, 0x0000, 0x0000, 0x31A6, 0xA534, 0xE73D, 0xF7BF,
    0xEF9E, 0xEF5D, 0xE73C, 0xE71C, 0xE71C, 0xDF1B, 0xDF1C, 0xDF1C, 0xE71C, 0xE71C, 0xDF1C, 0xDF1C,
    0xDF1C, 0xDF1C, 0xDF1C, 0xDF1B, 0xDF1C, 0xDF1C, 0xDF1C, 0xE71C, 0xE71C, 0xE71C, 0xE71C, 0xE71C,
    0xE71C, 0xE71C, 0xE71C, 0xE71C, 0xE71C, 0xE71C, 0xE71C, 0xE71C, 0xDF1C, 0xE71C, 0xE71C, 0xE71C,
    0xE71B, 0xE71C, 0xE71C, 0xE71C, 0xE71C, 0xE71C, 0xE71C, 0xDF1C, 0xDF1C, 0xDF1C, 0xDF1B, 0xE71B,
    0xE71C, 0xE71C, 0xE71C, 0xE71C, 0xDF1C, 0xDF1C, 0xDF1C, 0xDF1C, 0xE71C, 0xE71C, 0xE71C, 0xDF1C,
    0xDF1C, 0xE71C, 0xE71C, 0xE71C, 0xE73C, 0xEF5D, 0xF79E, 0xF7BE, 0xE71C, 0x94B2, 0x0000, 0x0000,
    0x0000, 0x0000, 0x0000, 0x0000, 0x0000, 0x0000, 0x0000, 0x0000, 0x0000, 0x0000, 0x0000, 0x0000,
    0x0000, 0x0000, 0x0000, 0x0000, 0x0000, 0x0000, 0x0000, 0x0000, 0x0000, 0x0000, 0x0000, 0x0000,
    0x0000, 0x0000, 0x0000, 0x73AE, 0xAD75, 0xD69A, 0xE71C, 0xE75D, 0xEF5D, 0xEF5D, 0xEF5D, 0xEF5D,
    0xEF5D, 0xEF5D, 0xEF5D, 0xEF5D, 0xEF5D, 0xEF5D, 0xEF5D, 0xEF5D, 0xEF5D, 0xEF5D, 0xEF5D, 0xEF5D,
    0xEF5D, 0xE75D, 0xEF5D, 0xEF5D, 0xEF5D, 0xEF5D, 0xEF7D, 0xEF7D, 0xEF5D, 0xEF7D, 0xEF5D, 0xEF5D,
    0xEF5D, 0xEF5D, 0xEF5D, 0xEF5D, 0xEF5D, 0xEF7D, 0xEF7D, 0xEF7D, 0xEF7D, 0xEF5D, 0xEF5D, 0xEF5D,
    0xEF5D, 0xEF5D, 0xEF5D, 0xEF5D, 0xEF5D, 0xEF5D, 0xEF5D, 0xEF5D, 0xEF5D, 0xEF5D, 0xEF5D, 0xEF5D,
    0xEF5D, 0xEF5D, 0xEF5D, 0xEF5D, 0xEF5D, 0xEF5D, 0xEF5D, 0xEF5D, 0xE71C, 0xD69A, 0xAD75, 0x6B4D,
    0x0000, 0x0000, 0x0000, 0x0000, 0x0000, 0x0000, 0x0000, 0x0000, 0x0000, 0x0000, 0x0000, 0x0000,
    0x0000, 0x0000, 0x0000, 0x0000, 0x0000, 0x0000, 0x0000, 0x0000, 0x0000, 0x0000, 0x0000, 0x0000,
    0x0000, 0x0000, 0x0000, 0x0000, 0x0000, 0x0000, 0x0000, 0x0000, 0x0000, 0x0000, 0x0000, 0x0000,
    0x31A6, 0x0000, 0x31A6, 0x31A6, 0x0000, 0x0000, 0x0000, 0x0000, 0x0000, 0x0000, 0x31A6, 0x31A6,
    0x31A6, 0x31A6, 0x0000, 0x0000, 0x0000, 0x0000, 0x0000, 0x0000, 0x0000, 0x0000, 0x0000, 0x31A6,
    0x31A6, 0x31A6, 0x31A6, 0x0000, 0x0000, 0x0000, 0x0000, 0x0000, 0x0000, 0x31A6, 0x31A6, 0x31A6,
    0x31A6, 0x31A6, 0x31A6, 0x31A6, 0x0000, 0x31A6, 0x31A6, 0x0000, 0x0000, 0x0000, 0x0000, 0x31A6,
    0x31A6, 0x31A6, 0x31A6, 0x31A6, 0x31A6, 0x0000, 0x0000, 0x31A6, 0x31A6, 0x31A6, 0x31A6, 0x0000,
    0x0000, 0x0000, 0x0000, 0x0000, 0x0000, 0x0000, 0x0000, 0x0000, 0x0000, 0x0000, 0x0000, 0x0000,
    0x0000, 0x0000, 0x0000, 0x0000, 0x0000, 0x0000, 0x0000, 0x0000, 0x0000, 0x0000, 0x0000, 0x0000,
    0x0000, 0x0000, 0x0000, 0x0000, 0x0000, 0x0000, 0x0000, 0x0000, 0x0000, 0x0000, 0x0000, 0x0000,
    0x0000, 0x0000, 0x0000, 0x0000, 0x0000, 0x0000, 0x0000, 0x0000, 0x0000, 0x0000, 0x0000, 0x0000,
    0x0000, 0x0000, 0x0000, 0x0000, 0x0000, 0x0000, 0x0000, 0x0000, 0x0000, 0x0000, 0x0000, 0x0000,
    0x0000, 0x0000, 0x0000, 0x0000, 0x0000, 0x0000, 0x0000, 0x0000, 0x0000, 0x0000, 0x0000, 0x0000,
    0x0000, 0x0000, 0x0000, 0x0000, 0x0000, 0x0000, 0x0000, 0x0000, 0x0000, 0x0000, 0x0000, 0x0000,
    0x0000, 0x0000, 0x0000, 0x0000, 0x0000, 0x0000, 0x0000, 0x0000, 0x0000, 0x0000, 0x0000, 0x0000,
    0x0000, 0x0000, 0x0000, 0x0000, 0x0000, 0x0000, 0x0000, 0x0000, 0x0000, 0x0000, 0x0000, 0x0000,
    0x0000, 0x0000, 0x0000, 0x0000, 0x0000, 0x0000, 0x0000, 0x0000, 0x0000, 0x0000, 0x0000, 0x0000,
    0x0000, 0x0000, 0x0000, 0x0000, 0x0000, 0x0000, 0x0000, 0x0000, 0x0000, 0x0000, 0x0000, 0x0000,
    0x0000, 0x0000, 0x0000, 0x0000, 0x0000, 0x0000, 0x0000, 0x0000, 0x0000, 0x0000, 0x0000, 0x0000,
    0x0000, 0x0000, 0x0000, 0x0000, 0x0000, 0x0000, 0x0000, 0x0000, 0x0000, 0x0000, 0x0000, 0x0000,
    0x0000, 0x0000, 0x0000, 0x0000, 0x0000, 0x0000, 0x0000, 0x0000, 0x0000, 0x0000, 0x0000, 0x0000,
    0x0000, 0x0000, 0x0000, 0x0000, 0x0000, 0x0000, 0x0000, 0x0000, 0x0000, 0x0000, 0x0000, 0x0000,
    0x0000, 0x0000, 0x0000, 0x0000, 0x0000, 0x0000, 0x0000, 0x0000, 0x0000, 0x0000, 0x0000, 0x0000,
    0x0000, 0x0000, 0x0000, 0x0000, 0x0000, 0x0000, 0x0000, 0x0000, 0x0000, 0x0000, 0x0000, 0x0000,
    0x0000, 0x0000, 0x0000, 0x0000, 0x0000, 0x0000, 0x0000, 0x0000, 0x0000, 0x0000, 0x0000, 0x0000,
    0x0000, 0x0000, 0x0000, 0x0000, 0x0000, 0x0000, 0x0000, 0x0000, 0x0000, 0x0000, 0x0000, 0x0000,
    0x0000, 0x0000, 0x0000, 0x0000, 0x0000, 0x0000, 0x0000, 0x0000, 0x0000, 0x0000, 0x0000, 0x0000,
    0x0000, 0x0000, 0x0000, 0x0000, 0x0000, 0x0000, 0x0000, 0x0000, 0x0000, 0x0000, 0x0000, 0x0000,
    0x0000, 0x232E, 0x1A8B, 0x0000, 0x0000, 0x0000, 0x0000, 0x0000, 0x0000, 0x0000, 0x0000, 0x0000,
    0x0000, 0x1AED, 0x1AED, 0x0000, 0x0000, 0x0000, 0x0000, 0x0000, 0x0000, 0x0000, 0x0000, 0x0000,
    0x0000, 0x1B2D, 0x1ACB, 0x0000, 0x0000, 0x0000, 0x0000, 0x0000, 0x0000, 0x0000, 0x0000, 0x0000,
    0x0000, 0x1ACC, 0x1AEC, 0x0000, 0x0000, 0x0000, 0x0000, 0x0000, 0x0000, 0x0000, 0x0000, 0x0000,
    0x0000, 0x0000, 0x0000, 0x0000, 0x0000, 0x0000, 0x0000, 0x0000, 0x0000, 0x0000, 0x0000, 0x0000,
    0x0000, 0x0000, 0x0000, 0x0000, 0x0000, 0x0000, 0x0000, 0x0000, 0x0000, 0x0000, 0x0000, 0x0000,
    0x0000, 0x0000, 0x0000, 0x0000, 0x0000, 0x0000, 0x0000, 0x0000, 0x0000, 0x0000, 0x0000, 0x0000,
    0x0000, 0x0000, 0x0000, 0x0000, 0x0000, 0x0000, 0x0000, 0x0000, 0x0000, 0x0000, 0x0000, 0x0000,
    0x0000, 0x0000, 0x0000, 0x0000, 0x3E7C, 0x3F5F, 0x479F, 0x3CB3, 0x0000, 0x0000, 0x0000, 0x0000,
    0x0000, 0x0000, 0x0000, 0x0000, 0x3599, 0x3F7F, 0x3F9F, 0x4D98, 0x0000, 0x0000, 0x0000, 0x0000,
    0x0000, 0x0000, 0x0000, 0x0000, 0x3E3B, 0x3F3F, 0x3F7F, 0x4556, 0x0000, 0x0000, 0x0000, 0x0000,
    0x0000, 0x0000, 0x0000, 0x0000, 0x35D9, 0x3F7F, 0x3F9F, 0x45B8, 0x0000, 0x0000, 0x0000, 0x0000,
    0x0000, 0x0000, 0x0000, 0x0000, 0x0000, 0x0000, 0x0000, 0x0000, 0x0000, 0x0000, 0x0000, 0x0000,
    0x0000, 0x0000, 0x0000, 0x0000, 0x0000, 0x0000, 0x0000, 0x0000, 0x0000, 0x0000, 0x0000, 0x0000,
    0x0000, 0x0000, 0x0000, 0x0000, 0x0000, 0x0000, 0x0000, 0x0000, 0x0000, 0x0000, 0x0000, 0x0000,
    0x0000, 0x0000, 0x0000, 0x0000, 0x0000, 0x0000, 0x0000, 0x0000, 0x0000, 0x0000, 0x0000, 0x0000,
    0x0000, 0x0000, 0x0000, 0x0000, 0x0000, 0x0000, 0x0000, 0x2CF6, 0x373F, 0x3E5E, 0x3EBF, 0x56FF,
    0x0000, 0x0000, 0x0000, 0x0000, 0x0000, 0x0000, 0x0000, 0x230D, 0x375F, 0x365E, 0x367E, 0x575F,
    0x2228, 0x0000, 0x0000, 0x0000, 0x0000, 0x0000, 0x0000, 0x3453, 0x3F3F, 0x365E, 0x367F, 0x4F3F,
    0x19A6, 0x0000, 0x0000, 0x0000, 0x0000, 0x0000, 0x0000, 0x236F, 0x3F7F, 0x365E, 0x367E, 0x475F,
    0x2249, 0x0000, 0x0000, 0x0000, 0x0000, 0x0000, 0x0000, 0x0000, 0x0000, 0x0000, 0x0000, 0x0000,
    0x0000, 0x0000, 0x0000, 0x0000, 0x0000, 0x0000, 0x0000, 0x0000, 0x0000, 0x0000, 0x0000, 0x0000,
    0x0000, 0x0000, 0x0000, 0x0000, 0x0000, 0x0000, 0x0000, 0x0000, 0x0000, 0x0000, 0x0000, 0x0000,
    0x0000, 0x0000, 0x0000, 0x0000, 0x0000, 0x0000, 0x0000, 0x0000, 0x0000, 0x0000, 0x0000, 0x0000,
    0x0000, 0x0000, 0x0000, 0x0000, 0x0000, 0x0000, 0x0000, 0x0000, 0x0000, 0x0000, 0x0000, 0x36DF,
    0x367F, 0x3E9F, 0x46DF, 0x4E5C, 0x0000, 0x0000, 0x0000, 0x0000, 0x0000, 0x0000, 0x0000, 0x2DDA,
    0x369F, 0x3E7F, 0x3E9F, 0x4EFF, 0x19A6, 0x0000, 0x0000, 0x0000, 0x0000, 0x0000, 0x0000, 0x369D,
    0x3E9F, 0x3E7F, 0x3E9F, 0x4E9E, 0x0000, 0x0000, 0x0000, 0x0000, 0x0000, 0x0000, 0x0000, 0x361B,
    0x36BF, 0x3E7F, 0x3E9F, 0x46DF, 0x0000, 0x0000, 0x0000, 0x0000, 0x0000, 0x0000, 0x0000, 0x0000,
    0x0000, 0x0000, 0x0000, 0x0000, 0x0000, 0x0000, 0x0000, 0x0000, 0x0000, 0x0000, 0x0000, 0x0000,
    0x0000, 0x0000, 0x0000, 0x0000, 0x0000, 0x0000, 0x0000, 0x0000, 0x0000, 0x0000, 0x0000, 0x0000,
    0x0000, 0x0000, 0x0000, 0x0000, 0x0000, 0x0000, 0x0000, 0x0000, 0x0000, 0x0000, 0x0000, 0x0000,
    0x0000, 0x0000, 0x0000, 0x0000, 0x0000, 0x0000, 0x0000, 0x0000, 0x0000, 0x0000, 0x0000, 0x0000,
    0x0000, 0x0000, 0x23F1, 0x371F, 0x3E5F, 0x3E7F, 0x471F, 0x3C32, 0x0000, 0x0000, 0x0000, 0x0000,
    0x0000, 0x0000, 0x1A4A, 0x36FF, 0x3E5F, 0x3E7F, 0x3EDF, 0x4599, 0x0000, 0x0000, 0x0000, 0x0000,
    0x0000, 0x0000, 0x234E, 0x371F, 0x3E5E, 0x3E7E, 0x46DF, 0x44D5, 0x0000, 0x0000, 0x0000, 0x0000,
    0x0000, 0x0000, 0x228B, 0x373F, 0x365F, 0x3E7F, 0x46DF, 0x4558, 0x0000, 0x0000, 0x0000, 0x0000,
    0x0000, 0x0000, 0x0000, 0x0000, 0x0000, 0x0000, 0x0000, 0x0000, 0x0000, 0x0000, 0x0000, 0x0000,
    0x0000, 0x0000, 0x0000, 0x0000, 0x0000, 0x0000, 0x0000, 0x0000, 0x0000, 0x0000, 0x0000, 0x0000,
    0x0000, 0x0000, 0x0000, 0x0000, 0x0000, 0x0000, 0x0000, 0x0000, 0x0000, 0x0000, 0x0000, 0x0000,
    0x0000, 0x0000, 0x0000, 0x0000, 0x0000, 0x0000, 0x0000, 0x0000, 0x0000, 0x0000, 0x0000, 0x0000,
    0x0000, 0x0000, 0x0000, 0x0000, 0x0000, 0x0000, 0x365C, 0x369F, 0x3E7F, 0x3E7F, 0x4EBF, 0x0000,
    0x0000, 0x0000, 0x0000, 0x0000, 0x0000, 0x0000, 0x2D16, 0x3EDF, 0x3E5E, 0x3E5E, 0x4F1F, 0x2B0C,
    0x0000, 0x0000, 0x0000, 0x0000, 0x0000, 0x0000, 0x2DDA, 0x369F, 0x3E5E, 0x3E5F, 0x4EFF, 0x2229,
    0x0000, 0x0000, 0x0000, 0x0000, 0x0000, 0x0000, 0x3577, 0x36DF, 0x3E5F, 0x3E5E, 0x46FF, 0x2ACB,
    0x0000, 0x0000, 0x0000, 0x0000, 0x0000, 0x0000, 0x0000, 0x0000, 0x0000, 0x0000, 0x0000, 0x0000,
    0x0000, 0x0000, 0x0000, 0x0000, 0x0000, 0x0000, 0x0000, 0x0000, 0x0000, 0x0000, 0x0000, 0x0000,
    0x0000, 0x0000, 0x0000, 0x0000, 0x0000, 0x0000, 0x0000, 0x0000, 0x0000, 0x0000, 0x0000, 0x0000,
    0x0000, 0x0000, 0x0000, 0x0000, 0x0000, 0x0000, 0x0000, 0x0000, 0x0000, 0x0000, 0x0000, 0x0000,
    0x0000, 0x0000, 0x0000, 0x0000, 0x0000, 0x0000, 0x0000, 0x0000, 0x0000, 0x1B0D, 0x371F, 0x365F,
    0x3E5E, 0x46DF, 0x3CF6, 0x0000, 0x0000, 0x0000, 0x0000, 0x0000, 0x0000, 0x0000, 0x3EDF, 0x3E7F,
    0x3E7E, 0x3E7F, 0x4E3C, 0x0000, 0x0000, 0x0000, 0x0000, 0x0000, 0x0000, 0x1A29, 0x36FF, 0x3E5E,
    0x3E5E, 0x3EBF, 0x45BA, 0x0000, 0x0000, 0x0000, 0x0000, 0x0000, 0x0000, 0x11A7, 0x36FF, 0x365F,
    0x3E5E, 0x3E7F, 0x461C, 0x0000, 0x0000, 0x0000, 0x0000, 0x0000, 0x0000, 0x0000, 0x0000, 0x0000,
    0x0000, 0x0000, 0x0000, 0x0000, 0x0000, 0x0000, 0x0000, 0x0000, 0x0000, 0x0000, 0x0000, 0x0000,
    0x0000, 0x0000, 0x0000, 0x0000, 0x0000, 0x0000, 0x0000, 0x0000, 0x0000, 0x0000, 0x0000, 0x0000,
    0x0000, 0x0000, 0x0000, 0x0000, 0x0000, 0x0000, 0x0000, 0x0000, 0x0000, 0x0000, 0x0000, 0x0000,
    0x0000, 0x0000, 0x0000, 0x0000, 0x0000, 0x0000, 0x0000, 0x0000, 0x0000, 0x0000, 0x0000, 0x0000,
    0x0000, 0x35BA, 0x36DF, 0x3E7F, 0x3E5F, 0x46FF, 0x2229, 0x0000, 0x0000, 0x0000, 0x0000, 0x0000,
    0x0000, 0x23F1, 0x3F1F, 0x3E7E, 0x3E5E, 0x46FF, 0x3411, 0x0000, 0x0000, 0x0000, 0x0000, 0x0000,
    0x0000, 0x2CD6, 0x36DF, 0x3E5E, 0x3E5E, 0x46FF, 0x2B4E, 0x0000, 0x0000, 0x0000, 0x0000, 0x0000,
    0x0000, 0x2C94, 0x3EFF, 0x3E5E, 0x3E3E, 0x46FF, 0x33D0, 0x0000, 0x0000, 0x0000, 0x0000, 0x0000,
    0x0000, 0x0000, 0x0000, 0x0000, 0x0000, 0x0000, 0x0000, 0x0000, 0x0000, 0x0000, 0x0000, 0x0000,
    0x0000, 0x0000, 0x0000, 0x0000, 0x0000, 0x0000, 0x0000, 0x0000, 0x0000, 0x0000, 0x0000, 0x0000,
    0x0000, 0x0000, 0x0000, 0x0000, 0x0000, 0x0000, 0x0000, 0x0000, 0x0000, 0x0000, 0x0000, 0x0000,
    0x0000, 0x0000, 0x0000, 0x0000, 0x0000, 0x0000, 0x0000, 0x0000, 0x0000, 0x0000, 0x0000, 0x0000,
    0x0000, 0x0000, 0x0000, 0x0000, 0x1208, 0x371F, 0x3E5F, 0x3E7F, 0x3EBF, 0x45BA, 0x0000, 0x0000,
    0x0000, 0x0000, 0x0000, 0x0000, 0x0000, 0x365C, 0x3EBF, 0x3E7F, 0x3E7F, 0x469F, 0x0000, 0x0000,
    0x0000, 0x0000, 0x0000, 0x0000, 0x0000, 0x36BF, 0x367F, 0x3E7E, 0x3E7F, 0x4E5D, 0x0000, 0x0000,
    0x0000, 0x0000, 0x0000, 0x0000, 0x0000, 0x369E, 0x367F, 0x3E5E, 0x3E5F, 0x4E9E, 0x0000, 0x0000,
    0x0000, 0x0000, 0x0000, 0x0000, 0x0000, 0x0000, 0x0000, 0x0000, 0x0000, 0x0000, 0x0000, 0x0000,
    0x0000, 0x0000, 0x0000, 0x0000, 0x0000, 0x0000, 0x0000, 0x0000, 0x0000, 0x0000, 0x0000, 0x0000,
    0x0000, 0x0000, 0x0000, 0x0000, 0x0000, 0x0000, 0x0000, 0x0000, 0x0000, 0x0000, 0x0000, 0x0000,
    0x0000, 0x0000, 0x0000, 0x0000, 0x0000, 0x0000, 0x0000, 0x0000, 0x0000, 0x0000, 0x0000, 0x0000,
    0x0000, 0x0000, 0x0000, 0x0000, 0x0000, 0x0000, 0x0000, 0x0000, 0x2CD5, 0x36FF, 0x3E5E, 0x3E5E,
    0x471F, 0x2B6E, 0x0000, 0x0000, 0x0000, 0x0000, 0x0000, 0x0000, 0x22EC, 0x3F3F, 0x3E5F, 0x3E5E,
    0x46DF, 0x3D16, 0x0000, 0x0000, 0x0000, 0x0000, 0x0000, 0x0000, 0x2BF2, 0x3F1F, 0x3E5E, 0x3E5E,
    0x46FF, 0x3C73, 0x0000, 0x0000, 0x0000, 0x0000, 0x0000, 0x0000, 0x238F, 0x371F, 0x3E5E, 0x3E5E,
    0x46DF, 0x3CB5, 0x0000, 0x0000, 0x0000, 0x0000, 0x0000, 0x0000, 0x0000, 0x0000, 0x0000, 0x0000,
    0x0000, 0x0000, 0x0000, 0x0000, 0x0000, 0x0000, 0x0000, 0x0000, 0x0000, 0x0000, 0x0000, 0x0000,
    0x0000, 0x0000, 0x0000, 0x0000, 0x0000, 0x0000, 0x0000, 0x0000, 0x0000, 0x0000, 0x0000, 0x0000,
    0x0000, 0x0000, 0x0000, 0x0000, 0x0000, 0x0000, 0x0000, 0x0000, 0x0000, 0x0000, 0x0000, 0x0000,
    0x0000, 0x0000, 0x0000, 0x0000, 0x0000, 0x0000, 0x0000, 0x0000, 0x0000, 0x0000, 0x0000, 0x0000,
    0x36BE, 0x367F, 0x3E5F, 0x3E7F, 0x4E7D, 0x0000, 0x0000, 0x0000, 0x0000, 0x0000, 0x0000, 0x0000,
    0x3599, 0x3EDF, 0x3E5E, 0x3E5E, 0x4EFF, 0x2A8A, 0x0000, 0x0000, 0x0000, 0x0000, 0x0000, 0x0000,
    0x3E3C, 0x3E9F, 0x3E7F, 0x3E5F, 0x4EDF, 0x19C7, 0x0000, 0x0000, 0x0000, 0x0000, 0x0000, 0x0000,
    0x361B, 0x3E9F, 0x3E7E, 0x3E5E, 0x4EDF, 0x1A08, 0x0000, 0x0000, 0x0000, 0x0000, 0x0000, 0x0000,
    0x0000, 0x0000, 0x0000, 0x0000, 0x0000, 0x0000, 0x0000, 0x0000, 0x0000, 0x0000, 0x0000, 0x0000,
    0x0000, 0x0000, 0x0000, 0x0000, 0x0000, 0x0000, 0x0000, 0x0000, 0x0000, 0x0000, 0x0000, 0x0000,
    0x0000, 0x0000, 0x0000, 0x0000, 0x0000, 0x0000, 0x0000, 0x0000, 0x0000, 0x0000, 0x0000, 0x0000,
    0x0000, 0x0000, 0x0000, 0x0000, 0x0000, 0x0000, 0x0000, 0x0000, 0x0000, 0x0000, 0x0000, 0x0000,
    0x0000, 0x0000, 0x0000, 0x23D0, 0x371F, 0x3E5F, 0x3E5E, 0x46DF, 0x3C93, 0x0000, 0x0000, 0x0000,
    0x0000, 0x0000, 0x0000, 0x19C7, 0x3EFF, 0x3E7F, 0x3E7E, 0x469F, 0x4DFB, 0x0000, 0x0000, 0x0000,
    0x0000, 0x0000, 0x0000, 0x1AEC, 0x3F1F, 0x3E5E, 0x3E5E, 0x46BF, 0x4557, 0x0000, 0x0000, 0x0000,
    0x0000, 0x0000, 0x0000, 0x1A8B, 0x371F, 0x365F, 0x3E5E, 0x46BF, 0x4579, 0x0000, 0x0000, 0x0000,
    0x0000, 0x0000, 0x0000, 0x0000, 0x0000, 0x0000, 0x0000, 0x0000, 0x0000, 0x0000, 0x0000, 0x0000,
    0x0000, 0x0000, 0x0000, 0x0000, 0x0000, 0x0000, 0x0000, 0x0000, 0x0000, 0x0000, 0x0000, 0x0000,
    0x0000, 0x0000, 0x0000, 0x0000, 0x0000, 0x0000, 0x0000, 0x0000, 0x0000, 0x0000, 0x0000, 0x0000,
    0x0000, 0x0000, 0x0000, 0x0000, 0x0000, 0x0000, 0x0000, 0x0000, 0x0000, 0x0000, 0x0000, 0x0000,
    0x0000, 0x0000, 0x0000, 0x0000, 0x0000, 0x0000, 0x0000, 0x2E3C, 0x369F, 0x3E5E, 0x3E5F, 0x4EDF,
    0x19A7, 0x0000, 0x0000, 0x0000, 0x0000, 0x0000, 0x0000, 0x2C94, 0x3EFF, 0x3E5E, 0x3E5E, 0x4EFF,
    0x338F, 0x0000, 0x0000, 0x0000, 0x0000, 0x0000, 0x0000, 0x2D99, 0x3EBF, 0x3E5E, 0x3E5E, 0x46FF,
    0x2ACB, 0x0000, 0x0000, 0x0000, 0x0000, 0x0000, 0x0000, 0x2D37, 0x36BF, 0x3E5E, 0x3E5E, 0x4EFF,
    0x2AEC, 0x0000, 0x0000, 0x0000, 0x0000, 0x0000, 0x0000, 0x0000, 0x0000, 0x0000, 0x0000, 0x0000,
    0x0000, 0x0000, 0x0000, 0x0000, 0x0000, 0x0000, 0x0000, 0x0000, 0x0000, 0x0000, 0x0000, 0x0000,
    0x0000, 0x0000, 0x0000, 0x0000, 0x0000, 0x0000, 0x0000, 0x0000, 0x0000, 0x0000, 0x0000, 0x0000,
    0x0000, 0x0000, 0x0000, 0x0000, 0x0000, 0x0000, 0x0000, 0x0000, 0x0000, 0x0000, 0x0000, 0x0000,
    0x0000, 0x0000, 0x0000, 0x0000, 0x0000, 0x0000, 0x0000, 0x0000, 0x0000, 0x0000, 0x1ACC, 0x371F,
    0x365F, 0x3E5E, 0x3EBF, 0x4578, 0x0000, 0x0000, 0x0000, 0x0000, 0x0000, 0x0000, 0x0000, 0x369E,
    0x367F, 0x3E7F, 0x3E7F, 0x569E, 0x0000, 0x0000, 0x0000, 0x0000, 0x0000, 0x0000, 0x11C8, 0x36FF,
    0x3E5E, 0x3E5E, 0x3E9F, 0x4E1C, 0x0000, 0x0000, 0x0000, 0x0000, 0x0000, 0x0000, 0x0000, 0x36DF,
    0x365F, 0x3E7F, 0x3E9F, 0x4E3C, 0x0000, 0x0000, 0x0000, 0x0000, 0x0000, 0x0000, 0x0000, 0x0000,
    0x0000, 0x0000, 0x0000, 0x0000, 0x0000, 0x0000, 0x0000, 0x0000, 0x0000, 0x0000, 0x0000, 0x0000,
    0x0000, 0x0000, 0x0000, 0x0000, 0x0000, 0x0000, 0x0000, 0x0000, 0x0000, 0x0000, 0x0000, 0x0000,
    0x0000, 0x0000, 0x0000, 0x0000, 0x0000, 0x0000, 0x0000, 0x0000, 0x0000, 0x0000, 0x0000, 0x0000,
    0x0000, 0x0000, 0x0000, 0x0000, 0x0000, 0x0000, 0x0000, 0x0000, 0x0000, 0x0000, 0x0000, 0x0000,
    0x0000, 0x0000, 0x2D99, 0x36BF, 0x365E, 0x3E5E, 0x46DF, 0x22AB, 0x0000, 0x0000, 0x0000, 0x0000,
    0x0000, 0x0000, 0x236F, 0x371F, 0x365E, 0x3E5E, 0x46DF, 0x3CD5, 0x0000, 0x0000, 0x0000, 0x0000,
    0x0000, 0x0000, 0x2CB5, 0x36FF, 0x3E5E, 0x3E5E, 0x46FF, 0x33D0, 0x0000, 0x0000, 0x0000, 0x0000,
    0x0000, 0x0000, 0x2453, 0x36FF, 0x3E5E, 0x3E5E, 0x46FF, 0x33F1, 0x0000, 0x0000, 0x0000, 0x0000,
    0x0000, 0x0000, 0x0000, 0x0000, 0x0000, 0x0000, 0x0000, 0x0000, 0x0000, 0x0000, 0x0000, 0x0000,
    0x0000, 0x0000, 0x0000, 0x0000, 0x0000, 0x0000, 0x0000, 0x0000, 0x0000, 0x0000, 0x0000, 0x0000,
    0x0000, 0x0000, 0x0000, 0x0000, 0x0000, 0x0000, 0x0000, 0x0000, 0x0000, 0x0000, 0x0000, 0x0000,
    0x0000, 0x0000, 0x0000, 0x0000, 0x0000, 0x0000, 0x0000, 0x0000, 0x0000, 0x0000, 0x0000, 0x0000,
    0x0000, 0x0000, 0x0000, 0x0000, 0x0000, 0x1208, 0x36FF, 0x365E, 0x3E5E, 0x3E7F, 0x461B, 0x0000,
    0x0000, 0x0000, 0x0000, 0x0000, 0x0000, 0x0000, 0x35FB, 0x369F, 0x3E5F, 0x3E5E, 0x4EFF, 0x2229,
    0x0000, 0x0000, 0x0000, 0x0000, 0x0000, 0x0000, 0x369E, 0x367F, 0x3E5F, 0x3E5F, 0x4E9E, 0x0000,
    0x0000, 0x0000, 0x0000, 0x0000, 0x0000, 0x0000, 0x367D, 0x369F, 0x3E7F, 0x3E7F, 0x4EBF, 0x0000,
    0x0000, 0x0000, 0x0000, 0x0000, 0x0000, 0x0000, 0x0000, 0x0000, 0x0000, 0x0000, 0x0000, 0x0000,
    0x0000, 0x0000, 0x0000, 0x0000, 0x0000, 0x0000, 0x0000, 0x0000, 0x0000, 0x0000, 0x0000, 0x0000,
    0x0000, 0x0000, 0x0000, 0x0000, 0x0000, 0x0000, 0x0000, 0x0000, 0x0000, 0x0000, 0x0000, 0x0000,
    0x0000, 0x0000, 0x0000, 0x0000, 0x0000, 0x0000, 0x0000, 0x0000, 0x0000, 0x0000, 0x0000, 0x0000,
    0x0000, 0x0000, 0x0000, 0x0000, 0x0000, 0x0000, 0x0000, 0x0000, 0x0000, 0x2CD5, 0x2EDF, 0x363E,
    0x363E, 0x3EFF, 0x33D0, 0x0000, 0x0000, 0x0000, 0x0000, 0x0000, 0x0000, 0x1A6A, 0x36FF, 0x3E5F,
    0x3E7E, 0x3EBF, 0x45DA, 0x0000, 0x0000, 0x0000, 0x0000, 0x0000, 0x0000, 0x23B0, 0x371F, 0x365E,
    0x3E5E, 0x46DF, 0x3CD5, 0x0000, 0x0000, 0x0000, 0x0000, 0x0000, 0x0000, 0x234E, 0x371F, 0x365E,
    0x3E5E, 0x46DF, 0x44F6, 0x0000, 0x0000, 0x0000, 0x0000, 0x0000, 0x0000, 0x0000, 0x0000, 0x0000,
    0x0000, 0x0000, 0x0000, 0x0000, 0x0000, 0x0000, 0x0000, 0x0000, 0x0000, 0x0000, 0x0000, 0x0000,
    0x0000, 0x0000, 0x0000, 0x0000, 0x0000, 0x0000, 0x0000, 0x0000, 0x0000, 0x0000, 0x0000, 0x0000,
    0x0000, 0x0000, 0x0000, 0x0000, 0x0000, 0x0000, 0x0000, 0x0000, 0x0000, 0x0000, 0x0000, 0x0000,
    0x0000, 0x0000, 0x0000, 0x0000, 0x0000, 0x0000, 0x0000, 0x0000, 0x0000, 0x0000, 0x0000, 0x0000,
    0x0000, 0x2E9E, 0x365F, 0x365F, 0x365F, 0x467E, 0x0000, 0x0000, 0x0000, 0x0000, 0x0000, 0x0000,
    0x0000, 0x2CF6, 0x36DF, 0x3E5E, 0x3E5E, 0x46FF, 0x2B2D, 0x0000, 0x0000, 0x0000, 0x0000, 0x0000,
    0x0000, 0x35FB, 0x369F, 0x365F, 0x3E5F, 0x4EFF, 0x2229, 0x0000, 0x0000, 0x0000, 0x0000, 0x0000,
    0x0000, 0x35DA, 0x36BF, 0x365E, 0x365E, 0x46FF, 0x2229, 0x0000, 0x0000, 0x0000, 0x0000, 0x0000,
    0x0000, 0x0000, 0x0000, 0x0000, 0x0000, 0x0000, 0x0000, 0x0000, 0x0000, 0x0000, 0x0000, 0x0000,
    0x0000, 0x0000, 0x0000, 0x0000, 0x0000, 0x0000, 0x0000, 0x0000, 0x0000, 0x0000, 0x0000, 0x0000,
    0x0000, 0x0000, 0x0000, 0x0000, 0x0000, 0x0000, 0x0000, 0x0000, 0x0000, 0x0000, 0x0000, 0x0000,
    0x0000, 0x0000, 0x0000, 0x0000, 0x0000, 0x0000, 0x0000, 0x0000, 0x0000, 0x0000, 0x0000, 0x0000,
    0x0000, 0x0000, 0x0000, 0x0000, 0x1ACC, 0x2EFF, 0x363E, 0x363E, 0x36DF, 0x3494, 0x0000, 0x0000,
    0x0000, 0x0000, 0x0000, 0x0000, 0x0000, 0x2E5D, 0x367F, 0x365E, 0x367F, 0x465D, 0x0000, 0x0000,
    0x0000, 0x0000, 0x0000, 0x0000, 0x0000, 0x36DF, 0x2E5F, 0x365E, 0x3EBF, 0x45DA, 0x0000, 0x0000,
    0x0000, 0x0000, 0x0000, 0x0000, 0x0000, 0x36BF, 0x2E5F, 0x365E, 0x369F, 0x3DBA, 0x0000, 0x0000,
    0x0000, 0x0000, 0x0000, 0x0000, 0x0000, 0x0000, 0x0000, 0x0000, 0x0000, 0x0000, 0x0000, 0x0000,
    0x0000, 0x0000, 0x0000, 0x0000, 0x0000, 0x0000, 0x0000, 0x0000, 0x0000, 0x0000, 0x0000, 0x0000,
    0x0000, 0x0000, 0x0000, 0x0000, 0x0000, 0x0000, 0x0000, 0x0000, 0x0000, 0x0000, 0x0000, 0x0000,
    0x0000, 0x0000, 0x0000, 0x0000, 0x0000, 0x0000, 0x0000, 0x0000, 0x0000, 0x0000, 0x0000, 0x0000,
    0x0000, 0x0000, 0x0000, 0x0000, 0x0000, 0x0000, 0x0000, 0x0000, 0x11A7, 0x3F1F, 0x2E9F, 0x2EBF,
    0x46FF, 0x0000, 0x0000, 0x0000, 0x0000, 0x0000, 0x0000, 0x0000, 0x0000, 0x35BA, 0x371F, 0x2E7F,
    0x3F5F, 0x2BB0, 0x0000, 0x0000, 0x0000, 0x0000, 0x0000, 0x0000, 0x0000, 0x369E, 0x2EDF, 0x369F,
    0x477F, 0x2AEC, 0x0000, 0x0000, 0x0000, 0x0000, 0x0000, 0x0000, 0x0000, 0x365D, 0x2EDF, 0x2E7F,
    0x3F5F, 0x22CC, 0x0000, 0x0000, 0x0000, 0x0000, 0x0000, 0x0000, 0x0000, 0x0000, 0x0000, 0x0000,
    0x0000, 0x0000, 0x0000, 0x0000, 0x0000, 0x0000, 0x0000, 0x0000, 0x0000, 0x0000, 0x0000, 0x0000,
    0x0000, 0x0000, 0x0000, 0x0000, 0x0000, 0x0000, 0x0000, 0x0000, 0x0000, 0x0000, 0x0000, 0x0000,
    0x0000, 0x0000, 0x0000, 0x0000, 0x0000, 0x0000, 0x0000, 0x0000, 0x0000, 0x0000, 0x0000, 0x0000,
    0x0000, 0x0000, 0x0000, 0x0000, 0x0000, 0x0000, 0x0000, 0x0000, 0x0000, 0x0000, 0x0000, 0x0000,
    0x0000, 0x2B2E, 0x3E1B, 0x3DFA, 0x228B, 0x0000, 0x0000, 0x0000, 0x0000, 0x0000, 0x0000, 0x0000,
    0x0000, 0x0000, 0x3578, 0x363C, 0x2C53, 0x0000, 0x0000, 0x0000, 0x0000, 0x0000, 0x0000, 0x0000,
    0x0000, 0x1A29, 0x35DA, 0x361B, 0x2BB0, 0x0000, 0x0000, 0x0000, 0x0000, 0x0000, 0x0000, 0x0000,
    0x0000, 0x1A08, 0x3DD9, 0x3E3C, 0x2BB0, 0x0000, 0x0000, 0x0000, 0x0000, 0x0000, 0x0000, 0x0000,
    0x0000, 0x0000, 0x0000, 0x0000, 0x0000, 0x0000, 0x0000, 0x0000, 0x0000, 0x0000, 0x0000, 0x0000,
    0x0000, 0x0000, 0x0000, 0x0000, 0x0000, 0x0000, 0x0000, 0x0000, 0x0000, 0x0000, 0x0000, 0x0000,
    0x0000, 0x0000, 0x0000, 0x0000, 0x0000, 0x0000, 0x0000, 0x0000, 0x0000, 0x0000, 0x0000, 0x0000,
    0x0000, 0x0000, 0x0000, 0x0000, 0x0000, 0x0000, 0x0000, 0x0000, 0x0000, 0x0000, 0x0000, 0x0000,
    0x0000, 0x0000, 0x0000, 0x0000, 0x0000, 0x0000, 0x0000, 0x0000, 0x0000, 0x0000, 0x0000, 0x0000,
    0x0000, 0x0000, 0x0000, 0x0000, 0x0000, 0x0000, 0x0000, 0x0000, 0x0000, 0x0000, 0x0000, 0x0000,
    0x0000, 0x0000, 0x0000, 0x0000, 0x0000, 0x0000, 0x0000, 0x0000, 0x0000, 0x0000, 0x0000, 0x0000,
    0x0000, 0x0000, 0x0000, 0x0000, 0x0000, 0x0000, 0x0000, 0x0000, 0x0000, 0x0000, 0x0000, 0x0000,
    0x0000, 0x0000, 0x0000, 0x0000, 0x0000, 0x0000, 0x0000, 0x0000, 0x0000, 0x0000, 0x0000, 0x0000,
    0x0000, 0x0000, 0x0000, 0x0000, 0x0000, 0x0000, 0x0000, 0x0000, 0x0000, 0x0000, 0x0000, 0x0000,
    0x0000, 0x0000, 0x0000, 0x0000, 0x0000, 0x0000, 0x0000, 0x0000, 0x0000, 0x0000, 0x0000, 0x0000,
    0x0000, 0x0000, 0x0000, 0x0000, 0x0000, 0x0000, 0x0000, 0x0000, 0x0000, 0x0000, 0x0000, 0x0000,
    0x0000, 0x0000, 0x0000, 0x0000, 0x0000, 0x0000, 0x0000, 0x0000, 0x0000, 0x0000, 0x0000, 0x0000,
    0x0000, 0x0000, 0x0000, 0x0000, 0x0000, 0x0000, 0x0000, 0x0000, 0x0000, 0x0000, 0x0000, 0x0000,
    0x0000, 0x0000, 0x0000, 0x0000, 0x0000, 0x0000, 0x0000, 0x0000, 0x0000, 0x0000, 0x0000, 0x0000,
    0x0000, 0x0000, 0x0000, 0x0000, 0x0000, 0x0000, 0x0000, 0x0000, 0x0000, 0x0000, 0x0000, 0x0000,
    0x0000, 0x0000, 0x0000, 0x0000, 0x0000, 0x0000, 0x0000, 0x0000, 0x0000, 0x0000, 0x0000, 0x0000,
    0x0000, 0x0000, 0x0000, 0x0000, 0x0000, 0x0000, 0x0000, 0x0000, 0x0000, 0x0000, 0x0000, 0x0000,
    0x0000, 0x0000, 0x0000, 0x0000, 0x0000, 0x0000, 0x0000, 0x0000, 0x0000, 0x0000, 0x0000, 0x0000,
    0x0000, 0x0000, 0x0000, 0x0000, 0x0000, 0x0000, 0x0000, 0x0000, 0x0000, 0x0000, 0x0000, 0x0000,
    0x0000, 0x0000, 0x0000, 0x0000, 0x0000, 0x0000, 0x0000, 0x0000, 0x0000, 0x0000, 0x0000, 0x0000,
    0x0000, 0x0000, 0x0000, 0x0000, 0x0000, 0x0000, 0x0000, 0x0000, 0x0000, 0x0000, 0x0000, 0x0000,
    0x0000, 0x0000, 0x0000, 0x0000, 0x0000, 0x0000, 0x0000, 0x0000, 0x0000, 0x0000, 0x0000, 0x0000,
    0x0000, 0x0000, 0x0000, 0x0000, 0x0000, 0x0000, 0x0000, 0x0000, 0x0000, 0x0000, 0x0000, 0x0000,
    0x0000, 0x0000, 0x0000, 0x0000, 0x0000, 0x0000, 0x0000, 0x0000, 0x0000, 0x0000, 0x0000, 0x0000,
    0x0000, 0x0000, 0x0000, 0x0000, 0x0000, 0x0000, 0x0000, 0x0000, 0x0000, 0x0000, 0x0000, 0x0000,
    0x0000, 0x0000, 0x0000, 0x0000, 0x0000, 0x0000, 0x0000, 0x0000, 0x0000, 0x0000, 0x0000, 0x0000,
    0x0000, 0x0000, 0x0000, 0x0000, 0x0000, 0x0000, 0x0000, 0x0000, 0x0000, 0x0000, 0x0000, 0x0000,
    0x0000, 0x0000, 0x0000, 0x0000, 0x0000, 0x0000, 0x0000, 0x0000, 0x0000, 0x0000, 0x0000, 0x0000,
    0x0000, 0x0000, 0x0000, 0x0000, 0x0000, 0x0000, 0x0000, 0x0000, 0x0000, 0x0000, 0x0000, 0x0000,
    0x0000, 0x0000, 0x0000, 0x0000, 0x0000, 0x0000, 0x0000, 0x0000, 0x0000, 0x0000, 0x0000, 0x0000,
    0x0000, 0x0000, 0x0000, 0x0000, 0x0000, 0x0000, 0x0000, 0x0000, 0x0000, 0x0000, 0x0000, 0x0000,
    0x0000, 0x0000, 0x0000, 0x0000, 0x0000, 0x0000, 0x0000, 0x0000, 0x0000, 0x0000, 0x0000, 0x0000,
    0x0000, 0x0000, 0x0000, 0x0000, 0x0000, 0x0000, 0x0000, 0x0000, 0x0000, 0x0000, 0x0000, 0x0000,
    0x0000, 0x0000, 0x0000, 0x0000, 0x0000, 0x0000, 0x0000, 0x0000, 0x0000, 0x0000, 0x0000, 0x0000,
    0x0000, 0x0000, 0x0000, 0x0000, 0x0000, 0x0000, 0x0000, 0x0000, 0x0000, 0x0000, 0x0000, 0x0000,
    0x0000, 0x0000, 0x0000, 0x0000, 0x0000, 0x0000, 0x0000, 0x0000, 0x0000, 0x0000, 0x0000, 0x0000,
    0x0000, 0x0000, 0x0000, 0x0000, 0x0000, 0x0000, 0x0000, 0x0000, 0x0000, 0x0000, 0x0000, 0x0000,
    0x0000, 0x0000, 0x0000, 0x0000, 0x0000, 0x0000, 0x0000, 0x0000, 0x0000, 0x0000, 0x0000, 0x0000,
    0x0000, 0x0000, 0x0000, 0x0000, 0x0000, 0x0000, 0x0000, 0x0000, 0x0000, 0x0000, 0x0000, 0x0000,
    0x0000, 0x0000, 0x0000, 0x0000, 0x0000, 0x0000, 0x0000, 0x0000, 0x0000, 0x0000, 0x0000, 0x0000,
    0x0000, 0x0000, 0x0000, 0x0000, 0x0000, 0x0000, 0x0000, 0x0000, 0x0000, 0x0000, 0x0000, 0x0000,
    0x0000, 0x0000, 0x0000, 0x0000, 0x0000, 0x0000, 0x0000, 0x0000, 0x0000, 0x0000, 0x0000, 0x0000,
    0x0000, 0x0000, 0x0000, 0x0000, 0x0000, 0x0000, 0x0000, 0x0000, 0x0000, 0x0000, 0x0000, 0x0000,
    0x0000, 0x0000, 0x0000, 0x0000, 0x0000, 0x0000, 0x0000, 0x0000, 0x0000, 0x0000, 0x0000, 0x0000,
    0x0000, 0x0000, 0x0000, 0x0000, 0x0000, 0x0000, 0x0000, 0x0000, 0x0000, 0x0000, 0x0000, 0x0000,
    0x0000, 0x0000, 0x0000, 0x0000, 0x0000, 0x0000, 0x0000, 0x0000, 0x0000, 0x0000, 0x0000, 0x0000,
    0x0000, 0x0000, 0x0000, 0x0000, 0x0000, 0x0000, 0x0000, 0x0000, 0x0000, 0x0000, 0x0000, 0x0000,
    0x0000, 0x0000, 0x0000, 0x0000, 0x0000, 0x0000, 0x0000, 0x0000, 0x0000, 0x0000, 0x0000, 0x0000,
    0x0000, 0x0000, 0x0000, 0x0000, 0x0000, 0x0000, 0x0000, 0x0000, 0x0000, 0x0000, 0x0000, 0x0000,
    0x0000, 0x0000, 0x0000, 0x0000, 0x0000, 0x0000, 0x0000, 0x0000, 0x0000, 0x0000, 0x0000, 0x0000,
    0x0000, 0x0000, 0x0000, 0x0000, 0x0000, 0x0000, 0x0000, 0x0000, 0x0000, 0x0000, 0x0000, 0x0000,
    0x0000, 0x0000, 0x0000, 0x0000, 0x0000, 0x0000, 0x0000, 0x0000, 0x0000, 0x0000, 0x0000, 0x0000,
    0x0000, 0x0000, 0x0000, 0x0000, 0x0000, 0x0000, 0x0000, 0x0000, 0x0000, 0x0000, 0x0000, 0x0000,
    0x0000, 0x0000, 0x0000, 0x0000, 0x0000, 0x0000, 0x0000, 0x0000, 0x0000, 0x0000, 0x0000, 0x0000,
    0x0000, 0x0000, 0x0000, 0x0000, 0x0000, 0x0000, 0x0000, 0x0000, 0x0000, 0x0000, 0x0000, 0x0000,
    0x0000, 0x0000, 0x0000, 0x0000, 0x0000, 0x0000, 0x0000, 0x0000, 0x0000, 0x0000, 0x0000, 0x0000,
    0x0000, 0x0000, 0x0000, 0x0000, 0x0000, 0x0000, 0x0000, 0x0000, 0x0000, 0x0000, 0x0000, 0x0000,
    0x0000, 0x0000, 0x0000, 0x0000, 0x0000, 0x0000, 0x0000, 0x0000, 0x0000, 0x0000, 0x0000, 0x0000,
    0x0000, 0x0000, 0x0000, 0x0000, 0x0000, 0x0000, 0x0000, 0x0000, 0x0000, 0x0000, 0x0000, 0x0000,
    0x0000, 0x0000, 0x0000, 0x0000, 0x0000, 0x0000, 0x0000, 0x0000, 0x0000, 0x0000, 0x0000, 0x0000,
    0x0000, 0x0000, 0x0000, 0x0000, 0x0000, 0x0000, 0x0000, 0x0000, 0x0000, 0x0000, 0x0000, 0x0000,
    0x0000, 0x0000, 0x0000, 0x0000, 0x0000, 0x0000, 0x0000, 0x0000, 0x0000, 0x0000, 0x0000, 0x0000,
    0x0000, 0x0000, 0x0000, 0x0000, 0x0000, 0x0000, 0x0000, 0x0000, 0x0000, 0x0000, 0x0000, 0x0000,
    0x0000, 0x0000, 0x0000, 0x0000, 0x0000, 0x0000, 0x0000, 0x0000, 0x0000, 0x0000, 0x0000, 0x0000,
    0x0000, 0x0000, 0x0000, 0x0000, 0x0000, 0x0000, 0x0000, 0x0000, 0x0000, 0x0000, 0x0000, 0x0000,
    0x0000, 0x0000, 0x0000, 0x0000, 0x0000, 0x0000, 0x0000, 0x0000, 0x0000, 0x0000, 0x0000, 0x0000,
    0x0000, 0x0000, 0x0000, 0x0000, 0x0000, 0x0000, 0x0000, 0x0000, 0x0000, 0x0000, 0x0000, 0x0000,
    0x0000, 0x0000, 0x0000, 0x0000, 0x0000, 0x0000, 0x0000, 0x0000, 0x0000, 0x0000, 0x0000, 0x0000,
    0x0000, 0x0000, 0x0000, 0x0000, 0x0000, 0x0000, 0x0000, 0x0000, 0x0000, 0x0000, 0x0000, 0x0000,
    0x0000, 0x0000, 0x0000, 0x0000, 0x0000, 0x0000, 0x0000, 0x0000, 0x0000, 0x0000, 0x0000, 0x0000,
    0x0000, 0x0000, 0x0000, 0x0000, 0x0000, 0x0000, 0x0000, 0x0000, 0x0000, 0x0000, 0x0000, 0x0000,
    0x0000, 0x0000, 0x0000, 0x0000, 0x0000, 0x0000, 0x0000, 0x0000, 0x0000, 0x0000, 0x0000, 0x0000,
    0x0000, 0x0000, 0x0000, 0x0000, 0x0000, 0x0000, 0x0000, 0x0000, 0x0000, 0x0000, 0x0000, 0x0000,
    0x0000, 0x0000, 0x0000, 0x0000, 0x0000, 0x0000, 0x0000, 0x0000, 0x0000, 0x0000, 0x0000, 0x0000,
    0x0000, 0x0000, 0x0000, 0x0000, 0x0000, 0x0000, 0x0000, 0x0000, 0x0000, 0x0000, 0x0000, 0x0000,
    0x0000, 0x0000, 0x0000, 0x0000, 0x0000, 0x0000, 0x0000, 0x0000, 0x0000, 0x0000, 0x0000, 0x0000,
    0x0000, 0x0000, 0x0000, 0x0000
  },
  { // 帧 9
    0x0000, 0x0000, 0x0000, 0x0000, 0x0000, 0x0000, 0x0000, 0x0000, 0x0000, 0x0000, 0x0000, 0x0000,
    0x0000, 0x0000, 0x0000, 0x0000, 0x0000, 0x0000, 0x0000, 0x0000, 0x0000, 0x0000, 0x0000, 0x0000,
    0x0000, 0x0000, 0x0000, 0x0000, 0x0000, 0x0000, 0x0000, 0x0000, 0x0000, 0x0000, 0x0000, 0x0000,
    0x0000, 0x0000, 0x0000, 0x0000, 0x0000, 0x0000, 0x0000, 0x0000, 0x0000, 0x0000, 0x0000, 0x0000,
    0x0000, 0x0000, 0x0000, 0x0000, 0x0000, 0x0000, 0x0000, 0x0000, 0x0000, 0x0000, 0x0000, 0x0000,
    0x0000, 0x0000, 0x0000, 0x0000, 0x0000, 0x0000, 0x0000, 0x0000, 0x0000, 0x0000, 0x0000, 0x0000,
    0x0000, 0x0000, 0x0000, 0x0000, 0x0000, 0x0000, 0x0000, 0x0000, 0x0000, 0x0000, 0x0000, 0x0000,
    0x0000, 0x0000, 0x0000, 0x0000, 0x0000, 0x0000, 0x0000, 0x0000, 0x0000, 0x0000, 0x0000, 0x0000,
    0x0000, 0x0000, 0x0000, 0x0000, 0x0000, 0x0000, 0x0000, 0x0000, 0x0000, 0x0000, 0x0000, 0x0000,
    0x0000, 0x0000, 0x0000, 0x0000, 0x0000, 0x0000, 0x0000, 0x0000, 0x0000, 0x0000, 0x0000, 0x0000,
    0x0000, 0x0000, 0x0000, 0x0000, 0x0000, 0x0000, 0x0000, 0x0000, 0x0000, 0x0000, 0x0000, 0x0000,
    0x0000, 0x0000, 0x0000, 0x0000, 0x0000, 0x0000, 0x0000, 0x0000, 0x0000, 0x0000, 0x0000, 0x0000,
    0x0000, 0x0000, 0x0000, 0x0000, 0x0000, 0x0000, 0x0000, 0x0000, 0x0000, 0x0000, 0x0000, 0x0000,
    0x0000, 0x0000, 0x0000, 0x0000, 0x0000, 0x0000, 0x0000, 0x0000, 0x0000, 0x0000, 0x0000, 0x0000,
    0x0000, 0x0000, 0x0000, 0x0000, 0x0000, 0x0000, 0x0000, 0x0000, 0x0000, 0x0000, 0x0000, 0x0000,
    0x0000, 0x0000, 0x0000, 0x0000, 0x0000, 0x0000, 0x0000, 0x0000, 0x0000, 0x0000, 0x0000, 0x0000,
    0x0000, 0x0000, 0x0000, 0x0000, 0x0000, 0x0000, 0x0000, 0x0000, 0x0000, 0x0000, 0x0000, 0x0000,
    0x0000, 0x0000, 0x0000, 0x0000, 0x0000, 0x0000, 0x0000, 0x0000, 0x0000, 0x0000, 0x0000, 0x0000,
    0x0000, 0x0000, 0x0000, 0x0000, 0x0000, 0x0000, 0x0000, 0x0000, 0x0000, 0x0000, 0x0000, 0x0000,
    0x0000, 0x0000, 0x0000, 0x0000, 0x0000, 0x0000, 0x0000, 0x0000, 0x0000, 0x0000, 0x0000, 0x0000,
    0x0000, 0x0000, 0x0000, 0x0000, 0x0000, 0x0000, 0x0000, 0x0000, 0x0000, 0x0000, 0x0000, 0x0000,
    0x0000, 0x0000, 0x0000, 0x0000, 0x0000, 0x0000, 0x0000, 0x0000, 0x0000, 0x0000, 0x0000, 0x0000,
    0x0000, 0x0000, 0x0000, 0x0000, 0x0000, 0x0000, 0x0000, 0x0000, 0x0000, 0x0000, 0x0000, 0x0000,
    0x0000, 0x0000, 0x0000, 0x0000, 0x0000, 0x0000, 0x0000, 0x0000, 0x0000, 0x0000, 0x0000, 0x0000,
    0x0000, 0x0000, 0x0000, 0x0000, 0x0000, 0x0000, 0x0000, 0x0000, 0x0000, 0x0000, 0x0000, 0x0000,
    0x0000, 0x0000, 0x0000, 0x0000, 0x0000, 0x0000, 0x0000, 0x0000, 0x0000, 0x0000, 0x0000, 0x0000,
    0x0000, 0x0000, 0x0000, 0x0000, 0x0000, 0x0000, 0x0000, 0x0000, 0x0000, 0x0000, 0x0000, 0x0000,
    0x0000, 0x0000, 0x0000, 0x0000, 0x0000, 0x0000, 0x0000, 0x0000, 0x0000, 0x0000, 0x0000, 0x0000,
    0x0000, 0x0000, 0x0000, 0x0000, 0x0000, 0x0000, 0x0000, 0x0000, 0x0000, 0x0000, 0x0000, 0x0000,
    0x0000, 0x0000, 0x0000, 0x0000, 0x0000, 0x0000, 0x0000, 0x0000, 0x0000, 0x0000, 0x0000, 0x0000,
    0x0000, 0x0000, 0x0000, 0x0000, 0x0000, 0x0000, 0x0000, 0x0000, 0x0000, 0x0000, 0x0000, 0x0000,
    0x0000, 0x0000, 0x0000, 0x0000, 0x0000, 0x0000, 0x0000, 0x0000, 0x0000, 0x0000, 0x0000, 0x0000,
    0x0000, 0x0000, 0x0000, 0x0000, 0x0000, 0x0000, 0x0000, 0x0000, 0x0000, 0x0000, 0x0000, 0x0000,
    0x0000, 0x0000, 0x0000, 0x0000, 0x0000, 0x0000, 0x0000, 0x0000, 0x0000, 0x0000, 0x0000, 0x0000,
    0x0000, 0x0000, 0x0000, 0x0000, 0x0000, 0x0000, 0x0000, 0x0000, 0x0000, 0x0000, 0x0000, 0x0000,
    0x0000, 0x0000, 0x0000, 0x0000, 0x0000, 0x0000, 0x0000, 0x0000, 0x0000, 0x0000, 0x0000, 0x0000,
    0x0000, 0x0000, 0x0000, 0x0000, 0x0000, 0x0000, 0x0000, 0x0000, 0x0000, 0x0000, 0x0000, 0x0000,
    0x0000, 0x0000, 0x0000, 0x0000, 0x0000, 0x0000, 0x0000, 0x0000, 0x0000, 0x0000, 0x0000, 0x0000,
    0x0000, 0x0000, 0x0000, 0x0000, 0x0000, 0x0000, 0x0000, 0x0000, 0x0000, 0x0000, 0x0000, 0x0000,
    0x0000, 0x0000, 0x0000, 0x0000, 0x0000, 0x0000, 0x0000, 0x0000, 0x0000, 0x0000, 0x0000, 0x0000,
    0x0000, 0x0000, 0x0000, 0x0000, 0x0000, 0x0000, 0x0000, 0x0000, 0x0000, 0x0000, 0x0000, 0x0000,
    0x0000, 0x0000, 0x0000, 0x0000, 0x0000, 0x0000, 0x0000, 0x0000, 0x0000, 0x0000, 0x0000, 0x0000,
    0x0000, 0x0000, 0x0000, 0x0000, 0x0000, 0x0000, 0x0000, 0x0000, 0x0000, 0x0000, 0x0000, 0x0000,
    0x0000, 0x0000, 0x0000, 0x0000, 0x0000, 0x0000, 0x0000, 0x0000, 0x0000, 0x0000, 0x0000, 0x0000,
    0x0000, 0x0000, 0x0000, 0x0000, 0x0000, 0x0000, 0x0000, 0x0000, 0x0000, 0x0000, 0x0000, 0x0000,
    0x0000, 0x0000, 0x0000, 0x0000, 0x0000, 0x0000, 0x0000, 0x0000, 0x0000, 0x0000, 0x0000, 0x0000,
    0x0000, 0x0000, 0x0000, 0x0000, 0x0000, 0x0000, 0x0000, 0x0000, 0x0000, 0x0000, 0x0000, 0x0000,
    0x0000, 0x0000, 0x0000, 0x0000, 0x0000, 0x0000, 0x0000, 0x0000, 0x0000, 0x0000, 0x0000, 0x0000,
    0x0000, 0x0000, 0x0000, 0x0000, 0x0000, 0x0000, 0x0000, 0x0000, 0x0000, 0x0000, 0x0000, 0x0000,
    0x0000, 0x0000, 0x0000, 0x0000, 0x0000, 0x0000, 0x0000, 0x0000, 0x0000, 0x0000, 0x0000, 0x0000,
    0x0000, 0x0000, 0x0000, 0x0000, 0x0000, 0x0000, 0x0000, 0x0000, 0x0000, 0x0000, 0x0000, 0x0000,
    0x0000, 0x0000, 0x0000, 0x0000, 0x0000, 0x0000, 0x0000, 0x0000, 0x0000, 0x0000, 0x0000, 0x0000,
    0x0000, 0x0000, 0x0000, 0x0000, 0x0000, 0x0000, 0x0000, 0x0000, 0x0000, 0x0000, 0x0000, 0x0000,
    0x0000, 0x0000, 0x0000, 0x0000, 0x0000, 0x0000, 0x0000, 0x0000, 0x0000, 0x0000, 0x0000, 0x0000,
    0x0000, 0x0000, 0x0000, 0x0000, 0x0000, 0x0000, 0x0000, 0x0000, 0x0000, 0x0000, 0x0000, 0x0000,
    0x0000, 0x0000, 0x0000, 0x0000, 0x0000, 0x0000, 0x0000, 0x0000, 0x0000, 0x0000, 0x0000, 0x0000,
    0x0000, 0x0000, 0x0000, 0x0000, 0x0000, 0x0000, 0x0000, 0x0000, 0x0000, 0x0000, 0x0000, 0x0000,
    0x0000, 0x0000, 0x0000, 0x0000, 0x0000, 0x0000, 0x0000, 0x0000, 0x0000, 0x0000, 0x0000, 0x0000,
    0x0000, 0x0000, 0x0000, 0x0000, 0x0000, 0x0000, 0x0000, 0x0000, 0x0000, 0x0000, 0x0000, 0x0000,
    0x0000, 0x0000, 0x0000, 0x0000, 0x0000, 0x0000, 0x0000, 0x0000, 0x0000, 0x0000, 0x0000, 0x0000,
    0x0000, 0x0000, 0x0000, 0x0000, 0x0000, 0x0000, 0x0000, 0x0000, 0x0000, 0x0000, 0x0000, 0x0000,
    0x0000, 0x0000, 0x0000, 0x0000, 0x0000, 0x0000, 0x0000, 0x0000, 0x0000, 0x0000, 0x0000, 0x0000,
    0x0000, 0x0000, 0x0000, 0x0000, 0x0000, 0x0000, 0x0000, 0x0000, 0x0000, 0x0000, 0x0000, 0x0000,
    0x0000, 0x0000, 0x0000, 0x0000, 0x0000, 0x0000, 0x0000, 0x0000, 0x0000, 0x0000, 0x0000, 0x0000,
    0x0000, 0x0000, 0x0000, 0x0000, 0x0000, 0x0000, 0x0000, 0x0000, 0x0000, 0x0000, 0x0000, 0x0000,
    0x0000, 0x0000, 0x0000, 0x0000, 0x0000, 0x0000, 0x0000, 0x0000, 0x0000, 0x0000, 0x0000, 0x0000,
    0x0000, 0x0000, 0x0000, 0x0000, 0x0000, 0x0000, 0x0000, 0x0000, 0x0000, 0x0000, 0x0000, 0x0000,
    0x0000, 0x0000, 0x0000, 0x0000, 0x0000, 0x0000, 0x0000, 0x0000, 0x0000, 0x0000, 0x0000, 0x0000,
    0x0000, 0x0000, 0x0000, 0x0000, 0x0000, 0x0000, 0x0000, 0x0000, 0x0000, 0x0000, 0x0000, 0x0000,
    0x0000, 0x0000, 0x0000, 0x0000, 0x0000, 0x0000, 0x0000, 0x0000, 0x0000, 0x0000, 0x0000, 0x0000,
    0x0000, 0x0000, 0x0000, 0x0000, 0x0000, 0x0000, 0x0000, 0x0000, 0x0000, 0x0000, 0x0000, 0x0000,
    0x0000, 0x0000, 0x0000, 0x0000, 0x0000, 0x0000, 0x0000, 0x0000, 0x0000, 0x0000, 0x0000, 0x0000,
    0x0000, 0x0000, 0x0000, 0x0000, 0x0000, 0x0000, 0x0000, 0x0000, 0x0000, 0x0000, 0x0000, 0x0000,
    0x0000, 0x0000, 0x0000, 0x0000, 0x0000, 0x0000, 0x0000, 0x0000, 0x0000, 0x0000, 0x0000, 0x0000,
    0x0000, 0x0000, 0x0000, 0x0000, 0x0000, 0x0000, 0x0000, 0x0000, 0x0000, 0x0000, 0x0000, 0x0000,
    0x0000, 0x0000, 0x0000, 0x0000, 0x0000, 0x0000, 0x0000, 0x0000, 0x0000, 0x0000, 0x0000, 0x0000,
    0x0000, 0x0000, 0x0000, 0x0000, 0x0000, 0x0000, 0x0000, 0x0000, 0x0000, 0x0000, 0x0000, 0x0000,
    0x0000, 0x0000, 0x0000, 0x0000, 0x0000, 0x0000, 0x0000, 0x0000, 0x0000, 0x0000, 0x0000, 0x0000,
    0x0000, 0x0000, 0x0000, 0x0000, 0x0000, 0x0000, 0x0000, 0x0000, 0x0000, 0x0000, 0x0000, 0x0000,
    0x0000, 0x0000, 0x0000, 0x0000, 0x0000, 0x0000, 0x0000, 0x0000, 0x0000, 0x0000, 0x0000, 0x0000,
    0x0000, 0x0000, 0x0000, 0x0000, 0x0000, 0x0000, 0x0000, 0x0000, 0x0000, 0x0000, 0x0000, 0x0000,
    0x0000, 0x0000, 0x0000, 0x0000, 0x0000, 0x0000, 0x0000, 0x0000, 0x0000, 0x0000, 0x0000, 0x0000,
    0x0000, 0x0000, 0x0000, 0x0000, 0x0000, 0x0000, 0x0000, 0x0000, 0x0000, 0x0000, 0x0000, 0x0000,
    0x0000, 0x0000, 0x0000, 0x0000, 0x0000, 0x0000, 0x0000, 0x0000, 0x0000, 0x0000, 0x0000, 0x0000,
    0x0000, 0x0000, 0x0000, 0x0000, 0x0000, 0x0000, 0x0000, 0x0000, 0x0000, 0x0000, 0x0000, 0x0000,
    0x0000, 0x0000, 0x0000, 0x0000, 0x0000, 0x0000, 0x0000, 0x0000, 0x0000, 0x0000, 0x0000, 0x0000,
    0x0000, 0x0000, 0x0000, 0x0000, 0x0000, 0x0000, 0x0000, 0x0000, 0x0000, 0x0000, 0x0000, 0x0000,
    0x0000, 0x0000, 0x0000, 0x0000, 0x0000, 0x0000, 0x0000, 0x0000, 0x0000, 0x0000, 0x0000, 0x0000,
    0x0000, 0x0000, 0x0000, 0x0000, 0x0000, 0x0000, 0x0000, 0x0000, 0x0000, 0x0000, 0x0000, 0x0000,
    0x0000, 0x0000, 0x0000, 0x0000, 0x0000, 0x0000, 0x0000, 0x0000, 0x0000, 0x0000, 0x0000, 0x0000,
    0x0000, 0x0000, 0x0000, 0x0000, 0x0000, 0x0000, 0x0000, 0x0000, 0x0000, 0x0000, 0x0000, 0x0000,
    0x0000, 0x0000, 0x0000, 0x0000, 0x0000, 0x0000, 0x0000, 0x0000, 0x0000, 0x0000, 0x0000, 0x0000,
    0x0000, 0x0000, 0x0000, 0x0000, 0x0000, 0x0000, 0x0000, 0x0000, 0x0000, 0x0000, 0x0000, 0x0000,
    0x0000, 0x0000, 0x0000, 0x0000, 0x0000, 0x0000, 0x0000, 0x0000, 0x0000, 0x0000, 0x0000, 0x0000,
    0x0000, 0x0000, 0x0000, 0x0000, 0x0000, 0x0000, 0x4A22, 0x0000, 0x0000, 0x0000, 0x0000, 0x0000,
    0x0000, 0x0000, 0x0000, 0x0000, 0x0000, 0x0000, 0x0000, 0x0000, 0x0000, 0x0000, 0x0000, 0x0000,
    0x0000, 0x0000, 0x0000, 0x0000, 0x0000, 0x0000, 0x0000, 0x0000, 0x0000, 0x0000, 0x0000, 0x0000,
    0x0000, 0x0000, 0x0000, 0x0000, 0x0000, 0x0000, 0x0000, 0x0000, 0x0000, 0x0000, 0x0000, 0x0000,
    0x0000, 0x0000, 0x0000, 0x0000, 0x0000, 0x0000, 0x0000, 0x0000, 0x0000, 0x0000, 0x0000, 0x0000,
    0x0000, 0x0000, 0x0000, 0x0000, 0x0000, 0x0000, 0x0000, 0x0000, 0x0000, 0x0000, 0x0000, 0x0000,
    0x0000, 0x0000, 0x0000, 0x0000, 0x0000, 0x0000, 0x0000, 0x0000, 0x0000, 0x0000, 0x0000, 0x0000,
    0x0000, 0x0000, 0x0000, 0x0000, 0x0000, 0x0000, 0x0000, 0x0000, 0x0000, 0x0000, 0x0000, 0x0000,
    0x0000, 0x0000, 0x0000, 0x0000, 0x0000, 0x0000, 0x0000, 0x0000, 0x0000, 0xFE42, 0xFEC1, 0xB4A3,
    0x0000, 0x0000, 0x0000, 0x0000, 0x0000, 0x0000, 0x0000, 0x0000, 0x0000, 0x0000, 0x0000, 0x0000,
    0x0000, 0x0000, 0x0000, 0x0000, 0x0000, 0x0000, 0x0000, 0x0000, 0x0000, 0x0000, 0x0000, 0x0000,
    0x0000, 0x0000, 0x0000, 0x0000, 0x0000, 0x0000, 0x0000, 0x0000, 0x0000, 0x0000, 0x0000, 0x0000,
    0x0000, 0x0000, 0x0000, 0x0000, 0x0000, 0x0000, 0x0000, 0x0000, 0x0000, 0x0000, 0x0000, 0x0000,
    0x0000, 0x0000, 0x0000, 0x0000, 0x0000, 0x0000, 0x0000, 0x0000, 0x0000, 0x0000, 0x0000, 0x0000,
    0x0000, 0x0000, 0x0000, 0x0000, 0x0000, 0x0000, 0x0000, 0x0000, 0x0000, 0x0000, 0x0000, 0x0000,
    0x0000, 0x0000, 0x0000, 0x0000, 0x0000, 0x0000, 0x0000, 0x0000, 0x0000, 0x0000, 0x0000, 0x0000,
    0x0000, 0x0000, 0x0000, 0x0000, 0x0000, 0x0000, 0x0000, 0x0000, 0x0000, 0x0000, 0x0000, 0x0000,
    0x7302, 0xFE80, 0xFE20, 0xE5E1, 0x0000, 0x0000, 0x0000, 0x0000, 0x0000, 0x0000, 0x0000, 0x0000,
    0x0000, 0x0000, 0x0000, 0x0000, 0x0000, 0x0000, 0x0000, 0x0000, 0x0000, 0x0000, 0x0000, 0x0000,
    0x0000, 0x0000, 0x0000, 0x0000, 0x0000, 0x0000, 0x0000, 0x0000, 0x0000, 0x0000, 0x0000, 0x0000,
    0x0000, 0x0000, 0x0000, 0x0000, 0x0000, 0x0000, 0x0000, 0x0000, 0x0000, 0x0000, 0x0000, 0x0000,
    0x0000, 0x0000, 0x0000, 0x0000, 0x0000, 0x0000, 0x0000, 0x0000, 0x0000, 0x0000, 0x0000, 0x0000,
    0x0000, 0x0000, 0x0000, 0x0000, 0x0000, 0x0000, 0x0000, 0x0000, 0x0000, 0x0000, 0x0000, 0x0000,
    0x0000, 0x0000, 0x0000, 0x0000, 0x0000, 0x0000, 0x0000, 0x0000, 0x0000, 0x0000, 0x0000, 0x0000,
    0x0000, 0x0000, 0x0000, 0x0000, 0x0000, 0x0000, 0x0000, 0x0000, 0x0000, 0x0000, 0x0000, 0x0000,
    0x0000, 0x0000, 0x0000, 0x0000, 0x8382, 0xFE80, 0xFE60, 0xD581, 0x0000, 0x0000, 0x0000, 0x0000,
    0x0000, 0x0000, 0x0000, 0x0000, 0x0000, 0x0000, 0x0000, 0x0000, 0x0000, 0x0000, 0x0000, 0x0000,
    0x0000, 0x0000, 0x0000, 0x0000, 0x0000, 0x0000, 0x0000, 0x0000, 0x0000, 0x0000, 0x0000, 0x0000,
    0x0000, 0x0000, 0x0000, 0x0000, 0x0000, 0x0000, 0x0000, 0x0000, 0x0000, 0x0000, 0x0000, 0x0000,
    0x0000, 0x0000, 0x0000, 0x0000, 0x0000, 0x0000, 0x0000, 0x0000, 0x0000, 0x0000, 0x0000, 0x0000,
    0x0000, 0x0000, 0x0000, 0x0000, 0x0000, 0x0000, 0x0000, 0x0000, 0x0000, 0x0000, 0x0000, 0x0000,
    0x0000, 0x0000, 0x0000, 0x0000, 0x0000, 0x0000, 0x0000, 0x0000, 0x0000, 0x0000, 0x0000, 0x0000,
    0x0000, 0x0000, 0x0000, 0x0000, 0x0000, 0x0000, 0x0000, 0x0000, 0x0000, 0x0000, 0x0000, 0x0000,
    0x0000, 0x0000, 0x0000, 0x0000, 0x0000, 0x0000, 0x0000, 0x0000, 0x9C02, 0xFE60, 0xFE60, 0xC521,
    0x0000, 0x0000, 0x0000, 0x0000, 0x0000, 0x0000, 0x0000, 0x0000, 0x0000, 0x0000, 0x0000, 0x0000,
    0x0000, 0x0000, 0x0000, 0x0000, 0x0000, 0x0000, 0x0000, 0x0000, 0x0000, 0x0000, 0x0000, 0x0000,
    0x0000, 0x0000, 0x0000, 0x0000, 0x0000, 0x0000, 0x0000, 0x0000, 0x0000, 0x0000, 0x0000, 0x0000,
    0x0000, 0x0000, 0x0000, 0x0000, 0x0000, 0x0000, 0x0000, 0x0000, 0x0000, 0x0000, 0x0000, 0x0000,
    0x0000, 0x0000, 0x0000, 0x0000, 0x0000, 0x0000, 0x0000, 0x0000, 0x0000, 0x0000, 0x0000, 0x0000,
    0x0000, 0x0000, 0x0000, 0x0000, 0x0000, 0x0000, 0x0000, 0x0000, 0x0000, 0x0000, 0x0000, 0x0000,
    0x0000, 0x0000, 0x0000, 0x0000, 0x0000, 0x0000, 0x0000, 0x0000, 0x0000, 0x0000, 0x0000, 0x0000,
    0x0000, 0x0000, 0x0000, 0x0000, 0x0000, 0x0000, 0x0000, 0x0000, 0x0000, 0x0000, 0x0000, 0x0000,
    0xB462, 0xFE60, 0xFE80, 0xACC1, 0x0000, 0x0000, 0x0000, 0x0000, 0x0000, 0x0000, 0x0000, 0x0000,
    0x0000, 0x0000, 0x0000, 0x0000, 0x0000, 0x0000, 0x0000, 0x0000, 0x0000, 0x0000, 0x0000, 0x0000,
    0x0000, 0x0000, 0x0000, 0x0000, 0x0000, 0x0000, 0x0000, 0x0000, 0x0000, 0x0000, 0x0000, 0x0000,
    0x0000, 0x0000, 0x0000, 0x0000, 0x0000, 0x0000, 0x0000, 0x0000, 0x0000, 0x0000, 0x0000, 0x0000,
    0x0000, 0x0000, 0x0000, 0x0000, 0x0000, 0x0000, 0x0000, 0x0000, 0x0000, 0x0000, 0x0000, 0x0000,
    0x0000, 0x0000, 0x0000, 0x0000, 0x0000, 0x0000, 0x0000, 0x0000, 0x0000, 0x0000, 0x0000, 0x0000,
    0x0000, 0x0000, 0x0000, 0x0000, 0x0000, 0x0000, 0x0000, 0x0000, 0x6302, 0x0000, 0x0000, 0x0000,
    0x0000, 0x0000, 0x0000, 0x0000, 0x0000, 0x0000, 0x0000, 0x0000, 0x0000, 0x0000, 0x0000, 0x0000,
    0x0000, 0x0000, 0x0000, 0x0000, 0xC502, 0xFE40, 0xFEA0, 0x9422, 0x0000, 0x0000, 0x0000, 0x0000,
    0x0000, 0x0000, 0x0000, 0x0000, 0x0000, 0x0000, 0x0000, 0x0000, 0x0000, 0x0000, 0x0000, 0x0000,
    0x0000, 0x0000, 0x0000, 0x0000, 0x0000, 0x0000, 0x0000, 0x0000, 0x0000, 0x0000, 0x0000, 0x0000,
    0x0000, 0x0000, 0x0000, 0x0000, 0x0000, 0x0000, 0x0000, 0x0000, 0x0000, 0x0000, 0x0000, 0x0000,
    0x0000, 0x0000, 0x0000, 0x0000, 0x0000, 0x0000, 0x0000, 0x0000, 0x0000, 0x0000, 0x0000, 0x0000,
    0x0000, 0x0000, 0x0000, 0x0000, 0x0000, 0x0000, 0x0000, 0x0000, 0x0000, 0x0000, 0x0000, 0x0000,
    0x0000, 0x0000, 0x0000, 0x0000, 0x0000, 0x0000, 0x0000, 0x0000, 0x0000, 0x0000, 0x0000, 0xD583,
    0xFF00, 0xE5E2, 0x0000, 0x0000, 0x0000, 0x0000, 0x0000, 0x0000, 0x0000, 0x0000, 0x0000, 0x0000,
    0x0000, 0x0000, 0x0000, 0x0000, 0x0000, 0x0000, 0x0000, 0x0000, 0xD581, 0xFE40, 0xFEC0, 0x8361,
    0x0000, 0x0000, 0x0000, 0x0000, 0x0000, 0x0000, 0x0000, 0x0000, 0x0000, 0x0000, 0x0000, 0x0000,
    0x0000, 0x0000, 0x0000, 0x0000, 0x0000, 0x0000, 0x0000, 0x0000, 0x0000, 0x0000, 0x0000, 0x0000,
    0x0000, 0x0000, 0x0000, 0x0000, 0x0000, 0x0000, 0x0000, 0x0000, 0x0000, 0x0000, 0x0000, 0x0000,
    0x0000, 0x0000, 0x0000, 0x0000, 0x0000, 0x0000, 0x0000, 0x0000, 0x0000, 0x0000, 0x0000, 0x0000,
    0x0000, 0x0000, 0x0000, 0x0000, 0x0000, 0x0000, 0x0000, 0x0000, 0x0000, 0x0000, 0x0000, 0x0000,
    0x0000, 0x0000, 0x0000, 0x0000, 0x0000, 0x0000, 0x0000, 0x0000, 0x0000, 0x0000, 0x0000, 0x0000,
    0x0000, 0x0000, 0x0000, 0xFEA1, 0xF5E0, 0xFE80, 0xD583, 0x0000, 0x0000, 0x0000, 0x0000, 0x0000,
    0x0000, 0x0000, 0x0000, 0x0000, 0x0000, 0x0000, 0x0000, 0x0000, 0x0000, 0x0000, 0x0000, 0x0000,
    0xE601, 0xFE20, 0xFEC0, 0x62C1, 0x0000, 0x0000, 0x0000, 0x0000, 0x0000, 0x0000, 0x0000, 0x0000,
    0x0000, 0x0000, 0x0000, 0x0000, 0x0000, 0x0000, 0x0000, 0x0000, 0x0000, 0x0000, 0x0000, 0x0000,
    0x0000, 0x0000, 0x0000, 0x0000, 0x0000, 0x0000, 0x0000, 0x0000, 0x0000, 0x0000, 0x0000, 0x0000,
    0x0000, 0x0000, 0x0000, 0x0000, 0x0000, 0x0000, 0x0000, 0x0000, 0x0000, 0x0000, 0x0000, 0x0000,
    0x0000, 0x0000, 0x0000, 0x0000, 0x0000, 0x0000, 0x0000, 0x0000, 0x0000, 0x0000, 0x0000, 0x0000,
    0x0000, 0x0000, 0x0000, 0x0000, 0x0000, 0x0000, 0x0000, 0x0000, 0x0000, 0x0000, 0x0000, 0x0000,
    0x0000, 0x0000, 0x0000, 0x0000, 0x0000, 0x0000, 0x0000, 0x8B82, 0xFEE0, 0xF600, 0xFEC0, 0xB4E4,
    0x0000, 0x0000, 0x0000, 0x0000, 0x0000, 0x0000, 0x0000, 0x0000, 0x0000, 0x0000, 0x0000, 0x0000,
    0x0000, 0x0000, 0x0000, 0x0000, 0xF682, 0xFEC0, 0xFF21, 0x4202, 0x0000, 0x0000, 0x0000, 0x0000,
    0x0000, 0x0000, 0x0000, 0x0000, 0x0000, 0x0000, 0x0000, 0x0000, 0x0000, 0x0000, 0x0000, 0x0000,
    0x0000, 0x0000, 0x0000, 0x0000, 0x0000, 0x0000, 0x0000, 0x0000, 0x0000, 0x0000, 0x0000, 0x0000,
    0x0000, 0x0000, 0x0000, 0x0000, 0x0000, 0x0000, 0x0000, 0x0000, 0x0000, 0x0000, 0x0000, 0x0000,
    0x0000, 0x0000, 0x0000, 0x0000, 0x0000, 0x0000, 0x0000, 0x0000, 0x0000, 0x0000, 0x0000, 0x0000,
    0x0000, 0x0000, 0x0000, 0x0000, 0x0000, 0x0000, 0x0000, 0x0000, 0x0000, 0x0000, 0x0000, 0x0000,
    0x0000, 0x0000, 0x0000, 0x0000, 0x0000, 0x0000, 0x0000, 0x0000, 0x0000, 0x0000, 0x0000, 0x0000,
    0xB4C2, 0xFEE0, 0xF600, 0xFEE1, 0x9402, 0x0000, 0x0000, 0x0000, 0x0000, 0x0000, 0x0000, 0x0000,
    0x0000, 0x0000, 0x0000, 0x0000, 0x0000, 0x0000, 0x0000, 0x0000, 0x6AE2, 0xD623, 0xACA3, 0x0000,
    0x0000, 0x0000, 0x0000, 0x0000, 0x0000, 0x0000, 0x0000, 0x0000, 0x0000, 0x0000, 0x0000, 0x0000,
    0x0000, 0x0000, 0x0000, 0x0000, 0x0000, 0x0000, 0x0000, 0x0000, 0x0000, 0x0000, 0x0000, 0x0000,
    0x0000, 0x0000, 0x0000, 0x0000, 0x0000, 0x0000, 0x0000, 0x0000, 0x0000, 0x0000, 0x0000, 0x0000,
    0x0000, 0x0000, 0x0000, 0x0000, 0x0000, 0x0000, 0x0000, 0x0000, 0x0000, 0x0000, 0x0000, 0x0000,
    0x0000, 0x0000, 0x0000, 0x0000, 0x0000, 0x0000, 0x0000, 0x0000, 0x0000, 0x0000, 0x0000, 0x0000,
    0x0000, 0x0000, 0x0000, 0x0000, 0x0000, 0x0000, 0x0000, 0x0000, 0x0000, 0x0000, 0x0000, 0x0000,
    0x0000, 0x0000, 0x0000, 0x0000, 0x0000, 0xDDE2, 0xFEC0, 0xF620, 0xFEE1, 0x7323, 0x0000, 0x0000,
    0x0000, 0x0000, 0x0000, 0x0000, 0x0000, 0x0000, 0x0000, 0x0000, 0x0000, 0x0000, 0x0000, 0x0000,
    0x0000, 0x0000, 0x0000, 0x0000, 0x0000, 0x0000, 0x0000, 0x0000, 0x0000, 0x0000, 0x0000, 0x0000,
    0x0000, 0x0000, 0x0000, 0x0000, 0x0000, 0x0000, 0x0000, 0x0000, 0x0000, 0xD542, 0xE5A2, 0x39A2,
    0x0000, 0x0000, 0x0000, 0x0000, 0x0000, 0x0000, 0x0000, 0x0000, 0x0000, 0x0000, 0x0000, 0x0000,
    0x0000, 0x0000, 0x0000, 0x0000, 0x0000, 0x0000, 0x0000, 0x0000, 0x0000, 0x0000, 0x0000, 0x0000,
    0x0000, 0x0000, 0x0000, 0x0000, 0x0000, 0x0000, 0x0000, 0x0000, 0x0000, 0x0000, 0x0000, 0x0000,
    0x0000, 0x0000, 0x0000, 0x0000, 0x0000, 0x0000, 0x0000, 0x0000, 0x0000, 0x0000, 0x0000, 0x0000,
    0x0000, 0x0000, 0x0000, 0x0000, 0x0000, 0x0000, 0x0000, 0x0000, 0x0000, 0x0000, 0xF6A2, 0xFE80,
    0xFE40, 0xFEE1, 0x5262, 0x0000, 0x0000, 0x0000, 0x0000, 0x0000, 0x0000, 0x0000, 0x0000, 0x0000,
    0x0000, 0x0000, 0x0000, 0x0000, 0x0000, 0x0000, 0x0000, 0x0000, 0x0000, 0x0000, 0x0000, 0x0000,
    0x0000, 0x0000, 0x0000, 0x0000, 0x0000, 0x0000, 0x0000, 0x0000, 0x0000, 0x0000, 0x0000, 0x5243,
    0xF642, 0xFE20, 0xFE80, 0xC542, 0x0000, 0x0000, 0x0000, 0x0000, 0x0000, 0x0000, 0x0000, 0x0000,
    0x0000, 0x0000, 0x0000, 0x0000, 0x0000, 0x0000, 0x0000, 0x0000, 0x0000, 0x0000, 0x0000, 0x0000,
    0x0000, 0x0000, 0x0000, 0x0000, 0x0000, 0x0000, 0x0000, 0x0000, 0x0000, 0x0000, 0x0000, 0x0000,
    0x0000, 0x0000, 0x0000, 0x0000, 0x0000, 0x0000, 0x0000, 0x0000, 0x0000, 0x0000, 0x0000, 0x0000,
    0x0000, 0x0000, 0x0000, 0x0000, 0x0000, 0x0000, 0x0000, 0x0000, 0x0000, 0x0000, 0x0000, 0x0000,
    0x0000, 0x0000, 0x4A03, 0xFF02, 0xFE60, 0xFEA0, 0xDDE3, 0x0000, 0x0000, 0x0000, 0x0000, 0x0000,
    0x0000, 0x0000, 0x0000, 0x0000, 0x0000, 0x0000, 0x0000, 0x0000, 0x0000, 0x0000, 0x0000, 0x0000,
    0x0000, 0x0000, 0x0000, 0x0000, 0x0000, 0x0000, 0x0000, 0x0000, 0x0000, 0x0000, 0x0000, 0x0000,
    0x0000, 0x0000, 0x7323, 0xFE81, 0xFE00, 0xFDE0, 0xFEE1, 0x7322, 0x0000, 0x0000, 0x0000, 0x0000,
    0x0000, 0x0000, 0x0000, 0x0000, 0x0000, 0x0000, 0x0000, 0x0000, 0x0000, 0x0000, 0x0000, 0x0000,
    0x0000, 0x0000, 0x0000, 0x0000, 0x0000, 0x0000, 0x0000, 0x0000, 0x0000, 0x0000, 0x0000, 0x0000,
    0x0000, 0x0000, 0x0000, 0x0000, 0x0000, 0x0000, 0x0000, 0x0000, 0x0000, 0x0000, 0x0000, 0x0000,
    0x0000, 0x0000, 0x0000, 0x0000, 0x0000, 0x0000, 0x0000, 0x0000, 0x0000, 0x0000, 0x0000, 0x0000,
    0x0000, 0x0000, 0x0000, 0x0000, 0x0000, 0x0000, 0x0000, 0x62C3, 0xFF22, 0xFEE2, 0x5AA2, 0x0000,
    0x0000, 0x0000, 0x0000, 0x0000, 0x0000, 0x0000, 0x0000, 0x0000, 0x0000, 0x0000, 0x0000, 0x0000,
    0x0000, 0x0000, 0x0000, 0x0000, 0x0000, 0x0000, 0x0000, 0x0000, 0x0000, 0x0000, 0x0000, 0x0000,
    0x0000, 0x0000, 0x0000, 0x0000, 0x0000, 0x93E4, 0xFE81, 0xFDE0, 0xFE20, 0xFEC1, 0x7B43, 0x0000,
    0x0000, 0x0000, 0x0000, 0x0000, 0x0000, 0x0000, 0x0000, 0x0000, 0x0000, 0x0000, 0x0000, 0x0000,
    0x0000, 0x0000, 0x0000, 0x0000, 0x0000, 0x0000, 0x0000, 0x0000, 0x0000, 0x0000, 0x0000, 0x0000,
    0x0000, 0x0000, 0x0000, 0x0000, 0x0000, 0x0000, 0x0000, 0x0000, 0x0000, 0x0000, 0x0000, 0x0000,
    0x0000, 0x0000, 0x0000, 0x0000, 0x0000, 0x0000, 0x0000, 0x0000, 0x0000, 0x0000, 0x0000, 0x0000,
    0x0000, 0x0000, 0x0000, 0x0000, 0x0000, 0x0000, 0x0000, 0x0000, 0x0000, 0x0000, 0x0000, 0x0000,
    0x41E2, 0x39A2, 0x0000, 0x0000, 0x0000, 0x0000, 0x0000, 0x0000, 0x0000, 0x0000, 0x5242, 0x9BE2,
    0xCD22, 0xEDE1, 0xFE21, 0xFE41, 0xFE41, 0xEDE2, 0xD542, 0xA442, 0x62A2, 0x0000, 0x0000, 0x0000,
    0x0000, 0x0000, 0x0000, 0x0000, 0x0000, 0x0000, 0x0000, 0x0000, 0xAC83, 0xFEA0, 0xF5C0, 0xFE40,
    0xFEA2, 0x62A3, 0x0000, 0x0000, 0x0000, 0x0000, 0x0000, 0x0000, 0x0000, 0x0000, 0x0000, 0x0000,
    0x0000, 0x0000, 0x0000, 0x0000, 0x0000, 0x0000, 0x0000, 0x0000, 0x0000, 0x0000, 0x0000, 0x0000,
    0x0000, 0x0000, 0x0000, 0x0000, 0x0000, 0x0000, 0x0000, 0x0000, 0x0000, 0x0000, 0x0000, 0x0000,
    0x0000, 0x0000, 0x0000, 0x0000, 0x0000, 0x0000, 0x0000, 0x0000, 0x0000, 0x0000, 0x0000, 0x0000,
    0x0000, 0x0000, 0x0000, 0x0000, 0x0000, 0x0000, 0x0000, 0x0000, 0x0000, 0x0000, 0x0000, 0x0000,
    0x0000, 0x0000, 0x0000, 0x0000, 0x0000, 0x0000, 0x0000, 0x0000, 0x0000, 0x0000, 0x0000, 0x0000,
    0x8362, 0xE5A1, 0xFE81, 0xFE80, 0xFE60, 0xFE40, 0xFE40, 0xFE40, 0xFE40, 0xFE60, 0xFE60, 0xFEA0,
    0xFEA1, 0xEE02, 0x93E3, 0x0000, 0x0000, 0x0000, 0x0000, 0x0000, 0x0000, 0x0000, 0x0000, 0xACA3,
    0xFEA0, 0xF5C0, 0xFE80, 0xEE62, 0x41E2, 0x0000, 0x0000, 0x0000, 0x0000, 0x0000, 0x0000, 0x0000,
    0x0000, 0x0000, 0x0000, 0x0000, 0x0000, 0x0000, 0x0000, 0x0000, 0x0000, 0x0000, 0x0000, 0x0000,
    0x0000, 0x0000, 0x0000, 0x0000, 0x0000, 0x0000, 0x0000, 0x0000, 0x0000, 0x0000, 0x0000, 0x0000,
    0x0000, 0x0000, 0x0000, 0x0000, 0x0000, 0x0000, 0x0000, 0x0000, 0x0000, 0x0000, 0x0000, 0x0000,
    0x0000, 0x0000, 0x0000, 0x0000, 0x0000, 0x0000, 0x0000, 0x0000, 0x0000, 0x0000, 0x0000, 0x0000,
    0x0000, 0x0000, 0x0000, 0x0000, 0x0000, 0x0000, 0x0000, 0x0000, 0x0000, 0x0000, 0x0000, 0x0000,
    0x0000, 0x0000, 0x62A2, 0xEDE1, 0xFE80, 0xFE40, 0xFE20, 0xFE20, 0xFE40, 0xFE40, 0xFE40, 0xFE40,
    0xFE40, 0xFE40, 0xFE20, 0xFE20, 0xFE20, 0xFE40, 0xFEA0, 0xF622, 0x7B42, 0x0000, 0x0000, 0x0000,
    0x0000, 0x0000, 0x0000, 0xD582, 0xFEA0, 0xFEC0, 0xD5A1, 0x0000, 0x0000, 0x0000, 0x0000, 0x0000,
    0x0000, 0x0000, 0x0000, 0x0000, 0x0000, 0x0000, 0x0000, 0x0000, 0x0000, 0x0000, 0x0000, 0x0000,
    0x0000, 0x0000, 0x0000, 0x0000, 0x0000, 0x0000, 0x0000, 0x0000, 0x0000, 0x0000, 0x0000, 0x0000,
    0x0000, 0x0000, 0x0000, 0x0000, 0x0000, 0x0000, 0x0000, 0x0000, 0x0000, 0x0000, 0x0000, 0x0000,
    0x0000, 0x0000, 0x0000, 0x0000, 0x0000, 0x0000, 0x0000, 0x0000, 0x0000, 0x0000, 0x0000, 0x0000,
    0x0000, 0x0000, 0x0000, 0x0000, 0x0000, 0x0000, 0x0000, 0x0000, 0x0000, 0x0000, 0x0000, 0x0000,
    0x0000, 0x0000, 0x0000, 0x0000, 0x0000, 0xA442, 0xFEA0, 0xFE40, 0xFE20, 0xFE20, 0xFE40, 0xFE40,
    0xFE40, 0xFE40, 0xFE40, 0xFE40, 0xFE40, 0xFE40, 0xFE40, 0xFE40, 0xFE40, 0xFE40, 0xFE20, 0xFE40,
    0xFEA0, 0xBCE3, 0x0000, 0x0000, 0x0000, 0x0000, 0x0000, 0x0000, 0xC582, 0x9C42, 0x0000, 0x0000,
    0x0000, 0x0000, 0x0000, 0x0000, 0x0000, 0x0000, 0x0000, 0x0000, 0x0000, 0x0000, 0x0000, 0x0000,
    0x31A6, 0x0000, 0x0000, 0x0000, 0x0000, 0x0000, 0x0000, 0x0000, 0x0000, 0x0000, 0x0000, 0x0000,
    0x0000, 0x0000, 0x0000, 0x0000, 0x0000, 0x0000, 0x0000, 0x0000, 0x0000, 0x0000, 0x0000, 0x0000,
    0x0000, 0x0000, 0x0000, 0x0000, 0x0000, 0x0000, 0x0000, 0x0000, 0x0000, 0x0000, 0x0000, 0x0000,
    0x0000, 0x0000, 0x0000, 0x0000, 0x0000, 0x0000, 0x0000, 0x0000, 0x0000, 0x0000, 0x0000, 0x0000,
    0x0000, 0x0000, 0x0000, 0x0000, 0x0000, 0x0000, 0x0000, 0x0000, 0xC502, 0xFEA0, 0xFE00, 0xFE40,
    0xFE40, 0xFE40, 0xFE20, 0xFE40, 0xFE40, 0xFE40, 0xFE40, 0xFE40, 0xFE40, 0xFE40, 0xFE40, 0xFE40,
    0xFE40, 0xFE40, 0xFE40, 0xFE40, 0xFE20, 0xFEA0, 0xDD83, 0x0000, 0x0000, 0x0000, 0x0000, 0x0000,
    0x0000, 0x0000, 0x0000, 0x0000, 0x0000, 0x0000, 0x0000, 0x0000, 0x0000, 0x0000, 0x5ACB, 0x8C71,
    0xBDB6, 0xD699, 0xE71C, 0xEF5D, 0xEF7D, 0xEF5D, 0xE71C, 0xDEDA, 0xCE38, 0xAD75, 0x7BEF, 0x4228,
    0x0000, 0x0000, 0x0000, 0x0000, 0x0000, 0x0000, 0x0000, 0x0000, 0x0000, 0x0000, 0x0000, 0x0000,
    0x0000, 0x0000, 0x0000, 0x0000, 0x0000, 0x0000, 0x0000, 0x0000, 0x0000, 0x0000, 0x0000, 0x0000,
    0x0000, 0x0000, 0x0000, 0x0000, 0x0000, 0x0000, 0x0000, 0x0000, 0x0000, 0x0000, 0x0000, 0x0000,
    0x0000, 0x0000, 0x0000, 0x0000, 0x0000, 0x0000, 0x0000, 0x0000, 0x0000, 0x0000, 0x0000, 0xC502,
    0xFE60, 0xF600, 0xFE20, 0xFE20, 0xFE40, 0xFE40, 0xFE20, 0xFE40, 0xFE40, 0xFE40, 0xFE40, 0xFE40,
    0xFE40, 0xFE40, 0xFE40, 0xFE40, 0xFE40, 0xFE40, 0xFE40, 0xFE40, 0xFE40, 0xFE20, 0xFE60, 0xDD62,
    0x0000, 0x0000, 0x0000, 0x0000, 0x0000, 0x0000, 0x0000, 0x0000, 0x0000, 0x0000, 0x0000, 0x5ACB,
    0xB595, 0xE71B, 0xF79D, 0xF79D, 0xEF5D, 0xE73C, 0xE71C, 0xDEFB, 0xDEFC, 0xDF1C, 0xE71C, 0xE71C,
    0xE75D, 0xEF7D, 0xF79E, 0xF77D, 0xDEBA, 0x9CF3, 0x4228, 0x0000, 0x0000, 0x0000, 0x0000, 0x0000,
    0x0000, 0x0000, 0x0000, 0x0000, 0x0000, 0x0000, 0x0000, 0x0000, 0x0000, 0x0000, 0x0000, 0x0000,
    0x0000, 0x0000, 0x0000, 0x0000, 0x0000, 0x0000, 0x0000, 0x0000, 0x0000, 0x0000, 0x0000, 0x0000,
    0x0000, 0x0000, 0x0000, 0x0000, 0x0000, 0x0000, 0x0000, 0x0000, 0x0000, 0x0000, 0x0000, 0x0000,
    0x0000, 0x0000, 0xA442, 0xFEA0, 0xF600, 0xFE20, 0xFE20, 0xFE20, 0xFE20, 0xFE20, 0xFE20, 0xFE40,
    0xFE40, 0xFE20, 0xFE40, 0xFE40, 0xFE40, 0xFE40, 0xFE40, 0xFE40, 0xFE40, 0xFE40, 0xFE40, 0xFE20,
    0xFE40, 0xFE20, 0xFE00, 0xFE80, 0xBCE3, 0x0000, 0x0000, 0x0000, 0x0000, 0x0000, 0x0000, 0x0000,
    0x0000, 0x6B4C, 0xCE79, 0xF79E, 0xEF5D, 0xDF1C, 0xDEFB, 0xDEFB, 0xDEFB, 0xDEFB, 0xDEFC, 0xDEFB,
    0xDEFB, 0xDEFB, 0xDEFC, 0xDEFC, 0xDEFB, 0xDEFB, 0xDEFB, 0xDEFB, 0xE73C, 0xF79D, 0xF79D, 0xBDF7,
    0x52AA, 0x0000, 0x0000, 0x0000, 0x0000, 0x0000, 0x0000, 0x0000, 0x0000, 0x0000, 0x0000, 0x0000,
    0x0000, 0x0000, 0x0000, 0x0000, 0x0000, 0x0000, 0x0000, 0x0000, 0x0000, 0x0000, 0x0000, 0x0000,
    0x0000, 0x0000, 0x0000, 0x0000, 0x0000, 0x0000, 0x0000, 0x0000, 0x0000, 0x0000, 0x0000, 0x0000,
    0x0000, 0x0000, 0x0000, 0x0000, 0x0000, 0x5A62, 0xFEA1, 0xF600, 0xFE20, 0xFE20, 0xFE20, 0xFE20,
    0xFE20, 0xFE20, 0xFE20, 0xFE40, 0xFE20, 0xFE20, 0xFE20, 0xFE20, 0xFE40, 0xFE40, 0xFE20, 0xFE20,
    0xFE20, 0xFE40, 0xFE40, 0xFE20, 0xFE20, 0xFE20, 0xFE20, 0xFE00, 0xFEC1, 0x7322, 0x0000, 0x0000,
    0x0000, 0x0000, 0x0000, 0x39C7, 0xC617, 0xF7BE, 0xE73D, 0xDEFB, 0xDEFB, 0xDEFB, 0xDF1C, 0xDEFC,
    0xDEFC, 0xDEFC, 0xDEFC, 0xDEFB, 0xDEFB, 0xDEFB, 0xDEFB, 0xDEFB, 0xDEFB, 0xDEFC, 0xDEFB, 0xDF1C,
    0xDEFB, 0xDEFB, 0xDEFB, 0xEF5D, 0xF79E, 0xB5B6, 0x31A6, 0x0000, 0x0000, 0x0000, 0x0000, 0x0000,
    0x0000, 0x0000, 0x0000, 0x0000, 0x0000, 0x0000, 0x0000, 0x0000, 0x0000, 0x0000, 0x0000, 0x0000,
    0x0000, 0x0000, 0x0000, 0x0000, 0x0000, 0x0000, 0x0000, 0x0000, 0x0000, 0x0000, 0x0000, 0x0000,
    0x0000, 0x0000, 0x0000, 0x0000, 0x0000, 0x0000, 0x0000, 0x0000, 0x0000, 0xE5A2, 0xFE40, 0xFE20,
    0xFE40, 0xFE20, 0xFE20, 0xFE20, 0xFE20, 0xFE20, 0xFE20, 0xFE20, 0xFE20, 0xFE20, 0xFE20, 0xFE20,
    0xFE20, 0xFE20, 0xFE20, 0xFE20, 0xFE20, 0xFE20, 0xFE20, 0xFE20, 0xFE20, 0xFE20, 0xFE20, 0xFE40,
    0xFE20, 0xFE82, 0x0000, 0x0000, 0x0000, 0x0000, 0x7BCE, 0xEF5C, 0xEF5D, 0xDEFB, 0xDEFC, 0xDEFC,
    0xDEFC, 0xDEFC, 0xDEFC, 0xDEFB, 0xDEFB, 0xDEFB, 0xDEFB, 0xDEFB, 0xDEFB, 0xDEFB, 0xDEFB, 0xDEFB,
    0xDEFB, 0xDEFB, 0xDEFB, 0xDEFB, 0xDEFB, 0xDEFC, 0xDF1C, 0xDEFB, 0xDEFB, 0xEF7D, 0xEF5C, 0x73AE,
    0x0000, 0x0000, 0x0000, 0x0000, 0x0000, 0x0000, 0x0000, 0x0000, 0x0000, 0x0000, 0x0000, 0x0000,
    0x0000, 0x0000, 0x0000, 0x0000, 0x0000, 0x0000, 0x0000, 0x0000, 0x0000, 0x0000, 0x0000, 0x0000,
    0x0000, 0x0000, 0x0000, 0x0000, 0x0000, 0x0000, 0x0000, 0x0000, 0x0000, 0x0000, 0x0000, 0x0000,
    0x72E2, 0xFEA0, 0xFE00, 0xFE20, 0xFE20, 0xFE40, 0xFE20, 0xFE20, 0xFE00, 0xFE00, 0xFE01, 0xFE00,
    0xFE00, 0xFE00, 0xFE00, 0xFE00, 0xFE00, 0xFE20, 0xFE20, 0xFE20, 0xFE20, 0xFE20, 0xFE20, 0xFE40,
    0xFE20, 0xFE20, 0xFE40, 0xFE20, 0xFEA0, 0xC542, 0x0000, 0x0000, 0x0000, 0xA534, 0xF7BE, 0xDEFB,
    0xDEFB, 0xDF1C, 0xDF1B, 0xDEFC, 0xDEFB, 0xDEFB, 0xDEFB, 0xDEFB, 0xDEFB, 0xDEFB, 0xDEFB, 0xDEFB,
    0xDEFB, 0xDEFB, 0xDEFB, 0xDEFB, 0xDEFB, 0xDEFB, 0xDEFB, 0xDEFB, 0xDEFB, 0xDEFB, 0xDEFB, 0xDF1C,
    0xDF1C, 0xDEFB, 0xDF1C, 0xF7BE, 0xA534, 0x0000, 0x0000, 0x0000, 0x0000, 0x0000, 0x0000, 0x0000,
    0x0000, 0x0000, 0x0000, 0x0000, 0x0000, 0x0000, 0x0000, 0x0000, 0x0000, 0x0000, 0x0000, 0x0000,
    0x0000, 0x0000, 0x0000, 0x0000, 0x0000, 0x0000, 0x0000, 0x0000, 0x0000, 0x0000, 0x0000, 0x0000,
    0x0000, 0x0000, 0x0000, 0x0000, 0xD562, 0xFE40, 0xFE20, 0xFE20, 0xFE40, 0xFE40, 0xFE20, 0xFE20,
    0xFE00, 0xFE00, 0xFE00, 0xFE01, 0xF600, 0xFE00, 0xF600, 0xFE00, 0xFE00, 0xFE20, 0xFE20, 0xFE20,
    0xFE20, 0xFE20, 0xFE40, 0xFE40, 0xFE40, 0xFE40, 0xFE40, 0xFEA0, 0xD5C2, 0x0000, 0x0000, 0x0000,
    0xBDD7, 0xF79E, 0xDEDB, 0xDEFB, 0xDF1B, 0xDEFB, 0xDEFB, 0xDEFB, 0xDEFB, 0xDEFB, 0xDEFB, 0xDEFB,
    0xDEFB, 0xDEFB, 0xDEFB, 0xDEFB, 0xDEFB, 0xDEDB, 0xDEDB, 0xDEDB, 0xDEDB, 0xDEDB, 0xDEFB, 0xDEFB,
    0xDEFB, 0xDEFB, 0xDEFB, 0xDEFB, 0xDEFC, 0xDEFC, 0xDEFC, 0xDEFB, 0xF79E, 0xBDF7, 0x0000, 0x0000,
    0x0000, 0x0000, 0x0000, 0x0000, 0x0000, 0x0000, 0x0000, 0x0000, 0x0000, 0x0000, 0x0000, 0x0000,
    0x0000, 0x0000, 0x0000, 0x0000, 0x0000, 0x0000, 0x5A62, 0x41C1, 0x0000, 0x0000, 0x0000, 0x0000,
    0x0000, 0x0000, 0x0000, 0x0000, 0x0000, 0x0000, 0x0000, 0x0000, 0xFE81, 0xFE20, 0xFE40, 0xFE40,
    0xFE40, 0xFE20, 0xFE20, 0xFE20, 0xFE00, 0xFE00, 0xFE00, 0xFE00, 0xFE00, 0xFE00, 0xFE00, 0xFE00,
    0xFE00, 0xFE00, 0xFE00, 0xFE20, 0xFE20, 0xFE20, 0xFE40, 0xFE40, 0xFE40, 0xFE40, 0xFE60, 0xEE21,
    0x0000, 0x0000, 0x0000, 0xBDD6, 0xF79D, 0xDEDB, 0xDF1B, 0xDEFC, 0xDEFB, 0xDEFB, 0xDEFB, 0xDEFB,
    0xDEFB, 0xDEFB, 0xDEFB, 0xDEFB, 0xDEFB, 0xDEFB, 0xDEFB, 0xDEDB, 0xDEDB, 0xDEDB, 0xDEDB, 0xDEDB,
    0xDEDB, 0xDEDB, 0xDEDB, 0xDEDB, 0xDEFB, 0xDEFB, 0xDEFB, 0xDEFC, 0xDEFB, 0xDEFC, 0xDEFC, 0xDF1C,
    0xDEDB, 0xEF7D, 0xC638, 0x0000, 0x0000, 0x0000, 0x0000, 0x0000, 0x0000, 0x0000, 0x0000, 0x0000,
    0x0000, 0x0000, 0x0000, 0x0000, 0x0000, 0x0000, 0x0000, 0x0000, 0x0000, 0xF622, 0xFE80, 0xFE81,
    0xFE61, 0xF601, 0xDD81, 0xC4E2, 0xA442, 0x8382, 0x0000, 0x0000, 0x0000, 0x0000, 0x0000, 0x7B41,
    0xFEA0, 0xF600, 0xFE40, 0xFE20, 0xFE20, 0xFE20, 0xFE20, 0xFE20, 0xFE00, 0xFE00, 0xFE00, 0xFE00,
    0xFE00, 0xFE00, 0xFE00, 0xFE00, 0xFE00, 0xFE00, 0xFE00, 0xFE20, 0xFE20, 0xFE20, 0xFE40, 0xFE40,
    0xFE40, 0xFE40, 0xFEC1, 0x49E1, 0x0000, 0x0000, 0xAD55, 0xF79E, 0xDEDB, 0xDF1B, 0xDEFB, 0xDEFB,
    0xDEFB, 0xDEFB, 0xDEFB, 0xDEFB, 0xDEFB, 0xDEFB, 0xDEFB, 0xDEFB, 0xDEFB, 0xDEFB, 0xDEDB, 0xDEFB,
    0xDEDB, 0xDEDB, 0xDEDB, 0xDEDB, 0xDEDB, 0xDEDB, 0xDEDB, 0xDEDB, 0xDEDB, 0xDEFB, 0xDEFB, 0xDEFB,
    0xDEFB, 0xDEFB, 0xDEFB, 0xDEFC, 0xDF1C, 0xDEFB, 0xF79E, 0xB5B6, 0x0000, 0x0000, 0x0000, 0x0000,
    0x0000, 0x0000, 0x0000, 0x0000, 0x0000, 0x0000, 0x0000, 0x0000, 0x0000, 0x0000, 0x0000, 0x0000,
    0x5A82, 0xFF40, 0xFE40, 0xFE40, 0xFE40, 0xFE60, 0xFE60, 0xFE80, 0xFEA0, 0xFEE0, 0xDDC3, 0x0000,
    0x0000, 0x0000, 0x0000, 0xACA1, 0xFE80, 0xF600, 0xFE20, 0xFE20, 0xFE20, 0xFE20, 0xFE20, 0xFE20,
    0xFE00, 0xFE20, 0xFE20, 0xFE20, 0xFE20, 0xFE20, 0xFE20, 0xFE20, 0xFE00, 0xFE00, 0xFE20, 0xFE20,
    0xFE20, 0xFE20, 0xFE20, 0xFE40, 0xFE20, 0xFEE0, 0x9402, 0x0000, 0x0000, 0x7BEF, 0xF7BE, 0xDEDB,
    0xDF1B, 0xDEFB, 0xDEFB, 0xDEFB, 0xDEFB, 0xDEFB, 0xDEDB, 0xDEFB, 0xDEFB, 0xDEFB, 0xDEFB, 0xDEFB,
    0xDEDB, 0xDEFB, 0xDEFB, 0xDEDB, 0xDEDB, 0xDEDB, 0xDEDB, 0xDEDB, 0xDEDB, 0xDEDA, 0xDEDA, 0xDEDB,
    0xDEDB, 0xDEFB, 0xDEFB, 0xDEFB, 0xDEFB, 0xDEFB, 0xDEFC, 0xDEFC, 0xDF1C, 0xE71C, 0xDEFB, 0xF7BE,
    0x94B2, 0x0000, 0x0000, 0x0000, 0x0000, 0x0000, 0x0000, 0x0000, 0x0000, 0x0000, 0x0000, 0x0000,
    0x0000, 0x0000, 0x0000, 0x0000, 0x0000, 0xB4C2, 0xEE41, 0xFE81, 0xFEE1, 0xFF00, 0xFF00, 0xFEE0,
    0xFEC0, 0xFEE0, 0xE602, 0x0000, 0x0000, 0x0000, 0x0000, 0xD561, 0xFE60, 0xFE20, 0xFE20, 0xFE20,
    0xFE20, 0xFE20, 0xFE20, 0xFE00, 0xFE00, 0xFE20, 0xFE20, 0xFE20, 0xFE20, 0xFE20, 0xFE20, 0xFE20,
    0xFE20, 0xFE00, 0xFE00, 0xFE20, 0xFE40, 0xFE60, 0xFE60, 0xFE40, 0xFE80, 0xDDC2, 0x0000, 0x0000,
    0x4228, 0xF79D, 0xDEFB, 0xDEFC, 0xDF1B, 0xDEFC, 0xDEFB, 0xDEFB, 0xDEFB, 0xDEDB, 0xDEDB, 0xDEFB,
    0xDEFB, 0xDEFB, 0xDEFB, 0xDEFB, 0xDEDB, 0xDEDB, 0xDEDB, 0xDEDB, 0xDEDB, 0xDEDB, 0xDEDB, 0xDEDA,
    0xDEDA, 0xDEDB, 0xDEDB, 0xDEDB, 0xDEDB, 0xDEDB, 0xDEFB, 0xDEFB, 0xDEFB, 0xDEFB, 0xDEFB, 0xDEFB,
    0xDF1C, 0xE71C, 0xE71C, 0xDEFB, 0xF7BE, 0x52AA, 0x0000, 0x0000, 0x0000, 0x0000, 0x0000, 0x0000,
    0x0000, 0x0000, 0x0000, 0x0000, 0x0000, 0x0000, 0x0000, 0x0000, 0x0000, 0x0000, 0x0000, 0x0000,
    0x39C1, 0x5A81, 0x7B41, 0x9402, 0xB4E1, 0xC582, 0x4A22, 0x0000, 0x0000, 0x0000, 0x0000, 0xDDC1,
    0xFE40, 0xFE20, 0xFE20, 0xFE20, 0xFE20, 0xFE20, 0xFE00, 0xFE00, 0xFE20, 0xFE20, 0xFE20, 0xFE20,
    0xFE20, 0xFE20, 0xFE40, 0xFE20, 0xFE20, 0xFEA0, 0xFEC0, 0xFEA1, 0xF661, 0xEE01, 0xEDE1, 0xEE01,
    0xFEE1, 0x5A62, 0x0000, 0x0000, 0xCE59, 0xE73D, 0xDEFB, 0xDF1C, 0xDEFC, 0xDEFB, 0xDEFB, 0xDEFB,
    0xDEDB, 0xDEFB, 0xDEFB, 0xDEDB, 0xDEFB, 0xDEFB, 0xDEFB, 0xDEDB, 0xDEDB, 0xDEDB, 0xDEDB, 0xDEFB,
    0xDEDB, 0xDEDB, 0xDEDB, 0xDEDA, 0xDEDB, 0xDEDB, 0xDEDB, 0xDEDB, 0xDEDB, 0xDEDB, 0xDEFB, 0xDEFB,
    0xDEFB, 0xDEFC, 0xDEFB, 0xDEFB, 0xDEFC, 0xDF1C, 0xE71C, 0xDF1C, 0xE73C, 0xE71B, 0x0000, 0x0000,
    0x0000, 0x0000, 0x0000, 0x0000, 0x0000, 0x0000, 0x0000, 0x0000, 0x0000, 0x0000, 0x0000, 0x0000,
    0x0000, 0x0000, 0x0000, 0x0000, 0x0000, 0x0000, 0x0000, 0x0000, 0x0000, 0x0000, 0x0000, 0x0000,
    0x0000, 0x0000, 0x0000, 0xE5E1, 0xFE40, 0xFE20, 0xFE20, 0xFE20, 0xFE20, 0xFE20, 0xFE00, 0xFE20,
    0xFE20, 0xFE00, 0xFE20, 0xFE20, 0xFE20, 0xFE20, 0xFE40, 0xFEC0, 0xFE81, 0xBCE3, 0x7323, 0x41C2,
    0x0000, 0x0000, 0x0000, 0x0000, 0x0000, 0x0000, 0x0000, 0x73AE, 0xF79E, 0xDEFB, 0xDF1C, 0xDEFC,
    0xDEFC, 0xDEFB, 0xDEFB, 0xDEDB, 0xDEDB, 0xDEDB, 0xDEDB, 0xDEFB, 0xDEDB, 0xDEDB, 0xDEDB, 0xDEDB,
    0xDEDB, 0xDEDB, 0xDEDB, 0xDEDB, 0xDEDB, 0xDEDB, 0xDEDB, 0xDEDB, 0xDEDB, 0xDEDB, 0xDEDB, 0xDEDB,
    0xDEDB, 0xDEDB, 0xDEDB, 0xDEFB, 0xDEFB, 0xDEFB, 0xDEFB, 0xDEFB, 0xDEFC, 0xDEFC, 0xDF1C, 0xE71C,
    0xDEFB, 0xF79E, 0x9CD2, 0x0000, 0x0000, 0x0000, 0x0000, 0x0000, 0x0000, 0x0000, 0x0000, 0x0000,
    0x0000, 0x0000, 0x0000, 0x0000, 0x0000, 0x0000, 0x0000, 0x0000, 0x0000, 0x0000, 0x0000, 0x0000,
    0x0000, 0x0000, 0x0000, 0x0000, 0x0000, 0x0000, 0x0000, 0xDDC1, 0xFE60, 0xFE20, 0xFE20, 0xFE20,
    0xFE20, 0xFE20, 0xFE20, 0xFE20, 0xFE20, 0xFE20, 0xFE20, 0xFE20, 0xFE20, 0xFEA0, 0xFEA1, 0x9C23,
    0x0000, 0x0000, 0x0000, 0x0000, 0x0000, 0x0000, 0x0000, 0x0000, 0x0000, 0x0000, 0x0000, 0xDEFB,
    0xE71C, 0xDEFC, 0xDF1B, 0xDEFB, 0xDEFB, 0xDEFB, 0xDEFB, 0xDEDB, 0xDEDB, 0xDEDB, 0xDEDB, 0xDEFB,
    0xDEDB, 0xDEDB, 0xDEDB, 0xDEDB, 0xDEDB, 0xDEDB, 0xDEDB, 0xDEDB, 0xDEDB, 0xDEDB, 0xDEDB, 0xDEDB,
    0xDEDB, 0xDEDB, 0xDEDA, 0xDEDB, 0xDEDB, 0xDEDB, 0xDEDB, 0xDEFB, 0xDEFB, 0xDEFB, 0xDEFB, 0xDEFB,
    0xDEFB, 0xDEFC, 0xDEFC, 0xDF1C, 0xE71C, 0xE71C, 0xEF5C, 0x0000, 0x0000, 0x0000, 0x0000, 0x0000,
    0x0000, 0x0000, 0x0000, 0x0000, 0x0000, 0x0000, 0x0000, 0x0000, 0x0000, 0x0000, 0x0000, 0x0000,
    0x0000, 0x0000, 0x0000, 0x0000, 0x0000, 0x0000, 0x0000, 0x0000, 0x0000, 0x0000, 0x0000, 0xCD42,
    0xFE60, 0xFE20, 0xFE20, 0xFE20, 0xFE20, 0xFE20, 0xFE20, 0xFE20, 0xFE20, 0xFE20, 0xFE20, 0xFE20,
    0xFEC0, 0xC542, 0x39A2, 0x0000, 0x0000, 0x0000, 0x4228, 0x7BEF, 0xA4F3, 0xB596, 0xB595, 0xA513,
    0x8C50, 0x5ACA, 0x9CD3, 0xEF7D, 0xDEFB, 0xDF1C, 0xDEFB, 0xDEFB, 0xDEFB, 0xDEDB, 0xDEDB, 0xDEDB,
    0xDEDB, 0xDEFB, 0xDEFB, 0xDEDB, 0xDEDB, 0xDEDB, 0xDEDB, 0xDEDB, 0xDEDB, 0xDEDB, 0xDEDB, 0xDEDB,
    0xDEDB, 0xDEDB, 0xDEDB, 0xDEDB, 0xDEDB, 0xDEDB, 0xDEDB, 0xDEDB, 0xDEDB, 0xDEDB, 0xDEDB, 0xDEDB,
    0xDEFB, 0xDEFB, 0xDEFB, 0xDEFB, 0xDEFB, 0xDEFB, 0xDEFB, 0xDF1C, 0xDF1C, 0xDEFB, 0xEF9E, 0x9CD2,
    0x0000, 0x0000, 0x0000, 0x0000, 0x0000, 0x0000, 0x0000, 0x0000, 0x0000, 0x0000, 0x0000, 0x0000,
    0x0000, 0x0000, 0x0000, 0x0000, 0x0000, 0x0000, 0x0000, 0x0000, 0x0000, 0x0000, 0x0000, 0x0000,
    0x0000, 0x0000, 0x0000, 0xA462, 0xFEA0, 0xFE20, 0xFE20, 0xFE20, 0xFE20, 0xFE20, 0xFE20, 0xFE20,
    0xFE40, 0xFE40, 0xFE40, 0xFEA1, 0x8BC4, 0x0000, 0x0000, 0x0000, 0x7BCE, 0xCE79, 0xF77D, 0xF79E,
    0xF77D, 0xEF7D, 0xEF5D, 0xEF7D, 0xEF7D, 0xEF7D, 0xE73C, 0xDEFB, 0xDF1C, 0xDEFB, 0xDEFB, 0xDEFB,
    0xDEDB, 0xDEDB, 0xDEDB, 0xDEDB, 0xDEDB, 0xDEDB, 0xDEFB, 0xDEFB, 0xDEFB, 0xDEFB, 0xDEDB, 0xDEDB,
    0xDEDB, 0xDEDB, 0xDEDB, 0xDEDB, 0xDEDB, 0xDEDB, 0xDEDB, 0xDEDB, 0xDEDB, 0xDEDB, 0xDEDB, 0xDEDB,
    0xDEDB, 0xDEDB, 0xDEDB, 0xDEDB, 0xDEDB, 0xDEFB, 0xDEFB, 0xDEFB, 0xDEFB, 0xDEFB, 0xDEFC, 0xDEFC,
    0xDEFC, 0xDF1B, 0xE71C, 0xDEFB, 0x0000, 0x0000, 0x0000, 0x0000, 0x0000, 0x0000, 0x0000, 0x0000,
    0x0000, 0x0000, 0x0000, 0x0000, 0x0000, 0x0000, 0x0000, 0x0000, 0x0000, 0x0000, 0x0000, 0x0000,
    0x0000, 0x0000, 0x0000, 0x0000, 0x0000, 0x0000, 0x0000, 0x7302, 0xFEC0, 0xFE00, 0xFE20, 0xFE20,
    0xFE20, 0xFE20, 0xFE20, 0xFE20, 0xFE40, 0xFE40, 0xFEA1, 0x72E4, 0x0000, 0x0000, 0x5289, 0xD699,
    0xF7BE, 0xE73C, 0xDEFB, 0xDEFB, 0xDEFB, 0xDEFB, 0xDEFB, 0xDEDB, 0xDEDB, 0xDEDB, 0xDEFB, 0xDEFB,
    0xDEFB, 0xDEFB, 0xDEFB, 0xDEDB, 0xDEDB, 0xDEDB, 0xDEDB, 0xDEDB, 0xDEDB, 0xDEFB, 0xDEFB, 0xDEDB,
    0xDEDB, 0xDEDB, 0xDEDB, 0xDEFB, 0xDEDB, 0xDEDB, 0xDEDB, 0xDEFB, 0xDEFB, 0xDEDB, 0xDEDB, 0xDEDB,
    0xDEDB, 0xDEDB, 0xDEDB, 0xDEDB, 0xDEFB, 0xDEDB, 0xDEDB, 0xDEDB, 0xDEDB, 0xDEDB, 0xDEFB, 0xDEFB,
    0xDEFB, 0xDEFB, 0xDEFB, 0xDEFB, 0xDEFC, 0xDEFC, 0xDEFB, 0xF79E, 0x6B4D, 0x0000, 0x0000, 0x0000,
    0x0000, 0x0000, 0x0000, 0x0000, 0x0000, 0x0000, 0x0000, 0x0000, 0x0000, 0x0000, 0x0000, 0x0000,
    0x0000, 0x0000, 0x0000, 0x0000, 0x0000, 0x0000, 0x0000, 0x0000, 0x0000, 0x0000, 0x0000, 0x0000,
    0xFE81, 0xFE20, 0xFE40, 0xFE20, 0xFE40, 0xFE20, 0xFE20, 0xFE40, 0xFE40, 0xFEC1, 0x72E3, 0x0000,
    0x0000, 0x83EF, 0xF79D, 0xE73C, 0xDEDB, 0xDEFB, 0xE71C, 0xE71B, 0xDEFB, 0xDEFB, 0xDEFB, 0xDEFB,
    0xDEFB, 0xDEFB, 0xDEFB, 0xDEFB, 0xDEFB, 0xDEFB, 0xDEFB, 0xDEDB, 0xDEDB, 0xDEDB, 0xDEDB, 0xDEDB,
    0xDEDB, 0xDEDB, 0xDEFB, 0xDEFB, 0xDEFB, 0xDEFB, 0xDEFB, 0xDEFB, 0xDEDB, 0xDEFB, 0xDEFB, 0xDEFB,
    0xDEDB, 0xDEDB, 0xDEFB, 0xDEDB, 0xDEDB, 0xDEDB, 0xDEDB, 0xDEFB, 0xDEFB, 0xDEDB, 0xDEDB, 0xDEDB,
    0xDEDB, 0xDEDB, 0xDEDB, 0xDEDB, 0xDEFB, 0xDEFB, 0xDEFB, 0xDEFB, 0xDEFC, 0xDEFB, 0xDEFB, 0xEF5D,
    0xB596, 0x0000, 0x0000, 0x0000, 0x0000, 0x0000, 0x0000, 0x0000, 0x0000, 0x0000, 0x0000, 0x0000,
    0x0000, 0x0000, 0x0000, 0x0000, 0x0000, 0x0000, 0x0000, 0x0000, 0x0000, 0x0000, 0x0000, 0x0000,
    0x0000, 0x0000, 0x0000, 0x0000, 0xC543, 0xFE80, 0xFE20, 0xFE40, 0xFE40, 0xFE40, 0xFE40, 0xFE40,
    0xFEC0, 0x93E4, 0x0000, 0x0000, 0x8C51, 0xFFBE, 0xDEFB, 0xDEFB, 0xE71C, 0xE71C, 0xDF1B, 0xDF1B,
    0xDEFB, 0xDEFB, 0xDEFB, 0xDEFB, 0xDEFB, 0xDEFB, 0xDEFB, 0xDEFB, 0xDEFB, 0xDEFB, 0xDEFB, 0xDEDB,
    0xDEDB, 0xDEDB, 0xDEDB, 0xDEDB, 0xDEDB, 0xDEFB, 0xDEFB, 0xDEFB, 0xDEFB, 0xDEFB, 0xDEFB, 0xDEFB,
    0xDEFB, 0xDEFB, 0xDEFB, 0xDEFB, 0xDEDB, 0xDEDB, 0xDEFB, 0xDEDB, 0xDEDB, 0xDEFB, 0xDEFB, 0xDEFB,
    0xDEFB, 0xDEDB, 0xDEDB, 0xDEDB, 0xDEDB, 0xDEDB, 0xDEDB, 0xDEDB, 0xDEDB, 0xDEFB, 0xDEFB, 0xDEFB,
    0xDEFB, 0xDEFB, 0xDEFB, 0xE71C, 0xDEDB, 0x0000, 0x0000, 0x0000, 0x0000, 0x0000, 0x0000, 0x0000,
    0x0000, 0x0000, 0x0000, 0x0000, 0x0000, 0x0000, 0x0000, 0x0000, 0x0000, 0x0000, 0x0000, 0x0000,
    0x0000, 0x0000, 0x0000, 0x0000, 0x0000, 0x0000, 0x0000, 0x0000, 0x5A83, 0xFEE1, 0xFE20, 0xFE40,
    0xFE40, 0xFE40, 0xFE20, 0xFEA0, 0xD5A3, 0x0000, 0x0000, 0x7BAE, 0xFFDE, 0xDEFB, 0xE71C, 0xE71B,
    0xDF1C, 0xDEFC, 0xDEFB, 0xDEFB, 0xDEFB, 0xDEFB, 0xDEFC, 0xDEFB, 0xDEFB, 0xDEDB, 0xDEDB, 0xDEFB,
    0xDEDB, 0xDEDB, 0xDEDB, 0xDEDB, 0xDEDB, 0xDEDB, 0xDEDB, 0xDEDB, 0xDEDB, 0xDEDB, 0xDEFB, 0xDEFB,
    0xDEFB, 0xDEFB, 0xDEFB, 0xDEFB, 0xDEFB, 0xDEFB, 0xDEDB, 0xDEDB, 0xDEDB, 0xDEFB, 0xDEFB, 0xDEFB,
    0xDEFB, 0xDEFB, 0xDEFB, 0xDEFB, 0xDEFB, 0xDEDB, 0xDEDB, 0xDEDB, 0xDEDB, 0xDEDB, 0xDEDB, 0xDEDB,
    0xDEDB, 0xDEFB, 0xDEFB, 0xDEFB, 0xDEFB, 0xDEFB, 0xDEFC, 0xDEFB, 0xEF7D, 0x3A08, 0x0000, 0x0000,
    0x0000, 0x0000, 0x0000, 0x0000, 0x0000, 0x0000, 0x0000, 0x0000, 0x0000, 0x0000, 0x0000, 0x0000,
    0x0000, 0x0000, 0x0000, 0x0000, 0x0000, 0x0000, 0x0000, 0x0000, 0x0000, 0x0000, 0x0000, 0x0000,
    0x0000, 0xD5A3, 0xFE80, 0xFE20, 0xFE40, 0xFE40, 0xFE40, 0xFEC1, 0x41E3, 0x0000, 0x4208, 0xF79D,
    0xDEFB, 0xDF1C, 0xDF1C, 0xDEFC, 0xDEFB, 0xDEFB, 0xDEFB, 0xDEFB, 0xDEFB, 0xDEFB, 0xDEFB, 0xDEFB,
    0xDEDB, 0xDEDB, 0xDEDB, 0xDEDB, 0xDEDB, 0xDEDB, 0xDEDB, 0xDEDB, 0xDEDB, 0xDEDB, 0xDEDB, 0xDEDB,
    0xDEDB, 0xDEDB, 0xDEFB, 0xDEFB, 0xDEFB, 0xDEFB, 0xDEFB, 0xDEDB, 0xDEFB, 0xDEFB, 0xDEDB, 0xDEDB,
    0xDEDB, 0xDEFB, 0xDEDB, 0xDEFB, 0xDEDB, 0xDEDB, 0xDEFB, 0xDEFB, 0xDEDB, 0xDEFB, 0xDEDB, 0xDEDB,
    0xDEDB, 0xDEDB, 0xDEDB, 0xDEDB, 0xDEDB, 0xDEFB, 0xDEFB, 0xDEFB, 0xDEFB, 0xDEFB, 0xDEFB, 0xDEFB,
    0xF79E, 0x632C, 0x0000, 0x0000, 0x0000, 0x0000, 0x0000, 0x0000, 0x0000, 0x0000, 0x0000, 0x0000,
    0x0000, 0x0000, 0x0000, 0x0000, 0x0000, 0x0000, 0x0000, 0x0000, 0x0000, 0x0000, 0x0000, 0x0000,
    0x0000, 0x0000, 0x0000, 0x0000, 0x0000, 0x41C2, 0xFEE1, 0xFE40, 0xFE40, 0xFE20, 0xFEC0, 0xB4C3,
    0x0000, 0x0000, 0xC638, 0xEF5D, 0xDEFB, 0xDEFB, 0xDEFB, 0xDEFB, 0xDEFB, 0xDEFB, 0xDEFB, 0xDEFB,
    0xDEFB, 0xDEFB, 0xDEDB, 0xDEDB, 0xDEDB, 0xDEDB, 0xDEDB, 0xDEDB, 0xDEDB, 0xDEDB, 0xDEDB, 0xDEDB,
    0xDEDB, 0xDEDB, 0xDEDB, 0xDEDB, 0xDEDB, 0xDEDB, 0xDEFB, 0xDEDB, 0xDEDB, 0xDEDB, 0xDEDB, 0xDEDB,
    0xDEDB, 0xDEDB, 0xDEDB, 0xDEDB, 0xDEDB, 0xDEFB, 0xDEDB, 0xDEDB, 0xDEDB, 0xDEDB, 0xDEFB, 0xDEDB,
    0xDEDB, 0xDEDB, 0xDEFB, 0xDEDB, 0xDEDB, 0xDEDB, 0xDEDB, 0xDEDB, 0xDEDB, 0xDEFB, 0xDEDB, 0xDEDB,
    0xDEFB, 0xDEFB, 0xDEFB, 0xDEFB, 0xF79E, 0x8430, 0x0000, 0x0000, 0x0000, 0x0000, 0x0000, 0x0000,
    0x0000, 0x0000, 0x0000, 0x0000, 0x0000, 0x0000, 0x0000, 0x0000, 0x0000, 0x0000, 0x0000, 0x0000,
    0x0000, 0x0000, 0x0000, 0x0000, 0x0000, 0x0000, 0x0000, 0x0000, 0x0000, 0x0000, 0x8383, 0xFF21,
    0xFE20, 0xFE40, 0xFEC1, 0x41E3, 0x0000, 0x630B, 0xF79E, 0xDEDB, 0xDF1B, 0xDEFC, 0xDEFB, 0xDEFB,
    0xDEFB, 0xDEFB, 0xDEFB, 0xDEFB, 0xDEFB, 0xDEFB, 0xDEDB, 0xDEDB, 0xDEDB, 0xDEDA, 0xDEDB, 0xDEDB,
    0xDEDB, 0xDEDB, 0xDEDB, 0xDEDB, 0xDEDB, 0xDEFB, 0xDEFB, 0xDEDB, 0xDEFB, 0xDEFB, 0xDEDB, 0xDEFB,
    0xDEFB, 0xDEFB, 0xDEDB, 0xDEDB, 0xDEDB, 0xDEDB, 0xDEDB, 0xDEDB, 0xDEDB, 0xDEDB, 0xDEFB, 0xDEDB,
    0xDEFB, 0xDEDB, 0xDEDB, 0xDEDB, 0xDEDB, 0xDEDB, 0xDEDB, 0xDEDB, 0xDEDB, 0xDEDB, 0xDEDB, 0xDEDB,
    0xDEDB, 0xDEDB, 0xDEDB, 0xDEFB, 0xDEFB, 0xDEFB, 0xDEFB, 0xDEFC, 0xEF9E, 0x9CD3, 0x0000, 0x0000,
    0x0000, 0x0000, 0x0000, 0x0000, 0x0000, 0x0000, 0x0000, 0x0000, 0x0000, 0x0000, 0x0000, 0x0000,
    0x0000, 0x0000, 0x0000, 0x0000, 0x0000, 0x0000, 0x0000, 0x0000, 0x0000, 0x0000, 0x0000, 0x0000,
    0x0000, 0x0000, 0x0000, 0xACA3, 0xFF21, 0xFE80, 0xD581, 0x0000, 0x0000, 0xBDF7, 0xE75C, 0xDEFB,
    0xDEFB, 0xDEFB, 0xDEFB, 0xDEFB, 0xDEFB, 0xDEFB, 0xDEFB, 0xDEFB, 0xDEFB, 0xDEFB, 0xDEDB, 0xDEDB,
    0xDEDB, 0xDEDB, 0xDEDB, 0xDEDB, 0xDEDB, 0xDEDB, 0xDEDB, 0xDEDB, 0xDEFB, 0xDEFB, 0xDEFB, 0xDEFB,
    0xDEFB, 0xDEFB, 0xDEFB, 0xDEFB, 0xDEFB, 0xDEFB, 0xDEFB, 0xDEFB, 0xDEFB, 0xDEFB, 0xDEDB, 0xDEDB,
    0xDEDB, 0xDEDB, 0xDEDB, 0xDEDB, 0xDEDB, 0xDEFB, 0xDEFB, 0xDEFB, 0xDEFB, 0xDEFB, 0xDEFB, 0xDEFB,
    0xDEDB, 0xDEDB, 0xDEDB, 0xDEDB, 0xDEFB, 0xDEFB, 0xDEFB, 0xDEFB, 0xDEFB, 0xDEFB, 0xDEFC, 0xDEFB,
    0xEF9E, 0xA514, 0x0000, 0x0000, 0x0000, 0x0000, 0x0000, 0x0000, 0x0000, 0x0000, 0x0000, 0x0000,
    0x0000, 0x0000, 0x0000, 0x0000, 0x0000, 0x0000, 0x0000, 0x0000, 0x0000, 0x0000, 0x0000, 0x0000,
    0x0000, 0x0000, 0x0000, 0x0000, 0x0000, 0x0000, 0x0000, 0x0000, 0x9402, 0xFFC2, 0x9402, 0x0000,
    0x0000, 0xE73C, 0xDEFB, 0xDEFB, 0xDEFB, 0xDEFB, 0xDEFB, 0xDEFB, 0xDEFB, 0xDEFB, 0xDEDB, 0xDEFB,
    0xDEFB, 0xDEDB, 0xDEDB, 0xDEDB, 0xDEDB, 0xDEDB, 0xDEDB, 0xDEDB, 0xDEDB, 0xDEDB, 0xDEDB, 0xDEFB,
    0xDEDB, 0xDEFB, 0xDEDB, 0xDEFB, 0xDEFB, 0xDEFB, 0xDEFB, 0xDEFB, 0xDEFB, 0xDEFB, 0xDEDB, 0xDEDB,
    0xDEFB, 0xDEDB, 0xDEDB, 0xDEDB, 0xDEDB, 0xDEDB, 0xDEDB, 0xDEDB, 0xDEDB, 0xDEDB, 0xDEDB, 0xDEDB,
    0xDEFB, 0xDEFB, 0xDEDB, 0xDEDB, 0xDEDB, 0xDEDB, 0xDEDB, 0xDEDB, 0xDEDB, 0xDEDB, 0xDEDB, 0xDEFB,
    0xDEFB, 0xDEFB, 0xDEFC, 0xDEFB, 0xEF7E, 0xA534, 0x0000, 0x0000, 0x0000, 0x0000, 0x0000, 0x0000,
    0x0000, 0x0000, 0x0000, 0x0000, 0x0000, 0x0000, 0x0000, 0x0000, 0x0000, 0x0000, 0x0000, 0x0000,
    0x0000, 0x0000, 0x0000, 0x0000, 0x0000, 0x0000, 0x0000, 0x0000, 0x0000, 0x0000, 0x0000, 0x0000,
    0x0000, 0x6B03, 0x4A23, 0x0000, 0x6B4C, 0xF79E, 0xDEDB, 0xDEFB, 0xDEFB, 0xDEFB, 0xDEFB, 0xDEFB,
    0xDEFB, 0xDEFB, 0xDEFB, 0xDEDB, 0xDEDB, 0xDEDB, 0xDEDB, 0xDEDB, 0xDEDB, 0xDEDB, 0xDEDB, 0xDEDA,
    0xDEDB, 0xDEDB, 0xDEDB, 0xDEFB, 0xDEFB, 0xDEFB, 0xDEFB, 0xDEFB, 0xDEFB, 0xDEFB, 0xDEFB, 0xDEFB,
    0xDEFB, 0xDEFB, 0xDEFB, 0xDEDB, 0xDEDB, 0xDEDB, 0xDEFB, 0xDEDB, 0xDEDB, 0xDEDB, 0xDEDB, 0xDEDB,
    0xDEDB, 0xDEDB, 0xDEDB, 0xDEDB, 0xDEDB, 0xDEFB, 0xDEFB, 0xDEFB, 0xDEDB, 0xDEDB, 0xDEFB, 0xDEDB,
    0xDEDB, 0xDEFB, 0xDEFB, 0xDEFB, 0xDEFC, 0xDEFB, 0xDEFC, 0xDEFB, 0xEF7D, 0xA534, 0x0000, 0x0000,
    0x0000, 0x0000, 0x0000, 0x0000, 0x0000, 0x0000, 0x0000, 0x0000, 0x0000, 0x0000, 0x0000, 0x0000,
    0x0000, 0x0000, 0x0000, 0x0000, 0x0000, 0x0000, 0x0000, 0x0000, 0x5A62, 0xD5A3, 0x9382, 0x0000,
    0x0000, 0x0000, 0x0000, 0x0000, 0x0000, 0x0000, 0x0000, 0x0000, 0x8C71, 0xF79D, 0xDEDB, 0xDEFB,
    0xDEFB, 0xDEFB, 0xDEFB, 0xDEDB, 0xDEDB, 0xDEDB, 0xDEFB, 0xDEDB, 0xDEDB, 0xDEDB, 0xDEDB, 0xDEDB,
    0xDEDB, 0xDEDB, 0xDEDB, 0xDEDB, 0xDEDB, 0xDEDB, 0xDEFB, 0xDEFB, 0xDEFB, 0xDEFB, 0xDEFB, 0xDEDB,
    0xDEDB, 0xDEFB, 0xDEFB, 0xDEFB, 0xDEFB, 0xDEFB, 0xDEFB, 0xDEFB, 0xDEFB, 0xDEFB, 0xDEFB, 0xDEDB,
    0xDEDB, 0xDEDB, 0xDEDB, 0xDEDB, 0xDEDB, 0xDEDB, 0xDEDB, 0xDEFB, 0xDEFB, 0xDEFB, 0xDEFB, 0xDEFB,
    0xDEFB, 0xDEFB, 0xDEDB, 0xDEFB, 0xDEFB, 0xDEFB, 0xDEFB, 0xDEFB, 0xDEFC, 0xDEFC, 0xDEFC, 0xDEFB,
    0xEF7E, 0xA513, 0x0000, 0x0000, 0x0000, 0x0000, 0x0000, 0x0000, 0x0000, 0x0000, 0x0000, 0x0000,
    0x0000, 0x0000, 0x0000, 0x0000, 0x0000, 0x0000, 0x0000, 0x0000, 0x0000, 0x0000, 0x0000, 0x93E3,
    0xFE81, 0xFE00, 0xFEA0, 0x5A61, 0x0000, 0x0000, 0x0000, 0x0000, 0x0000, 0x0000, 0x0000, 0x6B4C,
    0xCE79, 0xE71C, 0xDEFB, 0xDEFB, 0xDEFB, 0xDEFB, 0xDEFB, 0xDEDB, 0xDEDB, 0xDEDB, 0xDEDB, 0xDEDB,
    0xDEDB, 0xDEDB, 0xDEDB, 0xDEDB, 0xDEDB, 0xDEDB, 0xDEDB, 0xDEDB, 0xDEDB, 0xDEDB, 0xDEDB, 0xDEFB,
    0xDEDB, 0xDEDB, 0xDEDB, 0xDEDB, 0xDEFB, 0xDEDB, 0xDEFB, 0xDEFB, 0xDEFB, 0xDEFB, 0xDEFB, 0xDEFB,
    0xDEFB, 0xDEFB, 0xDEDB, 0xDEDB, 0xDEDB, 0xDEDB, 0xDEDB, 0xDEDB, 0xDEDB, 0xDEDB, 0xDEFB, 0xDEFB,
    0xDEFB, 0xDEFB, 0xDEFB, 0xDEFB, 0xDEFB, 0xDEFB, 0xDEFB, 0xDEDB, 0xDEDB, 0xDEFB, 0xDEDB, 0xDEFB,
    0xDEFB, 0xDEFB, 0xDEFC, 0xDEFC, 0xE71C, 0xDEDA, 0x73AE, 0x0000, 0x0000, 0x0000, 0x0000, 0x0000,
    0x0000, 0x0000, 0x0000, 0x0000, 0x0000, 0x0000, 0x0000, 0x0000, 0x0000, 0x0000, 0x0000, 0x0000,
    0x0000, 0x0000, 0xC502, 0xFE80, 0xF5E0, 0xFE60, 0xEDE1, 0x0000, 0x0000, 0x0000, 0x0000, 0x0000,
    0x0000, 0x73AE, 0xDEDA, 0xF79E, 0xE71C, 0xDEFB, 0xDEFB, 0xDEFB, 0xDEDB, 0xDEDB, 0xDEDB, 0xDEDB,
    0xDEDB, 0xDEDB, 0xDEDB, 0xDEDA, 0xDEDB, 0xDEDB, 0xDEDB, 0xDEFB, 0xDEFB, 0xDEDB, 0xDEDB, 0xDEDB,
    0xDEDB, 0xDEDB, 0xDEDB, 0xDEFB, 0xDEFB, 0xDEDB, 0xDEFB, 0xDEFB, 0xDEDB, 0xDEFB, 0xDEFB, 0xDEFB,
    0xDEFB, 0xDEFB, 0xDEFB, 0xDEFB, 0xDEFB, 0xDEFB, 0xDEFB, 0xDEFB, 0xDEDB, 0xDEDB, 0xDEDB, 0xDEDB,
    0xDEFB, 0xDEFB, 0xDEFB, 0xDEFB, 0xDEFB, 0xDEFB, 0xDEFB, 0xDEFB, 0xDEFB, 0xDEFB, 0xDEFB, 0xDEDB,
    0xDEDB, 0xDEDB, 0xDEDB, 0xDEDB, 0xDEFB, 0xDEFB, 0xDEFB, 0xDEFC, 0xDEFC, 0xE73C, 0xF7BE, 0xD6BA,
    0x528A, 0x0000, 0x0000, 0x0000, 0x0000, 0x0000, 0x0000, 0x0000, 0x0000, 0x0000, 0x0000, 0x0000,
    0x0000, 0x0000, 0x0000, 0x0000, 0x49E2, 0xEE02, 0xFE80, 0xF5E0, 0xFE80, 0xDDE2, 0x0000, 0x0000,
    0x0000, 0x0000, 0x0000, 0x0000, 0xC638, 0xF79E, 0xE71C, 0xDEDB, 0xDEFB, 0xDEFB, 0xDEFB, 0xDEDB,
    0xDEDB, 0xDEDB, 0xDEDB, 0xDEDB, 0xDEDB, 0xDEDB, 0xDEDA, 0xDEDB, 0xDEDB, 0xDEDB, 0xDEDB, 0xDEFB,
    0xDEDB, 0xDEDB, 0xDEDB, 0xDEDB, 0xDEDB, 0xDEFB, 0xDEFB, 0xDEFB, 0xDEFB, 0xDEFB, 0xDEFB, 0xDEFB,
    0xDEFB, 0xDEDB, 0xDEFB, 0xDEFB, 0xDEFB, 0xDEFB, 0xDEFB, 0xDEFB, 0xDEFB, 0xDEFB, 0xDEFB, 0xDEFB,
    0xDEDB, 0xDEDB, 0xDEFB, 0xDEFB, 0xDEFB, 0xDEFB, 0xDEFB, 0xDEFC, 0xDEFB, 0xDEFB, 0xDEFB, 0xDEFB,
    0xDEFB, 0xDEFB, 0xDEFB, 0xDEFB, 0xDEDB, 0xDEFB, 0xDEDB, 0xDEDB, 0xDEDB, 0xDEFB, 0xDEFB, 0xDEFB,
    0xDF1C, 0xDF1C, 0xDEFB, 0xEF5D, 0xF7BE, 0x8C30, 0x0000, 0x0000, 0x0000, 0x0000, 0x0000, 0x0000,
    0x0000, 0x0000, 0x0000, 0x0000, 0x0000, 0x0000, 0x0000, 0x6AE3, 0xFE82, 0xFE40, 0xF600, 0xFEC0,
    0xC522, 0x0000, 0x0000, 0x0000, 0x0000, 0x0000, 0x4A49, 0xE73C, 0xEF5D, 0xDEDB, 0xDEFB, 0xDF1B,
    0xDEFB, 0xDEFB, 0xDEDB, 0xDEDB, 0xDEDB, 0xDEDB, 0xDEDB, 0xDEDB, 0xDEDB, 0xDEDA, 0xDEDA, 0xDEDA,
    0xDEDA, 0xDEDB, 0xDEDB, 0xDEDB, 0xDEDB, 0xDEDB, 0xDEDB, 0xDEDB, 0xDEDB, 0xDEFB, 0xDEFB, 0xDEFB,
    0xDEFB, 0xDEFB, 0xDEFB, 0xDEFB, 0xDEFB, 0xDEFB, 0xDEFB, 0xDEFB, 0xDEFB, 0xDEFB, 0xDEFB, 0xDEFB,
    0xDEFB, 0xDEFB, 0xDEFB, 0xDEFB, 0xDEFB, 0xDEDB, 0xDEFB, 0xDEFB, 0xDEFB, 0xDEFB, 0xDEFB, 0xDEFB,
    0xDEFB, 0xDEFB, 0xDEFB, 0xDEFB, 0xDEFB, 0xDEFB, 0xDEFB, 0xDEFB, 0xDEFB, 0xDEDB, 0xDEDB, 0xDEDB,
    0xDEDB, 0xDEFB, 0xDEFB, 0xDEFB, 0xDEFC, 0xDF1C, 0xE71C, 0xE71C, 0xE71B, 0xFFDF, 0x9CD2, 0x0000,
    0x0000, 0x0000, 0x0000, 0x0000, 0x0000, 0x0000, 0x0000, 0x0000, 0x0000, 0x0000, 0x41E2, 0xFEE1,
    0xFE00, 0xFE20, 0xFEE1, 0xA463, 0x0000, 0x0000, 0x0000, 0x0000, 0x0000, 0x39E7, 0xEF7D, 0xE71C,
    0xDEFB, 0xDF1B, 0xDEFC, 0xDEFB, 0xDEFB, 0xDEFB, 0xDEDB, 0xDEDB, 0xDEDB, 0xDEDB, 0xDEDB, 0xDEDB,
    0xDEDA, 0xDEDA, 0xDEDB, 0xDEDB, 0xDEDA, 0xDEDB, 0xDEDB, 0xDEDB, 0xDEDB, 0xDEDB, 0xDEFB, 0xDEFB,
    0xDEDB, 0xDEFB, 0xDEFB, 0xDEFC, 0xDEFB, 0xDEFB, 0xDEFB, 0xDEFB, 0xDEFB, 0xDEFB, 0xDEFB, 0xDEFB,
    0xDEFB, 0xDEFB, 0xDEFB, 0xDEFB, 0xDEFB, 0xDEFB, 0xDEFB, 0xDEFB, 0xDEFB, 0xDEFB, 0xDEFB, 0xDEFB,
    0xDEFB, 0xDEFB, 0xDEFB, 0xDEFB, 0xDEFB, 0xDEFB, 0xDEFB, 0xDEFB, 0xDEFB, 0xDEFB, 0xDEFB, 0xDEFB,
    0xDEDB, 0xDEDB, 0xDEDB, 0xDEDB, 0xDEDB, 0xDEDB, 0xDEFB, 0xDEFB, 0xDEFB, 0xDF1C, 0xE71C, 0xE71C,
    0xE73C, 0xDEFC, 0xFFDE, 0x8430, 0x0000, 0x0000, 0x0000, 0x0000, 0x0000, 0x0000, 0x0000, 0x0000,
    0x0000, 0x0000, 0x39A2, 0xFEE1, 0xFEC0, 0xFEC1, 0x7322, 0x0000, 0x0000, 0x0000, 0x0000, 0x0000,
    0x0000, 0xDEFB, 0xE73C, 0xDEFB, 0xDF1C, 0xDEFB, 0xDEFB, 0xDEFB, 0xDEFB, 0xDEDB, 0xDEDB, 0xDEDB,
    0xDEDA, 0xDEDB, 0xDEDB, 0xDEDB, 0xDEDB, 0xDEDA, 0xDEDB, 0xDEDB, 0xDEDB, 0xDEBA, 0xDEDB, 0xDEDA,
    0xDEDB, 0xDEDB, 0xDEDB, 0xDEDB, 0xDEFB, 0xDEFB, 0xDEFB, 0xDEFB, 0xDEFB, 0xDEFB, 0xDEFB, 0xDEFB,
    0xDEFB, 0xDEDB, 0xDEDB, 0xDEFB, 0xDEDB, 0xDEFB, 0xDEFB, 0xDEFB, 0xDEFB, 0xDEFB, 0xDEFB, 0xDEFB,
    0xDEFB, 0xDEFC, 0xDEFB, 0xDEFB, 0xDEFB, 0xDEFB, 0xDEFB, 0xDEFB, 0xDEFB, 0xDEFB, 0xDEFB, 0xDEFB,
    0xDEFB, 0xDEFB, 0xDEFB, 0xDEFB, 0xDEFB, 0xDEFB, 0xDEDB, 0xDEDB, 0xDEDB, 0xDEFB, 0xDEFB, 0xDEFB,
    0xDEFB, 0xDEFB, 0xDF1C, 0xE71C, 0xE71C, 0xE71C, 0xE71C, 0xF7BE, 0x5289, 0x0000, 0x0000, 0x0000,
    0x0000, 0x0000, 0x0000, 0x0000, 0x0000, 0x0000, 0x0000, 0x5A82, 0xAD02, 0x41C1, 0x0000, 0x0000,
    0x0000, 0x0000, 0x0000, 0x0000, 0xA513, 0xF79E, 0xDEFB, 0xDF1C, 0xDEFB, 0xDEFB, 0xDEFB, 0xDEFB,
    0xDEDB, 0xDEDB, 0xDEDB, 0xDEDB, 0xDEDB, 0xDEDB, 0xDEDB, 0xDEDB, 0xDEDB, 0xDEDB, 0xDEDB, 0xDEDA,
    0xDEDA, 0xDEDA, 0xDEDA, 0xDEDA, 0xDEDB, 0xDEDB, 0xDEFB, 0xDEDB, 0xDEFB, 0xDEFB, 0xDEFB, 0xDEFB,
    0xDEFB, 0xDEFB, 0xDEDB, 0xDEDB, 0xDEDB, 0xDEDB, 0xDEDB, 0xDEDB, 0xDEDB, 0xDEFB, 0xDEFB, 0xDEFB,
    0xDEFB, 0xDEFB, 0xDEFB, 0xDEFB, 0xDEFB, 0xDEFB, 0xDEFC, 0xDEFB, 0xDEFB, 0xDEFB, 0xDEFB, 0xDEFB,
    0xDEDB, 0xDEFB, 0xDEFB, 0xDEFB, 0xDEFB, 0xDEFB, 0xDEFB, 0xDEFB, 0xDEFB, 0xDEFB, 0xDEFB, 0xDEFB,
    0xDEDB, 0xDEFB, 0xDEFB, 0xDEFB, 0xDEFB, 0xDEFB, 0xDEFB, 0xDF1B, 0xE71C, 0xE71C, 0xE71C, 0xE75D,
    0xD6BA, 0x0000, 0x0000, 0x0000, 0x0000, 0x0000, 0x0000, 0x0000, 0x0000, 0x0000, 0x0000, 0x0000,
    0x0000, 0x0000, 0x0000, 0x0000, 0x0000, 0x0000, 0x0000, 0x39E7, 0xF79D, 0xDEFB, 0xDF1C, 0xDEFC,
    0xDEFB, 0xDEFB, 0xDEFB, 0xDEDB, 0xDEDB, 0xDEDB, 0xDEDB, 0xDEDB, 0xDEDB, 0xDEDB, 0xDEDB, 0xDEDB,
    0xDEDB, 0xDEDB, 0xDEDB, 0xDEDB, 0xDEDB, 0xDEDB, 0xDEDB, 0xDEDB, 0xDEDB, 0xDEDB, 0xDEDB, 0xDEFB,
    0xDEFB, 0xDEFB, 0xDEFB, 0xDEFB, 0xDEFB, 0xDEFB, 0xDEDB, 0xDEDB, 0xDEDB, 0xDEDB, 0xDEDB, 0xDEDB,
    0xDEDB, 0xDEDB, 0xDEFB, 0xDEFB, 0xDEFB, 0xDEFB, 0xDEFB, 0xDEFB, 0xDEFB, 0xDEFB, 0xDEFB, 0xDEFB,
    0xDEFB, 0xDEFB, 0xDEDB, 0xDEFB, 0xDEFB, 0xDEFB, 0xDEFB, 0xDEFB, 0xDEFB, 0xDEFB, 0xDEFB, 0xDEFB,
    0xDEFB, 0xDEFB, 0xDEFB, 0xDEFB, 0xDEFB, 0xDEFB, 0xDEFB, 0xDEFB, 0xDEFB, 0xDEFB, 0xDEFB, 0xDEFC,
    0xDF1C, 0xE71C, 0xE71C, 0xDEFB, 0xF7BE, 0x7BAE, 0x0000, 0x0000, 0x0000, 0x0000, 0x0000, 0x0000,
    0x0000, 0x0000, 0x0000, 0x0000, 0x0000, 0x0000, 0x0000, 0x0000, 0x0000, 0x0000, 0x0000, 0xAD54,
    0xEF7D, 0xDEFB, 0xDF1C, 0xDEFB, 0xDEFB, 0xDEFB, 0xDEDB, 0xDEDB, 0xDEDB, 0xDEDB, 0xDEDB, 0xDEDB,
    0xDEDB, 0xDEDB, 0xDEDB, 0xDEDB, 0xDEDB, 0xDEDB, 0xDEDB, 0xDEDB, 0xDEDB, 0xDEDB, 0xDEDB, 0xDEDB,
    0xDEFB, 0xDEFB, 0xDEFB, 0xDEFB, 0xDEFB, 0xDEFB, 0xDEFB, 0xDEFB, 0xDEFB, 0xDEFB, 0xDEDB, 0xDEDB,
    0xDEDB, 0xDEDB, 0xDEDB, 0xDEDB, 0xDEDB, 0xDEDB, 0xDEDB, 0xDEFB, 0xDEFB, 0xDEFB, 0xDEFB, 0xDEFB,
    0xDEFB, 0xDEFB, 0xDEFB, 0xDEFB, 0xDEFB, 0xDEFB, 0xDEFB, 0xDEFB, 0xDEFB, 0xDEFB, 0xDEFB, 0xDEFB,
    0xDEFB, 0xDEFB, 0xDEFB, 0xDEFB, 0xDEFB, 0xDEFB, 0xDEFB, 0xDEFB, 0xDEFB, 0xDEFB, 0xDEFB, 0xDEFB,
    0xDEFB, 0xDEFB, 0xDEFB, 0xDEFC, 0xDEFC, 0xE71C, 0xE71C, 0xDF1C, 0xE75D, 0xCE79, 0x0000, 0x0000,
    0x0000, 0x0000, 0x0000, 0x0000, 0x0000, 0x0000, 0x0000, 0x0000, 0x0000, 0x0000, 0x0000, 0x0000,
    0x0000, 0x0000, 0x0000, 0xE71C, 0xE71C, 0xDF1C, 0xDEFB, 0xDEFB, 0xDEFB, 0xDEFB, 0xDEDB, 0xDEDB,
    0xDEDB, 0xDEDB, 0xDEDB, 0xDEDB, 0xDEDB, 0xDEDB, 0xDEDB, 0xDEDB, 0xDEDB, 0xDEDB, 0xDEDB, 0xDEDB,
    0xDEDB, 0xDEDB, 0xDEDB, 0xDEDB, 0xDEDB, 0xDEFB, 0xDEFB, 0xDEFB, 0xDEFB, 0xDEFB, 0xDEFB, 0xDEFB,
    0xDEFB, 0xDEFB, 0xDEDB, 0xDEDB, 0xDEDB, 0xDEDB, 0xDEDB, 0xDEDB, 0xDEDB, 0xDEDB, 0xDEDB, 0xDEDB,
    0xDEDB, 0xDEFB, 0xDEFB, 0xDEFB, 0xDEFB, 0xDEFB, 0xDEFB, 0xDEFB, 0xDEFB, 0xDEDB, 0xDEDB, 0xDEFB,
    0xDEFB, 0xDEFB, 0xDEFB, 0xDEFC, 0xDEFB, 0xDEFC, 0xDEFB, 0xDEFB, 0xDEFB, 0xDEFB, 0xDEFB, 0xDEFB,
    0xDEFB, 0xDEFB, 0xDEFB, 0xDEFB, 0xDEFB, 0xDEFB, 0xDEFB, 0xDEFB, 0xDEFC, 0xDF1C, 0xE71C, 0xE71C,
    0xDF1C, 0xEF7D, 0x4208, 0x0000, 0x0000, 0x0000, 0x0000, 0x0000, 0x0000, 0x0000, 0x0000, 0x0000,
    0x0000, 0x0000, 0x0000, 0x0000, 0x0000, 0x0000, 0x5ACB, 0xF79E, 0xDEFB, 0xDF1C, 0xDEFB, 0xDEFB,
    0xDEFB, 0xDEFB, 0xDEDB, 0xDEDB, 0xDEDB, 0xDEDB, 0xDEDB, 0xDEDB, 0xDEDB, 0xDEDB, 0xDEDB, 0xDEDB,
    0xDEFB, 0xDEDB, 0xDEFB, 0xDEDB, 0xDEDB, 0xDEFB, 0xDEDB, 0xDEDB, 0xDEFB, 0xDEFB, 0xDEFB, 0xDEFB,
    0xDEFB, 0xDEFB, 0xDEFB, 0xDEFB, 0xDEFB, 0xDEFB, 0xDEDB, 0xDEDB, 0xDEDB, 0xDEDB, 0xDEDB, 0xDEDB,
    0xDEDB, 0xDEDB, 0xDEDB, 0xDEDB, 0xDEDB, 0xDEFB, 0xDEFB, 0xDEFB, 0xDEFB, 0xDEDB, 0xDEDB, 0xDEFB,
    0xDEDB, 0xDEDB, 0xDEDB, 0xDEFB, 0xDEFB, 0xDEFB, 0xDEFB, 0xDEFB, 0xDEFB, 0xDEFB, 0xDEFB, 0xDEFB,
    0xDEFB, 0xDEFB, 0xDEFB, 0xDEFB, 0xDEFB, 0xDEFB, 0xDEFB, 0xDEFB, 0xDEFB, 0xDEFB, 0xDEFB, 0xDEFB,
    0xDEFC, 0xDF1C, 0xDF1C, 0xE71C, 0xDEFB, 0xF79E, 0x7BEF, 0x0000, 0x0000, 0x0000, 0x0000, 0x0000,
    0x0000, 0x0000, 0x0000, 0x0000, 0x0000, 0x0000, 0x0000, 0x0000, 0x0000, 0x0000, 0x8C51, 0xF79D,
    0xDEFB, 0xDEFB, 0xDEFB, 0xDEFB, 0xDEFB, 0xDEFB, 0xDEDB, 0xDEDB, 0xDEDB, 0xDEDB, 0xDEDB, 0xDEDB,
    0xDEDB, 0xDEDB, 0xDEFB, 0xDEFB, 0xDEFB, 0xDEFB, 0xDEFB, 0xDEFB, 0xDEFB, 0xDEFB, 0xDEFB, 0xDEFB,
    0xDEFB, 0xDEFB, 0xDEFB, 0xDEFB, 0xDEFB, 0xDEFB, 0xDEFB, 0xDEFB, 0xDEFB, 0xDEDB, 0xDEDB, 0xDEDB,
    0xDEDB, 0xDEDB, 0xDEDB, 0xDEDB, 0xDEDB, 0xDEDB, 0xDEDB, 0xDEDB, 0xDEDB, 0xDEFB, 0xDEFB, 0xDEDB,
    0xDEDB, 0xDEDB, 0xDEDB, 0xDEDB, 0xDEDB, 0xDEFB, 0xDEFB, 0xDEDB, 0xDEFB, 0xDEFB, 0xDEFB, 0xDEFB,
    0xDEFB, 0xDEFB, 0xDEFB, 0xDEFB, 0xDEFB, 0xDEFB, 0xDEFB, 0xDEFB, 0xDEFB, 0xDEFB, 0xDEFB, 0xDEFB,
    0xDEFB, 0xDEFB, 0xDEFB, 0xDEFB, 0xDEFC, 0xDEFC, 0xDF1C, 0xE71C, 0xDEFC, 0xEF7D, 0xA534, 0x0000,
    0x0000, 0x0000, 0x0000, 0x0000, 0x0000, 0x0000, 0x0000, 0x0000, 0x0000, 0x0000, 0x0000, 0x0000,
    0x0000, 0x0000, 0xAD54, 0xEF7D, 0xDEFB, 0xDEFB, 0xDEFB, 0xDEFB, 0xDEFB, 0xDEFB, 0xDEFB, 0xDEDB,
    0xDEDB, 0xDEDB, 0xDEDB, 0xDEDB, 0xDEFB, 0xDEDB, 0xDEDB, 0xDEFB, 0xDEFB, 0xDEFB, 0xDEFB, 0xDEFB,
    0xDEFB, 0xDEFB, 0xDEFC, 0xDEFB, 0xDEFB, 0xDEFB, 0xDEFB, 0xDEFB, 0xDEFB, 0xDEFB, 0xDEFB, 0xDEFB,
    0xDEFB, 0xDEDB, 0xDEDB, 0xDEDB, 0xDEDB, 0xDEDB, 0xDEDB, 0xDEDB, 0xDEDB, 0xDEDB, 0xDEDB, 0xDEDB,
    0xDEDB, 0xDEDB, 0xDEDB, 0xDEDB, 0xDEDB, 0xDEDB, 0xDEDB, 0xDEDB, 0xDEDB, 0xDEDB, 0xDEFB, 0xDEFB,
    0xDEFB, 0xDEFB, 0xDEFB, 0xDEFB, 0xDEFB, 0xDEFB, 0xDEFB, 0xDEFB, 0xDEFB, 0xDEFB, 0xDEFB, 0xDEFB,
    0xDEFB, 0xDEFB, 0xDEFB, 0xDEFB, 0xDEFB, 0xDEFB, 0xDEFB, 0xDEFB, 0xDEFB, 0xDEFB, 0xDF1C, 0xDF1C,
    0xDF1C, 0xEF7D, 0xBDF7, 0x0000, 0x0000, 0x0000, 0x0000, 0x0000, 0x0000, 0x0000, 0x0000, 0x0000,
    0x0000, 0x0000, 0x0000, 0x0000, 0x0000, 0x0000, 0xB5B6, 0xEF5D, 0xDEFB, 0xDEFB, 0xDEFB, 0xDEFB,
    0xDEFB, 0xDEFB, 0xDEFB, 0xDEFB, 0xDEDB, 0xDEDB, 0xDEDB, 0xDEFB, 0xDEFB, 0xDEFB, 0xDEFB, 0xDEFB,
    0xDEFB, 0xDEFB, 0xDEFB, 0xDEFB, 0xDEFB, 0xDEFB, 0xDEFB, 0xDEFB, 0xDEFB, 0xDEFB, 0xDEFB, 0xDEFB,
    0xDEFB, 0xDEFB, 0xDEFB, 0xDEFB, 0xDEFB, 0xDEFB, 0xDEFB, 0xDEDB, 0xDEDB, 0xDEFB, 0xDEFB, 0xDEFB,
    0xDEDB, 0xDEDB, 0xDEDB, 0xDEDB, 0xDEDB, 0xDEDB, 0xDEFB, 0xDEFB, 0xDEDB, 0xDEDB, 0xDEDB, 0xDEDB,
    0xDEDB, 0xDEDB, 0xDEFB, 0xDEFB, 0xDEFB, 0xDEFB, 0xDEFB, 0xDEFB, 0xDEFB, 0xDEFB, 0xDEFC, 0xDEFC,
    0xDEFB, 0xDEFB, 0xDEFB, 0xDEFB, 0xDEFB, 0xDEFB, 0xDEFB, 0xDEFB, 0xDEFB, 0xDEFB, 0xDEFB, 0xDEFB,
    0xDEFB, 0xDEFC, 0xDEFC, 0xDF1C, 0xDF1C, 0xEF5D, 0xC638, 0x0000, 0x0000, 0x0000, 0x0000, 0x0000,
    0x0000, 0x0000, 0x0000, 0x0000, 0x0000, 0x0000, 0x0000, 0x0000, 0x0000, 0x0000, 0xB5B6, 0xEF5D,
    0xDEFB, 0xDEFB, 0xDEFB, 0xDEFB, 0xDEFB, 0xDEDB, 0xDEDB, 0xDEDB, 0xDEDB, 0xDEDB, 0xDEDB, 0xDEDB,
    0xDEDB, 0xDEDB, 0xDEFB, 0xDEFB, 0xDEFB, 0xDEFB, 0xDEFB, 0xDEFB, 0xDEFB, 0xDEFB, 0xDEFB, 0xDEFB,
    0xDEFB, 0xDEFB, 0xDEFB, 0xDEFB, 0xDEFB, 0xDEFB, 0xDEFB, 0xDEFB, 0xDEFB, 0xDEFB, 0xDEFB, 0xDEFB,
    0xDEFB, 0xDEFB, 0xDEFB, 0xDEFB, 0xDEFB, 0xDEFB, 0xDEFB, 0xDEFB, 0xDEDB, 0xDEDB, 0xDEDB, 0xDEDB,
    0xDEDB, 0xDEDB, 0xDEFB, 0xDEDB, 0xDEDB, 0xDEDB, 0xDEDB, 0xDEFB, 0xDEFB, 0xDEFB, 0xDEFB, 0xDEFB,
    0xDEFB, 0xDEFB, 0xDEFB, 0xDEFB, 0xDEFB, 0xDEFB, 0xDEFC, 0xDEFB, 0xDEFB, 0xDEFB, 0xDEFB, 0xDEFB,
    0xDEFB, 0xDEFB, 0xDEFB, 0xDEFB, 0xDEFB, 0xDEFC, 0xDEFC, 0xDF1C, 0xDF1C, 0xEF5D, 0xC638, 0x0000,
    0x0000, 0x0000, 0x0000, 0x0000, 0x0000, 0x0000, 0x0000, 0x0000, 0x0000, 0x0000, 0x0000, 0x0000,
    0x0000, 0x0000, 0xAD54, 0xEF7D, 0xDEFB, 0xDEFB, 0xDEFB, 0xDEFB, 0xDEDB, 0xDEDB, 0xDEDB, 0xDEDB,
    0xDEDB, 0xDEDB, 0xDEDB, 0xDEDB, 0xDEDB, 0xDEDB, 0xDEFB, 0xDEFB, 0xDEFB, 0xDEFB, 0xDEFB, 0xDEFB,
    0xDEFB, 0xDEFB, 0xDEFB, 0xDEFB, 0xDEFB, 0xDEFB, 0xDEFB, 0xDEFB, 0xDEFB, 0xDEFB, 0xDEFB, 0xDEFB,
    0xDEFB, 0xDEFB, 0xDEFB, 0xDEFB, 0xDEFB, 0xDEFB, 0xDEFB, 0xDEFB, 0xDEFB, 0xDEFB, 0xDEFB, 0xDEFB,
    0xDEDB, 0xDEDB, 0xDEFB, 0xDEFB, 0xDEFB, 0xDEDB, 0xDEFB, 0xDEFB, 0xDEDB, 0xDEDB, 0xDEDB, 0xDEFB,
    0xDEFB, 0xDEFB, 0xDEFB, 0xDEFB, 0xDEFB, 0xDEFB, 0xDEFB, 0xDEFB, 0xDEFB, 0xDEFB, 0xDEFB, 0xDEFB,
    0xDEFB, 0xDEFB, 0xDEFB, 0xDEFB, 0xDEFB, 0xDEFB, 0xDEFB, 0xDEFB, 0xDEFB, 0xDF1B, 0xDF1C, 0xE71C,
    0xDF1C, 0xEF7D, 0xBDD7, 0x0000, 0x0000, 0x0000, 0x0000, 0x0000, 0x0000, 0x0000, 0x0000, 0x0000,
    0x0000, 0x0000, 0x0000, 0x0000, 0x0000, 0x0000, 0x8C71, 0xF79D, 0xDEFB, 0xDEFB, 0xDEFB, 0xDEFB,
    0xDEFB, 0xDEDB, 0xDEDB, 0xDEDB, 0xDEDB, 0xDEDB, 0xDEDB, 0xDEDB, 0xDEDB, 0xDEDB, 0xDEDB, 0xDEFB,
    0xDEFB, 0xDEFB, 0xDEFB, 0xDEDB, 0xDEDB, 0xDEFB, 0xDEFB, 0xDEFB, 0xDEFB, 0xDEFB, 0xDEFB, 0xDEFB,
    0xDEFB, 0xDEFB, 0xDEFB, 0xDEFB, 0xDEFB, 0xDEFB, 0xDEFB, 0xDEFB, 0xDEFB, 0xDEFB, 0xDEFB, 0xDEFB,
    0xDEFB, 0xDEFB, 0xDEFB, 0xDEFB, 0xDEDB, 0xDEDB, 0xDEDB, 0xDEDB, 0xDEDB, 0xDEDB, 0xDEFB, 0xDEFB,
    0xDEDB, 0xDEDB, 0xDEFB, 0xDEFB, 0xDEFB, 0xDEFB, 0xDEFB, 0xDEFB, 0xDEFB, 0xDEFB, 0xDEFB, 0xDEFB,
    0xDEFB, 0xDEFB, 0xDEFB, 0xDEFB, 0xDEFB, 0xDEFB, 0xDEFB, 0xDEFB, 0xDEFB, 0xDEFB, 0xDEFB, 0xDEFB,
    0xDEFC, 0xDEFC, 0xDF1C, 0xE71C, 0xDF1C, 0xF79E, 0x9CF3, 0x0000, 0x0000, 0x0000, 0x0000, 0x0000,
    0x0000, 0x0000, 0x0000, 0x0000, 0x0000, 0x0000, 0x0000, 0x0000, 0x0000, 0x0000, 0x630C, 0xF79E,
    0xDEFB, 0xDF1B, 0xDEFB, 0xDEFB, 0xDEFB, 0xDEDB, 0xDEDB, 0xDEDB, 0xDEDB, 0xDEDA, 0xDEDB, 0xDEDB,
    0xDEDB, 0xDEFB, 0xDEDB, 0xDEFB, 0xDEFB, 0xDEFB, 0xDEFB, 0xDEFB, 0xDEFB, 0xDEFB, 0xDEFB, 0xDEFB,
    0xDEFB, 0xDEFB, 0xDEFB, 0xDEFB, 0xDEFB, 0xDEFB, 0xDEFB, 0xDEFB, 0xDEFB, 0xDEFB, 0xDEFB, 0xDEFB,
    0xDEFB, 0xDEFB, 0xDEFB, 0xDEFB, 0xDEFB, 0xDEFB, 0xDEFB, 0xDEFB, 0xDEFB, 0xDEDB, 0xDEDB, 0xDEDB,
    0xDEDB, 0xDEFB, 0xDEFB, 0xDEFB, 0xDEFB, 0xDEFB, 0xDEFB, 0xDEFB, 0xDEFB, 0xDEFB, 0xDEFB, 0xDEFB,
    0xDEFB, 0xDEFB, 0xDEFB, 0xDEFB, 0xDEFB, 0xDEFB, 0xDEFB, 0xDEFB, 0xDEFB, 0xDEFB, 0xDEFB, 0xDEFB,
    0xDEFB, 0xDEFB, 0xDEFB, 0xDEFB, 0xDEFB, 0xDEFC, 0xDF1C, 0xE71C, 0xDEFC, 0xF7BE, 0x6B6D, 0x0000,
    0x0000, 0x0000, 0x0000, 0x0000, 0x0000, 0x0000, 0x0000, 0x0000, 0x0000, 0x0000, 0x0000, 0x0000,
    0x0000, 0x0000, 0x0000, 0xE73C, 0xE71B, 0xDF1B, 0xDEFB, 0xDEFB, 0xDEFB, 0xDEDB, 0xDEDB, 0xDEDB,
    0xDEDB, 0xDEDB, 0xDEDB, 0xDEDB, 0xDEDB, 0xDEFB, 0xDEFB, 0xDEFB, 0xDEFB, 0xDEFB, 0xDEFB, 0xDEFB,
    0xDEFB, 0xDEDB, 0xDEFB, 0xDEFB, 0xDEFB, 0xDEFB, 0xDEFB, 0xDEFB, 0xDEFB, 0xDEFB, 0xDEFB, 0xDEFB,
    0xDEFB, 0xDEFB, 0xDEFB, 0xDEFB, 0xDEFB, 0xDEFB, 0xDEFB, 0xDEFB, 0xDEFB, 0xDEFB, 0xDEFB, 0xDEFB,
    0xDEFB, 0xDEFB, 0xDEFB, 0xDEFB, 0xDEDB, 0xDEFB, 0xDEFB, 0xDEFB, 0xDEFB, 0xDEFB, 0xDEFB, 0xDEFB,
    0xDEFB, 0xDEFB, 0xDEFB, 0xDEFB, 0xDEFB, 0xDEFB, 0xDEFB, 0xDEFB, 0xDEFB, 0xDEFB, 0xDEFB, 0xDEFB,
    0xDEFB, 0xDEFB, 0xDEFB, 0xDEFB, 0xDEFB, 0xDEFB, 0xDEFB, 0xDEFB, 0xDEFB, 0xDF1C, 0xE71C, 0xE71C,
    0xE71C, 0xEF5D, 0x0000, 0x0000, 0x0000, 0x0000, 0x0000, 0x0000, 0x0000, 0x0000, 0x0000, 0x0000,
    0x0000, 0x0000, 0x0000, 0x0000, 0x0000, 0x0000, 0x0000, 0xAD55, 0xEF7D, 0xDEFB, 0xDF1B, 0xDEFB,
    0xDEFB, 0xDEFB, 0xDEDB, 0xDEDB, 0xDEDB, 0xDEDB, 0xDEDB, 0xDEDB, 0xDEDB, 0xDEDB, 0xDEFB, 0xDEFB,
    0xDEFB, 0xDEFB, 0xDEFB, 0xDEFB, 0xDEFB, 0xDEFB, 0xDEFB, 0xDEFB, 0xDEFB, 0xDEFB, 0xDEFB, 0xDEFB,
    0xDEFB, 0xDEFB, 0xDEFB, 0xDEFB, 0xDEFB, 0xDEFB, 0xDEFB, 0xDEFB, 0xDEFB, 0xDEFB, 0xDEFB, 0xDEFB,
    0xDEFB, 0xDEFB, 0xDEFB, 0xDEFB, 0xDEFB, 0xDEDB, 0xDEFB, 0xDEFB, 0xDEFB, 0xDEFB, 0xDEFB, 0xDEFB,
    0xDEFB, 0xDEFB, 0xDEFB, 0xDEFB, 0xDEFB, 0xDEFB, 0xDEFB, 0xDEFB, 0xDEFB, 0xDEFB, 0xDEFB, 0xDEFB,
    0xDEFB, 0xDEFB, 0xDEFB, 0xDEFB, 0xDEFB, 0xDEFB, 0xDEFB, 0xDEFB, 0xDEFB, 0xDEFB, 0xDEFB, 0xDEFB,
    0xDF1C, 0xE71C, 0xE71C, 0xDF1C, 0xEF7D, 0xBDF7, 0x0000, 0x0000, 0x0000, 0x0000, 0x0000, 0x0000,
    0x0000, 0x0000, 0x0000, 0x0000, 0x0000, 0x0000, 0x0000, 0x0000, 0x0000, 0x0000, 0x0000, 0x4208,
    0xF79D, 0xDEFB, 0xDF1C, 0xDEFB, 0xDEFB, 0xDEFB, 0xDEFB, 0xDEFB, 0xDEFB, 0xDEFB, 0xDEDB, 0xDEFB,
    0xDEFB, 0xDEFB, 0xDEFB, 0xDEFB, 0xDEFB, 0xDEFB, 0xDEFB, 0xDEFB, 0xDEFB, 0xDEFB, 0xDEFB, 0xDEFB,
    0xDEFB, 0xDEFB, 0xDEFB, 0xDEFB, 0xDEFB, 0xDEFB, 0xDEFB, 0xDEFB, 0xDEFB, 0xDEFB, 0xDEFB, 0xDEFB,
    0xDEFB, 0xDEFB, 0xDEFB, 0xDEFB, 0xDEFB, 0xDEFB, 0xDEFB, 0xDEFB, 0xDEFB, 0xDEFB, 0xDEFB, 0xDEFB,
    0xDEFB, 0xDEFB, 0xDEFB, 0xDEFB, 0xDEFB, 0xDEFB, 0xDEFB, 0xDEFB, 0xDEFB, 0xDEFB, 0xDEFB, 0xDEFB,
    0xDEFB, 0xDEFB, 0xDEFB, 0xDEFB, 0xDEFB, 0xDEFB, 0xDEFB, 0xDEFB, 0xDEFB, 0xDEFB, 0xDEFB, 0xDEFB,
    0xDEFB, 0xDEFB, 0xDEFC, 0xDF1B, 0xDF1C, 0xE71C, 0xE71C, 0xDF1C, 0xF7BE, 0x5ACA, 0x0000, 0x0000,
    0x0000, 0x0000, 0x0000, 0x0000, 0x0000, 0x0000, 0x0000, 0x0000, 0x0000, 0x0000, 0x0000, 0x0000,
    0x0000, 0x0000, 0x0000, 0x0000, 0xA534, 0xEF9D, 0xDEFB, 0xDF1C, 0xDF1B, 0xDEFB, 0xDEFB, 0xDEFB,
    0xDEFB, 0xDEFB, 0xDEFB, 0xDEFB, 0xDEFB, 0xDEFB, 0xDEFB, 0xDEFB, 0xDEFB, 0xDEFB, 0xDEFB, 0xDEFB,
    0xDEFB, 0xDEFB, 0xDEFC, 0xDEFB, 0xDEFB, 0xDEFB, 0xDEFB, 0xDEFB, 0xDEFB, 0xDEFB, 0xDEFB, 0xDEFB,
    0xDEFB, 0xDEFC, 0xDEFB, 0xDEFB, 0xDEFB, 0xDEFB, 0xDEFB, 0xDEFB, 0xDEFB, 0xDEFB, 0xDEFB, 0xDEFB,
    0xDEFB, 0xDEFB, 0xDEFB, 0xDEFB, 0xDEFB, 0xDEFB, 0xDEFC, 0xDEFB, 0xDEFB, 0xDEFB, 0xDEFB, 0xDEFC,
    0xDEFB, 0xDEFB, 0xDEFB, 0xDEFB, 0xDEFB, 0xDEFB, 0xDEFB, 0xDEFB, 0xDEFB, 0xDEFB, 0xDEFB, 0xDEFC,
    0xDEFB, 0xDEFB, 0xDEFB, 0xDEFB, 0xDEFB, 0xDEFC, 0xDF1B, 0xE71C, 0xE71C, 0xE73C, 0xDF1C, 0xEF9D,
    0xBDD6, 0x0000, 0x0000, 0x0000, 0x0000, 0x0000, 0x0000, 0x0000, 0x0000, 0x0000, 0x0000, 0x0000,
    0x0000, 0x0000, 0x0000, 0x0000, 0x0000, 0x0000, 0x0000, 0x0000, 0x0000, 0xDEDB, 0xE73C, 0xDEFB,
    0xE71C, 0xDF1C, 0xDF1B, 0xDEFB, 0xDEFB, 0xDEFB, 0xDEFB, 0xDEFB, 0xDEFB, 0xDEFB, 0xDEFB, 0xDEFB,
    0xDEFB, 0xDEFB, 0xDEFB, 0xDEFB, 0xDEFB, 0xDEFB, 0xDEFB, 0xDEFB, 0xDEFB, 0xDEFB, 0xDEFB, 0xDEFB,
    0xDEFB, 0xDEFB, 0xDEFB, 0xDEFB, 0xDEFB, 0xDEFB, 0xDEFB, 0xDEFB, 0xDEFB, 0xDEFB, 0xDEFB, 0xDEFB,
    0xDEFB, 0xDEFB, 0xDEFB, 0xDEFB, 0xDEFB, 0xDEFB, 0xDEFB, 0xDEFB, 0xDEFB, 0xDEFB, 0xDEFB, 0xDEFB,
    0xDEFB, 0xDEFB, 0xDEFB, 0xDEFB, 0xDEFB, 0xDEFB, 0xDEFB, 0xDEFB, 0xDEFB, 0xDEFB, 0xDEFB, 0xDEFB,
    0xDEFB, 0xDEFB, 0xDEFB, 0xDEFB, 0xDEFB, 0xDEFB, 0xDEFC, 0xDEFC, 0xDEFC, 0xDF1C, 0xDF1C, 0xE71C,
    0xE73C, 0xE71C, 0xE75C, 0xE75C, 0x0000, 0x0000, 0x0000, 0x0000, 0x0000, 0x0000, 0x0000, 0x0000,
    0x0000, 0x0000, 0x0000, 0x0000, 0x0000, 0x0000, 0x0000, 0x0000, 0x0000, 0x0000, 0x0000, 0x0000,
    0x0000, 0x39E7, 0xEF5D, 0xE73C, 0xDF1B, 0xE71C, 0xE71C, 0xDF1C, 0xDF1C, 0xDEFC, 0xDEFC, 0xDEFB,
    0xDEFB, 0xDEFB, 0xDEFB, 0xDEFB, 0xDEFB, 0xDEFC, 0xDEFC, 0xDEFB, 0xDEFB, 0xDEFB, 0xDEFB, 0xDEFB,
    0xDEFC, 0xDEFC, 0xDEFC, 0xDEFC, 0xDEFC, 0xDEFB, 0xDEFB, 0xDEFB, 0xDEFB, 0xDEFB, 0xDEFB, 0xDEFB,
    0xDEFB, 0xDEFB, 0xDEFB, 0xDEFB, 0xDEFB, 0xDEFB, 0xDEFB, 0xDEFB, 0xDEFB, 0xDEFB, 0xDEFB, 0xDEFB,
    0xDEFB, 0xDEFB, 0xDEFB, 0xDEFC, 0xDEFB, 0xDEFB, 0xDEFB, 0xDEFB, 0xDEFB, 0xDEFB, 0xDEFB, 0xDEFB,
    0xDEFB, 0xDEFB, 0xDEFB, 0xDEFB, 0xDEFC, 0xDEFB, 0xDEFC, 0xDEFB, 0xDEFC, 0xDEFC, 0xDEFC, 0xDEFC,
    0xDF1C, 0xDF1C, 0xE71C, 0xE71C, 0xE71C, 0xE73D, 0xF79D, 0x4A69, 0x0000, 0x0000, 0x0000, 0x0000,
    0x0000, 0x0000, 0x0000, 0x0000, 0x0000, 0x0000, 0x0000, 0x0000, 0x0000, 0x0000, 0x0000, 0x0000,
    0x0000, 0x0000, 0x0000, 0x0000, 0x0000, 0x0000, 0x4228, 0xEF3C, 0xEF7E, 0xDEFB, 0xE71C, 0xE71C,
    0xE71C, 0xDF1C, 0xDF1C, 0xDEFC, 0xDEFC, 0xDEFB, 0xDEFB, 0xDEFC, 0xDEFC, 0xDEFB, 0xDEFC, 0xDEFC,
    0xDEFC, 0xDEFC, 0xDEFB, 0xDEFB, 0xDEFC, 0xDEFB, 0xDEFC, 0xDEFC, 0xDF1B, 0xDEFC, 0xDEFC, 0xDEFC,
    0xDEFC, 0xDEFC, 0xDEFB, 0xDEFC, 0xDEFB, 0xDEFB, 0xDEFC, 0xDEFB, 0xDEFB, 0xDEFB, 0xDEFB, 0xDEFB,
    0xDEFB, 0xDEFB, 0xDEFB, 0xDEFB, 0xDEFB, 0xDEFC, 0xDEFB, 0xDEFB, 0xDEFC, 0xDEFC, 0xDEFC, 0xDEFC,
    0xDEFC, 0xDEFB, 0xDEFB, 0xDEFB, 0xDEFC, 0xDEFB, 0xDEFB, 0xDEFC, 0xDEFC, 0xDEFC, 0xDEFC, 0xDEFC,
    0xDEFC, 0xDF1C, 0xDF1C, 0xDF1C, 0xE71C, 0xE71C, 0xE71C, 0xDF1C, 0xEF7D, 0xEF7D, 0x528A, 0x0000,
    0x0000, 0x0000, 0x0000, 0x0000, 0x0000, 0x0000, 0x0000, 0x0000, 0x0000, 0x0000, 0x0000, 0x0000,
    0x0000, 0x0000, 0x0000, 0x0000, 0x0000, 0x0000, 0x0000, 0x0000, 0x0000, 0x0000, 0x0000, 0x0000,
    0xC638, 0xFFDF, 0xE73C, 0xDF1C, 0xE71C, 0xE71C, 0xE71C, 0xE71C, 0xDF1C, 0xDF1C, 0xDF1B, 0xDF1B,
    0xDF1C, 0xDF1C, 0xDEFC, 0xDF1C, 0xDF1C, 0xDF1B, 0xDEFC, 0xDEFC, 0xDF1C, 0xDF1C, 0xDF1B, 0xDF1C,
    0xDF1C, 0xDF1C, 0xDF1C, 0xDEFC, 0xDF1B, 0xDEFC, 0xDEFC, 0xDEFC, 0xDEFC, 0xDF1C, 0xDEFC, 0xDF1C,
    0xDF1B, 0xDF1C, 0xDF1C, 0xDF1C, 0xDF1C, 0xDF1C, 0xDEFC, 0xDF1C, 0xDF1C, 0xDF1C, 0xDEFC, 0xDF1C,
    0xDF1C, 0xDF1C, 0xDF1C, 0xDF1C, 0xDEFB, 0xDEFC, 0xDEFC, 0xDEFC, 0xDEFC, 0xDEFC, 0xDEFC, 0xDEFC,
    0xDF1C, 0xDF1C, 0xDF1C, 0xDF1C, 0xDF1C, 0xDF1C, 0xDF1C, 0xE71C, 0xE71C, 0xDF1C, 0xE73C, 0xF7BE,
    0xCE79, 0x39C6, 0x0000, 0x0000, 0x0000, 0x0000, 0x0000, 0x0000, 0x0000, 0x0000, 0x0000, 0x0000,
    0x0000, 0x0000, 0x0000, 0x0000, 0x0000, 0x0000, 0x0000, 0x0000, 0x0000, 0x0000, 0x0000, 0x0000,
    0x0000, 0x0000, 0x0000, 0x0000, 0x0000, 0x7BEF, 0xDEFC, 0xF7BE, 0xEF7D, 0xE73C, 0xE71C, 0xDF1C,
    0xDF1C, 0xDF1B, 0xDEFB, 0xDEFB, 0xDEFB, 0xDEFC, 0xDEFC, 0xDEFC, 0xDEFC, 0xDEFB, 0xDEFB, 0xDEFB,
    0xDEFB, 0xDEFB, 0xDEFB, 0xDEFB, 0xDEFC, 0xDEFB, 0xDEFB, 0xDEFC, 0xDEFB, 0xDEFB, 0xDEFB, 0xDEFB,
    0xDEFB, 0xDEFB, 0xDEFB, 0xDEFC, 0xDEFC, 0xDEFC, 0xDEFC, 0xDEFC, 0xDEFC, 0xDEFC, 0xDEFB, 0xDEFC,
    0xDEFC, 0xDEFC, 0xDEFC, 0xDEFB, 0xDEFB, 0xDEFC, 0xDEFC, 0xDEFB, 0xDEFB, 0xDEFB, 0xDEFB, 0xDEFC,
    0xDEFB, 0xDEFB, 0xDEFC, 0xDEFB, 0xDEFC, 0xDEFC, 0xDEFC, 0xDEFC, 0xDEFC, 0xDEFC, 0xDF1C, 0xE73C,
    0xEF7D, 0xF7DF, 0xE73C, 0x8C51, 0x0000, 0x0000, 0x0000, 0x0000, 0x0000, 0x0000, 0x0000, 0x0000,
    0x0000, 0x0000, 0x0000, 0x0000, 0x0000, 0x0000, 0x0000, 0x0000, 0x0000, 0x0000, 0x0000, 0x0000,
    0x0000, 0x0000, 0x0000, 0x0000, 0x0000, 0x0000, 0x0000, 0x0000, 0x0000, 0x0000, 0x0000, 0x738D,
    0xBDD7, 0xE73C, 0xF7BE, 0xF7BF, 0xF7BF, 0xF7BE, 0xF7BE, 0xF7BE, 0xF7BE, 0xF7BE, 0xF7BE, 0xF7BE,
    0xF7BE, 0xF79E, 0xF79E, 0xF79E, 0xF79E, 0xF79E, 0xF7BE, 0xF7BE, 0xF7BE, 0xF7BE, 0xF7BF, 0xF7BE,
    0xF7BE, 0xF79E, 0xF79E, 0xF79E, 0xF79E, 0xF7BE, 0xF7BE, 0xF7BE, 0xF7BE, 0xF7BF, 0xF7BF, 0xF7BE,
    0xF7BF, 0xF7BE, 0xF7BE, 0xF7BE, 0xF7BE, 0xF7BE, 0xF7BE, 0xF7BE, 0xF7BE, 0xF7BE, 0xF7BE, 0xF79E,
    0xF79E, 0xF79E, 0xF79E, 0xF79E, 0xF79E, 0xF79E, 0xF79E, 0xF79E, 0xF79E, 0xF79E, 0xF7BE, 0xF79E,
    0xF7BE, 0xF7BE, 0xF79E, 0xEF5D, 0xC618, 0x73AF, 0x0000, 0x0000, 0x0000, 0x0000, 0x0000, 0x0000,
    0x0000, 0x0000, 0x0000, 0x0000, 0x0000, 0x0000, 0x0000, 0x0000, 0x0000, 0x0000, 0x0000, 0x0000,
    0x0000, 0x0000, 0x0000, 0x0000, 0x0000, 0x0000, 0x0000, 0x0000, 0x0000, 0x0000, 0x0000, 0x0000,
    0x0000, 0x0000, 0x0000, 0x0000, 0x0000, 0x0000, 0x4A69, 0x738E, 0x8430, 0x8C50, 0x8C51, 0x8430,
    0x8430, 0x8C51, 0x8C51, 0x8C51, 0x8C51, 0x8C51, 0x8C51, 0x8C51, 0x8C51, 0x8C51, 0x8C50, 0x8C51,
    0x8C51, 0x8C51, 0x8C51, 0x8C51, 0x8C51, 0x8C51, 0x8C51, 0x8C51, 0x8C51, 0x8C51, 0x8C51, 0x8451,
    0x8C51, 0x8C51, 0x8C51, 0x8C71, 0x8C51, 0x8C50, 0x8430, 0x8C51, 0x8C51, 0x8C51, 0x8C51, 0x8C51,
    0x8C51, 0x8C51, 0x8C51, 0x8C50, 0x8430, 0x8C50, 0x8C51, 0x8C51, 0x8C51, 0x8451, 0x8430, 0x8430,
    0x8450, 0x8C51, 0x8C51, 0x8C51, 0x8410, 0x738E, 0x528A, 0x0000, 0x0000, 0x0000, 0x0000, 0x0000,
    0x0000, 0x0000, 0x0000, 0x0000, 0x0000, 0x0000, 0x0000, 0x0000, 0x0000, 0x0000, 0x0000, 0x0000,
    0x0000, 0x0000, 0x0000, 0x0000, 0x0000, 0x0000, 0x0000, 0x0000, 0x0000, 0x0000, 0x0000, 0x0000,
    0x0000, 0x0000, 0x0000, 0x0000, 0x0000, 0x0000, 0x0000, 0x0000, 0x0000, 0x0000, 0x0000, 0x0000,
    0x0000, 0x0000, 0x0000, 0x0000, 0x0000, 0x0000, 0x0000, 0x0000, 0x0000, 0x0000, 0x0000, 0x0000,
    0x0000, 0x0000, 0x0000, 0x0000, 0x0000, 0x0000, 0x0000, 0x0000, 0x0000, 0x0000, 0x0000, 0x0000,
    0x0000, 0x0000, 0x0000, 0x0000, 0x0000, 0x0000, 0x0000, 0x0000, 0x0000, 0x0000, 0x0000, 0x0000,
    0x0000, 0x0000, 0x0000, 0x0000, 0x0000, 0x0000, 0x0000, 0x0000, 0x0000, 0x0000, 0x0000, 0x0000,
    0x0000, 0x0000, 0x0000, 0x0000, 0x0000, 0x0000, 0x0000, 0x0000, 0x0000, 0x0000, 0x0000, 0x0000,
    0x0000, 0x0000, 0x0000, 0x0000, 0x0000, 0x0000, 0x0000, 0x0000, 0x0000, 0x0000, 0x0000, 0x0000,
    0x0000, 0x0000, 0x0000, 0x0000, 0x0000, 0x0000, 0x0000, 0x0000, 0x0000, 0x0000, 0x0000, 0x0000,
    0x0000, 0x0000, 0x0000, 0x0000, 0x0000, 0x0000, 0x0000, 0x0000, 0x0000, 0x0000, 0x0000, 0x0000,
    0x0000, 0x0000, 0x0000, 0x0000, 0x0000, 0x0000, 0x0000, 0x0000, 0x0000, 0x0000, 0x0000, 0x0000,
    0x0000, 0x0000, 0x0000, 0x0000, 0x0000, 0x0000, 0x0000, 0x0000, 0x0000, 0x0000, 0x0000, 0x0000,
    0x0000, 0x0000, 0x0000, 0x0000, 0x0000, 0x0000, 0x0000, 0x0000, 0x0000, 0x0000, 0x0000, 0x0000,
    0x0000, 0x0000, 0x0000, 0x0000, 0x0000, 0x0000, 0x0000, 0x0000, 0x0000, 0x0000, 0x0000, 0x0000,
    0x0000, 0x0000, 0x0000, 0x0000, 0x0000, 0x0000, 0x0000, 0x0000, 0x0000, 0x0000, 0x0000, 0x0000,
    0x0000, 0x0000, 0x0000, 0x0000, 0x0000, 0x0000, 0x0000, 0x0000, 0x0000, 0x0000, 0x0000, 0x0000,
    0x0000, 0x0000, 0x0000, 0x0000, 0x0000, 0x0000, 0x0000, 0x0000, 0x0000, 0x0000, 0x0000, 0x0000,
    0x0000, 0x0000, 0x0000, 0x0000, 0x0000, 0x0000, 0x0000, 0x0000, 0x0000, 0x0000, 0x0000, 0x0000,
    0x0000, 0x0000, 0x0000, 0x0000, 0x0000, 0x0000, 0x0000, 0x0000, 0x0000, 0x0000, 0x0000, 0x0000,
    0x0000, 0x0000, 0x0000, 0x0000, 0x0000, 0x0000, 0x0000, 0x0000, 0x0000, 0x0000, 0x0000, 0x0000,
    0x0000, 0x0000, 0x0000, 0x0000, 0x0000, 0x0000, 0x0000, 0x0000, 0x0000, 0x0000, 0x0000, 0x0000,
    0x0000, 0x0000, 0x0000, 0x0000, 0x0000, 0x0000, 0x0000, 0x0000, 0x0000, 0x0000, 0x0000, 0x0000,
    0x0000, 0x0000, 0x0000, 0x0000, 0x0000, 0x0000, 0x0000, 0x0000, 0x0000, 0x0000, 0x0000, 0x0000,
    0x0000, 0x0000, 0x0000, 0x0000, 0x0000, 0x0000, 0x0000, 0x0000, 0x0000, 0x0000, 0x0000, 0x0000,
    0x0000, 0x0000, 0x0000, 0x0000, 0x0000, 0x0000, 0x0000, 0x0000, 0x0000, 0x0000, 0x0000, 0x0000,
    0x0000, 0x0000, 0x0000, 0x0000, 0x0000, 0x0000, 0x0000, 0x0000, 0x0000, 0x0000, 0x0000, 0x0000,
    0x0000, 0x0000, 0x0000, 0x0000, 0x0000, 0x0000, 0x0000, 0x0000, 0x0000, 0x0000, 0x0000, 0x0000,
    0x0000, 0x0000, 0x0000, 0x0000, 0x0000, 0x0000, 0x0000, 0x0000, 0x0000, 0x0000, 0x0000, 0x0000,
    0x0000, 0x0000, 0x0000, 0x0000, 0x0000, 0x0000, 0x0000, 0x0000, 0x0000, 0x0000, 0x0000, 0x0000,
    0x0000, 0x0000, 0x0000, 0x0000, 0x0000, 0x0000, 0x0000, 0x0000, 0x0000, 0x0000, 0x0000, 0x0000,
    0x0000, 0x0000, 0x0000, 0x0000, 0x0000, 0x0000, 0x0000, 0x0000, 0x0000, 0x0000, 0x0000, 0x0000,
    0x0000, 0x0000, 0x0000, 0x0000, 0x0000, 0x0000, 0x0000, 0x0000, 0x0000, 0x0000, 0x0000, 0x0000,
    0x0000, 0x0000, 0x0000, 0x0000, 0x0000, 0x0000, 0x0000, 0x0000, 0x0000, 0x0000, 0x0000, 0x0000,
    0x0000, 0x0000, 0x0000, 0x0000, 0x0000, 0x0000, 0x0000, 0x0000, 0x0000, 0x0000, 0x0000, 0x0000,
    0x0000, 0x0000, 0x0000, 0x0000, 0x0000, 0x0000, 0x0000, 0x0000, 0x0000, 0x0000, 0x0000, 0x0000,
    0x0000, 0x0000, 0x0000, 0x0000, 0x0000, 0x0000, 0x0000, 0x0000, 0x0000, 0x0000, 0x0000, 0x0000,
    0x0000, 0x0000, 0x0000, 0x0000, 0x0000, 0x0000, 0x0000, 0x0000, 0x0000, 0x0000, 0x0000, 0x0000,
    0x0000, 0x0000, 0x0000, 0x0000, 0x0000, 0x0000, 0x0000, 0x0000, 0x0000, 0x0000, 0x0000, 0x0000,
    0x0000, 0x0000, 0x0000, 0x0000, 0x0000, 0x0000, 0x0000, 0x0000, 0x0000, 0x0000, 0x0000, 0x0000,
    0x0000, 0x0000, 0x0000, 0x0000, 0x0000, 0x0000, 0x0000, 0x0000, 0x0000, 0x0000, 0x0000, 0x0000,
    0x0000, 0x0000, 0x0000, 0x0000, 0x0000, 0x0000, 0x0000, 0x0000, 0x0000, 0x0000, 0x0000, 0x0000,
    0x0000, 0x0000, 0x0000, 0x0000, 0x0000, 0x0000, 0x0000, 0x0000, 0x0000, 0x0000, 0x0000, 0x0000,
    0x0000, 0x0000, 0x0000, 0x0000, 0x0000, 0x0000, 0x0000, 0x0000, 0x0000, 0x0000, 0x0000, 0x0000,
    0x0000, 0x0000, 0x0000, 0x0000, 0x0000, 0x0000, 0x0000, 0x0000, 0x0000, 0x0000, 0x0000, 0x0000,
    0x0000, 0x0000, 0x0000, 0x0000, 0x0000, 0x0000, 0x0000, 0x0000, 0x0000, 0x0000, 0x0000, 0x0000,
    0x0000, 0x0000, 0x0000, 0x0000, 0x0000, 0x0000, 0x0000, 0x0000, 0x0000, 0x0000, 0x0000, 0x0000,
    0x0000, 0x0000, 0x0000, 0x0000, 0x0000, 0x0000, 0x0000, 0x0000, 0x0000, 0x0000, 0x0000, 0x0000,
    0x0000, 0x0000, 0x0000, 0x0000, 0x0000, 0x0000, 0x0000, 0x0000, 0x0000, 0x0000, 0x0000, 0x0000,
    0x0000, 0x0000, 0x0000, 0x0000, 0x0000, 0x0000, 0x0000, 0x0000, 0x0000, 0x0000, 0x0000, 0x0000,
    0x0000, 0x0000, 0x0000, 0x0000, 0x0000, 0x0000, 0x0000, 0x0000, 0x0000, 0x0000, 0x0000, 0x0000,
    0x0000, 0x0000, 0x0000, 0x0000, 0x0000, 0x0000, 0x0000, 0x0000, 0x0000, 0x0000, 0x0000, 0x0000,
    0x0000, 0x0000, 0x0000, 0x0000, 0x0000, 0x0000, 0x0000, 0x0000, 0x0000, 0x0000, 0x0000, 0x0000,
    0x0000, 0x0000, 0x0000, 0x0000, 0x0000, 0x0000, 0x0000, 0x0000, 0x0000, 0x0000, 0x0000, 0x0000,
    0x0000, 0x0000, 0x0000, 0x0000, 0x0000, 0x0000, 0x0000, 0x0000, 0x0000, 0x0000, 0x0000, 0x0000,
    0x0000, 0x0000, 0x0000, 0x0000, 0x0000, 0x0000, 0x0000, 0x0000, 0x0000, 0x0000, 0x0000, 0x0000,
    0x0000, 0x0000, 0x0000, 0x0000, 0x0000, 0x0000, 0x0000, 0x0000, 0x0000, 0x0000, 0x0000, 0x0000,
    0x0000, 0x0000, 0x0000, 0x0000, 0x0000, 0x0000, 0x0000, 0x0000, 0x0000, 0x0000, 0x0000, 0x0000,
    0x0000, 0x0000, 0x0000, 0x0000, 0x0000, 0x0000, 0x0000, 0x0000, 0x0000, 0x0000, 0x0000, 0x0000,
    0x0000, 0x0000, 0x0000, 0x0000, 0x0000, 0x0000, 0x0000, 0x0000, 0x0000, 0x0000, 0x0000, 0x0000,
    0x0000, 0x0000, 0x0000, 0x0000, 0x0000, 0x0000, 0x0000, 0x0000, 0x0000, 0x0000, 0x0000, 0x0000,
    0x0000, 0x0000, 0x0000, 0x0000, 0x0000, 0x0000, 0x0000, 0x0000, 0x0000, 0x0000, 0x0000, 0x0000,
    0x0000, 0x0000, 0x0000, 0x0000, 0x0000, 0x0000, 0x0000, 0x0000, 0x0000, 0x0000, 0x0000, 0x0000,
    0x0000, 0x0000, 0x0000, 0x0000, 0x0000, 0x0000, 0x0000, 0x0000, 0x0000, 0x0000, 0x0000, 0x0000,
    0x0000, 0x0000, 0x0000, 0x0000, 0x0000, 0x0000, 0x0000, 0x0000, 0x0000, 0x0000, 0x0000, 0x0000,
    0x0000, 0x0000, 0x0000, 0x0000, 0x0000, 0x0000, 0x0000, 0x0000, 0x0000, 0x0000, 0x0000, 0x0000,
    0x0000, 0x0000, 0x0000, 0x0000, 0x0000, 0x0000, 0x0000, 0x0000, 0x0000, 0x0000, 0x0000, 0x0000,
    0x0000, 0x0000, 0x0000, 0x0000, 0x0000, 0x0000, 0x0000, 0x0000, 0x0000, 0x0000, 0x0000, 0x0000,
    0x0000, 0x0000, 0x0000, 0x0000, 0x0000, 0x0000, 0x0000, 0x0000, 0x0000, 0x0000, 0x0000, 0x0000,
    0x0000, 0x0000, 0x0000, 0x0000, 0x0000, 0x0000, 0x0000, 0x0000, 0x0000, 0x0000, 0x0000, 0x0000,
    0x0000, 0x0000, 0x0000, 0x0000, 0x0000, 0x0000, 0x0000, 0x0000, 0x0000, 0x0000, 0x0000, 0x0000,
    0x0000, 0x0000, 0x0000, 0x0000, 0x0000, 0x0000, 0x0000, 0x0000, 0x0000, 0x0000, 0x0000, 0x0000,
    0x0000, 0x0000, 0x0000, 0x0000, 0x0000, 0x0000, 0x0000, 0x0000, 0x0000, 0x0000, 0x0000, 0x0000,
    0x0000, 0x0000, 0x0000, 0x0000, 0x0000, 0x0000, 0x0000, 0x0000, 0x0000, 0x0000, 0x0000, 0x0000,
    0x0000, 0x0000, 0x0000, 0x0000, 0x0000, 0x0000, 0x0000, 0x0000, 0x0000, 0x0000, 0x0000, 0x0000,
    0x0000, 0x0000, 0x0000, 0x0000, 0x0000, 0x0000, 0x0000, 0x0000, 0x0000, 0x0000, 0x0000, 0x0000,
    0x0000, 0x0000, 0x0000, 0x0000, 0x0000, 0x0000, 0x0000, 0x0000, 0x0000, 0x0000, 0x0000, 0x0000,
    0x0000, 0x0000, 0x0000, 0x0000, 0x0000, 0x0000, 0x0000, 0x0000, 0x0000, 0x0000, 0x0000, 0x0000,
    0x0000, 0x0000, 0x0000, 0x0000, 0x0000, 0x0000, 0x0000, 0x0000, 0x0000, 0x0000, 0x0000, 0x0000,
    0x0000, 0x0000, 0x0000, 0x0000, 0x0000, 0x0000, 0x0000, 0x0000, 0x0000, 0x0000, 0x0000, 0x0000,
    0x0000, 0x0000, 0x0000, 0x0000, 0x0000, 0x0000, 0x0000, 0x0000, 0x0000, 0x0000, 0x0000, 0x0000,
    0x0000, 0x0000, 0x0000, 0x0000, 0x0000, 0x0000, 0x0000, 0x0000, 0x0000, 0x0000, 0x0000, 0x0000,
    0x0000, 0x0000, 0x0000, 0x0000, 0x0000, 0x0000, 0x0000, 0x0000, 0x0000, 0x0000, 0x0000, 0x0000,
    0x0000, 0x0000, 0x0000, 0x0000, 0x0000, 0x0000, 0x0000, 0x0000, 0x0000, 0x0000, 0x0000, 0x0000,
    0x0000, 0x0000, 0x0000, 0x0000, 0x0000, 0x0000, 0x0000, 0x0000, 0x0000, 0x0000, 0x0000, 0x0000,
    0x0000, 0x0000, 0x0000, 0x0000, 0x0000, 0x0000, 0x0000, 0x0000, 0x0000, 0x0000, 0x0000, 0x0000,
    0x0000, 0x0000, 0x0000, 0x0000, 0x0000, 0x0000, 0x0000, 0x0000, 0x0000, 0x0000, 0x0000, 0x0000,
    0x0000, 0x0000, 0x0000, 0x0000, 0x0000, 0x0000, 0x0000, 0x0000, 0x0000, 0x0000, 0x0000, 0x0000,
    0x0000, 0x0000, 0x0000, 0x0000, 0x0000, 0x0000, 0x0000, 0x0000, 0x0000, 0x0000, 0x0000, 0x0000,
    0x0000, 0x0000, 0x0000, 0x0000, 0x0000, 0x0000, 0x0000, 0x0000, 0x0000, 0x0000, 0x0000, 0x0000,
    0x0000, 0x0000, 0x0000, 0x0000, 0x0000, 0x0000, 0x0000, 0x0000, 0x0000, 0x0000, 0x0000, 0x0000,
    0x0000, 0x0000, 0x0000, 0x0000, 0x0000, 0x0000, 0x0000, 0x0000, 0x0000, 0x0000, 0x0000, 0x0000,
    0x0000, 0x0000, 0x0000, 0x0000, 0x0000, 0x0000, 0x0000, 0x0000, 0x0000, 0x0000, 0x0000, 0x0000,
    0x0000, 0x0000, 0x0000, 0x0000, 0x0000, 0x0000, 0x0000, 0x0000, 0x0000, 0x0000, 0x0000, 0x0000,
    0x0000, 0x0000, 0x0000, 0x0000, 0x0000, 0x0000, 0x0000, 0x0000, 0x0000, 0x0000, 0x0000, 0x0000,
    0x0000, 0x0000, 0x0000, 0x0000, 0x0000, 0x0000, 0x0000, 0x0000, 0x0000, 0x0000, 0x0000, 0x0000,
    0x0000, 0x0000, 0x0000, 0x0000, 0x0000, 0x0000, 0x0000, 0x0000, 0x0000, 0x0000, 0x0000, 0x0000,
    0x0000, 0x0000, 0x0000, 0x0000, 0x0000, 0x0000, 0x0000, 0x0000, 0x0000, 0x0000, 0x0000, 0x0000,
    0x0000, 0x0000, 0x0000, 0x0000, 0x0000, 0x0000, 0x0000, 0x0000, 0x0000, 0x0000, 0x0000, 0x0000,
    0x0000, 0x0000, 0x0000, 0x0000, 0x0000, 0x0000, 0x0000, 0x0000, 0x0000, 0x0000, 0x0000, 0x0000,
    0x0000, 0x0000, 0x0000, 0x0000, 0x0000, 0x0000, 0x0000, 0x0000, 0x0000, 0x0000, 0x0000, 0x0000,
    0x0000, 0x0000, 0x0000, 0x0000, 0x0000, 0x0000, 0x0000, 0x0000, 0x0000, 0x0000, 0x0000, 0x0000,
    0x0000, 0x0000, 0x0000, 0x0000, 0x0000, 0x0000, 0x0000, 0x0000, 0x0000, 0x0000, 0x0000, 0x0000,
    0x0000, 0x0000, 0x0000, 0x0000, 0x0000, 0x0000, 0x0000, 0x0000, 0x0000, 0x0000, 0x0000, 0x0000,
    0x0000, 0x0000, 0x0000, 0x0000, 0x0000, 0x0000, 0x0000, 0x0000, 0x0000, 0x0000, 0x0000, 0x0000,
    0x0000, 0x0000, 0x0000, 0x0000, 0x0000, 0x0000, 0x0000, 0x0000, 0x0000, 0x0000, 0x0000, 0x0000,
    0x0000, 0x0000, 0x0000, 0x0000, 0x0000, 0x0000, 0x0000, 0x0000, 0x0000, 0x0000, 0x0000, 0x0000,
    0x0000, 0x0000, 0x0000, 0x0000, 0x0000, 0x0000, 0x0000, 0x0000, 0x0000, 0x0000, 0x0000, 0x0000,
    0x0000, 0x0000, 0x0000, 0x0000, 0x0000, 0x0000, 0x0000, 0x0000, 0x0000, 0x0000, 0x0000, 0x0000,
    0x0000, 0x0000, 0x0000, 0x0000, 0x0000, 0x0000, 0x0000, 0x0000, 0x0000, 0x0000, 0x0000, 0x0000,
    0x0000, 0x0000, 0x0000, 0x0000, 0x0000, 0x0000, 0x0000, 0x0000, 0x0000, 0x0000, 0x0000, 0x0000,
    0x0000, 0x0000, 0x0000, 0x0000, 0x0000, 0x0000, 0x0000, 0x0000, 0x0000, 0x0000, 0x0000, 0x0000,
    0x0000, 0x0000, 0x0000, 0x0000, 0x0000, 0x0000, 0x0000, 0x0000, 0x0000, 0x0000, 0x0000, 0x0000,
    0x0000, 0x0000, 0x0000, 0x0000, 0x0000, 0x0000, 0x0000, 0x0000, 0x0000, 0x0000, 0x0000, 0x0000,
    0x0000, 0x0000, 0x0000, 0x0000, 0x0000, 0x0000, 0x0000, 0x0000, 0x0000, 0x0000, 0x0000, 0x0000,
    0x0000, 0x0000, 0x0000, 0x0000, 0x0000, 0x0000, 0x0000, 0x0000, 0x0000, 0x0000, 0x0000, 0x0000,
    0x0000, 0x0000, 0x0000, 0x0000, 0x0000, 0x0000, 0x0000, 0x0000, 0x0000, 0x0000, 0x0000, 0x0000,
    0x0000, 0x0000, 0x0000, 0x0000
  }
};

#endif // PROCESSED_MENU_H